지역,기준연도,세부영역,구조환경지수_t,구조환경지수_t1,구조환경_t1연도,구조환경지수_변화_t_t1,예산_t2연도,예산_t3연도,계획예산비중_t2_pct,계획예산비중_t3_pct,계획예산비중_변화_t2_t3_pp,예산누락주의_두연도
강원,2016,1-1. 고용여건,28.881160584701288,50.12156114581836,2017.0,21.240400561117074,2018,2019.0,0.0,3.8105630295208863,3.8105630295208863,False
강원,2017,1-1. 고용여건,50.12156114581836,50.90431493157741,2018.0,0.7827537857590485,2019,2020.0,3.8105630295208863,1.4145096560272616,-2.3960533734936247,False
강원,2018,1-1. 고용여건,50.90431493157741,50.733167507063655,2019.0,-0.1711474245137552,2020,2021.0,1.4145096560272616,2.3399908857255936,0.9254812296983319,False
강원,2019,1-1. 고용여건,50.733167507063655,17.85045562488118,2020.0,-32.88271188218248,2021,2022.0,2.3399908857255936,3.803994682398384,1.4640037966727903,False
강원,2020,1-1. 고용여건,17.85045562488118,27.212158718652397,2021.0,9.361703093771215,2022,2023.0,3.803994682398384,1.2033687811955598,-2.6006259012028243,False
강원,2021,1-1. 고용여건,27.212158718652397,27.41877930715674,2022.0,0.20662058850434306,2023,2024.0,1.2033687811955598,0.7961395381981231,-0.4072292429974367,False
경기,2016,1-1. 고용여건,55.37239738486059,61.85685981908782,2017.0,6.484462434227233,2018,2019.0,0.5126847124963713,0.2117299086866312,-0.30095480380974005,True
경기,2017,1-1. 고용여건,61.85685981908782,64.24411321518893,2018.0,2.3872533961011086,2019,2020.0,0.2117299086866312,0.4733135083301505,0.2615835996435193,True
경기,2018,1-1. 고용여건,64.24411321518893,60.98292079828625,2019.0,-3.2611924169026807,2020,2021.0,0.4733135083301505,0.7387579421731713,0.26544443384302074,True
경기,2019,1-1. 고용여건,60.98292079828625,36.4286269524752,2020.0,-24.554293845811053,2021,2022.0,0.7387579421731713,0.846190216852106,0.10743227467893479,False
경기,2020,1-1. 고용여건,36.4286269524752,52.49267219702812,2021.0,16.064045244552922,2022,2023.0,0.846190216852106,0.8262645159966959,-0.019925700855410122,False
경기,2021,1-1. 고용여건,52.49267219702812,54.33577944983982,2022.0,1.8431072528116985,2023,2024.0,0.8262645159966959,0.7009549834252049,-0.12530953257149102,False
경남,2016,1-1. 고용여건,56.58125152364736,63.31837975092025,2017.0,6.7371282272728905,2018,2019.0,6.057059166021405,2.0088658118752427,-4.0481933541461625,False
경남,2017,1-1. 고용여건,63.31837975092025,62.62292498277899,2018.0,-0.6954547681412606,2019,2020.0,2.0088658118752427,2.6411471698169464,0.6322813579417037,False
경남,2018,1-1. 고용여건,62.62292498277899,61.28970695891622,2019.0,-1.33321802386277,2020,2021.0,2.6411471698169464,2.793627327323027,0.1524801575060808,False
경남,2019,1-1. 고용여건,61.28970695891622,40.94228636433678,2020.0,-20.34742059457944,2021,2022.0,2.793627327323027,1.0644572000490626,-1.7291701272739646,False
경남,2020,1-1. 고용여건,40.94228636433678,49.6961236300129,2021.0,8.753837265676118,2022,2023.0,1.0644572000490626,2.5880619300188834,1.5236047299698208,False
경남,2021,1-1. 고용여건,49.6961236300129,53.19943112669535,2022.0,3.503307496682453,2023,2024.0,2.5880619300188834,2.12902742072103,-0.4590345092978536,False
경북,2016,1-1. 고용여건,59.240492990672905,66.35533187676613,2017.0,7.114838886093224,2018,2019.0,0.5209612736574433,0.510424184268775,-0.010537089388668264,False
경북,2017,1-1. 고용여건,66.35533187676613,59.13290707805685,2018.0,-7.222424798709277,2019,2020.0,0.510424184268775,0.3654614725694186,-0.14496271169935643,False
경북,2018,1-1. 고용여건,59.13290707805685,54.63965938969621,2019.0,-4.49324768836064,2020,2021.0,0.3654614725694186,0.4721996923716982,0.1067382198022796,False
경북,2019,1-1. 고용여건,54.63965938969621,42.018043356963815,2020.0,-12.621616032732398,2021,2022.0,0.4721996923716982,0.844076022017359,0.3718763296456608,False
경북,2020,1-1. 고용여건,42.018043356963815,53.52767616797878,2021.0,11.509632811014967,2022,2023.0,0.844076022017359,0.804238314489792,-0.03983770752756699,False
경북,2021,1-1. 고용여건,53.52767616797878,58.85469485332767,2022.0,5.3270186853488894,2023,2024.0,0.804238314489792,0.3395520128702397,-0.4646863016195523,False
광주,2016,1-1. 고용여건,45.139930320521344,43.30903830219649,2017.0,-1.8308920183248532,2018,2019.0,0.1545088160723843,3.4302394513381538,3.2757306352657696,False
광주,2017,1-1. 고용여건,43.30903830219649,44.137161393860424,2018.0,0.828123091663933,2019,2020.0,3.4302394513381538,28.5456039441249,25.115364492786746,False
광주,2018,1-1. 고용여건,44.137161393860424,50.35357623956299,2019.0,6.216414845702566,2020,2021.0,28.5456039441249,2.9648070420108503,-25.58079690211405,False
광주,2019,1-1. 고용여건,50.35357623956299,32.551209901850314,2020.0,-17.802366337712677,2021,2022.0,2.9648070420108503,1.443231497455299,-1.5215755445555512,False
광주,2020,1-1. 고용여건,32.551209901850314,41.966403114875035,2021.0,9.415193213024722,2022,2023.0,1.443231497455299,1.7305072793578704,0.2872757819025713,False
광주,2021,1-1. 고용여건,41.966403114875035,41.49283031064778,2022.0,-0.4735728042272527,2023,2024.0,1.7305072793578704,0.8945371267960647,-0.8359701525618057,False
대구,2016,1-1. 고용여건,40.87100996500598,43.8237068441426,2017.0,2.9526968791366173,2018,2019.0,1.0399243590842362,1.3324665411026004,0.29254218201836424,False
대구,2017,1-1. 고용여건,43.8237068441426,34.854586514359895,2018.0,-8.969120329782704,2019,2020.0,1.3324665411026004,1.2531491988168704,-0.07931734228573006,False
대구,2018,1-1. 고용여건,34.854586514359895,43.762554712648466,2019.0,8.907968198288572,2020,2021.0,1.2531491988168704,0.9158016094338796,-0.3373475893829908,False
대구,2019,1-1. 고용여건,43.762554712648466,28.074666220261825,2020.0,-15.68788849238664,2021,2022.0,0.9158016094338796,3.7356521105122824,2.819850501078403,False
대구,2020,1-1. 고용여건,28.074666220261825,47.01627168834379,2021.0,18.941605468081967,2022,2023.0,3.7356521105122824,6.11407964302456,2.3784275325122777,False
대구,2021,1-1. 고용여건,47.01627168834379,44.52673850806789,2022.0,-2.489533180275899,2023,2024.0,6.11407964302456,3.636541730651349,-2.477537912373211,False
대전,2016,1-1. 고용여건,50.47160005615186,63.4871989489427,2017.0,13.015598892790841,2018,2019.0,2.514863238957262,0.0186837311411088,-2.4961795078161533,False
대전,2017,1-1. 고용여건,63.4871989489427,52.007516544713525,2018.0,-11.479682404229173,2019,2020.0,0.0186837311411088,1.9096758888592351,1.8909921577181263,False
대전,2018,1-1. 고용여건,52.007516544713525,62.0470591022824,2019.0,10.039542557568872,2020,2021.0,1.9096758888592351,1.819812480614651,-0.08986340824458416,False
대전,2019,1-1. 고용여건,62.0470591022824,43.694723102326115,2020.0,-18.35233599995628,2021,2022.0,1.819812480614651,0.9126977542344052,-0.9071147263802457,False
대전,2020,1-1. 고용여건,43.694723102326115,44.59335849451741,2021.0,0.8986353921912951,2022,2023.0,0.9126977542344052,0.6459720013351397,-0.2667257528992656,False
대전,2021,1-1. 고용여건,44.59335849451741,50.48485037391577,2022.0,5.891491879398359,2023,2024.0,0.6459720013351397,0.4623139559161273,-0.18365804541901237,False
부산,2016,1-1. 고용여건,41.82288304187412,50.71485361236361,2017.0,8.891970570489491,2018,2019.0,0.1805582958166675,0.0776506654555116,-0.1029076303611559,False
부산,2017,1-1. 고용여건,50.71485361236361,53.0279180803099,2018.0,2.3130644679462904,2019,2020.0,0.0776506654555116,0.1992377339440772,0.12158706848856561,False
부산,2018,1-1. 고용여건,53.0279180803099,57.14759518905328,2019.0,4.119677108743375,2020,2021.0,0.1992377339440772,2.045676533803641,1.846438799859564,False
부산,2019,1-1. 고용여건,57.14759518905328,28.03034654147526,2020.0,-29.117248647578016,2021,2022.0,2.045676533803641,1.7822849805333754,-0.26339155327026575,False
부산,2020,1-1. 고용여건,28.03034654147526,49.54690374883625,2021.0,21.51655720736099,2022,2023.0,1.7822849805333754,1.601804058947353,-0.18048092158602236,False
부산,2021,1-1. 고용여건,49.54690374883625,17.91692799418812,2022.0,-31.62997575464813,2023,2024.0,1.601804058947353,0.7952069512383009,-0.8065971077090521,False
서울,2016,1-1. 고용여건,49.087115722773895,58.35028758255264,2017.0,9.263171859778744,2018,2019.0,3.2227620093521883,2.220943580232556,-1.0018184291196324,False
서울,2017,1-1. 고용여건,58.35028758255264,58.751202275825506,2018.0,0.4009146932728669,2019,2020.0,2.220943580232556,0.915190481731458,-1.3057530985010979,False
서울,2018,1-1. 고용여건,58.751202275825506,63.94418440830728,2019.0,5.192982132481774,2020,2021.0,0.915190481731458,2.073902138531446,1.1587116567999878,False
서울,2019,1-1. 고용여건,63.94418440830728,38.81939133648364,2020.0,-25.12479307182364,2021,2022.0,2.073902138531446,1.996679953612996,-0.07722218491844979,False
서울,2020,1-1. 고용여건,38.81939133648364,52.70250497765867,2021.0,13.88311364117503,2022,2023.0,1.996679953612996,2.9940423673123013,0.9973624136993053,False
서울,2021,1-1. 고용여건,52.70250497765867,55.11131292942669,2022.0,2.4088079517680185,2023,2024.0,2.9940423673123013,4.711880497869449,1.7178381305571473,False
세종,2016,1-1. 고용여건,63.25544561978312,63.25544561978312,2017.0,0.0,2018,2019.0,0.0677849593767602,0.2840711721795514,0.2162862128027912,False
세종,2017,1-1. 고용여건,63.25544561978312,67.20698280712473,2018.0,3.9515371873416143,2019,2020.0,0.2840711721795514,0.1877122509708019,-0.0963589212087495,False
세종,2018,1-1. 고용여건,67.20698280712473,68.9567020168363,2019.0,1.7497192097115715,2020,2021.0,0.1877122509708019,0.6650861135490637,0.47737386257826175,False
세종,2019,1-1. 고용여건,68.9567020168363,42.096361147250725,2020.0,-26.860340869585578,2021,2022.0,0.6650861135490637,1.5749399940512836,0.9098538805022199,False
세종,2020,1-1. 고용여건,42.096361147250725,67.39463520493493,2021.0,25.298274057684203,2022,2023.0,1.5749399940512836,1.0299793062084517,-0.5449606878428319,False
세종,2021,1-1. 고용여건,67.39463520493493,60.98034326904357,2022.0,-6.414291935891356,2023,2024.0,1.0299793062084517,0.5178796112255876,-0.5120996949828641,False
울산,2016,1-1. 고용여건,56.82488108913273,61.32604617463638,2017.0,4.501165085503651,2018,2019.0,1.8836658597429443,2.431380903260528,0.5477150435175837,False
울산,2017,1-1. 고용여건,61.32604617463638,56.79554768228354,2018.0,-4.530498492352841,2019,2020.0,2.431380903260528,0.4326146795796839,-1.9987662236808441,False
울산,2018,1-1. 고용여건,56.79554768228354,56.34786275481655,2019.0,-0.4476849274669874,2020,2021.0,0.4326146795796839,0.9209035388057808,0.4882888592260969,False
울산,2019,1-1. 고용여건,56.34786275481655,31.720440056670853,2020.0,-24.6274226981457,2021,2022.0,0.9209035388057808,1.0255770669839015,0.1046735281781207,False
울산,2020,1-1. 고용여건,31.720440056670853,53.06368129622833,2021.0,21.34324123955748,2022,2023.0,1.0255770669839015,0.3624790823698076,-0.6630979846140939,False
울산,2021,1-1. 고용여건,53.06368129622833,57.96781516516896,2022.0,4.904133868940626,2023,2024.0,0.3624790823698076,1.015912266906931,0.6534331845371233,False
인천,2016,1-1. 고용여건,45.2163088033422,49.25765213940235,2017.0,4.041343336060152,2018,2019.0,0.7045358710015595,0.3841743199749591,-0.32036155102660036,False
인천,2017,1-1. 고용여건,49.25765213940235,56.60203659825561,2018.0,7.344384458853256,2019,2020.0,0.3841743199749591,0.5130006264053385,0.1288263064303794,False
인천,2018,1-1. 고용여건,56.60203659825561,51.77890835789267,2019.0,-4.823128240362941,2020,2021.0,0.5130006264053385,1.0272216925019502,0.5142210660966117,False
인천,2019,1-1. 고용여건,51.77890835789267,31.612206263804257,2020.0,-20.16670209408841,2021,2022.0,1.0272216925019502,0.9596247535766208,-0.06759693892532936,True
인천,2020,1-1. 고용여건,31.612206263804257,54.19027562379388,2021.0,22.578069359989623,2022,2023.0,0.9596247535766208,0.6796142603041304,-0.2800104932724904,True
인천,2021,1-1. 고용여건,54.19027562379388,59.63763180599904,2022.0,5.447356182205162,2023,2024.0,0.6796142603041304,0.5444817923611155,-0.13513246794301492,False
전남,2016,1-1. 고용여건,34.359471316463186,34.117370892018776,2017.0,-0.24210042444440916,2018,2019.0,0.0604535472757665,1.4202791477935586,1.359825600517792,False
전남,2017,1-1. 고용여건,34.117370892018776,35.59390696098424,2018.0,1.4765360689654656,2019,2020.0,1.4202791477935586,1.8423002703337017,0.4220211225401431,False
전남,2018,1-1. 고용여건,35.59390696098424,39.45009124717041,2019.0,3.8561842861861706,2020,2021.0,1.8423002703337017,1.473307143850768,-0.3689931264829336,False
전남,2019,1-1. 고용여건,39.45009124717041,21.18397408830136,2020.0,-18.266117158869054,2021,2022.0,1.473307143850768,0.29137224205048,-1.181934901800288,False
전남,2020,1-1. 고용여건,21.18397408830136,31.603016743557134,2021.0,10.419042655255776,2022,2023.0,0.29137224205048,1.2787551218231608,0.9873828797726807,False
전남,2021,1-1. 고용여건,31.603016743557134,31.114019053499728,2022.0,-0.48899769005740623,2023,2024.0,1.2787551218231608,1.4915137615553695,0.21275863973220877,False
전북,2016,1-1. 고용여건,44.60891934686857,38.96284001900104,2017.0,-5.646079327867525,2018,2019.0,0.0200707632506166,0.1732503910838129,0.1531796278331963,False
전북,2017,1-1. 고용여건,38.96284001900104,33.85894673231954,2018.0,-5.1038932866815045,2019,2020.0,0.1732503910838129,0.0863059421789822,-0.0869444489048307,False
전북,2018,1-1. 고용여건,33.85894673231954,35.05819993737266,2019.0,1.1992532050531253,2020,2021.0,0.0863059421789822,2.915421046133919,2.829115103954937,False
전북,2019,1-1. 고용여건,35.05819993737266,25.313380504572745,2020.0,-9.744819432799918,2021,2022.0,2.915421046133919,2.710151637178456,-0.2052694089554632,False
전북,2020,1-1. 고용여건,25.313380504572745,47.86505723723836,2021.0,22.551676732665616,2022,2023.0,2.710151637178456,2.1976619465080014,-0.5124896906704546,False
전북,2021,1-1. 고용여건,47.86505723723836,33.040973014917476,2022.0,-14.824084222320884,2023,2024.0,2.1976619465080014,1.462232926788799,-0.7354290197192024,False
제주,2016,1-1. 고용여건,43.39637532663992,53.876566358163245,2017.0,10.480191031523326,2018,2019.0,0.1261356731576054,0.4151882568913849,0.2890525837337795,False
제주,2017,1-1. 고용여건,53.876566358163245,51.332216167545056,2018.0,-2.5443501906181893,2019,2020.0,0.4151882568913849,0.1757630689334182,-0.2394251879579667,False
제주,2018,1-1. 고용여건,51.332216167545056,47.16003071741051,2019.0,-4.172185450134549,2020,2021.0,0.1757630689334182,1.19160158634179,1.0158385174083717,False
제주,2019,1-1. 고용여건,47.16003071741051,28.720146569471197,2020.0,-18.43988414793931,2021,2022.0,1.19160158634179,0.9320303379105502,-0.2595712484312397,False
제주,2020,1-1. 고용여건,28.720146569471197,36.467242943008785,2021.0,7.7470963735375875,2022,2023.0,0.9320303379105502,0.9934841240957788,0.061453786185228565,False
제주,2021,1-1. 고용여건,36.467242943008785,44.6787394185243,2022.0,8.211496475515517,2023,2024.0,0.9934841240957788,0.5838158678746582,-0.4096682562211206,False
충남,2016,1-1. 고용여건,67.4923682557054,71.7318048754237,2017.0,4.239436619718305,2018,2019.0,0.1628023528226603,0.050131657782622,-0.11267069504003832,True
충남,2017,1-1. 고용여건,71.7318048754237,84.3077201389788,2018.0,12.575915263555089,2019,2020.0,0.050131657782622,0.2425164449446969,0.1923847871620749,False
충남,2018,1-1. 고용여건,84.3077201389788,80.79951873567651,2019.0,-3.50820140330228,2020,2021.0,0.2425164449446969,3.0999158841659527,2.857399439221256,False
충남,2019,1-1. 고용여건,80.79951873567651,53.5951680486653,2020.0,-27.204350687011214,2021,2022.0,3.0999158841659527,3.040930059568443,-0.05898582459750967,False
충남,2020,1-1. 고용여건,53.5951680486653,71.0389194056404,2021.0,17.4437513569751,2022,2023.0,3.040930059568443,2.8263769998228936,-0.2145530597455494,False
충남,2021,1-1. 고용여건,71.0389194056404,75.58452438298386,2022.0,4.545604977343459,2023,2024.0,2.8263769998228936,0.9522516764795156,-1.8741253233433781,False
충북,2016,1-1. 고용여건,65.8395502428776,68.8037333074033,2017.0,2.964183064525699,2018,2019.0,0.4072503431290983,0.7723150460026489,0.3650647028735506,False
충북,2017,1-1. 고용여건,68.8037333074033,78.56041795199486,2018.0,9.756684644591559,2019,2020.0,0.7723150460026489,1.922651180024127,1.1503361340214782,False
충북,2018,1-1. 고용여건,78.56041795199486,75.48478000061841,2019.0,-3.07563795137645,2020,2021.0,1.922651180024127,1.9579270154809751,0.03527583545684809,False
충북,2019,1-1. 고용여건,75.48478000061841,50.55266500751272,2020.0,-24.932114993105692,2021,2022.0,1.9579270154809751,2.084263249355894,0.126336233874919,False
충북,2020,1-1. 고용여건,50.55266500751272,61.83179044519251,2021.0,11.279125437679788,2022,2023.0,2.084263249355894,0.9629722067566444,-1.1212910425992497,False
충북,2021,1-1. 고용여건,61.83179044519251,65.27532738394268,2022.0,3.443536938750171,2023,2024.0,0.9629722067566444,2.23849962276038,1.2755274160037358,False
강원,2016,1-2. 주거안정성,88.02802305891036,87.62740200113974,2017.0,-0.4006210577706213,2018,2019.0,4.360661953901573,5.55688735807505,1.196225404173477,False
강원,2017,1-2. 주거안정성,87.62740200113974,86.35916719518048,2018.0,-1.268234805959267,2019,2020.0,5.55688735807505,5.233935795900767,-0.3229515621742829,False
강원,2018,1-2. 주거안정성,86.35916719518048,87.64560718463683,2019.0,1.2864399894563547,2020,2021.0,5.233935795900767,4.261101099860238,-0.972834696040529,False
강원,2019,1-2. 주거안정성,87.64560718463683,87.44301532492295,2020.0,-0.20259185971387694,2021,2022.0,4.261101099860238,5.724190075031849,1.463088975171611,False
강원,2020,1-2. 주거안정성,87.44301532492295,83.01881852185461,2021.0,-4.424196803068341,2022,2023.0,5.724190075031849,3.3833987374631316,-2.3407913375687177,False
강원,2021,1-2. 주거안정성,83.01881852185461,81.88132875587625,2022.0,-1.1374897659783585,2023,2024.0,3.3833987374631316,0.9705091363921438,-2.412889601070988,False
경기,2016,1-2. 주거안정성,55.007375001252235,55.07922527867567,2017.0,0.07185027742343664,2018,2019.0,0.1417515736407213,0.2264145703318918,0.0846629966911705,True
경기,2017,1-2. 주거안정성,55.07922527867567,55.47926092463627,2018.0,0.4000356459605996,2019,2020.0,0.2264145703318918,0.1402825697382503,-0.08613200059364151,False
경기,2018,1-2. 주거안정성,55.47926092463627,55.682748661292074,2019.0,0.2034877366558021,2020,2021.0,0.1402825697382503,0.069333687614999,-0.07094888212325129,False
경기,2019,1-2. 주거안정성,55.682748661292074,50.864946035119026,2020.0,-4.817802626173048,2021,2022.0,0.069333687614999,0.128923036246124,0.059589348631125,False
경기,2020,1-2. 주거안정성,50.864946035119026,41.315325404904094,2021.0,-9.549620630214932,2022,2023.0,0.128923036246124,0.0815113078828776,-0.047411728363246405,False
경기,2021,1-2. 주거안정성,41.315325404904094,43.68215837782596,2022.0,2.3668329729218627,2023,2024.0,0.0815113078828776,0.2433564978427841,0.1618451899599065,False
경남,2016,1-2. 주거안정성,80.30541135600616,79.6420842314167,2017.0,-0.6633271245894576,2018,2019.0,0.0,0.2522341139486418,0.2522341139486418,False
경남,2017,1-2. 주거안정성,79.6420842314167,81.65561183954429,2018.0,2.013527608127589,2019,2020.0,0.2522341139486418,6.634780184741238,6.382546070792596,False
경남,2018,1-2. 주거안정성,81.65561183954429,84.02422102121884,2019.0,2.368609181674543,2020,2021.0,6.634780184741238,0.2481886420386156,-6.3865915427026225,False
경남,2019,1-2. 주거안정성,84.02422102121884,80.2175650951705,2020.0,-3.806655926048336,2021,2022.0,0.2481886420386156,0.1477051263211106,-0.100483515717505,False
경남,2020,1-2. 주거안정성,80.2175650951705,77.49671282681227,2021.0,-2.720852268358229,2022,2023.0,0.1477051263211106,0.1462808679982095,-0.0014242583229011063,False
경남,2021,1-2. 주거안정성,77.49671282681227,78.64947932146569,2022.0,1.1527664946534202,2023,2024.0,0.1462808679982095,0.1188773170745588,-0.027403550923650696,False
경북,2016,1-2. 주거안정성,89.99840691826384,91.18696414170492,2017.0,1.1885572234410802,2018,2019.0,0.0,0.0407658423454963,0.0407658423454963,False
경북,2017,1-2. 주거안정성,91.18696414170492,89.9930336169655,2018.0,-1.1939305247394145,2019,2020.0,0.0407658423454963,0.2350258849650314,0.1942600426195351,False
경북,2018,1-2. 주거안정성,89.9930336169655,89.6363499880756,2019.0,-0.3566836288899111,2020,2021.0,0.2350258849650314,0.0762570156454393,-0.1587688693195921,False
경북,2019,1-2. 주거안정성,89.6363499880756,88.59256623537671,2020.0,-1.0437837526988858,2021,2022.0,0.0762570156454393,0.2218038254948199,0.1455468098493806,False
경북,2020,1-2. 주거안정성,88.59256623537671,85.20718851714483,2021.0,-3.3853777182318794,2022,2023.0,0.2218038254948199,0.0045203365243778,-0.21728348897044208,False
경북,2021,1-2. 주거안정성,85.20718851714483,81.50998041717651,2022.0,-3.6972080999683214,2023,2024.0,0.0045203365243778,0.1182463116947177,0.1137259751703399,False
광주,2016,1-2. 주거안정성,80.05117098779796,82.58646072840226,2017.0,2.5352897406042985,2018,2019.0,0.049887361992602,3.355057631735918,3.305170269743316,False
광주,2017,1-2. 주거안정성,82.58646072840226,82.36208118676946,2018.0,-0.22437954163279983,2019,2020.0,3.355057631735918,3.465488907148726,0.11043127541280784,False
광주,2018,1-2. 주거안정성,82.36208118676946,78.16075933317184,2019.0,-4.201321853597619,2020,2021.0,3.465488907148726,0.8555405892535809,-2.609948317895145,False
광주,2019,1-2. 주거안정성,78.16075933317184,79.3983129602208,2020.0,1.2375536270489675,2021,2022.0,0.8555405892535809,0.281424113947487,-0.5741164753060939,False
광주,2020,1-2. 주거안정성,79.3983129602208,77.71111136759416,2021.0,-1.68720159262665,2022,2023.0,0.281424113947487,0.1651409581444072,-0.1162831558030798,False
광주,2021,1-2. 주거안정성,77.71111136759416,75.64522650528646,2022.0,-2.0658848623076977,2023,2024.0,0.1651409581444072,0.9046098356375664,0.7394688774931591,False
대구,2016,1-2. 주거안정성,75.31960441996247,74.82782332094489,2017.0,-0.4917810990175866,2018,2019.0,0.0228083901699985,0.0176680646334046,-0.005140325536593899,False
대구,2017,1-2. 주거안정성,74.82782332094489,74.0670840482319,2018.0,-0.760739272712982,2019,2020.0,0.0176680646334046,0.0322370156608666,0.014568951027461998,False
대구,2018,1-2. 주거안정성,74.0670840482319,71.72376784548727,2019.0,-2.3433162027446315,2020,2021.0,0.0322370156608666,0.0330389096697726,0.0008018940089059984,False
대구,2019,1-2. 주거안정성,71.72376784548727,67.73489830982449,2020.0,-3.9888695356627863,2021,2022.0,0.0330389096697726,0.7772933343213285,0.7442544246515559,False
대구,2020,1-2. 주거안정성,67.73489830982449,62.4342812327859,2021.0,-5.300617077038588,2022,2023.0,0.7772933343213285,0.4233742961068552,-0.35391903821447335,False
대구,2021,1-2. 주거안정성,62.4342812327859,67.49563499401324,2022.0,5.061353761227345,2023,2024.0,0.4233742961068552,0.6647385247116038,0.2413642286047486,False
대전,2016,1-2. 주거안정성,70.98380199029039,74.46581326449808,2017.0,3.482011274207693,2018,2019.0,0.1897370783336494,0.4253468167593068,0.2356097384256574,False
대전,2017,1-2. 주거안정성,74.46581326449808,72.08575718213372,2018.0,-2.380056082364362,2019,2020.0,0.4253468167593068,0.2436383541267448,-0.181708462632562,False
대전,2018,1-2. 주거안정성,72.08575718213372,72.57402023826289,2019.0,0.48826305612917054,2020,2021.0,0.2436383541267448,0.2595674871729715,0.0159291330462267,False
대전,2019,1-2. 주거안정성,72.57402023826289,69.34322570488463,2020.0,-3.2307945333782584,2021,2022.0,0.2595674871729715,0.2343719335311334,-0.02519555364183812,False
대전,2020,1-2. 주거안정성,69.34322570488463,64.44560313202976,2021.0,-4.897622572854871,2022,2023.0,0.2343719335311334,0.3255221116150609,0.0911501780839275,False
대전,2021,1-2. 주거안정성,64.44560313202976,64.31863363312482,2022.0,-0.12696949890494125,2023,2024.0,0.3255221116150609,0.6660303635875563,0.3405082519724954,False
부산,2016,1-2. 주거안정성,79.64133253057524,73.77280913319944,2017.0,-5.868523397375796,2018,2019.0,0.0252815778437718,1.0971274797429174,1.0718459018991455,False
부산,2017,1-2. 주거안정성,73.77280913319944,74.36303464801738,2018.0,0.5902255148179307,2019,2020.0,1.0971274797429174,0.7398296319911353,-0.3572978477517821,False
부산,2018,1-2. 주거안정성,74.36303464801738,75.46201657004897,2019.0,1.098981922031598,2020,2021.0,0.7398296319911353,0.5313294102666886,-0.2085002217244467,False
부산,2019,1-2. 주거안정성,75.46201657004897,72.50203260843242,2020.0,-2.959983961616558,2021,2022.0,0.5313294102666886,0.6879662560091052,0.15663684574241665,False
부산,2020,1-2. 주거안정성,72.50203260843242,68.8016074066189,2021.0,-3.700425201813516,2022,2023.0,0.6879662560091052,1.3281473818147542,0.640181125805649,False
부산,2021,1-2. 주거안정성,68.8016074066189,65.94497877435974,2022.0,-2.8566286322591594,2023,2024.0,1.3281473818147542,0.6260667683634265,-0.7020806134513278,False
서울,2016,1-2. 주거안정성,29.359514535810344,27.073185303562425,2017.0,-2.286329232247919,2018,2019.0,3.881663882411462,0.6596065992146339,-3.222057283196828,False
서울,2017,1-2. 주거안정성,27.073185303562425,26.61206447690597,2018.0,-0.4611208266564546,2019,2020.0,0.6596065992146339,0.94554607648322,0.28593947726858604,False
서울,2018,1-2. 주거안정성,26.61206447690597,24.001627298898757,2019.0,-2.6104371780072135,2020,2021.0,0.94554607648322,9.287919446328988,8.342373369845768,False
서울,2019,1-2. 주거안정성,24.001627298898757,22.223662376868432,2020.0,-1.7779649220303249,2021,2022.0,9.287919446328988,11.644114119529034,2.3561946732000454,False
서울,2020,1-2. 주거안정성,22.223662376868432,2.2364196527922076,2021.0,-19.987242724076225,2022,2023.0,11.644114119529034,8.538022724058273,-3.106091395470761,False
서울,2021,1-2. 주거안정성,2.2364196527922076,9.984973176126177,2022.0,7.748553523333969,2023,2024.0,8.538022724058273,14.924118806825726,6.3860960827674536,False
세종,2016,1-2. 주거안정성,62.51824306255938,63.42708080948416,2017.0,0.9088377469247817,2018,2019.0,14.648234249544124,0.1003512293025589,-14.547883020241565,False
세종,2017,1-2. 주거안정성,63.42708080948416,68.20612630240582,2018.0,4.779045492921661,2019,2020.0,0.1003512293025589,0.0205384905642353,-0.07981273873832359,False
세종,2018,1-2. 주거안정성,68.20612630240582,63.67437818487245,2019.0,-4.531748117533368,2020,2021.0,0.0205384905642353,0.0108283086181938,-0.0097101819460415,False
세종,2019,1-2. 주거안정성,63.67437818487245,58.518707156096795,2020.0,-5.155671028775657,2021,2022.0,0.0108283086181938,0.4137297760930767,0.4029014674748829,False
세종,2020,1-2. 주거안정성,58.518707156096795,45.630992024150885,2021.0,-12.88771513194591,2022,2023.0,0.4137297760930767,0.3071096833755687,-0.106620092717508,False
세종,2021,1-2. 주거안정성,45.630992024150885,49.358111066051706,2022.0,3.7271190419008207,2023,2024.0,0.3071096833755687,0.1571266191335849,-0.14998306424198382,False
울산,2016,1-2. 주거안정성,70.96327267839769,76.54332027592987,2017.0,5.580047597532186,2018,2019.0,0.1106487561244455,0.6365766695071086,0.5259279133826631,False
울산,2017,1-2. 주거안정성,76.54332027592987,71.90842977407229,2018.0,-4.6348905018575834,2019,2020.0,0.6365766695071086,0.2568271676535495,-0.37974950185355905,False
울산,2018,1-2. 주거안정성,71.90842977407229,75.97077880652063,2019.0,4.0623490324483384,2020,2021.0,0.2568271676535495,0.5119426002511648,0.25511543259761527,False
울산,2019,1-2. 주거안정성,75.97077880652063,76.63701850741349,2020.0,0.6662397008928593,2021,2022.0,0.5119426002511648,0.5651813334527228,0.05323873320155803,False
울산,2020,1-2. 주거안정성,76.63701850741349,76.62435130201375,2021.0,-0.012667205399736758,2022,2023.0,0.5651813334527228,0.3113263920550896,-0.2538549413976332,False
울산,2021,1-2. 주거안정성,76.62435130201375,72.83375995175973,2022.0,-3.7905913502540187,2023,2024.0,0.3113263920550896,1.1261991935857627,0.8148728015306731,False
인천,2016,1-2. 주거안정성,75.60841975077088,71.90506000674462,2017.0,-3.7033597440262582,2018,2019.0,0.5099320847231557,0.5906487170093636,0.08071663228620796,False
인천,2017,1-2. 주거안정성,71.90506000674462,71.35634659075347,2018.0,-0.5487134159911449,2019,2020.0,0.5906487170093636,3.028325832159578,2.437677115150214,False
인천,2018,1-2. 주거안정성,71.35634659075347,71.46854557493884,2019.0,0.112198984185369,2020,2021.0,3.028325832159578,11.411463412907542,8.383137580747965,False
인천,2019,1-2. 주거안정성,71.46854557493884,67.2230896469717,2020.0,-4.245455927967143,2021,2022.0,11.411463412907542,14.974185073167751,3.562721660260209,False
인천,2020,1-2. 주거안정성,67.2230896469717,63.70120891643926,2021.0,-3.5218807305324376,2022,2023.0,14.974185073167751,0.1537236291533627,-14.820461444014388,False
인천,2021,1-2. 주거안정성,63.70120891643926,62.414162741051335,2022.0,-1.2870461753879283,2023,2024.0,0.1537236291533627,0.9652071326754734,0.8114835035221107,False
전남,2016,1-2. 주거안정성,98.29760773669004,92.36484775426337,2017.0,-5.932759982426674,2018,2019.0,0.2505544609983575,0.3462892066705143,0.09573474567215684,False
전남,2017,1-2. 주거안정성,92.36484775426337,90.54817640294044,2018.0,-1.816671351322924,2019,2020.0,0.3462892066705143,0.1672744104378362,-0.17901479623267813,False
전남,2018,1-2. 주거안정성,90.54817640294044,93.43116626409568,2019.0,2.882989861155238,2020,2021.0,0.1672744104378362,0.2754790928252256,0.1082046823873894,False
전남,2019,1-2. 주거안정성,93.43116626409568,91.77530160427916,2020.0,-1.6558646598165154,2021,2022.0,0.2754790928252256,0.4020545598928043,0.12657546706757872,False
전남,2020,1-2. 주거안정성,91.77530160427916,87.0554365668962,2021.0,-4.719865037382959,2022,2023.0,0.4020545598928043,0.2517542232803339,-0.1503003366124704,False
전남,2021,1-2. 주거안정성,87.0554365668962,89.10601460613866,2022.0,2.0505780392424526,2023,2024.0,0.2517542232803339,0.3222173189520461,0.07046309567171216,False
전북,2016,1-2. 주거안정성,85.2941963436094,92.45000292516876,2017.0,7.155806581559361,2018,2019.0,0.1788568933097762,0.2864106102374373,0.10755371692766111,False
전북,2017,1-2. 주거안정성,92.45000292516876,90.13797793082568,2018.0,-2.3120249943430764,2019,2020.0,0.2864106102374373,5.125146093367968,4.83873548313053,False
전북,2018,1-2. 주거안정성,90.13797793082568,88.57186392600019,2019.0,-1.5661140048254936,2020,2021.0,5.125146093367968,0.1928147638259207,-4.932331329542047,False
전북,2019,1-2. 주거안정성,88.57186392600019,89.40775720472303,2020.0,0.8358932787228355,2021,2022.0,0.1928147638259207,0.5293224943640673,0.33650773053814664,False
전북,2020,1-2. 주거안정성,89.40775720472303,82.97241336471453,2021.0,-6.4353438400085,2022,2023.0,0.5293224943640673,1.0361667765485272,0.5068442821844599,False
전북,2021,1-2. 주거안정성,82.97241336471453,87.79070800887051,2022.0,4.8182946441559835,2023,2024.0,1.0361667765485272,0.9103150996683254,-0.12585167688020182,False
제주,2016,1-2. 주거안정성,83.30706068226566,76.52453796522435,2017.0,-6.782522717041303,2018,2019.0,0.0135629756083446,0.0798159878679698,0.0662530122596252,False
제주,2017,1-2. 주거안정성,76.52453796522435,68.69965271894529,2018.0,-7.824885246279067,2019,2020.0,0.0798159878679698,0.0869629121552104,0.007146924287240605,False
제주,2018,1-2. 주거안정성,68.69965271894529,72.45033430129348,2019.0,3.750681582348193,2020,2021.0,0.0869629121552104,2.2472229082743564,2.160259996119146,False
제주,2019,1-2. 주거안정성,72.45033430129348,71.48322889123288,2020.0,-0.9671054100605971,2021,2022.0,2.2472229082743564,2.1535036773639717,-0.0937192309103847,False
제주,2020,1-2. 주거안정성,71.48322889123288,70.44987318109007,2021.0,-1.0333557101428141,2022,2023.0,2.1535036773639717,3.7932667620533738,1.639763084689402,False
제주,2021,1-2. 주거안정성,70.44987318109007,64.14510527509168,2022.0,-6.304767905998389,2023,2024.0,3.7932667620533738,0.995561700762379,-2.7977050612909946,False
충남,2016,1-2. 주거안정성,80.92922256264319,82.765483388621,2017.0,1.836260825977817,2018,2019.0,0.2950314938476379,0.0180739273372849,-0.27695756651035297,False
충남,2017,1-2. 주거안정성,82.765483388621,83.06721829426532,2018.0,0.3017349056443095,2019,2020.0,0.0180739273372849,0.0183150440192609,0.00024111668197599953,False
충남,2018,1-2. 주거안정성,83.06721829426532,83.45732407622386,2019.0,0.39010578195853896,2020,2021.0,0.0183150440192609,0.0704689577457595,0.052153913726498594,False
충남,2019,1-2. 주거안정성,83.45732407622386,82.72479779294063,2020.0,-0.7325262832832209,2021,2022.0,0.0704689577457595,0.0861432882020887,0.01567433045632921,False
충남,2020,1-2. 주거안정성,82.72479779294063,77.17658919855958,2021.0,-5.548208594381052,2022,2023.0,0.0861432882020887,0.2257512249837653,0.1396079367816766,False
충남,2021,1-2. 주거안정성,77.17658919855958,76.87568290630382,2022.0,-0.3009062922557604,2023,2024.0,0.2257512249837653,0.0,-0.2257512249837653,False
충북,2016,1-2. 주거안정성,86.97873223065204,85.32684018090265,2017.0,-1.6518920497493923,2018,2019.0,0.0034933438011073,2.0855137078932504,2.082020364092143,False
충북,2017,1-2. 주거안정성,85.32684018090265,86.23712188614682,2018.0,0.9102817052441736,2019,2020.0,2.0855137078932504,0.3658944732593567,-1.7196192346338937,False
충북,2018,1-2. 주거안정성,86.23712188614682,86.68709132795546,2019.0,0.4499694418086335,2020,2021.0,0.3658944732593567,3.0952018881965007,2.729307414937144,False
충북,2019,1-2. 주거안정성,86.68709132795546,82.27842177880973,2020.0,-4.408669549145728,2021,2022.0,3.0952018881965007,0.4349902021285936,-2.6602116860679073,False
충북,2020,1-2. 주거안정성,82.27842177880973,79.03203675208212,2021.0,-3.2463850267276086,2022,2023.0,0.4349902021285936,0.2404630713997734,-0.19452713072882016,False
충북,2021,1-2. 주거안정성,79.03203675208212,75.8475577536619,2022.0,-3.184478998420218,2023,2024.0,0.2404630713997734,0.8325069665996974,0.592043895199924,False
강원,2016,1-3. 경제적 여건,11.949351076031132,14.653015543499215,2017.0,2.7036644674680836,2018,2019.0,4.11110768658898,6.2578019130756655,2.1466942264866855,False
강원,2017,1-3. 경제적 여건,14.653015543499215,21.07489381241043,2018.0,6.421878268911215,2019,2020.0,6.2578019130756655,4.532729924560385,-1.72507198851528,False
강원,2018,1-3. 경제적 여건,21.07489381241043,27.316800467753463,2019.0,6.241906655343033,2020,2021.0,4.532729924560385,10.09530360847028,5.5625736839098945,False
강원,2019,1-3. 경제적 여건,27.316800467753463,38.126260549005345,2020.0,10.809460081251881,2021,2022.0,10.09530360847028,17.609641461665067,7.514337853194787,False
강원,2020,1-3. 경제적 여건,38.126260549005345,47.85998121279257,2021.0,9.733720663787224,2022,2023.0,17.609641461665067,17.483626996002084,-0.12601446566298335,False
강원,2021,1-3. 경제적 여건,47.85998121279257,57.01674919492798,2022.0,9.156767982135413,2023,2024.0,17.483626996002084,18.784593900725472,1.3009669047233885,False
경기,2016,1-3. 경제적 여건,12.363093533354093,15.447152547682286,2017.0,3.0840590143281936,2018,2019.0,3.167106837637096,8.345585980487567,5.17847914285047,True
경기,2017,1-3. 경제적 여건,15.447152547682286,23.0456911682334,2018.0,7.598538620551114,2019,2020.0,8.345585980487567,10.51514352405907,2.1695575435715035,True
경기,2018,1-3. 경제적 여건,23.0456911682334,30.603327149337197,2019.0,7.557635981103797,2020,2021.0,10.51514352405907,3.9138215941295047,-6.601321929929565,True
경기,2019,1-3. 경제적 여건,30.603327149337197,36.51794387238758,2020.0,5.914616723050386,2021,2022.0,3.9138215941295047,18.28762146677391,14.373799872644405,False
경기,2020,1-3. 경제적 여건,36.51794387238758,41.434536192923325,2021.0,4.916592320535742,2022,2023.0,18.28762146677391,17.727578041338784,-0.5600434254351256,False
경기,2021,1-3. 경제적 여건,41.434536192923325,49.64188927903311,2022.0,8.207353086109784,2023,2024.0,17.727578041338784,20.185551461307476,2.457973419968692,True
경남,2016,1-3. 경제적 여건,7.902766257954007,9.330268374665598,2017.0,1.427502116711591,2018,2019.0,0.6401599049213981,7.829571544629296,7.189411639707898,False
경남,2017,1-3. 경제적 여건,9.330268374665598,16.03592370463648,2018.0,6.705655329970883,2019,2020.0,7.829571544629296,16.171071983367234,8.341500438737938,True
경남,2018,1-3. 경제적 여건,16.03592370463648,22.561607421039135,2019.0,6.5256837164026535,2020,2021.0,16.171071983367234,8.015117042406281,-8.155954940960953,True
경남,2019,1-3. 경제적 여건,22.561607421039135,27.37810411530469,2020.0,4.816496694265556,2021,2022.0,8.015117042406281,9.558791977747283,1.5436749353410022,False
경남,2020,1-3. 경제적 여건,27.37810411530469,31.69558860831294,2021.0,4.317484493008248,2022,2023.0,9.558791977747283,11.970479822305728,2.411687844558445,False
경남,2021,1-3. 경제적 여건,31.69558860831294,41.58219621547669,2022.0,9.886607607163754,2023,2024.0,11.970479822305728,11.768260498705688,-0.20221932360004047,False
경북,2016,1-3. 경제적 여건,7.369497968030257,9.32464413361232,2017.0,1.9551461655820637,2018,2019.0,1.2862814469359654,7.26702657081766,5.980745123881695,False
경북,2017,1-3. 경제적 여건,9.32464413361232,13.784358375011788,2018.0,4.4597142413994675,2019,2020.0,7.26702657081766,7.275335847077498,0.008309276259837794,False
경북,2018,1-3. 경제적 여건,13.784358375011788,18.444495549703134,2019.0,4.6601371746913465,2020,2021.0,7.275335847077498,5.558820786512358,-1.7165150605651398,False
경북,2019,1-3. 경제적 여건,18.444495549703134,27.705849323761697,2020.0,9.261353774058563,2021,2022.0,5.558820786512358,6.623935144263501,1.0651143577511428,True
경북,2020,1-3. 경제적 여건,27.705849323761697,35.511069133495525,2021.0,7.805219809733828,2022,2023.0,6.623935144263501,6.088130124638006,-0.5358050196254949,True
경북,2021,1-3. 경제적 여건,35.511069133495525,41.16182697432952,2022.0,5.650757840833997,2023,2024.0,6.088130124638006,5.0583035051022645,-1.0298266195357417,False
광주,2016,1-3. 경제적 여건,15.554021832171136,18.19633234046824,2017.0,2.6423105082971023,2018,2019.0,0.9655180282677104,8.364391022665755,7.398872994398045,False
광주,2017,1-3. 경제적 여건,18.19633234046824,23.999710364181652,2018.0,5.803378023713414,2019,2020.0,8.364391022665755,1.346035332785538,-7.018355689880217,False
광주,2018,1-3. 경제적 여건,23.999710364181652,29.36133988186401,2019.0,5.361629517682356,2020,2021.0,1.346035332785538,15.739085340295029,14.39305000750949,False
광주,2019,1-3. 경제적 여건,29.36133988186401,38.87031776233325,2020.0,9.508977880469242,2021,2022.0,15.739085340295029,19.01352293962471,3.2744375993296817,True
광주,2020,1-3. 경제적 여건,38.87031776233325,47.87210291365569,2021.0,9.001785151322437,2022,2023.0,19.01352293962471,15.25392567267771,-3.759597266947001,True
광주,2021,1-3. 경제적 여건,47.87210291365569,57.10882381708844,2022.0,9.236720903432754,2023,2024.0,15.25392567267771,8.157766018225962,-7.096159654451748,False
대구,2016,1-3. 경제적 여건,5.392832840641009,7.384791381725664,2017.0,1.9919585410846556,2018,2019.0,0.8487485796593395,7.838844599178435,6.990096019519095,False
대구,2017,1-3. 경제적 여건,7.384791381725664,14.674031072364736,2018.0,7.2892396906390715,2019,2020.0,7.838844599178435,7.232441839914712,-0.6064027592637231,False
대구,2018,1-3. 경제적 여건,14.674031072364736,21.6892230787067,2019.0,7.015192006341964,2020,2021.0,7.232441839914712,7.448356487524924,0.21591464761021228,False
대구,2019,1-3. 경제적 여건,21.6892230787067,27.46074938040547,2020.0,5.771526301698771,2021,2022.0,7.448356487524924,8.827874461737443,1.3795179742125185,False
대구,2020,1-3. 경제적 여건,27.46074938040547,32.39377157343411,2021.0,4.933022193028638,2022,2023.0,8.827874461737443,10.535181306259531,1.7073068445220887,False
대구,2021,1-3. 경제적 여건,32.39377157343411,40.42200614667585,2022.0,8.02823457324174,2023,2024.0,10.535181306259531,12.966859972376874,2.4316786661173424,False
대전,2016,1-3. 경제적 여건,16.328609378408892,19.199974667611,2017.0,2.8713652892021067,2018,2019.0,0.80836214303269,2.1883320099023775,1.3799698668696876,False
대전,2017,1-3. 경제적 여건,19.199974667611,25.71758974873419,2018.0,6.517615081123193,2019,2020.0,2.1883320099023775,8.857857056415904,6.6695250465135265,False
대전,2018,1-3. 경제적 여건,25.71758974873419,32.582877265159674,2019.0,6.865287516425482,2020,2021.0,8.857857056415904,10.003849042784166,1.1459919863682622,False
대전,2019,1-3. 경제적 여건,32.582877265159674,42.248180867835785,2020.0,9.665303602676111,2021,2022.0,10.003849042784166,15.848593998305889,5.844744955521723,False
대전,2020,1-3. 경제적 여건,42.248180867835785,51.586263354933315,2021.0,9.33808248709753,2022,2023.0,15.848593998305889,11.34042462678264,-4.508169371523248,False
대전,2021,1-3. 경제적 여건,51.586263354933315,61.884407569567074,2022.0,10.298144214633759,2023,2024.0,11.34042462678264,18.53252602380171,7.192101397019071,False
부산,2016,1-3. 경제적 여건,4.127076320234944,6.270374627274697,2017.0,2.1432983070397533,2018,2019.0,3.554880241336575,7.469748512421533,3.914868271084958,False
부산,2017,1-3. 경제적 여건,6.270374627274697,12.910799736740175,2018.0,6.640425109465478,2019,2020.0,7.469748512421533,5.304354097137124,-2.1653944152844087,False
부산,2018,1-3. 경제적 여건,12.910799736740175,20.42245106643373,2019.0,7.511651329693555,2020,2021.0,5.304354097137124,4.826085820194528,-0.4782682769425959,False
부산,2019,1-3. 경제적 여건,20.42245106643373,26.00525111625939,2020.0,5.582800049825661,2021,2022.0,4.826085820194528,5.23849780834866,0.4124119881541315,False
부산,2020,1-3. 경제적 여건,26.00525111625939,31.604412221863942,2021.0,5.599161105604551,2022,2023.0,5.23849780834866,8.311233055392085,3.0727352470434255,False
부산,2021,1-3. 경제적 여건,31.604412221863942,44.49278222322601,2022.0,12.888370001362066,2023,2024.0,8.311233055392085,10.911803808228848,2.600570752836763,False
서울,2016,1-3. 경제적 여건,32.93169792129281,35.38994655207695,2017.0,2.4582486307841407,2018,2019.0,3.4041769409545646,9.080919924791472,5.676742983836907,False
서울,2017,1-3. 경제적 여건,35.38994655207695,39.040378658297186,2018.0,3.6504321062202365,2019,2020.0,9.080919924791472,8.674182334541417,-0.40673759025005474,False
서울,2018,1-3. 경제적 여건,39.040378658297186,43.09574689504588,2019.0,4.055368236748691,2020,2021.0,8.674182334541417,6.27183198186448,-2.4023503526769368,False
서울,2019,1-3. 경제적 여건,43.09574689504588,47.62434581248869,2020.0,4.528598917442814,2021,2022.0,6.27183198186448,8.281718599207789,2.0098866173433088,False
서울,2020,1-3. 경제적 여건,47.62434581248869,54.16535459073976,2021.0,6.541008778251069,2022,2023.0,8.281718599207789,11.444545523645315,3.1628269244375264,False
서울,2021,1-3. 경제적 여건,54.16535459073976,63.553339905234665,2022.0,9.387985314494905,2023,2024.0,11.444545523645315,27.4546487017522,16.01010317810688,False
세종,2016,1-3. 경제적 여건,42.64770046981454,42.94628973778,2017.0,0.29858926796546115,2018,2019.0,4.585509294177177,31.75421668146204,27.16870738728486,False
세종,2017,1-3. 경제적 여건,42.94628973778,44.25744143475362,2018.0,1.3111516969736243,2019,2020.0,31.75421668146204,19.050166457301433,-12.704050224160607,False
세종,2018,1-3. 경제적 여건,44.25744143475362,48.07592492984822,2019.0,3.818483495094597,2020,2021.0,19.050166457301433,23.918024004650473,4.86785754734904,False
세종,2019,1-3. 경제적 여건,48.07592492984822,56.077096012315266,2020.0,8.001171082467046,2021,2022.0,23.918024004650473,23.29942795481742,-0.6185960498330516,False
세종,2020,1-3. 경제적 여건,56.077096012315266,64.58136955998445,2021.0,8.504273547669186,2022,2023.0,23.29942795481742,25.514283112421616,2.2148551576041946,False
세종,2021,1-3. 경제적 여건,64.58136955998445,65.96870494470052,2022.0,1.3873353847160672,2023,2024.0,25.514283112421616,27.559765860063095,2.045482747641479,False
울산,2016,1-3. 경제적 여건,27.05322205005367,27.42134580507958,2017.0,0.3681237550259091,2018,2019.0,10.895685331392498,25.63853881688119,14.742853485488693,False
울산,2017,1-3. 경제적 여건,27.42134580507958,29.357156977727417,2018.0,1.9358111726478384,2019,2020.0,25.63853881688119,8.016958817985415,-17.621579998895776,False
울산,2018,1-3. 경제적 여건,29.357156977727417,33.53443279208862,2019.0,4.177275814361206,2020,2021.0,8.016958817985415,9.099610980892658,1.0826521629072428,False
울산,2019,1-3. 경제적 여건,33.53443279208862,43.24166407551659,2020.0,9.707231283427966,2021,2022.0,9.099610980892658,11.984359976377936,2.8847489954852783,False
울산,2020,1-3. 경제적 여건,43.24166407551659,54.621813312340144,2021.0,11.380149236823556,2022,2023.0,11.984359976377936,4.943020810169167,-7.041339166208769,False
울산,2021,1-3. 경제적 여건,54.621813312340144,62.334872096392935,2022.0,7.713058784052791,2023,2024.0,4.943020810169167,16.001894672842944,11.058873862673778,False
인천,2016,1-3. 경제적 여건,5.886668146885915,8.69258921297231,2017.0,2.8059210660863947,2018,2019.0,2.851781254062844,11.094314304282344,8.2425330502195,False
인천,2017,1-3. 경제적 여건,8.69258921297231,18.803219064972005,2018.0,10.110629851999695,2019,2020.0,11.094314304282344,8.75269299982982,-2.3416213044525236,False
인천,2018,1-3. 경제적 여건,18.803219064972005,27.97308820968322,2019.0,9.169869144711214,2020,2021.0,8.75269299982982,6.915678152974622,-1.8370148468551983,False
인천,2019,1-3. 경제적 여건,27.97308820968322,33.21355575040184,2020.0,5.240467540718619,2021,2022.0,6.915678152974622,6.945118346119495,0.029440193144872673,True
인천,2020,1-3. 경제적 여건,33.21355575040184,38.0204553129788,2021.0,4.806899562576959,2022,2023.0,6.945118346119495,9.834553463383342,2.8894351172638473,True
인천,2021,1-3. 경제적 여건,38.0204553129788,46.01151980897216,2022.0,7.991064495993363,2023,2024.0,9.834553463383342,12.04065769045849,2.206104227075148,False
전남,2016,1-3. 경제적 여건,16.396943956148885,18.728394404646327,2017.0,2.331450448497442,2018,2019.0,1.8597963273863067,2.9496906833661076,1.0898943559798009,True
전남,2017,1-3. 경제적 여건,18.728394404646327,24.485220392049335,2018.0,5.756825987403008,2019,2020.0,2.9496906833661076,1.9621467625148856,-0.987543920851222,False
전남,2018,1-3. 경제적 여건,24.485220392049335,30.323851658347,2019.0,5.838631266297664,2020,2021.0,1.9621467625148856,3.0555701592869235,1.093423396772038,False
전남,2019,1-3. 경제적 여건,30.323851658347,41.051102274132035,2020.0,10.727250615785035,2021,2022.0,3.0555701592869235,3.3565933539079733,0.30102319462104976,True
전남,2020,1-3. 경제적 여건,41.051102274132035,51.103459339036235,2021.0,10.0523570649042,2022,2023.0,3.3565933539079733,2.1050310655420073,-1.251562288365966,True
전남,2021,1-3. 경제적 여건,51.103459339036235,59.05415761845569,2022.0,7.950698279419456,2023,2024.0,2.1050310655420073,1.959354390611454,-0.14567667493055314,False
전북,2016,1-3. 경제적 여건,9.194892961388687,11.763578718680602,2017.0,2.568685757291915,2018,2019.0,1.2146187583071937,6.117410014050727,4.902791255743534,True
전북,2017,1-3. 경제적 여건,11.763578718680602,18.21133058631292,2018.0,6.4477518676323164,2019,2020.0,6.117410014050727,6.450403066585876,0.33299305253514877,False
전북,2018,1-3. 경제적 여건,18.21133058631292,24.515923215879596,2019.0,6.304592629566677,2020,2021.0,6.450403066585876,6.549815710789589,0.09941264420371265,False
전북,2019,1-3. 경제적 여건,24.515923215879596,36.96388760260443,2020.0,12.447964386724834,2021,2022.0,6.549815710789589,7.997823201091657,1.4480074903020679,False
전북,2020,1-3. 경제적 여건,36.96388760260443,47.00677678982668,2021.0,10.04288918722225,2022,2023.0,7.997823201091657,9.611329864850877,1.6135066637592201,False
전북,2021,1-3. 경제적 여건,47.00677678982668,56.70390711977544,2022.0,9.697130329948756,2023,2024.0,9.611329864850877,10.581138033600618,0.9698081687497417,False
제주,2016,1-3. 경제적 여건,24.812225943456937,26.59558102336024,2017.0,1.783355079903302,2018,2019.0,0.2933219524898006,1.2014482973798588,0.9081263448900583,True
제주,2017,1-3. 경제적 여건,26.59558102336024,25.83385927298013,2018.0,-0.7617217503801079,2019,2020.0,1.2014482973798588,1.0898535103620597,-0.11159478701779912,False
제주,2018,1-3. 경제적 여건,25.83385927298013,24.687652711795224,2019.0,-1.1462065611849077,2020,2021.0,1.0898535103620597,0.626957022855472,-0.46289648750658774,False
제주,2019,1-3. 경제적 여건,24.687652711795224,37.25062621474326,2020.0,12.562973502948033,2021,2022.0,0.626957022855472,8.834171423277455,8.207214400421984,False
제주,2020,1-3. 경제적 여건,37.25062621474326,48.60697185399529,2021.0,11.356345639252034,2022,2023.0,8.834171423277455,11.215981095484752,2.3818096722072966,False
제주,2021,1-3. 경제적 여건,48.60697185399529,54.59313967751101,2022.0,5.986167823515721,2023,2024.0,11.215981095484752,14.06457687195392,2.8485957764691676,False
충남,2016,1-3. 경제적 여건,8.062851539412216,10.06708087233107,2017.0,2.004229332918854,2018,2019.0,6.332369487353734,0.7976294966494145,-5.5347399907043195,False
충남,2017,1-3. 경제적 여건,10.06708087233107,17.69200751383449,2018.0,7.62492664150342,2019,2020.0,0.7976294966494145,9.601082903292358,8.803453406642944,True
충남,2018,1-3. 경제적 여건,17.69200751383449,24.797470634356905,2019.0,7.1054631205224155,2020,2021.0,9.601082903292358,11.943171534052547,2.3420886307601894,True
충남,2019,1-3. 경제적 여건,24.797470634356905,39.07168563139017,2020.0,14.274214997033262,2021,2022.0,11.943171534052547,16.24748798733046,4.304316453277911,False
충남,2020,1-3. 경제적 여건,39.07168563139017,51.52982343696227,2021.0,12.4581378055721,2022,2023.0,16.24748798733046,18.52606411240333,2.2785761250728704,False
충남,2021,1-3. 경제적 여건,51.52982343696227,57.38909553606859,2022.0,5.85927209910632,2023,2024.0,18.52606411240333,20.574555970944164,2.048491858540835,False
충북,2016,1-3. 경제적 여건,3.9557457148829664,6.982541033984907,2017.0,3.0267953191019403,2018,2019.0,3.2189324525204017,3.210854175179205,-0.008078277341196927,True
충북,2017,1-3. 경제적 여건,6.982541033984907,15.170265106189657,2018.0,8.18772407220475,2019,2020.0,3.210854175179205,7.804823911117123,4.593969735937918,False
충북,2018,1-3. 경제적 여건,15.170265106189657,23.096212285931536,2019.0,7.925947179741879,2020,2021.0,7.804823911117123,7.453520639038668,-0.3513032720784546,False
충북,2019,1-3. 경제적 여건,23.096212285931536,36.056228446726294,2020.0,12.960016160794758,2021,2022.0,7.453520639038668,8.776902047081803,1.3233814080431348,False
충북,2020,1-3. 경제적 여건,36.056228446726294,49.18394542925513,2021.0,13.127716982528838,2022,2023.0,8.776902047081803,12.706518794410208,3.9296167473284047,False
충북,2021,1-3. 경제적 여건,49.18394542925513,54.816371618888304,2022.0,5.632426189633172,2023,2024.0,12.706518794410208,12.3711965443312,-0.33532225007900784,False
강원,2016,2-1. 돌봄 여건,51.89466077282921,54.41289340519703,2017.0,2.5182326323678197,2018,2019.0,34.198834603986704,29.76334352265769,-4.435491081329015,False
강원,2017,2-1. 돌봄 여건,54.41289340519703,55.53115402202624,2018.0,1.118260616829211,2019,2020.0,29.76334352265769,17.436742782141586,-12.326600740516103,False
강원,2018,2-1. 돌봄 여건,55.53115402202624,57.2818227033293,2019.0,1.750668681303054,2020,2021.0,17.436742782141586,22.549243245961957,5.112500463820371,False
강원,2019,2-1. 돌봄 여건,57.2818227033293,60.22069076717541,2020.0,2.9388680638461153,2021,2022.0,22.549243245961957,33.02137322715696,10.472129981195,False
강원,2020,2-1. 돌봄 여건,60.22069076717541,61.77989735398172,2021.0,1.5592065868063045,2022,2023.0,33.02137322715696,20.62085392035107,-12.400519306805887,False
강원,2021,2-1. 돌봄 여건,61.77989735398172,62.540669413069594,2022.0,0.760772059087877,2023,2024.0,20.62085392035107,18.03687942592284,-2.5839744944282295,False
경기,2016,2-1. 돌봄 여건,26.029077802165713,28.35840181749932,2017.0,2.329324015333608,2018,2019.0,54.18763320187209,46.468240513697005,-7.719392688175084,True
경기,2017,2-1. 돌봄 여건,28.35840181749932,28.4021959306173,2018.0,0.043794113117979094,2019,2020.0,46.468240513697005,43.37699942252211,-3.0912410911748935,False
경기,2018,2-1. 돌봄 여건,28.4021959306173,29.425662033375566,2019.0,1.0234661027582668,2020,2021.0,43.37699942252211,46.059630875653134,2.682631453131023,False
경기,2019,2-1. 돌봄 여건,29.425662033375566,35.76447945791318,2020.0,6.338817424537616,2021,2022.0,46.059630875653134,21.796269331280083,-24.26336154437305,False
경기,2020,2-1. 돌봄 여건,35.76447945791318,35.87430429784227,2021.0,0.10982483992908953,2022,2023.0,21.796269331280083,22.838428210628997,1.0421588793489143,False
경기,2021,2-1. 돌봄 여건,35.87430429784227,35.98743183778373,2022.0,0.11312753994145908,2023,2024.0,22.838428210628997,26.52745724764995,3.6890290370209513,True
경남,2016,2-1. 돌봄 여건,36.41082518762009,38.76005816415305,2017.0,2.34923297653296,2018,2019.0,35.535877566291916,41.866836212073046,6.330958645781131,False
경남,2017,2-1. 돌봄 여건,38.76005816415305,41.74794360151962,2018.0,2.9878854373665718,2019,2020.0,41.866836212073046,67.63687081048218,25.770034598409133,True
경남,2018,2-1. 돌봄 여건,41.74794360151962,43.38447383461921,2019.0,1.6365302330995846,2020,2021.0,67.63687081048218,44.47161117593234,-23.16525963454984,True
경남,2019,2-1. 돌봄 여건,43.38447383461921,48.30416710897746,2020.0,4.919693274358252,2021,2022.0,44.47161117593234,31.625417634590804,-12.846193541341535,False
경남,2020,2-1. 돌봄 여건,48.30416710897746,51.41301583588502,2021.0,3.10884872690756,2022,2023.0,31.625417634590804,31.20741553602462,-0.4180020985661841,False
경남,2021,2-1. 돌봄 여건,51.41301583588502,52.33740808764714,2022.0,0.9243922517621215,2023,2024.0,31.20741553602462,29.774684921906957,-1.4327306141176628,False
경북,2016,2-1. 돌봄 여건,42.65501507246496,45.59739169593266,2017.0,2.9423766234676947,2018,2019.0,46.91795402691646,31.20723786331437,-15.710716163602093,False
경북,2017,2-1. 돌봄 여건,45.59739169593266,47.2181616190911,2018.0,1.6207699231584414,2019,2020.0,31.20723786331437,27.259564174346885,-3.947673688967484,False
경북,2018,2-1. 돌봄 여건,47.2181616190911,49.1826172875443,2019.0,1.9644556684532049,2020,2021.0,27.259564174346885,29.85039936174128,2.590835187394397,False
경북,2019,2-1. 돌봄 여건,49.1826172875443,55.57075496113739,2020.0,6.388137673593086,2021,2022.0,29.85039936174128,30.07572582210939,0.22532646036810888,True
경북,2020,2-1. 돌봄 여건,55.57075496113739,56.76401294929774,2021.0,1.1932579881603473,2022,2023.0,30.07572582210939,26.11380798432324,-3.9619178377861495,True
경북,2021,2-1. 돌봄 여건,56.76401294929774,58.7149995264576,2022.0,1.950986577159867,2023,2024.0,26.11380798432324,34.32645630769246,8.21264832336922,False
광주,2016,2-1. 돌봄 여건,57.5116723164539,62.355591768400465,2017.0,4.843919451946569,2018,2019.0,9.87953572746406,39.173312476046135,29.293776748582076,False
광주,2017,2-1. 돌봄 여건,62.355591768400465,63.16562278650138,2018.0,0.8100310181009149,2019,2020.0,39.173312476046135,19.2974527526705,-19.875859723375633,False
광주,2018,2-1. 돌봄 여건,63.16562278650138,64.14246531149992,2019.0,0.9768425249985384,2020,2021.0,19.2974527526705,9.080746129363895,-10.216706623306607,False
광주,2019,2-1. 돌봄 여건,64.14246531149992,67.56876358715141,2020.0,3.42629827565149,2021,2022.0,9.080746129363895,9.477023058750584,0.3962769293866888,True
광주,2020,2-1. 돌봄 여건,67.56876358715141,65.99964859116675,2021.0,-1.5691149959846626,2022,2023.0,9.477023058750584,6.681304098780605,-2.795718959969979,True
광주,2021,2-1. 돌봄 여건,65.99964859116675,65.96673400953738,2022.0,-0.03291458162937033,2023,2024.0,6.681304098780605,16.73874697113645,10.057442872355846,False
대구,2016,2-1. 돌봄 여건,29.275657682027507,30.147152786984684,2017.0,0.8714951049571766,2018,2019.0,40.65630105969163,37.51711593761361,-3.1391851220780183,False
대구,2017,2-1. 돌봄 여건,30.147152786984684,31.473156980264957,2018.0,1.3260041932802729,2019,2020.0,37.51711593761361,33.25833821812228,-4.258777719491327,False
대구,2018,2-1. 돌봄 여건,31.473156980264957,31.78916125883729,2019.0,0.3160042785723327,2020,2021.0,33.25833821812228,32.34486152538105,-0.9134766927412343,False
대구,2019,2-1. 돌봄 여건,31.78916125883729,38.28803558637625,2020.0,6.498874327538964,2021,2022.0,32.34486152538105,32.05772718573134,-0.287134339649711,False
대구,2020,2-1. 돌봄 여건,38.28803558637625,35.794464969952,2021.0,-2.4935706164242504,2022,2023.0,32.05772718573134,29.422807621330705,-2.634919564400633,False
대구,2021,2-1. 돌봄 여건,35.794464969952,37.50454121578501,2022.0,1.710076245833008,2023,2024.0,29.422807621330705,27.548661710794153,-1.8741459105365514,False
대전,2016,2-1. 돌봄 여건,33.19797697614131,35.99520810330737,2017.0,2.7972311271660573,2018,2019.0,49.69181005363957,26.870562613853988,-22.821247439785584,False
대전,2017,2-1. 돌봄 여건,35.99520810330737,37.86641099136974,2018.0,1.8712028880623706,2019,2020.0,26.870562613853988,41.72122482771002,14.85066221385603,False
대전,2018,2-1. 돌봄 여건,37.86641099136974,37.86548542041528,2019.0,-0.0009255709544575552,2020,2021.0,41.72122482771002,40.63109353921352,-1.0901312884964938,False
대전,2019,2-1. 돌봄 여건,37.86548542041528,42.32425872608473,2020.0,4.458773305669446,2021,2022.0,40.63109353921352,34.63782605737428,-5.99326748183924,False
대전,2020,2-1. 돌봄 여건,42.32425872608473,41.617015504181715,2021.0,-0.7072432219030134,2022,2023.0,34.63782605737428,24.450154784577823,-10.187671272796461,False
대전,2021,2-1. 돌봄 여건,41.617015504181715,40.869648149125126,2022.0,-0.7473673550565891,2023,2024.0,24.450154784577823,32.109464014078206,7.6593092295003835,False
부산,2016,2-1. 돌봄 여건,22.734512611968015,24.76947307770482,2017.0,2.0349604657368054,2018,2019.0,42.62760150425388,35.52211064091299,-7.10549086334089,False
부산,2017,2-1. 돌봄 여건,24.76947307770482,27.29930645417582,2018.0,2.529833376471,2019,2020.0,35.52211064091299,44.906845913852145,9.384735272939153,False
부산,2018,2-1. 돌봄 여건,27.29930645417582,28.597744571047397,2019.0,1.2984381168715764,2020,2021.0,44.906845913852145,25.038226692149184,-19.86861922170296,False
부산,2019,2-1. 돌봄 여건,28.597744571047397,35.4358127304756,2020.0,6.8380681594282,2021,2022.0,25.038226692149184,28.85480486854508,3.816578176395897,False
부산,2020,2-1. 돌봄 여건,35.4358127304756,35.371803145349084,2021.0,-0.064009585126513,2022,2023.0,28.85480486854508,30.24209676227744,1.3872918937323604,False
부산,2021,2-1. 돌봄 여건,35.371803145349084,36.843435367313845,2022.0,1.4716322219647608,2023,2024.0,30.24209676227744,21.86038356648744,-8.381713195790002,False
서울,2016,2-1. 돌봄 여건,17.094449252531902,19.19247870149951,2017.0,2.0980294489676083,2018,2019.0,48.706864692977305,41.907220360404374,-6.799644332572932,False
서울,2017,2-1. 돌봄 여건,19.19247870149951,21.60613892209027,2018.0,2.41366022059076,2019,2020.0,41.907220360404374,36.8626092602984,-5.044611100105975,False
서울,2018,2-1. 돌봄 여건,21.60613892209027,22.93771967257124,2019.0,1.3315807504809705,2020,2021.0,36.8626092602984,30.507609682548704,-6.354999577749695,False
서울,2019,2-1. 돌봄 여건,22.93771967257124,28.74301683053852,2020.0,5.805297157967278,2021,2022.0,30.507609682548704,26.704496380902125,-3.8031133016465795,False
서울,2020,2-1. 돌봄 여건,28.74301683053852,30.746143687045983,2021.0,2.003126856507464,2022,2023.0,26.704496380902125,24.258483035852596,-2.446013345049529,False
서울,2021,2-1. 돌봄 여건,30.746143687045983,30.61479702646165,2022.0,-0.13134666058433453,2023,2024.0,24.258483035852596,42.1936538863702,17.935170850517604,False
세종,2016,2-1. 돌봄 여건,22.57255227082832,22.35164950845801,2017.0,-0.22090276237031148,2018,2019.0,63.619525887171456,34.278436064687945,-29.34108982248351,False
세종,2017,2-1. 돌봄 여건,22.35164950845801,26.433569711686264,2018.0,4.081920203228254,2019,2020.0,34.278436064687945,26.72344205996284,-7.554994004725106,False
세종,2018,2-1. 돌봄 여건,26.433569711686264,26.23024622155572,2019.0,-0.2033234901305434,2020,2021.0,26.72344205996284,30.19274389340385,3.469301833441012,False
세종,2019,2-1. 돌봄 여건,26.23024622155572,32.18257088272893,2020.0,5.952324661173211,2021,2022.0,30.19274389340385,24.51035491702924,-5.682388976374611,False
세종,2020,2-1. 돌봄 여건,32.18257088272893,32.12534778476271,2021.0,-0.05722309796622227,2022,2023.0,24.51035491702924,34.76525578342801,10.25490086639877,False
세종,2021,2-1. 돌봄 여건,32.12534778476271,31.795104234652428,2022.0,-0.33024355011028206,2023,2024.0,34.76525578342801,32.44375961146873,-2.321496171959282,False
울산,2016,2-1. 돌봄 여건,21.48662580152669,24.790217929675396,2017.0,3.3035921281487077,2018,2019.0,52.50657932904029,47.84107727496973,-4.665502054070565,False
울산,2017,2-1. 돌봄 여건,24.790217929675396,26.540092274579855,2018.0,1.749874344904459,2019,2020.0,47.84107727496973,25.337270113478095,-22.503807161491633,False
울산,2018,2-1. 돌봄 여건,26.540092274579855,30.77981558800482,2019.0,4.239723313424964,2020,2021.0,25.337270113478095,47.49612412613872,22.158854012660623,False
울산,2019,2-1. 돌봄 여건,30.77981558800482,36.79125129603463,2020.0,6.011435708029811,2021,2022.0,47.49612412613872,42.62330696104705,-4.872817165091668,False
울산,2020,2-1. 돌봄 여건,36.79125129603463,38.22960934171101,2021.0,1.438358045676381,2022,2023.0,42.62330696104705,12.824324206807187,-29.798982754239862,False
울산,2021,2-1. 돌봄 여건,38.22960934171101,37.01620334590769,2022.0,-1.2134059958033205,2023,2024.0,12.824324206807187,30.589618732438733,17.765294525631546,False
인천,2016,2-1. 돌봄 여건,25.785504567641823,28.037054926506613,2017.0,2.2515503588647903,2018,2019.0,47.418249556483595,44.158056548625815,-3.2601930078577794,False
인천,2017,2-1. 돌봄 여건,28.037054926506613,29.46541549722989,2018.0,1.428360570723278,2019,2020.0,44.158056548625815,46.18222239924108,2.0241658506152618,False
인천,2018,2-1. 돌봄 여건,29.46541549722989,30.17129332301156,2019.0,0.7058778257816698,2020,2021.0,46.18222239924108,36.41822332123296,-9.76399907800812,False
인천,2019,2-1. 돌봄 여건,30.17129332301156,35.76025939142389,2020.0,5.588966068412326,2021,2022.0,36.41822332123296,24.397340963697367,-12.02088235753559,False
인천,2020,2-1. 돌봄 여건,35.76025939142389,37.381776166670235,2021.0,1.6215167752463486,2022,2023.0,24.397340963697367,30.406023560629254,6.008682596931887,False
인천,2021,2-1. 돌봄 여건,37.381776166670235,35.52426390932854,2022.0,-1.8575122573416962,2023,2024.0,30.406023560629254,27.09829985788023,-3.3077237027490227,False
전남,2016,2-1. 돌봄 여건,65.09287157300902,69.03746208959289,2017.0,3.9445905165838724,2018,2019.0,19.248567263068832,7.750541928975006,-11.498025334093825,False
전남,2017,2-1. 돌봄 여건,69.03746208959289,70.07629235811095,2018.0,1.0388302685180548,2019,2020.0,7.750541928975006,6.379571116886728,-1.3709708120882782,False
전남,2018,2-1. 돌봄 여건,70.07629235811095,73.3652877851943,2019.0,3.28899542708335,2020,2021.0,6.379571116886728,6.538810803593312,0.1592396867065835,False
전남,2019,2-1. 돌봄 여건,73.3652877851943,77.05055700725485,2020.0,3.6852692220605547,2021,2022.0,6.538810803593312,16.31786817763392,9.779057374040608,False
전남,2020,2-1. 돌봄 여건,77.05055700725485,81.326213752611,2021.0,4.2756567453561445,2022,2023.0,16.31786817763392,19.788110549158255,3.4702423715243356,False
전남,2021,2-1. 돌봄 여건,81.326213752611,82.56733096599756,2022.0,1.2411172133865591,2023,2024.0,19.788110549158255,15.35818642911276,-4.429924120045495,False
전북,2016,2-1. 돌봄 여건,57.62389456970619,60.20299125831348,2017.0,2.5790966886072937,2018,2019.0,35.96484363371655,30.30252546366876,-5.6623181700477865,True
전북,2017,2-1. 돌봄 여건,60.20299125831348,61.53363622572945,2018.0,1.3306449674159708,2019,2020.0,30.30252546366876,23.205695994007137,-7.096829469661625,False
전북,2018,2-1. 돌봄 여건,61.53363622572945,63.39526579859515,2019.0,1.861629572865695,2020,2021.0,23.205695994007137,19.14163340701762,-4.064062586989518,False
전북,2019,2-1. 돌봄 여건,63.39526579859515,70.61454557578035,2020.0,7.219279777185207,2021,2022.0,19.14163340701762,23.602037015893178,4.460403608875559,False
전북,2020,2-1. 돌봄 여건,70.61454557578035,73.48157830630365,2021.0,2.8670327305232917,2022,2023.0,23.602037015893178,20.35143150031592,-3.2506055155772593,False
전북,2021,2-1. 돌봄 여건,73.48157830630365,76.76889609791387,2022.0,3.2873177916102208,2023,2024.0,20.35143150031592,20.217378774567766,-0.13405272574815186,False
제주,2016,2-1. 돌봄 여건,49.68563796750998,50.453032878268544,2017.0,0.7673949107585614,2018,2019.0,86.47378005555395,51.28554532459712,-35.18823473095682,True
제주,2017,2-1. 돌봄 여건,50.453032878268544,50.401862489118145,2018.0,-0.05117038915039984,2019,2020.0,51.28554532459712,54.30111214541179,3.0155668208146693,False
제주,2018,2-1. 돌봄 여건,50.401862489118145,51.94072718163371,2019.0,1.538864692515567,2020,2021.0,54.30111214541179,49.32364722347605,-4.977464921935741,False
제주,2019,2-1. 돌봄 여건,51.94072718163371,56.070108178562194,2020.0,4.129380996928482,2021,2022.0,49.32364722347605,42.208435537087006,-7.1152116863890456,False
제주,2020,2-1. 돌봄 여건,56.070108178562194,58.13142236704683,2021.0,2.061314188484637,2022,2023.0,42.208435537087006,36.727903602925416,-5.48053193416159,False
제주,2021,2-1. 돌봄 여건,58.13142236704683,60.67829413595753,2022.0,2.546871768910698,2023,2024.0,36.727903602925416,39.19004858448047,2.4621449815550562,False
충남,2016,2-1. 돌봄 여건,47.54307968277788,50.42994207942637,2017.0,2.886862396648489,2018,2019.0,30.334389153725088,45.400213128635514,15.065823974910426,False
충남,2017,2-1. 돌봄 여건,50.42994207942637,52.500156307701594,2018.0,2.0702142282752263,2019,2020.0,45.400213128635514,59.43477388288757,14.034560754252055,True
충남,2018,2-1. 돌봄 여건,52.500156307701594,52.08238999841209,2019.0,-0.41776630928950453,2020,2021.0,59.43477388288757,44.86246981326923,-14.57230406961834,True
충남,2019,2-1. 돌봄 여건,52.08238999841209,59.98652702580572,2020.0,7.904137027393631,2021,2022.0,44.86246981326923,38.334963017174665,-6.527506796094563,False
충남,2020,2-1. 돌봄 여건,59.98652702580572,61.623564237272305,2021.0,1.637037211466584,2022,2023.0,38.334963017174665,38.91286380541945,0.5779007882447829,False
충남,2021,2-1. 돌봄 여건,61.623564237272305,63.99996507641852,2022.0,2.376400839146214,2023,2024.0,38.91286380541945,70.57568713508174,31.662823329662288,False
충북,2016,2-1. 돌봄 여건,48.48766405604464,52.2836628326616,2017.0,3.7959987766169547,2018,2019.0,36.805134847667226,43.20919345941071,6.404058611743487,False
충북,2017,2-1. 돌봄 여건,52.2836628326616,50.769995724709155,2018.0,-1.5136671079524433,2019,2020.0,43.20919345941071,32.00963926735557,-11.199554192055146,False
충북,2018,2-1. 돌봄 여건,50.769995724709155,54.641094383636215,2019.0,3.8710986589270604,2020,2021.0,32.00963926735557,31.693379604311435,-0.3162596630441321,False
충북,2019,2-1. 돌봄 여건,54.641094383636215,60.85394246737297,2020.0,6.212848083736752,2021,2022.0,31.693379604311435,29.369025018613513,-2.3243545856979217,False
충북,2020,2-1. 돌봄 여건,60.85394246737297,63.82711493744386,2021.0,2.9731724700708924,2022,2023.0,29.369025018613513,24.765989807650875,-4.603035210962638,False
충북,2021,2-1. 돌봄 여건,63.82711493744386,66.17001373546506,2022.0,2.342898798021203,2023,2024.0,24.765989807650875,25.18041648883375,0.4144266811828743,False
강원,2016,2-2. 여가 인프라,45.57853835742373,46.812637341497194,2017.0,1.2340989840734622,2018,2019.0,0.0,0.1338358024123981,0.1338358024123981,False
강원,2017,2-2. 여가 인프라,46.812637341497194,47.07424078956984,2018.0,0.26160344807264835,2019,2020.0,0.1338358024123981,0.0666399025678665,-0.06719589984453159,False
강원,2018,2-2. 여가 인프라,47.07424078956984,50.428051968224786,2019.0,3.3538111786549436,2020,2021.0,0.0666399025678665,0.0580184022991951,-0.008621500268671402,False
강원,2019,2-2. 여가 인프라,50.428051968224786,50.918595792659694,2020.0,0.4905438244349085,2021,2022.0,0.0580184022991951,0.1023664054051884,0.0443480031059933,False
강원,2020,2-2. 여가 인프라,50.918595792659694,52.212541688084784,2021.0,1.2939458954250895,2022,2023.0,0.1023664054051884,0.7681382563560135,0.6657718509508251,False
강원,2021,2-2. 여가 인프라,52.212541688084784,59.41673782493209,2022.0,7.204196136847308,2023,2024.0,0.7681382563560135,0.7562971283150007,-0.011841128041012783,False
경기,2016,2-2. 여가 인프라,14.323308536748865,14.574613141277426,2017.0,0.2513046045285616,2018,2019.0,0.241855656964024,0.3107616930523845,0.06890603608836049,True
경기,2017,2-2. 여가 인프라,14.574613141277426,18.36350936622008,2018.0,3.7888962249426523,2019,2020.0,0.3107616930523845,0.2611584987463389,-0.049603194306045595,True
경기,2018,2-2. 여가 인프라,18.36350936622008,22.52047056880382,2019.0,4.156961202583741,2020,2021.0,0.2611584987463389,0.4624236075811833,0.2012651088348444,True
경기,2019,2-2. 여가 인프라,22.52047056880382,19.750589618345725,2020.0,-2.769880950458095,2021,2022.0,0.4624236075811833,0.619257025906694,0.15683341832551068,False
경기,2020,2-2. 여가 인프라,19.750589618345725,17.667350365765323,2021.0,-2.0832392525804018,2022,2023.0,0.619257025906694,0.5224814601252282,-0.09677556578146573,False
경기,2021,2-2. 여가 인프라,17.667350365765323,26.50080554728511,2022.0,8.833455181519788,2023,2024.0,0.5224814601252282,0.4118212725052305,-0.11066018761999774,True
경남,2016,2-2. 여가 인프라,27.50080983854428,27.86423463591957,2017.0,0.36342479737528777,2018,2019.0,4.151785624963735,0.4710536540567271,-3.6807319709070083,False
경남,2017,2-2. 여가 인프라,27.86423463591957,28.592910621796364,2018.0,0.7286759858767944,2019,2020.0,0.4710536540567271,0.4740834129179291,0.003029758861201992,True
경남,2018,2-2. 여가 인프라,28.592910621796364,29.599955431036825,2019.0,1.0070448092404618,2020,2021.0,0.4740834129179291,0.4024004090379808,-0.0716830038799483,True
경남,2019,2-2. 여가 인프라,29.599955431036825,29.419184348013967,2020.0,-0.18077108302285794,2021,2022.0,0.4024004090379808,0.5287133864115553,0.1263129773735745,False
경남,2020,2-2. 여가 인프라,29.419184348013967,28.85256442904647,2021.0,-0.566619918967497,2022,2023.0,0.5287133864115553,0.374767680248924,-0.1539457061626313,False
경남,2021,2-2. 여가 인프라,28.85256442904647,35.394849842435264,2022.0,6.542285413388793,2023,2024.0,0.374767680248924,0.4968646231349017,0.12209694288597772,False
경북,2016,2-2. 여가 인프라,25.054352160560867,25.66908156246473,2017.0,0.6147294019038618,2018,2019.0,0.0630798146603278,0.1155778826938247,0.052498068033496895,False
경북,2017,2-2. 여가 인프라,25.66908156246473,27.52500678158145,2018.0,1.8559252191167204,2019,2020.0,0.1155778826938247,0.1137343912772901,-0.0018434914165346011,False
경북,2018,2-2. 여가 인프라,27.52500678158145,29.84333331288233,2019.0,2.3183265313008796,2020,2021.0,0.1137343912772901,0.0240428369409985,-0.0896915543362916,False
경북,2019,2-2. 여가 인프라,29.84333331288233,29.073489922283812,2020.0,-0.7698433905985169,2021,2022.0,0.0240428369409985,0.3917690134663374,0.3677261765253389,False
경북,2020,2-2. 여가 인프라,29.073489922283812,26.742467329603173,2021.0,-2.3310225926806396,2022,2023.0,0.3917690134663374,0.4146087883560827,0.022839774889745312,False
경북,2021,2-2. 여가 인프라,26.742467329603173,34.43986945846231,2022.0,7.697402128859139,2023,2024.0,0.4146087883560827,0.1974053746443873,-0.21720341371169544,False
광주,2016,2-2. 여가 인프라,17.45133048423646,18.115548143544768,2017.0,0.6642176593083065,2018,2019.0,0.066975018310761,0.830124932331767,0.763149914021006,False
광주,2017,2-2. 여가 인프라,18.115548143544768,19.796665856216837,2018.0,1.6811177126720693,2019,2020.0,0.830124932331767,2.0167419884963027,1.1866170561645357,False
광주,2018,2-2. 여가 인프라,19.796665856216837,22.21855370443669,2019.0,2.4218878482198534,2020,2021.0,2.0167419884963027,0.3874910168844379,-1.6292509716118648,False
광주,2019,2-2. 여가 인프라,22.21855370443669,21.76896795112929,2020.0,-0.44958575330739947,2021,2022.0,0.3874910168844379,0.5770859227662464,0.1895949058818085,False
광주,2020,2-2. 여가 인프라,21.76896795112929,19.673147021728077,2021.0,-2.0958209294012136,2022,2023.0,0.5770859227662464,0.1983979447672542,-0.3786879779989922,False
광주,2021,2-2. 여가 인프라,19.673147021728077,27.89164566302058,2022.0,8.218498641292502,2023,2024.0,0.1983979447672542,0.3487574709281477,0.1503595261608935,False
대구,2016,2-2. 여가 인프라,0.632513260207452,0.8613938261666699,2017.0,0.2288805659592179,2018,2019.0,0.5028904450815435,0.1787192691763624,-0.3241711759051811,False
대구,2017,2-2. 여가 인프라,0.8613938261666699,5.032142153175838,2018.0,4.170748327009168,2019,2020.0,0.1787192691763624,0.1914526299859183,0.012733360809555894,False
대구,2018,2-2. 여가 인프라,5.032142153175838,9.889532178062618,2019.0,4.85739002488678,2020,2021.0,0.1914526299859183,0.4552438294637762,0.2637911994778579,False
대구,2019,2-2. 여가 인프라,9.889532178062618,14.129804439162934,2020.0,4.240272261100316,2021,2022.0,0.4552438294637762,0.2679870931900053,-0.18725673627377087,False
대구,2020,2-2. 여가 인프라,14.129804439162934,18.0832043791275,2021.0,3.9533999399645676,2022,2023.0,0.2679870931900053,0.1558726494864324,-0.1121144437035729,False
대구,2021,2-2. 여가 인프라,18.0832043791275,22.713518039780176,2022.0,4.630313660652675,2023,2024.0,0.1558726494864324,0.2621879847124885,0.1063153352260561,False
대전,2016,2-2. 여가 인프라,16.246661431605556,16.398989521325227,2017.0,0.1523280897196706,2018,2019.0,0.9341719585236552,0.559490167686487,-0.37468179083716824,False
대전,2017,2-2. 여가 인프라,16.398989521325227,17.22580180446707,2018.0,0.8268122831418445,2019,2020.0,0.559490167686487,0.6027644938773842,0.04327432619089722,False
대전,2018,2-2. 여가 인프라,17.22580180446707,18.47944768318588,2019.0,1.2536458787188103,2020,2021.0,0.6027644938773842,0.5094936827118188,-0.09327081116556535,False
대전,2019,2-2. 여가 인프라,18.47944768318588,22.065741693484096,2020.0,3.5862940102982144,2021,2022.0,0.5094936827118188,0.5158181729611558,0.006324490249337011,False
대전,2020,2-2. 여가 인프라,22.065741693484096,25.634251845478715,2021.0,3.5685101519946194,2022,2023.0,0.5158181729611558,0.7540430517104841,0.2382248787493283,False
대전,2021,2-2. 여가 인프라,25.634251845478715,33.821877201645115,2022.0,8.1876253561664,2023,2024.0,0.7540430517104841,0.5398633936827035,-0.2141796580277806,False
부산,2016,2-2. 여가 인프라,7.3445794094280865,8.00415688847064,2017.0,0.6595774790425528,2018,2019.0,0.3853732406456027,0.1342354696043775,-0.2511377710412252,True
부산,2017,2-2. 여가 인프라,8.00415688847064,7.096130111010664,2018.0,-0.9080267774599751,2019,2020.0,0.1342354696043775,0.0349710587302014,-0.09926441087417609,False
부산,2018,2-2. 여가 인프라,7.096130111010664,8.224827525854876,2019.0,1.1286974148442113,2020,2021.0,0.0349710587302014,0.9742467220511668,0.9392756633209653,False
부산,2019,2-2. 여가 인프라,8.224827525854876,10.424475588093909,2020.0,2.1996480622390333,2021,2022.0,0.9742467220511668,1.4052038801610176,0.4309571581098508,False
부산,2020,2-2. 여가 인프라,10.424475588093909,12.955844048607384,2021.0,2.531368460513475,2022,2023.0,1.4052038801610176,1.4125186813064652,0.00731480114544758,False
부산,2021,2-2. 여가 인프라,12.955844048607384,23.616681487060088,2022.0,10.660837438452704,2023,2024.0,1.4125186813064652,0.6030296794842528,-0.8094890018222124,False
서울,2016,2-2. 여가 인프라,16.063668006459366,16.54385317694715,2017.0,0.48018517048778264,2018,2019.0,0.1823620914168208,0.1456839315498816,-0.0366781598669392,False
서울,2017,2-2. 여가 인프라,16.54385317694715,19.587121530535793,2018.0,3.043268353588644,2019,2020.0,0.1456839315498816,0.7862353626355425,0.6405514310856609,False
서울,2018,2-2. 여가 인프라,19.587121530535793,22.37908527959588,2019.0,2.7919637490600877,2020,2021.0,0.7862353626355425,0.0975017970294426,-0.6887335656060999,False
서울,2019,2-2. 여가 인프라,22.37908527959588,22.073603771084137,2020.0,-0.30548150851174327,2021,2022.0,0.0975017970294426,0.0936745235870158,-0.0038272734424267957,False
서울,2020,2-2. 여가 인프라,22.073603771084137,22.70993188248497,2021.0,0.6363281114008323,2022,2023.0,0.0936745235870158,0.4446816678677506,0.35100714428073476,False
서울,2021,2-2. 여가 인프라,22.70993188248497,30.48894047256969,2022.0,7.779008590084722,2023,2024.0,0.4446816678677506,0.8599779628594759,0.4152962949917253,False
세종,2016,2-2. 여가 인프라,50.10878965176204,45.363396972832696,2017.0,-4.745392678929342,2018,2019.0,0.0544189110489483,0.147439113821452,0.0930202027725037,False
세종,2017,2-2. 여가 인프라,45.363396972832696,52.159207207193106,2018.0,6.79581023436041,2019,2020.0,0.147439113821452,7.09055563781566,6.943116523994208,False
세종,2018,2-2. 여가 인프라,52.159207207193106,57.967582881742835,2019.0,5.80837567454973,2020,2021.0,7.09055563781566,2.143435195422475,-4.947120442393185,False
세종,2019,2-2. 여가 인프라,57.967582881742835,49.59109588856163,2020.0,-8.376486993181203,2021,2022.0,2.143435195422475,3.7616121021795825,1.6181769067571077,False
세종,2020,2-2. 여가 인프라,49.59109588856163,40.74370408542411,2021.0,-8.84739180313752,2022,2023.0,3.7616121021795825,1.5616119176142162,-2.2000001845653663,False
세종,2021,2-2. 여가 인프라,40.74370408542411,50.336697953033536,2022.0,9.592993867609422,2023,2024.0,1.5616119176142162,1.4311590899420727,-0.1304528276721435,False
울산,2016,2-2. 여가 인프라,13.662123581396578,13.958276263063835,2017.0,0.29615268166725706,2018,2019.0,1.1926649051469076,2.3072050051576443,1.1145401000107367,False
울산,2017,2-2. 여가 인프라,13.958276263063835,19.487025264308816,2018.0,5.5287490012449805,2019,2020.0,2.3072050051576443,0.2436834224957698,-2.0635215826618745,False
울산,2018,2-2. 여가 인프라,19.487025264308816,25.51374329434517,2019.0,6.026718030036353,2020,2021.0,0.2436834224957698,0.3070019348689566,0.06331851237318681,False
울산,2019,2-2. 여가 인프라,25.51374329434517,27.774074751942216,2020.0,2.2603314575970472,2021,2022.0,0.3070019348689566,0.2565808128292538,-0.05042112203970278,False
울산,2020,2-2. 여가 인프라,27.774074751942216,29.325340473092268,2021.0,1.5512657211500525,2022,2023.0,0.2565808128292538,0.0871800860433596,-0.16940072678589424,False
울산,2021,2-2. 여가 인프라,29.325340473092268,29.06337982533183,2022.0,-0.26196064776043926,2023,2024.0,0.0871800860433596,0.2639345253852383,0.17675443934187873,False
인천,2016,2-2. 여가 인프라,11.34614917962405,11.55260570701392,2017.0,0.20645652738986975,2018,2019.0,0.3053539085506661,0.3614354672764048,0.05608155872573872,False
인천,2017,2-2. 여가 인프라,11.55260570701392,17.10231652227083,2018.0,5.54971081525691,2019,2020.0,0.3614354672764048,0.1777832492694955,-0.18365221800690928,False
인천,2018,2-2. 여가 인프라,17.10231652227083,23.02473249543451,2019.0,5.92241597316368,2020,2021.0,0.1777832492694955,0.2965344435253752,0.11875119425587971,False
인천,2019,2-2. 여가 인프라,23.02473249543451,23.77920728052283,2020.0,0.7544747850883198,2021,2022.0,0.2965344435253752,0.2580594147658147,-0.03847502875956055,False
인천,2020,2-2. 여가 인프라,23.77920728052283,24.107625332793493,2021.0,0.32841805227066345,2022,2023.0,0.2580594147658147,0.2678773199784222,0.009817905212607503,False
인천,2021,2-2. 여가 인프라,24.107625332793493,28.587896335536364,2022.0,4.480271002742871,2023,2024.0,0.2678773199784222,0.2792409830197591,0.011363663041336902,False
전남,2016,2-2. 여가 인프라,32.22990087599185,33.84520851574421,2017.0,1.6153076397523591,2018,2019.0,0.502990508307507,0.4047831277822754,-0.09820738052523165,False
전남,2017,2-2. 여가 인프라,33.84520851574421,37.12425219628652,2018.0,3.2790436805423084,2019,2020.0,0.4047831277822754,0.0646497396625609,-0.3401333881197145,False
전남,2018,2-2. 여가 인프라,37.12425219628652,41.28325042405855,2019.0,4.158998227772031,2020,2021.0,0.0646497396625609,0.0699758596506388,0.0053261199880778876,False
전남,2019,2-2. 여가 인프라,41.28325042405855,46.12334537268314,2020.0,4.840094948624589,2021,2022.0,0.0699758596506388,0.3069373580225467,0.23696149837190789,True
전남,2020,2-2. 여가 인프라,46.12334537268314,50.03477437943307,2021.0,3.911429006749927,2022,2023.0,0.3069373580225467,0.499047072656608,0.19210971463406135,True
전남,2021,2-2. 여가 인프라,50.03477437943307,53.476358432593514,2022.0,3.4415840531604474,2023,2024.0,0.499047072656608,0.3769118780639346,-0.12213519459267341,False
전북,2016,2-2. 여가 인프라,23.842047717866443,24.730505762868216,2017.0,0.888458045001773,2018,2019.0,1.1875017454505503,0.0831413276837046,-1.1043604177668458,False
전북,2017,2-2. 여가 인프라,24.730505762868216,26.48425764059371,2018.0,1.7537518777254952,2019,2020.0,0.0831413276837046,0.0388921725663037,-0.04424915511740089,False
전북,2018,2-2. 여가 인프라,26.48425764059371,30.665999589593216,2019.0,4.181741948999505,2020,2021.0,0.0388921725663037,0.0481809640866279,0.009288791520324198,False
전북,2019,2-2. 여가 인프라,30.665999589593216,33.35734739494906,2020.0,2.691347805355843,2021,2022.0,0.0481809640866279,0.1924436960697854,0.1442627319831575,False
전북,2020,2-2. 여가 인프라,33.35734739494906,33.142073684062005,2021.0,-0.21527371088705394,2022,2023.0,0.1924436960697854,0.0742027196038762,-0.1182409764659092,False
전북,2021,2-2. 여가 인프라,33.142073684062005,42.62495348351989,2022.0,9.482879799457884,2023,2024.0,0.0742027196038762,0.1163568532998922,0.042154133696016005,False
제주,2016,2-2. 여가 인프라,60.93407237666027,60.76318356587757,2017.0,-0.17088881078269935,2018,2019.0,0.2227492694077139,0.4048847384575197,0.18213546904980582,False
제주,2017,2-2. 여가 인프라,60.76318356587757,58.86057790339065,2018.0,-1.9026056624869199,2019,2020.0,0.4048847384575197,0.1316691979814805,-0.27321554047603924,False
제주,2018,2-2. 여가 인프라,58.86057790339065,55.62953692228711,2019.0,-3.23104098110354,2020,2021.0,0.1316691979814805,0.2369008990594934,0.10523170107801291,False
제주,2019,2-2. 여가 인프라,55.62953692228711,59.43679853287909,2020.0,3.807261610591979,2021,2022.0,0.2369008990594934,0.2761814724721428,0.0392805734126494,False
제주,2020,2-2. 여가 인프라,59.43679853287909,62.47236247158173,2021.0,3.0355639387026443,2022,2023.0,0.2761814724721428,0.3232512575590641,0.04706978508692128,False
제주,2021,2-2. 여가 인프라,62.47236247158173,69.33031304826538,2022.0,6.857950576683649,2023,2024.0,0.3232512575590641,0.0746719019754633,-0.24857935558360078,False
충남,2016,2-2. 여가 인프라,22.313905896733367,22.430666269845855,2017.0,0.11676037311248777,2018,2019.0,0.3585626279632225,0.3214063836890267,-0.03715624427419584,False
충남,2017,2-2. 여가 인프라,22.430666269845855,26.139959246813376,2018.0,3.7092929769675216,2019,2020.0,0.3214063836890267,0.6636922848052501,0.3422859011162234,False
충남,2018,2-2. 여가 인프라,26.139959246813376,30.244381420257056,2019.0,4.10442217344368,2020,2021.0,0.6636922848052501,0.6552894813708168,-0.008402803434433337,False
충남,2019,2-2. 여가 인프라,30.244381420257056,29.75684230231171,2020.0,-0.4875391179453459,2021,2022.0,0.6552894813708168,0.7388166695661041,0.08352718819528737,False
충남,2020,2-2. 여가 인프라,29.75684230231171,30.11291315222945,2021.0,0.35607084991773874,2022,2023.0,0.7388166695661041,1.694905248243698,0.9560885786775938,False
충남,2021,2-2. 여가 인프라,30.11291315222945,36.64425722345571,2022.0,6.531344071226261,2023,2024.0,1.694905248243698,0.0,-1.694905248243698,False
충북,2016,2-2. 여가 인프라,21.376873521321524,21.829994472974203,2017.0,0.4531209516526786,2018,2019.0,0.0644430001204284,0.0472728498458083,-0.017170150274620107,True
충북,2017,2-2. 여가 인프라,21.829994472974203,23.929862248641292,2018.0,2.0998677756670894,2019,2020.0,0.0472728498458083,6.878064655229718,6.830791805383909,False
충북,2018,2-2. 여가 인프라,23.929862248641292,26.91818806931011,2019.0,2.988325820668816,2020,2021.0,6.878064655229718,4.309894782419206,-2.568169872810512,False
충북,2019,2-2. 여가 인프라,26.91818806931011,26.61272022961751,2020.0,-0.30546783969260005,2021,2022.0,4.309894782419206,4.039064490582282,-0.27083029183692364,False
충북,2020,2-2. 여가 인프라,26.61272022961751,26.558556994453447,2021.0,-0.05416323516406152,2022,2023.0,4.039064490582282,5.111000185586935,1.0719356950046528,False
충북,2021,2-2. 여가 인프라,26.558556994453447,35.47559707852236,2022.0,8.917040084068915,2023,2024.0,5.111000185586935,4.536923091545442,-0.5740770940414928,False
강원,2016,2-3. 가사수행 격차,43.29676071055381,43.29676071055381,2017.0,0.0,2018,2019.0,0.0,0.0,0.0,False
강원,2017,2-3. 가사수행 격차,43.29676071055381,43.29676071055381,2018.0,0.0,2019,2020.0,0.0,0.0,0.0,False
강원,2018,2-3. 가사수행 격차,43.29676071055381,43.29676071055381,2019.0,0.0,2020,2021.0,0.0,0.0,0.0,False
강원,2019,2-3. 가사수행 격차,43.29676071055381,43.29676071055381,2020.0,0.0,2021,2022.0,0.0,0.0,0.0,False
강원,2020,2-3. 가사수행 격차,43.29676071055381,55.343086032741205,2021.0,12.046325322187393,2022,2023.0,0.0,0.0,0.0,False
강원,2021,2-3. 가사수행 격차,55.343086032741205,67.3894113549286,2022.0,12.046325322187393,2023,2024.0,0.0,0.0001181099107207,0.0001181099107207,False
경기,2016,2-3. 가사수행 격차,44.9982584465343,44.9982584465343,2017.0,0.0,2018,2019.0,0.0003115419200894,0.0004744453329044,0.000162903412815,True
경기,2017,2-3. 가사수행 격차,44.9982584465343,44.9982584465343,2018.0,0.0,2019,2020.0,0.0004744453329044,0.0058918285845752,0.0054173832516708,False
경기,2018,2-3. 가사수행 격차,44.9982584465343,44.9982584465343,2019.0,0.0,2020,2021.0,0.0058918285845752,0.0045500542954104,-0.0013417742891648002,False
경기,2019,2-3. 가사수행 격차,44.9982584465343,44.9982584465343,2020.0,0.0,2021,2022.0,0.0045500542954104,0.0055818542079796,0.0010317999125692007,False
경기,2020,2-3. 가사수행 격차,44.9982584465343,44.89194075400972,2021.0,-0.10631769252458412,2022,2023.0,0.0055818542079796,0.004012889433419,-0.0015689647745606005,False
경기,2021,2-3. 가사수행 격차,44.89194075400972,44.785623061485126,2022.0,-0.10631769252459122,2023,2024.0,0.004012889433419,0.0045798918725875,0.0005670024391684998,False
경남,2016,2-3. 가사수행 격차,27.965367965367964,27.965367965367964,2017.0,0.0,2018,2019.0,0.0,0.0,0.0,False
경남,2017,2-3. 가사수행 격차,27.965367965367964,27.965367965367964,2018.0,0.0,2019,2020.0,0.0,0.0030281706758054,0.0030281706758054,False
경남,2018,2-3. 가사수행 격차,27.965367965367964,27.965367965367964,2019.0,0.0,2020,2021.0,0.0030281706758054,0.0,-0.0030281706758054,False
경남,2019,2-3. 가사수행 격차,27.965367965367964,27.965367965367964,2020.0,0.0,2021,2022.0,0.0,0.0,0.0,False
경남,2020,2-3. 가사수행 격차,27.965367965367964,26.993746993746985,2021.0,-0.9716209716209789,2022,2023.0,0.0,0.0,0.0,False
경남,2021,2-3. 가사수행 격차,26.993746993746985,26.022126022126024,2022.0,-0.9716209716209612,2023,2024.0,0.0,7.423645945538648e-05,7.423645945538648e-05,False
경북,2016,2-3. 가사수행 격차,33.102950689157595,33.102950689157595,2017.0,0.0,2018,2019.0,0.0005628536680972,0.0004479762895109,-0.00011487737858630005,False
경북,2017,2-3. 가사수행 격차,33.102950689157595,33.102950689157595,2018.0,0.0,2019,2020.0,0.0004479762895109,0.0015114204820902,0.0010634441925793001,False
경북,2018,2-3. 가사수행 격차,33.102950689157595,33.102950689157595,2019.0,0.0,2020,2021.0,0.0015114204820902,0.0015001380126971,-1.1282469393100172e-05,False
경북,2019,2-3. 가사수행 격차,33.102950689157595,33.102950689157595,2020.0,0.0,2021,2022.0,0.0015001380126971,0.0010427312145491,-0.000457406798148,False
경북,2020,2-3. 가사수행 격차,33.102950689157595,39.93050372360718,2021.0,6.827553034449586,2022,2023.0,0.0010427312145491,0.0010860548792336,4.332366468449999e-05,False
경북,2021,2-3. 가사수행 격차,39.93050372360718,46.75805675805675,2022.0,6.827553034449572,2023,2024.0,0.0010860548792336,0.0017722178272314,0.0006861629479978,False
광주,2016,2-3. 가사수행 격차,41.35841170323929,41.35841170323929,2017.0,0.0,2018,2019.0,0.0007038563449451,0.0010110024640887,0.00030714611914359994,False
광주,2017,2-3. 가사수행 격차,41.35841170323929,41.35841170323929,2018.0,0.0,2019,2020.0,0.0010110024640887,0.0082169268693508,0.007205924405262101,False
광주,2018,2-3. 가사수행 격차,41.35841170323929,41.35841170323929,2019.0,0.0,2020,2021.0,0.0082169268693508,0.0003637502505329,-0.007853176618817901,False
광주,2019,2-3. 가사수행 격차,41.35841170323929,41.35841170323929,2020.0,0.0,2021,2022.0,0.0003637502505329,0.000574100599648,0.0002103503491151,False
광주,2020,2-3. 가사수행 격차,41.35841170323929,53.63976381217761,2021.0,12.281352108938322,2022,2023.0,0.000574100599648,0.0006536999827586,7.959938311059996e-05,False
광주,2021,2-3. 가사수행 격차,53.63976381217761,65.92111592111591,2022.0,12.2813521089383,2023,2024.0,0.0006536999827586,0.000644653365856,-9.046616902599934e-06,False
대구,2016,2-3. 가사수행 격차,7.679255610290101,7.679255610290101,2017.0,0.0,2018,2019.0,0.0001382326676969,0.0001132568245731,-2.4975843123800008e-05,False
대구,2017,2-3. 가사수행 격차,7.679255610290101,7.679255610290101,2018.0,0.0,2019,2020.0,0.0001132568245731,0.0001036559989095,-9.600825663600007e-06,False
대구,2018,2-3. 가사수행 격차,7.679255610290101,7.679255610290101,2019.0,0.0,2020,2021.0,0.0001036559989095,9.241653054481854e-05,-1.1239468364681449e-05,False
대구,2019,2-3. 가사수행 격차,7.679255610290101,7.679255610290101,2020.0,0.0,2021,2022.0,9.241653054481854e-05,7.925095170486628e-05,-1.3165578839952261e-05,False
대구,2020,2-3. 가사수행 격차,7.679255610290101,15.952712676850611,2021.0,8.27345706656051,2022,2023.0,7.925095170486628e-05,0.0,-7.925095170486628e-05,False
대구,2021,2-3. 가사수행 격차,15.952712676850611,24.226169743411123,2022.0,8.273457066560512,2023,2024.0,0.0,0.0014043277167246,0.0014043277167246,False
대전,2016,2-3. 가사수행 격차,17.371747026919444,17.371747026919444,2017.0,0.0,2018,2019.0,0.0,0.0,0.0,False
대전,2017,2-3. 가사수행 격차,17.371747026919444,17.371747026919444,2018.0,0.0,2019,2020.0,0.0,0.0007212977589278,0.0007212977589278,False
대전,2018,2-3. 가사수행 격차,17.371747026919444,17.371747026919444,2019.0,0.0,2020,2021.0,0.0007212977589278,0.0005979095587053,-0.00012338820022250003,False
대전,2019,2-3. 가사수행 격차,17.371747026919444,17.371747026919444,2020.0,0.0,2021,2022.0,0.0005979095587053,0.0005331178470995,-6.479171160580003e-05,False
대전,2020,2-3. 가사수행 격차,17.371747026919444,43.05062115406942,2021.0,25.678874127149975,2022,2023.0,0.0005331178470995,0.0,-0.0005331178470995,False
대전,2021,2-3. 가사수행 격차,43.05062115406942,68.72949528121941,2022.0,25.678874127149996,2023,2024.0,0.0,0.0,0.0,False
부산,2016,2-3. 가사수행 격차,22.33965268448028,22.33965268448028,2017.0,0.0,2018,2019.0,0.0001708214719173,7.919496731821686e-05,-9.162650459908315e-05,False
부산,2017,2-3. 가사수행 격차,22.33965268448028,22.33965268448028,2018.0,0.0,2019,2020.0,7.919496731821686e-05,8.585366300376783e-05,6.658695685550972e-06,False
부산,2018,2-3. 가사수행 격차,22.33965268448028,22.33965268448028,2019.0,0.0,2020,2021.0,8.585366300376783e-05,0.001769408055182,0.001683554392178232,False
부산,2019,2-3. 가사수행 격차,22.33965268448028,22.33965268448028,2020.0,0.0,2021,2022.0,0.001769408055182,0.0025282221363727,0.0007588140811907002,False
부산,2020,2-3. 가사수행 격차,22.33965268448028,21.908079149458462,2021.0,-0.43157353502181905,2022,2023.0,0.0025282221363727,0.0004863566536716,-0.0020418654827011,False
부산,2021,2-3. 가사수행 격차,21.908079149458462,21.476505614436668,2022.0,-0.4315735350217942,2023,2024.0,0.0004863566536716,0.0004378089289254,-4.854772474619998e-05,False
서울,2016,2-3. 가사수행 격차,33.00144300144299,33.00144300144299,2017.0,0.0,2018,2019.0,0.0013023447448613,0.0,-0.0013023447448613,False
서울,2017,2-3. 가사수행 격차,33.00144300144299,33.00144300144299,2018.0,0.0,2019,2020.0,0.0,0.0006589275624457,0.0006589275624457,False
서울,2018,2-3. 가사수행 격차,33.00144300144299,33.00144300144299,2019.0,0.0,2020,2021.0,0.0006589275624457,0.0,-0.0006589275624457,False
서울,2019,2-3. 가사수행 격차,33.00144300144299,33.00144300144299,2020.0,0.0,2021,2022.0,0.0,0.0,0.0,False
서울,2020,2-3. 가사수행 격차,33.00144300144299,31.643528884908186,2021.0,-1.3579141165348076,2022,2023.0,0.0,0.0,0.0,False
서울,2021,2-3. 가사수행 격차,31.643528884908186,30.28561476837339,2022.0,-1.357914116534797,2023,2024.0,0.0,0.0011082190243034,0.0011082190243034,False
세종,2016,2-3. 가사수행 격차,32.44563865253521,32.44563865253521,2017.0,0.0,2018,2019.0,0.0,0.0,0.0,False
세종,2017,2-3. 가사수행 격차,32.44563865253521,32.44563865253521,2018.0,0.0,2019,2020.0,0.0,0.0,0.0,False
세종,2018,2-3. 가사수행 격차,32.44563865253521,32.44563865253521,2019.0,0.0,2020,2021.0,0.0,0.0,0.0,False
세종,2019,2-3. 가사수행 격차,32.44563865253521,32.44563865253521,2020.0,0.0,2021,2022.0,0.0,0.0,0.0,False
세종,2020,2-3. 가사수행 격차,32.44563865253521,33.47133071271003,2021.0,1.0256920601748192,2022,2023.0,0.0,0.0,0.0,False
세종,2021,2-3. 가사수행 격차,33.47133071271003,34.497022772884854,2022.0,1.0256920601748263,2023,2024.0,0.0,0.0,0.0,False
울산,2016,2-3. 가사수행 격차,4.514106583072101,4.514106583072101,2017.0,0.0,2018,2019.0,0.0,0.0,0.0,False
울산,2017,2-3. 가사수행 격차,4.514106583072101,4.514106583072101,2018.0,0.0,2019,2020.0,0.0,0.0,0.0,False
울산,2018,2-3. 가사수행 격차,4.514106583072101,4.514106583072101,2019.0,0.0,2020,2021.0,0.0,0.0,0.0,False
울산,2019,2-3. 가사수행 격차,4.514106583072101,4.514106583072101,2020.0,0.0,2021,2022.0,0.0,0.0,0.0,False
울산,2020,2-3. 가사수행 격차,4.514106583072101,22.314939211490938,2021.0,17.80083262841884,2022,2023.0,0.0,0.0,0.0,False
울산,2021,2-3. 가사수행 격차,22.314939211490938,40.11577183990975,2022.0,17.80083262841881,2023,2024.0,0.0,0.0,0.0,False
인천,2016,2-3. 가사수행 격차,27.138627655869023,27.138627655869023,2017.0,0.0,2018,2019.0,0.0003439444791064,0.0007018164413134,0.00035787196220699995,False
인천,2017,2-3. 가사수행 격차,27.138627655869023,27.138627655869023,2018.0,0.0,2019,2020.0,0.0007018164413134,0.0017017948504411,0.0009999784091277001,False
인천,2018,2-3. 가사수행 격차,27.138627655869023,27.138627655869023,2019.0,0.0,2020,2021.0,0.0017017948504411,0.0070185667106597,0.0053167718602186,False
인천,2019,2-3. 가사수행 격차,27.138627655869023,27.138627655869023,2020.0,0.0,2021,2022.0,0.0070185667106597,0.0052115062870533,-0.0018070604236064,False
인천,2020,2-3. 가사수행 격차,27.138627655869023,28.884908195253026,2021.0,1.7462805393840029,2022,2023.0,0.0052115062870533,0.0045105629182521,-0.0007009433688011995,False
인천,2021,2-3. 가사수행 격차,28.884908195253026,30.631188734637004,2022.0,1.746280539383978,2023,2024.0,0.0045105629182521,0.0041725177226101,-0.00033804519564200036,False
전남,2016,2-3. 가사수행 격차,19.330248295765543,19.330248295765543,2017.0,0.0,2018,2019.0,0.0019422826433981,0.0015581066666839,-0.0003841759767142,False
전남,2017,2-3. 가사수행 격차,19.330248295765543,19.330248295765543,2018.0,0.0,2019,2020.0,0.0015581066666839,0.0046178385473257,0.0030597318806418004,False
전남,2018,2-3. 가사수행 격차,19.330248295765543,19.330248295765543,2019.0,0.0,2020,2021.0,0.0046178385473257,0.0022376001632471,-0.0023802383840786003,False
전남,2019,2-3. 가사수행 격차,19.330248295765543,19.330248295765543,2020.0,0.0,2021,2022.0,0.0022376001632471,0.0010181958684799,-0.0012194042947672001,False
전남,2020,2-3. 가사수행 격차,19.330248295765543,26.087724536000405,2021.0,6.757476240234862,2022,2023.0,0.0010181958684799,0.0006636754568022,-0.00035452041167769995,False
전남,2021,2-3. 가사수행 격차,26.087724536000405,32.84520077623526,2022.0,6.757476240234855,2023,2024.0,0.0006636754568022,0.0,-0.0006636754568022,False
전북,2016,2-3. 가사수행 격차,24.766134248892875,24.766134248892875,2017.0,0.0,2018,2019.0,0.000920677213331,0.001047779806978,0.00012710259364700008,False
전북,2017,2-3. 가사수행 격차,24.766134248892875,24.766134248892875,2018.0,0.0,2019,2020.0,0.001047779806978,0.0019817667549708,0.0009339869479928001,False
전북,2018,2-3. 가사수행 격차,24.766134248892875,24.766134248892875,2019.0,0.0,2020,2021.0,0.0019817667549708,0.0013636121911309,-0.0006181545638399002,False
전북,2019,2-3. 가사수행 격차,24.766134248892875,24.766134248892875,2020.0,0.0,2021,2022.0,0.0013636121911309,0.0011807327556637,-0.0001828794354672,False
전북,2020,2-3. 가사수행 격차,24.766134248892875,41.83941218423977,2021.0,17.073277935346894,2022,2023.0,0.0011807327556637,0.0007420271960387,-0.00043870555962499994,False
전북,2021,2-3. 가사수행 격차,41.83941218423977,58.91269011958668,2022.0,17.07327793534691,2023,2024.0,0.0007420271960387,0.0006636986528663,-7.832854317239997e-05,False
제주,2016,2-3. 가사수행 격차,46.03498034532516,46.03498034532516,2017.0,0.0,2018,2019.0,0.0045209918694482,0.0130607980147587,0.0085398061453105,False
제주,2017,2-3. 가사수행 격차,46.03498034532516,46.03498034532516,2018.0,0.0,2019,2020.0,0.0130607980147587,0.0110234677379844,-0.0020373302767743,False
제주,2018,2-3. 가사수행 격차,46.03498034532516,46.03498034532516,2019.0,0.0,2020,2021.0,0.0110234677379844,0.0,-0.0110234677379844,False
제주,2019,2-3. 가사수행 격차,46.03498034532516,46.03498034532516,2020.0,0.0,2021,2022.0,0.0,0.0,0.0,False
제주,2020,2-3. 가사수행 격차,46.03498034532516,47.82438506576437,2021.0,1.789404720439208,2022,2023.0,0.0,0.0,0.0,False
제주,2021,2-3. 가사수행 격차,47.82438506576437,49.61378978620357,2022.0,1.789404720439201,2023,2024.0,0.0,0.0,0.0,False
충남,2016,2-3. 가사수행 격차,30.595113698561985,30.595113698561985,2017.0,0.0,2018,2019.0,0.000764330294942,0.0009396231337426,0.0001752928388006,False
충남,2017,2-3. 가사수행 격차,30.595113698561985,30.595113698561985,2018.0,0.0,2019,2020.0,0.0009396231337426,0.0009122435718405,-2.7379561902100055e-05,False
충남,2018,2-3. 가사수행 격차,30.595113698561985,30.595113698561985,2019.0,0.0,2020,2021.0,0.0009122435718405,0.0002394188824884,-0.0006728246893521,False
충남,2019,2-3. 가사수행 격차,30.595113698561985,30.595113698561985,2020.0,0.0,2021,2022.0,0.0002394188824884,0.0007798487093503,0.0005404298268619001,False
충남,2020,2-3. 가사수행 격차,30.595113698561985,36.3900913900914,2021.0,5.794977691529414,2022,2023.0,0.0007798487093503,0.0005903536218194,-0.0001894950875309001,False
충남,2021,2-3. 가사수행 격차,36.3900913900914,42.1850690816208,2022.0,5.794977691529404,2023,2024.0,0.0005903536218194,0.0,-0.0005903536218194,False
충북,2016,2-3. 가사수행 격차,25.992934268796343,25.992934268796343,2017.0,0.0,2018,2019.0,0.0,0.0,0.0,False
충북,2017,2-3. 가사수행 격차,25.992934268796343,25.992934268796343,2018.0,0.0,2019,2020.0,0.0,0.0,0.0,False
충북,2018,2-3. 가사수행 격차,25.992934268796343,25.992934268796343,2019.0,0.0,2020,2021.0,0.0,5.386425853499645e-05,5.386425853499645e-05,False
충북,2019,2-3. 가사수행 격차,25.992934268796343,25.992934268796343,2020.0,0.0,2021,2022.0,5.386425853499645e-05,0.0,-5.386425853499645e-05,False
충북,2020,2-3. 가사수행 격차,25.992934268796343,36.67238891376821,2021.0,10.679454644971866,2022,2023.0,0.0,0.0,0.0,False
충북,2021,2-3. 가사수행 격차,36.67238891376821,47.351843558740114,2022.0,10.679454644971905,2023,2024.0,0.0,0.0,0.0,False
강원,2016,3-1. 의료서비스 여건,27.689927173546273,29.602522458370306,2017.0,1.9125952848240324,2018,2019.0,0.3783474314683074,0.4761573536407685,0.0978099221724611,False
강원,2017,3-1. 의료서비스 여건,29.602522458370306,29.56325256845751,2018.0,-0.03926988991279501,2019,2020.0,0.4761573536407685,0.5235219931954307,0.04736463955466219,False
강원,2018,3-1. 의료서비스 여건,29.56325256845751,28.607719605248487,2019.0,-0.9555329632090235,2020,2021.0,0.5235219931954307,0.4650616940865429,-0.05846029910888778,False
강원,2019,3-1. 의료서비스 여건,28.607719605248487,29.507339394449595,2020.0,0.8996197892011075,2021,2022.0,0.4650616940865429,5.022245764476405,4.557184070389861,False
강원,2020,3-1. 의료서비스 여건,29.507339394449595,32.89279545010279,2021.0,3.3854560556531936,2022,2023.0,5.022245764476405,0.4973841579190824,-4.524861606557322,False
강원,2021,3-1. 의료서비스 여건,32.89279545010279,35.46888264691613,2022.0,2.57608719681334,2023,2024.0,0.4973841579190824,0.5148804708018522,0.01749631288276976,False
경기,2016,3-1. 의료서비스 여건,29.26124558617447,30.40432278682049,2017.0,1.1430772006460188,2018,2019.0,0.7701599484539732,0.2366209309080305,-0.5335390175459427,True
경기,2017,3-1. 의료서비스 여건,30.40432278682049,31.273649930033148,2018.0,0.8693271432126579,2019,2020.0,0.2366209309080305,1.719223777649668,1.4826028467416374,True
경기,2018,3-1. 의료서비스 여건,31.273649930033148,31.088683960367693,2019.0,-0.18496596966545553,2020,2021.0,1.719223777649668,0.3773862718771988,-1.3418375057724692,True
경기,2019,3-1. 의료서비스 여건,31.088683960367693,32.86464674556255,2020.0,1.77596278519486,2021,2022.0,0.3773862718771988,0.397674558736466,0.0202882868592672,False
경기,2020,3-1. 의료서비스 여건,32.86464674556255,32.417330946117225,2021.0,-0.4473157994453274,2022,2023.0,0.397674558736466,0.3516284191364522,-0.0460461396000138,False
경기,2021,3-1. 의료서비스 여건,32.417330946117225,32.95051032721774,2022.0,0.533179381100517,2023,2024.0,0.3516284191364522,0.7972991227227971,0.4456707035863449,False
경남,2016,3-1. 의료서비스 여건,33.260437248978945,34.608792308836584,2017.0,1.3483550598576386,2018,2019.0,0.312927048381643,0.407438804704885,0.09451175632324205,False
경남,2017,3-1. 의료서비스 여건,34.608792308836584,35.1418723973094,2018.0,0.5330800884728149,2019,2020.0,0.407438804704885,0.7424841560869176,0.3350453513820326,False
경남,2018,3-1. 의료서비스 여건,35.1418723973094,32.74518990164722,2019.0,-2.3966824956621764,2020,2021.0,0.7424841560869176,0.4430750872295074,-0.29940906885741025,False
경남,2019,3-1. 의료서비스 여건,32.74518990164722,32.60108642839666,2020.0,-0.14410347325055994,2021,2022.0,0.4430750872295074,0.4506088882221309,0.007533800992623518,False
경남,2020,3-1. 의료서비스 여건,32.60108642839666,34.97129476397165,2021.0,2.3702083355749863,2022,2023.0,0.4506088882221309,0.4516575887437694,0.0010487005216384682,False
경남,2021,3-1. 의료서비스 여건,34.97129476397165,36.615009454469224,2022.0,1.6437146904975748,2023,2024.0,0.4516575887437694,0.5156217018906294,0.06396411314686001,False
경북,2016,3-1. 의료서비스 여건,23.171366410012286,23.39722858204287,2017.0,0.22586217203058467,2018,2019.0,0.6868020865789553,0.6986638211212757,0.011861734542320423,False
경북,2017,3-1. 의료서비스 여건,23.39722858204287,23.72369534347041,2018.0,0.3264667614275396,2019,2020.0,0.6986638211212757,0.4604164643567375,-0.23824735676453818,False
경북,2018,3-1. 의료서비스 여건,23.72369534347041,21.743477550484265,2019.0,-1.9802177929861458,2020,2021.0,0.4604164643567375,0.4589859767098573,-0.0014304876468801964,False
경북,2019,3-1. 의료서비스 여건,21.743477550484265,22.80914137869747,2020.0,1.0656638282132036,2021,2022.0,0.4589859767098573,0.4257918433810565,-0.03319413332880078,False
경북,2020,3-1. 의료서비스 여건,22.80914137869747,19.301334896287617,2021.0,-3.507806482409851,2022,2023.0,0.4257918433810565,0.585412932741502,0.15962108936044545,False
경북,2021,3-1. 의료서비스 여건,19.301334896287617,14.892547612462208,2022.0,-4.40878728382541,2023,2024.0,0.585412932741502,0.4508571380749677,-0.13455579466653428,False
광주,2016,3-1. 의료서비스 여건,50.41863927011695,53.00822586442532,2017.0,2.589586594308372,2018,2019.0,1.7311964221771847,0.2127700640332197,-1.518426358143965,False
광주,2017,3-1. 의료서비스 여건,53.00822586442532,52.926918952921945,2018.0,-0.08130691150337555,2019,2020.0,0.2127700640332197,1.3090591618734593,1.0962890978402395,False
광주,2018,3-1. 의료서비스 여건,52.926918952921945,52.83179260252096,2019.0,-0.09512635040098161,2020,2021.0,1.3090591618734593,0.2776626912401786,-1.0313964706332808,False
광주,2019,3-1. 의료서비스 여건,52.83179260252096,51.271556978930555,2020.0,-1.5602356235904082,2021,2022.0,0.2776626912401786,0.273960806152062,-0.003701885088116641,True
광주,2020,3-1. 의료서비스 여건,51.271556978930555,53.267036525193575,2021.0,1.9954795462630202,2022,2023.0,0.273960806152062,0.2744722802607936,0.0005114741087316466,True
광주,2021,3-1. 의료서비스 여건,53.267036525193575,52.74465192790742,2022.0,-0.5223845972861554,2023,2024.0,0.2744722802607936,0.559397958221627,0.28492567796083335,False
대구,2016,3-1. 의료서비스 여건,39.6024853076292,42.68340294647537,2017.0,3.0809176388461665,2018,2019.0,0.1950462941204117,0.2370465338315123,0.04200023971110062,False
대구,2017,3-1. 의료서비스 여건,42.68340294647537,41.876961496521,2018.0,-0.8064414499543702,2019,2020.0,0.2370465338315123,0.3163062806724579,0.07925974684094561,False
대구,2018,3-1. 의료서비스 여건,41.876961496521,43.49185261469125,2019.0,1.6148911181702488,2020,2021.0,0.3163062806724579,0.1831695635398303,-0.13313671713262762,False
대구,2019,3-1. 의료서비스 여건,43.49185261469125,45.463199566856545,2020.0,1.9713469521652982,2021,2022.0,0.1831695635398303,0.1671798826214154,-0.015989680918414906,False
대구,2020,3-1. 의료서비스 여건,45.463199566856545,47.66976965516236,2021.0,2.206570088305817,2022,2023.0,0.1671798826214154,0.180794472102393,0.013614589480977601,False
대구,2021,3-1. 의료서비스 여건,47.66976965516236,48.36904525896621,2022.0,0.6992756038038479,2023,2024.0,0.180794472102393,0.3225740765316476,0.1417796044292546,False
대전,2016,3-1. 의료서비스 여건,69.55170209512754,72.17487740045905,2017.0,2.6231753053315146,2018,2019.0,2.2844223954301124,3.4033584006726145,1.1189360052425021,False
대전,2017,3-1. 의료서비스 여건,72.17487740045905,76.4521638203912,2018.0,4.277286419932153,2019,2020.0,3.4033584006726145,0.4322977901840992,-2.9710606104885153,False
대전,2018,3-1. 의료서비스 여건,76.4521638203912,75.75274470246913,2019.0,-0.6994191179220763,2020,2021.0,0.4322977901840992,0.4273558570846677,-0.0049419330994314725,False
대전,2019,3-1. 의료서비스 여건,75.75274470246913,71.81256466741875,2020.0,-3.940180035050375,2021,2022.0,0.4273558570846677,0.4084215826629543,-0.018934274421713415,False
대전,2020,3-1. 의료서비스 여건,71.81256466741875,74.00180524559265,2021.0,2.1892405781738944,2022,2023.0,0.4084215826629543,0.0517039393165917,-0.3567176433463626,False
대전,2021,3-1. 의료서비스 여건,74.00180524559265,72.67566589857492,2022.0,-1.3261393470177296,2023,2024.0,0.0517039393165917,0.3098398305843052,0.2581358912677135,False
부산,2016,3-1. 의료서비스 여건,59.70059638162357,59.99859561537828,2017.0,0.2979992337547088,2018,2019.0,0.3715794067882744,0.3704344596309594,-0.0011449471573150016,False
부산,2017,3-1. 의료서비스 여건,59.99859561537828,60.37196651206336,2018.0,0.3733708966850813,2019,2020.0,0.3704344596309594,0.2858926978025469,-0.0845417618284125,False
부산,2018,3-1. 의료서비스 여건,60.37196651206336,56.17812764180724,2019.0,-4.193838870256123,2020,2021.0,0.2858926978025469,0.4080057247701995,0.12211302696765258,False
부산,2019,3-1. 의료서비스 여건,56.17812764180724,53.73503966338807,2020.0,-2.4430879784191646,2021,2022.0,0.4080057247701995,0.3173300658232719,-0.09067565894692758,False
부산,2020,3-1. 의료서비스 여건,53.73503966338807,57.575785140463545,2021.0,3.8407454770754725,2022,2023.0,0.3173300658232719,0.6254314967811295,0.30810143095785764,False
부산,2021,3-1. 의료서비스 여건,57.575785140463545,59.15050023797479,2022.0,1.5747150975112447,2023,2024.0,0.6254314967811295,0.6889027736863491,0.06347127690521959,False
서울,2016,3-1. 의료서비스 여건,53.30263819936584,54.46359514285852,2017.0,1.1609569434926854,2018,2019.0,2.283872929715837,1.982290074888583,-0.3015828548272539,False
서울,2017,3-1. 의료서비스 여건,54.46359514285852,54.58336356258721,2018.0,0.11976841972868613,2019,2020.0,1.982290074888583,1.7734136805641978,-0.2088763943243852,False
서울,2018,3-1. 의료서비스 여건,54.58336356258721,55.52561631721004,2019.0,0.9422527546228281,2020,2021.0,1.7734136805641978,1.477123669095822,-0.29629001146837575,False
서울,2019,3-1. 의료서비스 여건,55.52561631721004,56.31693522044944,2020.0,0.7913189032394001,2021,2022.0,1.477123669095822,1.4352334911925553,-0.04189017790326677,False
서울,2020,3-1. 의료서비스 여건,56.31693522044944,56.3567676746562,2021.0,0.03983245420675985,2022,2023.0,1.4352334911925553,1.3533481376143877,-0.08188535357816762,False
서울,2021,3-1. 의료서비스 여건,56.3567676746562,53.08158358368327,2022.0,-3.275184090972928,2023,2024.0,1.3533481376143877,3.296315397492511,1.9429672598781231,False
세종,2016,3-1. 의료서비스 여건,13.598146847710444,9.567778576811095,2017.0,-4.0303682708993485,2018,2019.0,0.4382154416046895,4.632367131112741,4.194151689508051,False
세종,2017,3-1. 의료서비스 여건,9.567778576811095,28.121551057856287,2018.0,18.553772481045193,2019,2020.0,4.632367131112741,2.8285800260791065,-1.803787105033634,False
세종,2018,3-1. 의료서비스 여건,28.121551057856287,23.06200177904267,2019.0,-5.059549278813616,2020,2021.0,2.8285800260791065,0.3322581012845794,-2.496321924794527,False
세종,2019,3-1. 의료서비스 여건,23.06200177904267,32.550155673636176,2020.0,9.488153894593506,2021,2022.0,0.3322581012845794,0.4562700163935561,0.12401191510897669,False
세종,2020,3-1. 의료서비스 여건,32.550155673636176,52.4773081508897,2021.0,19.92715247725352,2022,2023.0,0.4562700163935561,0.4600364889010309,0.003766472507474805,False
세종,2021,3-1. 의료서비스 여건,52.4773081508897,53.688520034371145,2022.0,1.2112118834814467,2023,2024.0,0.4600364889010309,0.6935453478971778,0.23350885899614693,False
울산,2016,3-1. 의료서비스 여건,34.98520637290057,35.13000027860628,2017.0,0.14479390570571127,2018,2019.0,0.1437695468042129,3.8819684262456833,3.7381988794414704,False
울산,2017,3-1. 의료서비스 여건,35.13000027860628,34.47442845945281,2018.0,-0.6555718191534723,2019,2020.0,3.8819684262456833,1.4744379153987923,-2.407530510846891,False
울산,2018,3-1. 의료서비스 여건,34.47442845945281,34.64175305250671,2019.0,0.16732459305389824,2020,2021.0,1.4744379153987923,1.0321687303905325,-0.44226918500825985,False
울산,2019,3-1. 의료서비스 여건,34.64175305250671,34.55801912304294,2020.0,-0.08373392946376867,2021,2022.0,1.0321687303905325,3.8613120478922425,2.82914331750171,False
울산,2020,3-1. 의료서비스 여건,34.55801912304294,36.623736297612645,2021.0,2.0657171745697056,2022,2023.0,3.8613120478922425,1.4529600232563051,-2.4083520246359376,False
울산,2021,3-1. 의료서비스 여건,36.623736297612645,36.93851692007106,2022.0,0.3147806224584144,2023,2024.0,1.4529600232563051,3.977320483282969,2.5243604600266636,False
인천,2016,3-1. 의료서비스 여건,27.206997589852172,28.111294756724693,2017.0,0.9042971668725208,2018,2019.0,0.6466844096158622,0.1940756399045342,-0.45260876971132796,False
인천,2017,3-1. 의료서비스 여건,28.111294756724693,30.12625127838598,2018.0,2.0149565216612864,2019,2020.0,0.1940756399045342,0.2991176012658457,0.1050419613613115,False
인천,2018,3-1. 의료서비스 여건,30.12625127838598,32.240289234019734,2019.0,2.114037955633755,2020,2021.0,0.2991176012658457,0.3570695814048157,0.057951980138970016,False
인천,2019,3-1. 의료서비스 여건,32.240289234019734,27.851461563233535,2020.0,-4.388827670786199,2021,2022.0,0.3570695814048157,15.90212521632244,15.545055634917626,True
인천,2020,3-1. 의료서비스 여건,27.851461563233535,28.479950721469123,2021.0,0.6284891582355883,2022,2023.0,15.90212521632244,18.17112164487017,2.2689964285477284,True
인천,2021,3-1. 의료서비스 여건,28.479950721469123,28.16011827164385,2022.0,-0.3198324498252738,2023,2024.0,18.17112164487017,16.79542166786335,-1.3756999770068177,False
전남,2016,3-1. 의료서비스 여건,9.032364077706614,10.16253438977978,2017.0,1.130170312073167,2018,2019.0,6.868943264710059,0.4799617744497773,-6.3889814902602815,True
전남,2017,3-1. 의료서비스 여건,10.16253438977978,9.93097807328394,2018.0,-0.23155631649584052,2019,2020.0,0.4799617744497773,0.4885129907947463,0.008551216344969026,False
전남,2018,3-1. 의료서비스 여건,9.93097807328394,11.917822185015226,2019.0,1.9868441117312852,2020,2021.0,0.4885129907947463,0.3160554290582547,-0.17245756173649163,False
전남,2019,3-1. 의료서비스 여건,11.917822185015226,9.396500834406178,2020.0,-2.521321350609048,2021,2022.0,0.3160554290582547,0.259954259100037,-0.05610116995821768,True
전남,2020,3-1. 의료서비스 여건,9.396500834406178,10.3472577905818,2021.0,0.9507569561756224,2022,2023.0,0.259954259100037,0.2077304179791156,-0.052223841120921405,True
전남,2021,3-1. 의료서비스 여건,10.3472577905818,8.407393057652016,2022.0,-1.9398647329297845,2023,2024.0,0.2077304179791156,0.1293369943852259,-0.0783934235938897,False
전북,2016,3-1. 의료서비스 여건,44.36252484008675,46.35008563442698,2017.0,1.987560794340233,2018,2019.0,1.983015960553278,1.901406015722984,-0.08160994483029405,False
전북,2017,3-1. 의료서비스 여건,46.35008563442698,47.1237777347055,2018.0,0.7736921002785166,2019,2020.0,1.901406015722984,1.8009800827486706,-0.10042593297431335,False
전북,2018,3-1. 의료서비스 여건,47.1237777347055,45.65825886859021,2019.0,-1.4655188661152891,2020,2021.0,1.8009800827486706,1.0390270359021032,-0.7619530468465674,False
전북,2019,3-1. 의료서비스 여건,45.65825886859021,45.12044369179129,2020.0,-0.5378151767989223,2021,2022.0,1.0390270359021032,1.5584098064420857,0.5193827705399825,False
전북,2020,3-1. 의료서비스 여건,45.12044369179129,44.16968881201424,2021.0,-0.950754879777044,2022,2023.0,1.5584098064420857,1.464205164583487,-0.09420464185859867,False
전북,2021,3-1. 의료서비스 여건,44.16968881201424,41.51222734278776,2022.0,-2.657461469226483,2023,2024.0,1.464205164583487,1.512639092898599,0.04843392831511206,False
제주,2016,3-1. 의료서비스 여건,24.75351925788035,25.106713524446768,2017.0,0.35319426656641895,2018,2019.0,0.4387170510112554,1.5761480804254917,1.1374310294142362,False
제주,2017,3-1. 의료서비스 여건,25.106713524446768,27.22952052828397,2018.0,2.1228070038372024,2019,2020.0,1.5761480804254917,1.3917740434079662,-0.18437403701752553,False
제주,2018,3-1. 의료서비스 여건,27.22952052828397,26.758102239548418,2019.0,-0.4714182887355527,2020,2021.0,1.3917740434079662,0.1523035738111662,-1.2394704695968,False
제주,2019,3-1. 의료서비스 여건,26.758102239548418,28.256499169615843,2020.0,1.4983969300674254,2021,2022.0,0.1523035738111662,0.2417956745513447,0.08949210074017852,False
제주,2020,3-1. 의료서비스 여건,28.256499169615843,28.01253704667603,2021.0,-0.2439621229398128,2022,2023.0,0.2417956745513447,0.2817729962559887,0.039977321704643964,False
제주,2021,3-1. 의료서비스 여건,28.01253704667603,28.066532331955617,2022.0,0.05399528527958708,2023,2024.0,0.2817729962559887,0.8839358012619742,0.6021628050059855,False
충남,2016,3-1. 의료서비스 여건,38.31745197952167,38.59929561779702,2017.0,0.28184363827534753,2018,2019.0,0.3036989993922809,0.2596123446581872,-0.04408665473409368,False
충남,2017,3-1. 의료서비스 여건,38.59929561779702,37.51157774553992,2018.0,-1.0877178722571017,2019,2020.0,0.2596123446581872,0.4749982105991476,0.21538586594096037,True
충남,2018,3-1. 의료서비스 여건,37.51157774553992,33.752694050006966,2019.0,-3.758883695532951,2020,2021.0,0.4749982105991476,0.7337390685328571,0.2587408579337095,True
충남,2019,3-1. 의료서비스 여건,33.752694050006966,31.720782483254855,2020.0,-2.031911566752111,2021,2022.0,0.7337390685328571,0.4714485389834372,-0.2622905295494199,False
충남,2020,3-1. 의료서비스 여건,31.720782483254855,33.00496871612401,2021.0,1.284186232869157,2022,2023.0,0.4714485389834372,0.7407166892968888,0.26926815031345164,False
충남,2021,3-1. 의료서비스 여건,33.00496871612401,30.494482183516936,2022.0,-2.510486532607075,2023,2024.0,0.7407166892968888,1.3937827448451907,0.6530660555483019,False
충북,2016,3-1. 의료서비스 여건,33.31959238327993,33.089153394420414,2017.0,-0.2304389888595182,2018,2019.0,0.9398014125979172,0.4277576308656357,-0.5120437817322815,False
충북,2017,3-1. 의료서비스 여건,33.089153394420414,32.12842579248667,2018.0,-0.9607276019337476,2019,2020.0,0.4277576308656357,0.2094211179492337,-0.21833651291640196,False
충북,2018,3-1. 의료서비스 여건,32.12842579248667,31.293176481733937,2019.0,-0.8352493107527295,2020,2021.0,0.2094211179492337,0.2311261469478162,0.021705028998582482,False
충북,2019,3-1. 의료서비스 여건,31.293176481733937,27.605929794371445,2020.0,-3.6872466873624923,2021,2022.0,0.2311261469478162,0.2481444538588339,0.017018306911017717,False
충북,2020,3-1. 의료서비스 여건,27.605929794371445,29.647817179441404,2021.0,2.041887385069959,2022,2023.0,0.2481444538588339,0.2646747002344368,0.01653024637560288,False
충북,2021,3-1. 의료서비스 여건,29.647817179441404,28.868275975158276,2022.0,-0.7795412042831273,2023,2024.0,0.2646747002344368,0.30369260334261,0.03901790310817321,False
강원,2016,3-2. 산후조리 여건,65.05247592857201,66.07007518673791,2017.0,1.0175992581659017,2018,2019.0,0.0,0.4205735749126496,0.4205735749126496,False
강원,2017,3-2. 산후조리 여건,66.07007518673791,66.9925700680166,2018.0,0.9224948812786948,2019,2020.0,0.4205735749126496,0.2092465906187778,-0.21132698429387178,False
강원,2018,3-2. 산후조리 여건,66.9925700680166,67.16027166537927,2019.0,0.1677015973626652,2020,2021.0,0.2092465906187778,0.1558673014482754,-0.053379289170502386,False
강원,2019,3-2. 산후조리 여건,67.16027166537927,67.44710812025322,2020.0,0.28683645487394926,2021,2022.0,0.1558673014482754,0.3739175244774581,0.21805022302918267,False
강원,2020,3-2. 산후조리 여건,67.44710812025322,68.79849769837942,2021.0,1.3513895781262022,2022,2023.0,0.3739175244774581,0.4597352635209354,0.08581773904347734,False
강원,2021,3-2. 산후조리 여건,68.79849769837942,71.4397088030497,2022.0,2.641211104670276,2023,2024.0,0.4597352635209354,0.357715549602816,-0.10201971391811943,False
경기,2016,3-2. 산후조리 여건,43.19113088339466,44.57471059621409,2017.0,1.3835797128194258,2018,2019.0,0.0413076264045938,0.989901257511569,0.9485936311069751,False
경기,2017,3-2. 산후조리 여건,44.57471059621409,45.82898156061854,2018.0,1.2542709644044479,2019,2020.0,0.989901257511569,0.9063186468112372,-0.0835826107003318,False
경기,2018,3-2. 산후조리 여건,45.82898156061854,46.05699718273743,2019.0,0.22801562211889603,2020,2021.0,0.9063186468112372,0.877226625075859,-0.02909202173537817,False
경기,2019,3-2. 산후조리 여건,46.05699718273743,46.44699461706726,2020.0,0.38999743432982825,2021,2022.0,0.877226625075859,0.9315044745386876,0.05427784946282854,False
경기,2020,3-2. 산후조리 여건,46.44699461706726,48.28441262755308,2021.0,1.8374180104858198,2022,2023.0,0.9315044745386876,0.7166141436689303,-0.21489033086975728,False
경기,2021,3-2. 산후조리 여건,48.28441262755308,51.8755375938603,2022.0,3.59112496630722,2023,2024.0,0.7166141436689303,0.7619840323118968,0.04536988864296654,False
경남,2016,3-2. 산후조리 여건,46.5020023693559,47.63367831669369,2017.0,1.13167594733779,2018,2019.0,0.22038947812812,0.3159902511391332,0.09560077301101322,False
경남,2017,3-2. 산후조리 여건,47.63367831669369,48.65958833019642,2018.0,1.025910013502731,2019,2020.0,0.3159902511391332,0.6217067333634457,0.3057164822243125,False
경남,2018,3-2. 산후조리 여건,48.65958833019642,48.84608990490033,2019.0,0.18650157470391093,2020,2021.0,0.6217067333634457,0.4332550490042914,-0.18845168435915433,False
경남,2019,3-2. 산후조리 여건,48.84608990490033,49.16508180096907,2020.0,0.3189918960687379,2021,2022.0,0.4332550490042914,0.4560155213069305,0.022760472302639112,False
경남,2020,3-2. 산후조리 여건,49.16508180096907,50.667967213646016,2021.0,1.502885412676946,2022,2023.0,0.4560155213069305,0.512265532647522,0.05625001134059143,False
경남,2021,3-2. 산후조리 여건,50.667967213646016,53.60526797817702,2022.0,2.9373007645310025,2023,2024.0,0.512265532647522,0.4834525694599619,-0.028812963187560048,False
경북,2016,3-2. 산후조리 여건,49.035401414541305,49.95194005030454,2017.0,0.9165386357632386,2018,2019.0,0.1609359452423788,0.3627711992459663,0.20183525400358748,False
경북,2017,3-2. 산후조리 여건,49.95194005030454,50.782819390281354,2018.0,0.8308793399768106,2019,2020.0,0.3627711992459663,0.4042671934470853,0.04149599420111899,False
경북,2018,3-2. 산후조리 여건,50.782819390281354,50.93386607396225,2019.0,0.1510466836808959,2020,2021.0,0.4042671934470853,0.6140877460726387,0.20982055262555344,False
경북,2019,3-2. 산후조리 여건,50.93386607396225,51.1922159999549,2020.0,0.25834992599264694,2021,2022.0,0.6140877460726387,0.9593723020260834,0.34528455595344465,False
경북,2020,3-2. 산후조리 여건,51.1922159999549,52.40939530740928,2021.0,1.21717930745438,2022,2023.0,0.9593723020260834,0.5737598574156707,-0.38561244461041266,False
경북,2021,3-2. 산후조리 여건,52.40939530740928,54.78830036577224,2022.0,2.3789050583629603,2023,2024.0,0.5737598574156707,0.6732950895289986,0.09953523211332793,False
광주,2016,3-2. 산후조리 여건,14.3674025975917,15.9045542147539,2017.0,1.5371516171621984,2018,2019.0,0.0629148785525512,0.4114780028841143,0.3485631243315631,False
광주,2017,3-2. 산후조리 여건,15.9045542147539,17.29804432120034,2018.0,1.393490106446441,2019,2020.0,0.4114780028841143,0.1422555464256368,-0.26922245645847753,False
광주,2018,3-2. 산후조리 여건,17.29804432120034,17.55136878023282,2019.0,0.2533244590324806,2020,2021.0,0.1422555464256368,0.0377087759719194,-0.10454677045371738,False
광주,2019,3-2. 산후조리 여건,17.55136878023282,17.984654395304183,2020.0,0.43328561507136243,2021,2022.0,0.0377087759719194,0.0761257395133349,0.0384169635414155,False
광주,2020,3-2. 산후조리 여건,17.984654395304183,20.02601857551881,2021.0,2.041364180214625,2022,2023.0,0.0761257395133349,0.0380780239956921,-0.0380477155176428,False
광주,2021,3-2. 산후조리 여건,20.02601857551881,24.015744283582222,2022.0,3.989725708063414,2023,2024.0,0.0380780239956921,0.3325605551110133,0.2944825311153212,False
대구,2016,3-2. 산후조리 여건,49.549709674906325,50.6734921409668,2017.0,1.1237824660604758,2018,2019.0,0.2544172248962564,0.3259531411214011,0.07153591622514471,False
대구,2017,3-2. 산후조리 여건,50.6734921409668,51.69224639446345,2018.0,1.0187542534966525,2019,2020.0,0.3259531411214011,0.4021852757690108,0.0762321346476097,False
대구,2018,3-2. 산후조리 여건,51.69224639446345,51.877447113837206,2019.0,0.1852007193737535,2020,2021.0,0.4021852757690108,0.3191604882365308,-0.08302478753248,False
대구,2019,3-2. 산후조리 여건,51.877447113837206,52.19421402972045,2020.0,0.31676691588324246,2021,2022.0,0.3191604882365308,0.2751593043192957,-0.04400118391723512,False
대구,2020,3-2. 산후조리 여건,52.19421402972045,53.68661676147195,2021.0,1.492402731751504,2022,2023.0,0.2751593043192957,0.3022512713096417,0.027091966990345995,False
대구,2021,3-2. 산후조리 여건,53.68661676147195,56.60342974533994,2022.0,2.9168129838679846,2023,2024.0,0.3022512713096417,0.3294903905365164,0.02723911922687472,False
대전,2016,3-2. 산후조리 여건,36.29145812938113,37.5147169238195,2017.0,1.2232587944383724,2018,2019.0,0.2141934159529893,0.8187269372693727,0.6045335213163834,False
대전,2017,3-2. 산후조리 여건,37.5147169238195,38.62365049201263,2018.0,1.1089335681931303,2019,2020.0,0.8187269372693727,0.494249253256459,-0.3244776840129137,False
대전,2018,3-2. 산후조리 여건,38.62365049201263,38.825245031482915,2019.0,0.20159453947028538,2020,2021.0,0.494249253256459,0.55523376395278,0.06098451069632099,False
대전,2019,3-2. 산후조리 여건,38.825245031482915,39.17005190233549,2020.0,0.34480687085257244,2021,2022.0,0.55523376395278,0.4462196380223114,-0.10901412593046861,False
대전,2020,3-2. 산후조리 여건,39.17005190233549,40.794560934638426,2021.0,1.6245090323029387,2022,2023.0,0.4462196380223114,0.0899910336206501,-0.3562286044016613,False
대전,2021,3-2. 산후조리 여건,40.794560934638426,43.969567879493695,2022.0,3.1750069448552694,2023,2024.0,0.0899910336206501,0.3028007277716467,0.2128096941509966,False
부산,2016,3-2. 산후조리 여건,41.616896144528695,42.771837089315426,2017.0,1.1549409447867305,2018,2019.0,0.1892274855164744,0.253067518065362,0.06384003254888759,False
부산,2017,3-2. 산후조리 여건,42.771837089315426,43.8188377638887,2018.0,1.047000674573276,2019,2020.0,0.253067518065362,0.2930471697195275,0.039979651654165504,False
부산,2018,3-2. 산후조리 여건,43.8188377638887,44.00917343851311,2019.0,0.19033567462440715,2020,2021.0,0.2930471697195275,0.2615834057510477,-0.031463763968479774,False
부산,2019,3-2. 산후조리 여건,44.00917343851311,44.334723170918075,2020.0,0.32554973240496565,2021,2022.0,0.2615834057510477,0.2160640962866057,-0.04551930946444202,False
부산,2020,3-2. 산후조리 여건,44.334723170918075,45.86850490632257,2021.0,1.5337817354044958,2022,2023.0,0.2160640962866057,0.2513537505856544,0.035289654299048706,False
부산,2021,3-2. 산후조리 여건,45.86850490632257,48.86619070859725,2022.0,2.997685802274681,2023,2024.0,0.2513537505856544,0.2377302484065318,-0.013623502179122587,False
서울,2016,3-2. 산후조리 여건,25.01060153350078,26.809187624547103,2017.0,1.7985860910463245,2018,2019.0,0.3753289900417985,0.5507753191850977,0.17544632914329922,False
서울,2017,3-2. 산후조리 여건,26.809187624547103,28.43967865450308,2018.0,1.6304910299559765,2019,2020.0,0.5507753191850977,0.5415186513190456,-0.00925666786605206,False
서울,2018,3-2. 산후조리 여건,28.43967865450308,28.73608783330537,2019.0,0.2964091788022891,2020,2021.0,0.5415186513190456,0.4754623797929418,-0.06605627152610383,False
서울,2019,3-2. 산후조리 여건,28.73608783330537,29.24306546128751,2020.0,0.5069776279821419,2021,2022.0,0.4754623797929418,0.5131659371368711,0.03770355734392927,False
서울,2020,3-2. 산후조리 여건,29.24306546128751,31.631619186438257,2021.0,2.3885537251507465,2022,2023.0,0.5131659371368711,0.6363900517540475,0.12322411461717642,False
서울,2021,3-2. 산후조리 여건,31.631619186438257,36.29990635179972,2022.0,4.668287165361463,2023,2024.0,0.6363900517540475,1.3154970269972417,0.6791069752431942,False
세종,2016,3-2. 산후조리 여건,57.53254067971248,58.97275480750409,2017.0,1.4402141277916058,2018,2019.0,1.8091901129431085,2.1853410011964955,0.37615088825338705,False
세종,2017,3-2. 산후조리 여건,58.97275480750409,60.27836715948995,2018.0,1.3056123519858644,2019,2020.0,2.1853410011964955,0.6591422553173197,-1.5261987458791757,False
세종,2018,3-2. 산후조리 여건,60.27836715948995,60.51571620218706,2019.0,0.23734904269710455,2020,2021.0,0.6591422553173197,0.941492938802959,0.2823506834856393,False
세종,2019,3-2. 산후조리 여건,60.51571620218706,60.92167749919085,2020.0,0.4059612970037918,2021,2022.0,0.941492938802959,1.03670219756656,0.09520925876360098,False
세종,2020,3-2. 산후조리 여건,60.92167749919085,62.834307001373936,2021.0,1.912629502183087,2022,2023.0,1.03670219756656,0.7498751778127384,-0.28682701975382163,False
세종,2021,3-2. 산후조리 여건,62.834307001373936,66.57242838550542,2022.0,3.7381213841314818,2023,2024.0,0.7498751778127384,0.5087620124364047,-0.24111316537633365,False
울산,2016,3-2. 산후조리 여건,36.14463347230961,37.37720354123721,2017.0,1.2325700689276005,2018,2019.0,0.1689793206018701,1.1271135130286585,0.9581341924267883,False
울산,2017,3-2. 산후조리 여건,37.37720354123721,38.49457815632136,2018.0,1.1173746150841524,2019,2020.0,1.1271135130286585,0.8234596659585709,-0.3036538470700876,False
울산,2018,3-2. 산후조리 여건,38.49457815632136,38.69770720517026,2019.0,0.2031290488489006,2020,2021.0,0.8234596659585709,0.415915013028663,-0.4075446529299079,False
울산,2019,3-2. 산후조리 여건,38.69770720517026,39.04513869759504,2020.0,0.3474314924247821,2021,2022.0,0.415915013028663,0.5936429358729184,0.17772792284425537,False
울산,2020,3-2. 산후조리 여건,39.04513869759504,40.68201326495789,2021.0,1.6368745673628453,2022,2023.0,0.5936429358729184,0.2746157181315944,-0.319027217741324,False
울산,2021,3-2. 산후조리 여건,40.68201326495789,43.881187917662935,2022.0,3.1991746527050466,2023,2024.0,0.2746157181315944,0.6927495771941717,0.41813385906257733,False
인천,2016,3-2. 산후조리 여건,38.06835445828668,39.33074494486276,2017.0,1.2623904865760807,2018,2019.0,0.0949286762333677,0.3547448172025503,0.2598161409691826,False
인천,2017,3-2. 산후조리 여건,39.33074494486276,40.475152974542674,2018.0,1.1444080296799157,2019,2020.0,0.3547448172025503,0.4090825153252058,0.05433769812265549,False
인천,2018,3-2. 산후조리 여건,40.475152974542674,40.683196464546626,2019.0,0.20804349000395206,2020,2021.0,0.4090825153252058,0.3678394510125523,-0.04124306431265351,False
인천,2019,3-2. 산후조리 여건,40.683196464546626,41.039033606653746,2020.0,0.35583714210712003,2021,2022.0,0.3678394510125523,0.259901412677618,-0.10793803833493426,False
인천,2020,3-2. 산후조리 여건,41.039033606653746,42.71551020920103,2021.0,1.6764766025472824,2022,2023.0,0.259901412677618,0.2587650716587208,-0.0011363410188972023,False
인천,2021,3-2. 산후조리 여건,42.71551020920103,45.992084700405435,2022.0,3.276574491204407,2023,2024.0,0.2587650716587208,0.2202538669919959,-0.03851120466672492,False
전남,2016,3-2. 산후조리 여건,62.88246669012002,63.68459778348325,2017.0,0.8021310933632293,2018,2019.0,0.4336752964712366,0.5793559955619928,0.1456806990907562,False
전남,2017,3-2. 산후조리 여건,63.68459778348325,64.41176205940437,2018.0,0.727164275921119,2019,2020.0,0.5793559955619928,0.6058604174091426,0.02650442184714985,False
전남,2018,3-2. 산후조리 여건,64.41176205940437,64.54395424072901,2019.0,0.1321921813246405,2020,2021.0,0.6058604174091426,0.4424345777329633,-0.16342583967617935,False
전남,2019,3-2. 산후조리 여건,64.54395424072901,64.77005546605731,2020.0,0.226101225328307,2021,2022.0,0.4424345777329633,0.5243575914514754,0.08192301371851213,False
전남,2020,3-2. 산후조리 여건,64.77005546605731,65.83529956009862,2021.0,1.0652440940413044,2022,2023.0,0.5243575914514754,0.1389662664826565,-0.3853913249688189,False
전남,2021,3-2. 산후조리 여건,65.83529956009862,67.91725621856828,2022.0,2.0819566584696645,2023,2024.0,0.1389662664826565,0.176822856375673,0.03785658989301649,False
전북,2016,3-2. 산후조리 여건,53.75646363769341,54.58966443918823,2017.0,0.8332008014948258,2018,2019.0,0.2202259894287842,0.3284789694876042,0.10825298005881998,False
전북,2017,3-2. 산후조리 여건,54.58966443918823,55.34499466205184,2018.0,0.7553302228636056,2019,2020.0,0.3284789694876042,0.356668471725886,0.028189502238281816,False
전북,2018,3-2. 산후조리 여건,55.34499466205184,55.48230716912501,2019.0,0.1373125070731689,2020,2021.0,0.356668471725886,0.3456029644681767,-0.011065507257709328,False
전북,2019,3-2. 산후조리 여건,55.48230716912501,55.717166188705725,2020.0,0.23485901958071764,2021,2022.0,0.3456029644681767,0.28651661048937,-0.05908635397880668,False
전북,2020,3-2. 산후조리 여건,55.717166188705725,56.82367139750074,2021.0,1.1065052087950136,2022,2023.0,0.28651661048937,0.2676863109709834,-0.018830299518386606,False
전북,2021,3-2. 산후조리 여건,56.82367139750074,58.98627046748707,2022.0,2.162599069986328,2023,2024.0,0.2676863109709834,0.3555328888881126,0.08784657791712919,False
제주,2016,3-2. 산후조리 여건,47.48142614500304,48.769309932355135,2017.0,1.2878837873520936,2018,2019.0,0.0457072278001215,0.2739865183540492,0.2282792905539277,False
제주,2017,3-2. 산후조리 여건,48.769309932355135,49.93682867018865,2018.0,1.1675187378335181,2019,2020.0,0.2739865183540492,0.2634608789378276,-0.010525639416221588,False
제주,2018,3-2. 산후조리 여건,49.93682867018865,50.14907348721585,2019.0,0.212244817027198,2020,2021.0,0.2634608789378276,0.3368279409635578,0.07336706202573018,False
제주,2019,3-2. 산후조리 여건,50.14907348721585,50.512096570113485,2020.0,0.36302308289763374,2021,2022.0,0.3368279409635578,0.3042157535795451,-0.03261218738401267,False
제주,2020,3-2. 산후조리 여건,50.512096570113485,52.22242872110411,2021.0,1.7103321509906237,2022,2023.0,0.3042157535795451,0.2845648023052341,-0.01965095127431099,False
제주,2021,3-2. 산후조리 여건,52.22242872110411,55.565171881914,2022.0,3.3427431608098885,2023,2024.0,0.2845648023052341,0.2936267245198845,0.009061922214650353,False
충남,2016,3-2. 산후조리 여건,45.28024263813373,46.33100241302547,2017.0,1.0507597748917448,2018,2019.0,0.4273064946903121,0.540504389698193,0.11319789500788091,False
충남,2017,3-2. 산후조리 여건,46.33100241302547,47.28355864379386,2018.0,0.952556230768387,2019,2020.0,0.540504389698193,1.025010911836571,0.48450652213837786,False
충남,2018,3-2. 산후조리 여건,47.28355864379386,47.45672513470837,2019.0,0.17316649091451097,2020,2021.0,1.025010911836571,1.0781830341395366,0.05317212230296575,False
충남,2019,3-2. 산후조리 여건,47.45672513470837,47.75290873187149,2020.0,0.2961835971631217,2021,2022.0,1.0781830341395366,1.1498569277560151,0.07167389361647847,False
충남,2020,3-2. 산후조리 여건,47.75290873187149,49.14833605506187,2021.0,1.3954273231903755,2022,2023.0,1.1498569277560151,1.404156089497609,0.25429916174159395,False
충남,2021,3-2. 산후조리 여건,49.14833605506187,51.87561633117674,2022.0,2.7272802761148682,2023,2024.0,1.404156089497609,1.104298989304843,-0.2998571001927661,False
충북,2016,3-2. 산후조리 여건,50.77859207925105,51.69972903181776,2017.0,0.9211369525667124,2018,2019.0,0.2052799133650737,0.3244150704201035,0.11913515705502978,False
충북,2017,3-2. 산후조리 여건,51.69972903181776,52.53477693194205,2018.0,0.8350479001242874,2019,2020.0,0.3244150704201035,0.2893051877824771,-0.03510988263762638,False
충북,2018,3-2. 산후조리 여건,52.53477693194205,52.68658142383373,2019.0,0.15180449189168144,2020,2021.0,0.2893051877824771,0.3796299077288014,0.0903247199463243,False
충북,2019,3-2. 산후조리 여건,52.68658142383373,52.946227503375745,2020.0,0.2596460795420157,2021,2022.0,0.3796299077288014,0.3640917867403552,-0.015538120988446202,False
충북,2020,3-2. 산후조리 여건,52.946227503375745,54.169513455813664,2021.0,1.2232859524379194,2022,2023.0,0.3640917867403552,0.3202441214805144,-0.043847665259840796,False
충북,2021,3-2. 산후조리 여건,54.169513455813664,56.5603535910811,2022.0,2.390840135267439,2023,2024.0,0.3202441214805144,0.33478601891584,0.01454189743532558,False
강원,2016,3-3. 아동안전 수준,5.763878670002088,24.946309772771023,2017.0,19.182431102768938,2018,2019.0,0.1509280299315687,0.0040989155263193,-0.1468291144052494,False
강원,2017,3-3. 아동안전 수준,24.946309772771023,46.601395488479774,2018.0,21.65508571570875,2019,2020.0,0.0040989155263193,0.004866199781832,0.0007672842555127004,False
강원,2018,3-3. 아동안전 수준,46.601395488479774,49.779847027866246,2019.0,3.1784515393864723,2020,2021.0,0.004866199781832,0.0373410907967674,0.032474891014935406,False
강원,2019,3-3. 아동안전 수준,49.779847027866246,53.26297963915507,2020.0,3.4831326112888235,2021,2022.0,0.0373410907967674,0.143025251339054,0.1056841605422866,False
강원,2020,3-3. 아동안전 수준,53.26297963915507,59.332718658733015,2021.0,6.069739019577945,2022,2023.0,0.143025251339054,0.0712265901229618,-0.0717986612160922,False
강원,2021,3-3. 아동안전 수준,59.332718658733015,58.54926671652524,2022.0,-0.7834519422077761,2023,2024.0,0.0712265901229618,0.0005905495536035,-0.0706360405693583,False
경기,2016,3-3. 아동안전 수준,27.18004069255953,38.988982402810805,2017.0,11.808941710251275,2018,2019.0,0.0366911415887221,0.0502796334504789,0.013588491861756799,True
경기,2017,3-3. 아동안전 수준,38.988982402810805,49.28158093469103,2018.0,10.292598531880223,2019,2020.0,0.0502796334504789,0.0268624104582219,-0.023417222992257,False
경기,2018,3-3. 아동안전 수준,49.28158093469103,58.91004847919341,2019.0,9.628467544502378,2020,2021.0,0.0268624104582219,0.0483418432346447,0.0214794327764228,False
경기,2019,3-3. 아동안전 수준,58.91004847919341,74.25428824790757,2020.0,15.34423976871416,2021,2022.0,0.0483418432346447,0.0664147330480937,0.018072889813448997,False
경기,2020,3-3. 아동안전 수준,74.25428824790757,70.4425400577412,2021.0,-3.8117481901663695,2022,2023.0,0.0664147330480937,0.0552281030542565,-0.011186629993837197,False
경기,2021,3-3. 아동안전 수준,70.4425400577412,68.83975568278068,2022.0,-1.602784374960521,2023,2024.0,0.0552281030542565,0.058040904584356,0.0028128015300994957,False
경남,2016,3-3. 아동안전 수준,36.57153219808241,45.69395954197174,2017.0,9.122427343889335,2018,2019.0,0.0023009341792767,0.0281516018508706,0.025850667671593903,False
경남,2017,3-3. 아동안전 수준,45.69395954197174,57.4265547685345,2018.0,11.732595226562758,2019,2020.0,0.0281516018508706,0.0691820531318633,0.041030451280992704,False
경남,2018,3-3. 아동안전 수준,57.4265547685345,62.54589844085686,2019.0,5.119343672322358,2020,2021.0,0.0691820531318633,0.0257096402705843,-0.04347241286127901,False
경남,2019,3-3. 아동안전 수준,62.54589844085686,73.366165664526,2020.0,10.820267223669134,2021,2022.0,0.0257096402705843,0.0920751418557086,0.0663655015851243,False
경남,2020,3-3. 아동안전 수준,73.366165664526,76.97777393769881,2021.0,3.61160827317282,2022,2023.0,0.0920751418557086,0.0238836389112245,-0.0681915029444841,False
경남,2021,3-3. 아동안전 수준,76.97777393769881,80.09553277880957,2022.0,3.1177588411107564,2023,2024.0,0.0238836389112245,0.0272942715930971,0.0034106326818726003,False
경북,2016,3-3. 아동안전 수준,28.491117731389902,32.406780115598615,2017.0,3.915662384208712,2018,2019.0,0.0212276240539535,0.0296112327366737,0.0083836086827202,False
경북,2017,3-3. 아동안전 수준,32.406780115598615,40.24487562417128,2018.0,7.838095508572664,2019,2020.0,0.0296112327366737,0.0256563626834817,-0.003954870053191999,False
경북,2018,3-3. 아동안전 수준,40.24487562417128,44.01383965386506,2019.0,3.768964029693784,2020,2021.0,0.0256563626834817,0.0738192913748064,0.0481629286913247,False
경북,2019,3-3. 아동안전 수준,44.01383965386506,57.33494865228164,2020.0,13.321108998416577,2021,2022.0,0.0738192913748064,0.0972421338368156,0.023422842462009194,False
경북,2020,3-3. 아동안전 수준,57.33494865228164,59.6006854408693,2021.0,2.2657367885876596,2022,2023.0,0.0972421338368156,0.0392153869907063,-0.0580267468461093,False
경북,2021,3-3. 아동안전 수준,59.6006854408693,62.39776815924101,2022.0,2.797082718371712,2023,2024.0,0.0392153869907063,0.0358627968649466,-0.003352590125759697,False
광주,2016,3-3. 아동안전 수준,14.268004034439883,23.581363745677297,2017.0,9.313359711237414,2018,2019.0,0.0394838712800358,0.2220529048398526,0.1825690335598168,False
광주,2017,3-3. 아동안전 수준,23.581363745677297,34.97665275709039,2018.0,11.395289011413094,2019,2020.0,0.2220529048398526,0.3440838126540673,0.12203090781421469,False
광주,2018,3-3. 아동안전 수준,34.97665275709039,50.68073407067701,2019.0,15.70408131358662,2020,2021.0,0.3440838126540673,0.0086087559292806,-0.33547505672478667,False
광주,2019,3-3. 아동안전 수준,50.68073407067701,72.98206087498771,2020.0,22.301326804310698,2021,2022.0,0.0086087559292806,0.0165340972698645,0.0079253413405839,False
광주,2020,3-3. 아동안전 수준,72.98206087498771,65.14442950335754,2021.0,-7.837631371630167,2022,2023.0,0.0165340972698645,0.0061284373383624,-0.010405659931502099,False
광주,2021,3-3. 아동안전 수준,65.14442950335754,59.33611490540024,2022.0,-5.808314597957306,2023,2024.0,0.0061284373383624,0.0028203584756204,-0.003308078862742,False
대구,2016,3-3. 아동안전 수준,31.21134023927024,28.821809417907797,2017.0,-2.3895308213624418,2018,2019.0,0.0770647122410556,0.1154653326522822,0.038400620411226605,False
대구,2017,3-3. 아동안전 수준,28.821809417907797,31.99576473487752,2018.0,3.173955316969721,2019,2020.0,0.1154653326522822,0.0489774594847571,-0.06648787316752511,False
대구,2018,3-3. 아동안전 수준,31.99576473487752,29.734984346735075,2019.0,-2.260780388142443,2020,2021.0,0.0489774594847571,0.1912560099625019,0.1422785504777448,False
대구,2019,3-3. 아동안전 수준,29.734984346735075,49.2124287968931,2020.0,19.477444450158025,2021,2022.0,0.1912560099625019,0.0225468957600344,-0.16870911420246748,False
대구,2020,3-3. 아동안전 수준,49.2124287968931,55.14785959431295,2021.0,5.935430797419848,2022,2023.0,0.0225468957600344,0.0429456407578607,0.020398744997826297,False
대구,2021,3-3. 아동안전 수준,55.14785959431295,62.45604898969756,2022.0,7.308189395384609,2023,2024.0,0.0429456407578607,0.045500218021878,0.0025545772640173034,False
대전,2016,3-3. 아동안전 수준,25.29983198650653,36.11323419538222,2017.0,10.81340220887569,2018,2019.0,0.2849764718004394,0.0348860292400392,-0.2500904425604002,False
대전,2017,3-3. 아동안전 수준,36.11323419538222,51.237761468625685,2018.0,15.124527273243466,2019,2020.0,0.0348860292400392,0.289240401330073,0.2543543720900338,False
대전,2018,3-3. 아동안전 수준,51.237761468625685,56.26026059820642,2019.0,5.022499129580737,2020,2021.0,0.289240401330073,0.3749640320031091,0.08572363067303612,False
대전,2019,3-3. 아동안전 수준,56.26026059820642,76.71817449806296,2020.0,20.457913899856543,2021,2022.0,0.3749640320031091,0.303703909546428,-0.07126012245668112,False
대전,2020,3-3. 아동안전 수준,76.71817449806296,76.12148905518136,2021.0,-0.5966854428816077,2022,2023.0,0.303703909546428,0.1193608345932078,-0.18434307495322022,False
대전,2021,3-3. 아동안전 수준,76.12148905518136,78.30994593895394,2022.0,2.188456883772588,2023,2024.0,0.1193608345932078,0.1596325349718137,0.040271700378605904,False
부산,2016,3-3. 아동안전 수준,49.79965049226258,58.31289805154502,2017.0,8.51324755928244,2018,2019.0,0.9592906809200102,0.4072601194339302,-0.5520305614860801,False
부산,2017,3-3. 아동안전 수준,58.31289805154502,69.85074099300735,2018.0,11.53784294146233,2019,2020.0,0.4072601194339302,0.2261957841272603,-0.1810643353066699,False
부산,2018,3-3. 아동안전 수준,69.85074099300735,73.16651412487433,2019.0,3.315773131866976,2020,2021.0,0.2261957841272603,0.1517102634362143,-0.074485520691046,False
부산,2019,3-3. 아동안전 수준,73.16651412487433,81.77348553019358,2020.0,8.606971405319257,2021,2022.0,0.1517102634362143,0.1421934013167239,-0.009516862119490405,False
부산,2020,3-3. 아동안전 수준,81.77348553019358,80.07519617750934,2021.0,-1.6982893526842417,2022,2023.0,0.1421934013167239,0.1672603691817558,0.025066967865031903,False
부산,2021,3-3. 아동안전 수준,80.07519617750934,80.18694119747813,2022.0,0.11174501996879371,2023,2024.0,0.1672603691817558,0.2941659041494488,0.12690553496769302,False
서울,2016,3-3. 아동안전 수준,34.876316392172484,48.35173880013909,2017.0,13.475422407966605,2018,2019.0,0.5630019418467553,0.3867920232376535,-0.17620991860910185,False
서울,2017,3-3. 아동안전 수준,48.35173880013909,62.93178796380554,2018.0,14.580049163666452,2019,2020.0,0.3867920232376535,0.5898150465210348,0.2030230232833813,True
서울,2018,3-3. 아동안전 수준,62.93178796380554,65.18833330511109,2019.0,2.2565453413055465,2020,2021.0,0.5898150465210348,0.7294239464732267,0.13960889995219194,True
서울,2019,3-3. 아동안전 수준,65.18833330511109,77.07890536786002,2020.0,11.89057206274893,2021,2022.0,0.7294239464732267,0.977108860859962,0.24768491438673523,False
서울,2020,3-3. 아동안전 수준,77.07890536786002,78.94968082956616,2021.0,1.8707754617061454,2022,2023.0,0.977108860859962,0.3392059761059673,-0.6379028847539947,False
서울,2021,3-3. 아동안전 수준,78.94968082956616,80.14796232556252,2022.0,1.1982814959963548,2023,2024.0,0.3392059761059673,0.4212874098315035,0.08208143372553617,False
세종,2016,3-3. 아동안전 수준,51.32466938765263,58.0307182763494,2017.0,6.70604888869677,2018,2019.0,1.4607181386822985,0.0,-1.4607181386822985,False
세종,2017,3-3. 아동안전 수준,58.0307182763494,71.9592380829598,2018.0,13.928519806610403,2019,2020.0,0.0,0.0267478016650506,0.0267478016650506,False
세종,2018,3-3. 아동안전 수준,71.9592380829598,81.52257717631197,2019.0,9.56333909335217,2020,2021.0,0.0267478016650506,0.0319150148746765,0.005167213209625904,False
세종,2019,3-3. 아동안전 수준,81.52257717631197,100.0,2020.0,18.47742282368803,2021,2022.0,0.0319150148746765,0.0,-0.0319150148746765,False
세종,2020,3-3. 아동안전 수준,100.0,93.12061631169352,2021.0,-6.879383688306476,2022,2023.0,0.0,0.0,0.0,False
세종,2021,3-3. 아동안전 수준,93.12061631169352,82.45456136985874,2022.0,-10.666054941834787,2023,2024.0,0.0,0.264714284845943,0.264714284845943,False
울산,2016,3-3. 아동안전 수준,32.07508779862313,50.546219430663974,2017.0,18.471131632040844,2018,2019.0,0.0162439546645992,0.0193411669731354,0.0030972123085361986,False
울산,2017,3-3. 아동안전 수준,50.546219430663974,65.71525333809902,2018.0,15.169033907435043,2019,2020.0,0.0193411669731354,0.005805826081964,-0.013535340891171399,False
울산,2018,3-3. 아동안전 수준,65.71525333809902,70.89346558149279,2019.0,5.178212243393773,2020,2021.0,0.005805826081964,0.0012271896130671,-0.0045786364688969,False
울산,2019,3-3. 아동안전 수준,70.89346558149279,87.17973323297979,2020.0,16.286267651486995,2021,2022.0,0.0012271896130671,0.001918759713721,0.0006915701006539,False
울산,2020,3-3. 아동안전 수준,87.17973323297979,85.64213661714149,2021.0,-1.5375966158382965,2022,2023.0,0.001918759713721,0.0021119507840927,0.0001931910703717001,False
울산,2021,3-3. 아동안전 수준,85.64213661714149,82.47352616617002,2022.0,-3.168610450971471,2023,2024.0,0.0021119507840927,0.0045560126405785,0.0024440618564858,False
인천,2016,3-3. 아동안전 수준,34.85373034569501,44.17363022908483,2017.0,9.319899883389816,2018,2019.0,0.0553750611361311,0.4409278761958367,0.38555281505970557,False
인천,2017,3-3. 아동안전 수준,44.17363022908483,53.96834469192585,2018.0,9.794714462841021,2019,2020.0,0.4409278761958367,0.3255497340492941,-0.11537814214654257,False
인천,2018,3-3. 아동안전 수준,53.96834469192585,62.91573269904093,2019.0,8.94738800711508,2020,2021.0,0.3255497340492941,0.2669173021040997,-0.05863243194519441,False
인천,2019,3-3. 아동안전 수준,62.91573269904093,77.390922964171,2020.0,14.475190265130067,2021,2022.0,0.2669173021040997,0.2605977777418363,-0.006319524362263407,False
인천,2020,3-3. 아동안전 수준,77.390922964171,79.42607290747648,2021.0,2.035149943305484,2022,2023.0,0.2605977777418363,0.296079728527898,0.0354819507860617,False
인천,2021,3-3. 아동안전 수준,79.42607290747648,81.42646347154104,2022.0,2.00039056406456,2023,2024.0,0.296079728527898,0.4270794282168099,0.1309996996889119,False
전남,2016,3-3. 아동안전 수준,19.787885108451835,31.23110753550664,2017.0,11.443222427054806,2018,2019.0,0.0418197731656657,0.005388452222282,-0.0364313209433837,False
전남,2017,3-3. 아동안전 수준,31.23110753550664,51.92523606383272,2018.0,20.69412852832608,2019,2020.0,0.005388452222282,0.0020644454682162,-0.0033240067540658003,False
전남,2018,3-3. 아동안전 수준,51.92523606383272,52.53166316752857,2019.0,0.6064271036958502,2020,2021.0,0.0020644454682162,0.0296100612511514,0.0275456157829352,False
전남,2019,3-3. 아동안전 수준,52.53166316752857,60.64034266210704,2020.0,8.108679494578467,2021,2022.0,0.0296100612511514,0.2016116358361384,0.172001574584987,False
전남,2020,3-3. 아동안전 수준,60.64034266210704,59.116283152208645,2021.0,-1.5240595098983931,2022,2023.0,0.2016116358361384,0.0018804137942731,-0.1997312220418653,False
전남,2021,3-3. 아동안전 수준,59.116283152208645,55.83913099662709,2022.0,-3.277152155581554,2023,2024.0,0.0018804137942731,0.0005339775645512,-0.0013464362297219,False
전북,2016,3-3. 아동안전 수준,29.5794959849715,44.04325782269614,2017.0,14.46376183772464,2018,2019.0,0.3716467017812955,0.0,-0.3716467017812955,False
전북,2017,3-3. 아동안전 수준,44.04325782269614,61.471280453090195,2018.0,17.428022630394054,2019,2020.0,0.0,0.0,0.0,False
전북,2018,3-3. 아동안전 수준,61.471280453090195,62.740902839632874,2019.0,1.2696223865426788,2020,2021.0,0.0,0.2620408093956702,0.2620408093956702,False
전북,2019,3-3. 아동안전 수준,62.740902839632874,69.84865590787905,2020.0,7.107753068246176,2021,2022.0,0.2620408093956702,0.0329424438830191,-0.22909836551265111,False
전북,2020,3-3. 아동안전 수준,69.84865590787905,70.52573995757314,2021.0,0.6770840496940878,2022,2023.0,0.0329424438830191,0.0308683313552125,-0.0020741125278065965,False
전북,2021,3-3. 아동안전 수준,70.52573995757314,68.99269906090923,2022.0,-1.5330408966639055,2023,2024.0,0.0308683313552125,0.02738630230775,-0.0034820290474625003,False
제주,2016,3-3. 아동안전 수준,12.925374122793585,24.319403389974717,2017.0,11.394029267181132,2018,2019.0,0.3406567373629235,0.7453362067088967,0.40467946934597315,False
제주,2017,3-3. 아동안전 수준,24.319403389974717,39.36478130389047,2018.0,15.04537791391575,2019,2020.0,0.7453362067088967,0.7571897506246632,0.01185354391576654,False
제주,2018,3-3. 아동안전 수준,39.36478130389047,42.717582938133496,2019.0,3.352801634243029,2020,2021.0,0.7571897506246632,1.451639002205776,0.6944492515811127,False
제주,2019,3-3. 아동안전 수준,42.717582938133496,59.50079635926041,2020.0,16.783213421126916,2021,2022.0,1.451639002205776,0.7241824256377005,-0.7274565765680754,False
제주,2020,3-3. 아동안전 수준,59.50079635926041,48.46459017123534,2021.0,-11.03620618802507,2022,2023.0,0.7241824256377005,0.5822909759854826,-0.1418914496522179,False
제주,2021,3-3. 아동안전 수준,48.46459017123534,47.44567966364062,2022.0,-1.0189105075947253,2023,2024.0,0.5822909759854826,0.5612806135700427,-0.021010362415439965,False
충남,2016,3-3. 아동안전 수준,35.1089156276808,46.36640218974969,2017.0,11.257486562068891,2018,2019.0,0.0055031781235828,0.00105016703183,-0.0044530110917528004,False
충남,2017,3-3. 아동안전 수준,46.36640218974969,59.889757605938755,2018.0,13.523355416189062,2019,2020.0,0.00105016703183,0.0065962227502319,0.0055460557184019,False
충남,2018,3-3. 아동안전 수준,59.889757605938755,59.2959678055697,2019.0,-0.593789800369052,2020,2021.0,0.0065962227502319,0.0491606772042897,0.04256445445405781,False
충남,2019,3-3. 아동안전 수준,59.2959678055697,68.3883315611416,2020.0,9.092363755571895,2021,2022.0,0.0491606772042897,0.0641875476157625,0.015026870411472791,False
충남,2020,3-3. 아동안전 수준,68.3883315611416,72.6546361110207,2021.0,4.266304549879095,2022,2023.0,0.0641875476157625,0.0743845563492532,0.010197008733490706,False
충남,2021,3-3. 아동안전 수준,72.6546361110207,75.79849850265587,2022.0,3.1438623916351816,2023,2024.0,0.0743845563492532,0.006786984825433,-0.0675975715238202,False
충북,2016,3-3. 아동안전 수준,16.943615246443184,26.57852912159067,2017.0,9.634913875147486,2018,2019.0,0.3967703117257762,0.3590270178724258,-0.0377432938533504,False
충북,2017,3-3. 아동안전 수준,26.57852912159067,38.2693387745511,2018.0,11.690809652960432,2019,2020.0,0.3590270178724258,0.0047398652144182,-0.3542871526580076,False
충북,2018,3-3. 아동안전 수준,38.2693387745511,43.08530688465137,2019.0,4.815968110100265,2020,2021.0,0.0047398652144182,0.0057096114047096,0.0009697461902913995,False
충북,2019,3-3. 아동안전 수준,43.08530688465137,57.90934409326699,2020.0,14.824037208615621,2021,2022.0,0.0057096114047096,0.0006703707960309,-0.0050392406086787,False
충북,2020,3-3. 아동안전 수준,57.90934409326699,60.06094713502119,2021.0,2.1516030417542,2022,2023.0,0.0006703707960309,0.0,-0.0006703707960309,False
충북,2021,3-3. 아동안전 수준,60.06094713502119,59.33859599560993,2022.0,-0.7223511394112592,2023,2024.0,0.0,0.0083277852481431,0.0083277852481431,False
강원,2016,4-1. 일·가정 양립 여건,18.862932732901783,32.77511961722488,2017.0,13.912186884323098,2018,2019.0,0.0112075269751164,0.0183830150877354,0.007175488112619002,False
강원,2017,4-1. 일·가정 양립 여건,32.77511961722488,27.903828503036024,2018.0,-4.871291114188857,2019,2020.0,0.0183830150877354,0.0184510075061131,6.79924183776999e-05,False
강원,2018,4-1. 일·가정 양립 여건,27.903828503036024,33.15331877049661,2019.0,5.249490267460587,2020,2021.0,0.0184510075061131,0.0148348279083756,-0.0036161795977375007,False
강원,2019,4-1. 일·가정 양립 여건,33.15331877049661,50.00614610844014,2020.0,16.85282733794353,2021,2022.0,0.0148348279083756,0.1082115877256622,0.09337675981728659,False
강원,2020,4-1. 일·가정 양립 여건,50.00614610844014,48.68214740304379,2021.0,-1.323998705396349,2022,2023.0,0.1082115877256622,0.0069404244050137,-0.10127116332064849,False
강원,2021,4-1. 일·가정 양립 여건,48.68214740304379,63.02686467919045,2022.0,14.34471727614666,2023,2024.0,0.0069404244050137,0.0122046907744742,0.0052642663694605005,False
경기,2016,4-1. 일·가정 양립 여건,22.541514213340836,29.361103292991828,2017.0,6.819589079650992,2018,2019.0,0.1067172686270205,0.0310356678743807,-0.0756816007526398,True
경기,2017,4-1. 일·가정 양립 여건,29.361103292991828,23.029136006012884,2018.0,-6.331967286978944,2019,2020.0,0.0310356678743807,0.0255246997946122,-0.005510968079768499,False
경기,2018,4-1. 일·가정 양립 여건,23.029136006012884,23.899338852291045,2019.0,0.8702028462781612,2020,2021.0,0.0255246997946122,0.0704861031133999,0.044961403318787695,False
경기,2019,4-1. 일·가정 양립 여건,23.899338852291045,37.81813085297097,2020.0,13.918792000679922,2021,2022.0,0.0704861031133999,0.0313490995467597,-0.0391370035666402,False
경기,2020,4-1. 일·가정 양립 여건,37.81813085297097,34.54718703428592,2021.0,-3.2709438186850477,2022,2023.0,0.0313490995467597,0.0515082440865638,0.0201591445398041,False
경기,2021,4-1. 일·가정 양립 여건,34.54718703428592,49.73883723656126,2022.0,15.19165020227534,2023,2024.0,0.0515082440865638,0.0463922064566056,-0.0051160376299582005,False
경남,2016,4-1. 일·가정 양립 여건,8.789755136504379,19.589079650999167,2017.0,10.799324514494788,2018,2019.0,0.0,0.1083677722440041,0.1083677722440041,False
경남,2017,4-1. 일·가정 양립 여건,19.589079650999167,16.792269854332247,2018.0,-2.7968097966669205,2019,2020.0,0.1083677722440041,0.1256108489944691,0.017243076750464992,False
경남,2018,4-1. 일·가정 양립 여건,16.792269854332247,16.88671434391443,2019.0,0.09444448958218388,2020,2021.0,0.1256108489944691,0.092763576603542,-0.03284727239092709,False
경남,2019,4-1. 일·가정 양립 여건,16.88671434391443,32.93303852230283,2020.0,16.0463241783884,2021,2022.0,0.092763576603542,0.106839640435445,0.014076063831903005,False
경남,2020,4-1. 일·가정 양립 여건,32.93303852230283,31.113255454279106,2021.0,-1.8197830680237246,2022,2023.0,0.106839640435445,0.0618663291797202,-0.0449733112557248,False
경남,2021,4-1. 일·가정 양립 여건,31.113255454279106,44.5366208107849,2022.0,13.423365356505798,2023,2024.0,0.0618663291797202,0.0484516625378822,-0.013414666641838005,False
경북,2016,4-1. 일·가정 양립 여건,12.0349000844357,18.173374613003087,2017.0,6.138474528567388,2018,2019.0,0.0378318072628225,0.2125647493729452,0.1747329421101227,False
경북,2017,4-1. 일·가정 양립 여건,18.173374613003087,16.59984982011859,2018.0,-1.5735247928844984,2019,2020.0,0.2125647493729452,0.1339874257372992,-0.07857732363564601,False
경북,2018,4-1. 일·가정 양립 여건,16.59984982011859,18.438546912618975,2019.0,1.8386970925003858,2020,2021.0,0.1339874257372992,0.071944118858935,-0.06204330687836419,False
경북,2019,4-1. 일·가정 양립 여건,18.438546912618975,36.173990559761705,2020.0,17.73544364714273,2021,2022.0,0.071944118858935,0.0760300017008435,0.0040858828419085,True
경북,2020,4-1. 일·가정 양립 여건,36.173990559761705,33.42337582934511,2021.0,-2.7506147304165935,2022,2023.0,0.0760300017008435,0.0941638933130133,0.0181338916121698,True
경북,2021,4-1. 일·가정 양립 여건,33.42337582934511,48.300995385854854,2022.0,14.877619556509742,2023,2024.0,0.0941638933130133,0.0771899320305234,-0.01697396128248989,False
광주,2016,4-1. 일·가정 양립 여건,24.514494793132567,28.90796509991557,2017.0,4.393470306783005,2018,2019.0,0.16814448921108,0.0833617486298619,-0.0847827405812181,False
광주,2017,4-1. 일·가정 양립 여건,28.90796509991557,25.352284454451645,2018.0,-3.5556806454639265,2019,2020.0,0.0833617486298619,0.1966926869350863,0.1133309383052244,False
광주,2018,4-1. 일·가정 양립 여건,25.352284454451645,25.840701695316593,2019.0,0.48841724086494764,2020,2021.0,0.1966926869350863,0.0928775639694221,-0.1038151229656642,False
광주,2019,4-1. 일·가정 양립 여건,25.840701695316593,41.822147125262184,2020.0,15.981445429945591,2021,2022.0,0.0928775639694221,0.0583286209242445,-0.034548943045177596,True
광주,2020,4-1. 일·가정 양립 여건,41.822147125262184,41.7550636977134,2021.0,-0.0670834275487806,2022,2023.0,0.0583286209242445,0.0134825621443974,-0.0448460587798471,True
광주,2021,4-1. 일·가정 양립 여건,41.7550636977134,56.98350036937628,2022.0,15.228436671662877,2023,2024.0,0.0134825621443974,0.0425471221465023,0.029064560002104903,False
대구,2016,4-1. 일·가정 양립 여건,22.580917534477923,26.194764987334647,2017.0,3.6138474528567244,2018,2019.0,0.0313096992333616,0.0284274629678497,-0.002882236265511897,False
대구,2017,4-1. 일·가정 양립 여건,26.194764987334647,19.762053647026963,2018.0,-6.432711340307684,2019,2020.0,0.0284274629678497,0.0327552956554142,0.004327832687564499,False
대구,2018,4-1. 일·가정 양립 여건,19.762053647026963,23.545930761924705,2019.0,3.7838771148977415,2020,2021.0,0.0327552956554142,0.0226420499834805,-0.0101132456719337,False
대구,2019,4-1. 일·가정 양립 여건,23.545930761924705,40.931496379835664,2020.0,17.38556561791096,2021,2022.0,0.0226420499834805,0.0172370819958084,-0.0054049679876721005,False
대구,2020,4-1. 일·가정 양립 여건,40.931496379835664,35.22610024767871,2021.0,-5.705396132156956,2022,2023.0,0.0172370819958084,0.0136105787203237,-0.003626503275484699,False
대구,2021,4-1. 일·가정 양립 여건,35.22610024767871,48.94576980203338,2022.0,13.719669554354674,2023,2024.0,0.0136105787203237,0.0144294672893455,0.0008188885690218004,False
대전,2016,4-1. 일·가정 양립 여건,25.930199831128615,34.39909935265973,2017.0,8.468899521531117,2018,2019.0,0.2490737663281134,0.4104582185062356,0.1613844521781222,True
대전,2017,4-1. 일·가정 양립 여건,34.39909935265973,43.771271282057626,2018.0,9.372171929397894,2019,2020.0,0.4104582185062356,0.3915845389023932,-0.018873679603842397,False
대전,2018,4-1. 일·가정 양립 여건,43.771271282057626,42.12756824524415,2019.0,-1.643703036813477,2020,2021.0,0.3915845389023932,0.3458906797110602,-0.04569385919133301,False
대전,2019,4-1. 일·가정 양립 여건,42.12756824524415,58.88866395513767,2020.0,16.761095709893524,2021,2022.0,0.3458906797110602,0.0211247946913191,-0.3247658850197411,False
대전,2020,4-1. 일·가정 양립 여건,58.88866395513767,56.37789711223377,2021.0,-2.510766842903905,2022,2023.0,0.0211247946913191,0.0322331520423056,0.011108357350986496,False
대전,2021,4-1. 일·가정 양립 여건,56.37789711223377,70.90102661355255,2022.0,14.523129501318778,2023,2024.0,0.0322331520423056,0.0276195305276344,-0.004613621514671196,False
부산,2016,4-1. 일·가정 양립 여건,24.565156206023076,29.84238671545172,2017.0,5.2772305094286445,2018,2019.0,0.0340788836475167,0.0601485776781857,0.026069694030669,False
부산,2017,4-1. 일·가정 양립 여건,29.84238671545172,26.473090397079904,2018.0,-3.3692963183718163,2019,2020.0,0.0601485776781857,0.0439284575702612,-0.016220120107924493,False
부산,2018,4-1. 일·가정 양립 여건,26.473090397079904,28.08202826726422,2019.0,1.6089378701843167,2020,2021.0,0.0439284575702612,0.0432693783580253,-0.0006590792122359024,False
부산,2019,4-1. 일·가정 양립 여건,28.08202826726422,45.74721316218803,2020.0,17.66518489492381,2021,2022.0,0.0432693783580253,0.0341182696048694,-0.009151108753155904,False
부산,2020,4-1. 일·가정 양립 여건,45.74721316218803,41.97717239653847,2021.0,-3.7700407656495614,2022,2023.0,0.0341182696048694,0.0304088707748055,-0.0037093988300638987,False
부산,2021,4-1. 일·가정 양립 여건,41.97717239653847,55.08511827467339,2022.0,13.10794587813492,2023,2024.0,0.0304088707748055,0.0250176530814556,-0.0053912176933498986,False
서울,2016,4-1. 일·가정 양립 여건,40.58260624824093,46.97438784126091,2017.0,6.391781593019985,2018,2019.0,0.0675358774835249,0.0865368647551702,0.0190009872716453,False
서울,2017,4-1. 일·가정 양립 여건,46.97438784126091,39.074502162562936,2018.0,-7.899885678697977,2019,2020.0,0.0865368647551702,0.1788389306983419,0.0923020659431717,False
서울,2018,4-1. 일·가정 양립 여건,39.074502162562936,39.46528539012872,2019.0,0.3907832275657839,2020,2021.0,0.1788389306983419,0.0757860310380056,-0.10305289966033629,False
서울,2019,4-1. 일·가정 양립 여건,39.46528539012872,54.40673070828132,2020.0,14.941445318152603,2021,2022.0,0.0757860310380056,0.0785155445007143,0.0027295134627086937,False
서울,2020,4-1. 일·가정 양립 여건,54.40673070828132,49.369600861791106,2021.0,-5.037129846490217,2022,2023.0,0.0785155445007143,0.1159751534388683,0.037459608938154004,False
서울,2021,4-1. 일·가정 양립 여건,49.369600861791106,62.37409149204299,2022.0,13.004490630251887,2023,2024.0,0.1159751534388683,0.0774316736795724,-0.038543479759295896,False
세종,2016,4-1. 일·가정 양립 여건,38.5280045032367,41.933577258654665,2017.0,3.405572755417964,2018,2019.0,0.0,0.0,0.0,True
세종,2017,4-1. 일·가정 양립 여건,41.933577258654665,62.84620948636736,2018.0,20.91263222771269,2019,2020.0,0.0,0.0,0.0,False
세종,2018,4-1. 일·가정 양립 여건,62.84620948636736,63.77542559792893,2019.0,0.9292161115615727,2020,2021.0,0.0,0.9078681909885676,0.9078681909885676,False
세종,2019,4-1. 일·가정 양립 여건,63.77542559792893,70.71582700065672,2020.0,6.940401402727787,2021,2022.0,0.9078681909885676,0.6834971536083115,-0.2243710373802561,False
세종,2020,4-1. 일·가정 양립 여건,70.71582700065672,66.31524750228262,2021.0,-4.4005794983741,2022,2023.0,0.6834971536083115,0.6964921040153492,0.012994950407037686,False
세종,2021,4-1. 일·가정 양립 여건,66.31524750228262,78.74561750505313,2022.0,12.430370002770516,2023,2024.0,0.6964921040153492,0.6081438392384982,-0.08834826477685098,False
울산,2016,4-1. 일·가정 양립 여건,4.064171122994646,15.826062482409236,2017.0,11.76189135941459,2018,2019.0,0.0106535027345748,0.0678342377898372,0.0571807350552624,False
울산,2017,4-1. 일·가정 양립 여건,15.826062482409236,14.764674953133609,2018.0,-1.0613875292756276,2019,2020.0,0.0678342377898372,0.2885656835682865,0.22073144577844928,False
울산,2018,4-1. 일·가정 양립 여건,14.764674953133609,14.933294921236069,2019.0,0.16861996810246005,2020,2021.0,0.2885656835682865,0.0095107195012701,-0.2790549640670164,False
울산,2019,4-1. 일·가정 양립 여건,14.933294921236069,27.988592075814463,2020.0,13.055297154578394,2021,2022.0,0.0095107195012701,0.0317661330382707,0.022255413537000602,False
울산,2020,4-1. 일·가정 양립 여건,27.988592075814463,27.42530380202843,2021.0,-0.5632882737860321,2022,2023.0,0.0317661330382707,0.0041617853686534,-0.0276043476696173,False
울산,2021,4-1. 일·가정 양립 여건,27.42530380202843,42.850936857922854,2022.0,15.425633055894423,2023,2024.0,0.0041617853686534,0.0818511236462554,0.077689338277602,False
인천,2016,4-1. 일·가정 양립 여건,16.642274134534194,25.29974669293555,2017.0,8.657472558401356,2018,2019.0,0.0209118243296694,0.0715852770139675,0.0506734526842981,True
인천,2017,4-1. 일·가정 양립 여건,25.29974669293555,22.22425795453089,2018.0,-3.0754887384046583,2019,2020.0,0.0715852770139675,0.0276632184199377,-0.0439220585940298,False
인천,2018,4-1. 일·가정 양립 여건,22.22425795453089,26.39480316923069,2019.0,4.1705452146998,2020,2021.0,0.0276632184199377,0.0384811071377552,0.010817888717817498,False
인천,2019,4-1. 일·가정 양립 여건,26.39480316923069,41.07351551305128,2020.0,14.678712343820585,2021,2022.0,0.0384811071377552,0.0311117939981418,-0.007369313139613396,False
인천,2020,4-1. 일·가정 양립 여건,41.07351551305128,34.86107443605722,2021.0,-6.212441076994054,2022,2023.0,0.0311117939981418,0.0609837218796016,0.029871927881459797,False
인천,2021,4-1. 일·가정 양립 여건,34.86107443605722,51.802461371305185,2022.0,16.941386935247962,2023,2024.0,0.0609837218796016,0.0490323783139216,-0.011951343565679999,False
전남,2016,4-1. 일·가정 양립 여건,12.077117928511129,18.916408668730657,2017.0,6.839290740219528,2018,2019.0,4.5033037013837545,0.0493400444449926,-4.453963656938762,False
전남,2017,4-1. 일·가정 양립 여건,18.916408668730657,20.57565955630652,2018.0,1.6592508875758618,2019,2020.0,0.0493400444449926,0.0100505897794737,-0.0392894546655189,False
전남,2018,4-1. 일·가정 양립 여건,20.57565955630652,24.4989548389018,2019.0,3.92329528259528,2020,2021.0,0.0100505897794737,0.0092860406774757,-0.0007645491019980001,False
전남,2019,4-1. 일·가정 양립 여건,24.4989548389018,40.71688521141061,2020.0,16.217930372508814,2021,2022.0,0.0092860406774757,0.0088361693629821,-0.0004498713144935988,True
전남,2020,4-1. 일·가정 양립 여건,40.71688521141061,36.86383984560074,2021.0,-3.8530453658098764,2022,2023.0,0.0088361693629821,0.0175136578878381,0.008677488524856,True
전남,2021,4-1. 일·가정 양립 여건,36.86383984560074,52.01799717025247,2022.0,15.154157324651734,2023,2024.0,0.0175136578878381,0.0102218562356946,-0.0072918016521434995,False
전북,2016,4-1. 일·가정 양립 여건,16.251055446101887,22.74134534196454,2017.0,6.490289895862652,2018,2019.0,0.0777665352860283,0.0620285645730978,-0.015737970712930496,True
전북,2017,4-1. 일·가정 양립 여건,22.74134534196454,21.50674527965577,2018.0,-1.2346000623087683,2019,2020.0,0.0620285645730978,0.0782797868213501,0.016251222248252303,False
전북,2018,4-1. 일·가정 양립 여건,21.50674527965577,21.162689494794584,2019.0,-0.3440557848611867,2020,2021.0,0.0782797868213501,0.0182269496214507,-0.0600528371998994,False
전북,2019,4-1. 일·가정 양립 여건,21.162689494794584,35.5858365485604,2020.0,14.423147053765817,2021,2022.0,0.0182269496214507,0.0262516249342577,0.008024675312807001,False
전북,2020,4-1. 일·가정 양립 여건,35.5858365485604,37.13158046292696,2021.0,1.545743914366561,2022,2023.0,0.0262516249342577,0.0218155995635396,-0.004436025370718102,False
전북,2021,4-1. 일·가정 양립 여건,37.13158046292696,50.58715721950986,2022.0,13.4555767565829,2023,2024.0,0.0218155995635396,0.0236835624549165,0.0018679628913769002,False
제주,2016,4-1. 일·가정 양립 여건,34.59893048128344,39.09653813678582,2017.0,4.497607655502378,2018,2019.0,0.5662542316483897,2.444400908451062,1.8781466768026722,True
제주,2017,4-1. 일·가정 양립 여건,39.09653813678582,34.931254422777016,2018.0,-4.165283714008801,2019,2020.0,2.444400908451062,0.0783891039145558,-2.366011804536506,False
제주,2018,4-1. 일·가정 양립 여건,34.931254422777016,39.46197309000668,2019.0,4.530718667229664,2020,2021.0,0.0783891039145558,0.0880039289496021,0.009614825035046307,False
제주,2019,4-1. 일·가정 양립 여건,39.46197309000668,56.81823955440812,2020.0,17.356266464401443,2021,2022.0,0.0880039289496021,0.0821316829318426,-0.0058722460177595,False
제주,2020,4-1. 일·가정 양립 여건,56.81823955440812,56.68464322720748,2021.0,-0.1335963272006424,2022,2023.0,0.0821316829318426,0.0792673503267908,-0.0028643326050517975,False
제주,2021,4-1. 일·가정 양립 여건,56.68464322720748,70.62923753724533,2022.0,13.94459431003785,2023,2024.0,0.0792673503267908,0.018620231311017,-0.0606471190157738,False
충남,2016,4-1. 일·가정 양립 여건,11.54798761609908,18.936110329299183,2017.0,7.388122713200103,2018,2019.0,0.0272101584999375,0.0110543898087369,-0.016155768691200598,True
충남,2017,4-1. 일·가정 양립 여건,18.936110329299183,19.095515238912004,2018.0,0.15940490961282094,2019,2020.0,0.0110543898087369,0.0194378053384493,0.008383415529712399,True
충남,2018,4-1. 일·가정 양립 여건,19.095515238912004,20.994397607168366,2019.0,1.8988823682563627,2020,2021.0,0.0194378053384493,0.0548269240898491,0.0353891187513998,True
충남,2019,4-1. 일·가정 양립 여건,20.994397607168366,38.34667507175422,2020.0,17.352277464585853,2021,2022.0,0.0548269240898491,0.0463110156629613,-0.008515908426887799,False
충남,2020,4-1. 일·가정 양립 여건,38.34667507175422,35.81779830269397,2021.0,-2.528876769060247,2022,2023.0,0.0463110156629613,0.0473463604699214,0.0010353448069600965,False
충남,2021,4-1. 일·가정 양립 여건,35.81779830269397,49.439076924878954,2022.0,13.621278622184981,2023,2024.0,0.0473463604699214,0.0,-0.0473463604699214,False
충북,2016,4-1. 일·가정 양립 여건,17.343090346186326,23.368983957219257,2017.0,6.025893611032931,2018,2019.0,0.0183860200058283,0.046368499674845,0.0279824796690167,True
충북,2017,4-1. 일·가정 양립 여건,23.368983957219257,29.75338557412457,2018.0,6.384401616905315,2019,2020.0,0.046368499674845,0.0371674796691574,-0.0092010200056876,False
충북,2018,4-1. 일·가정 양립 여건,29.75338557412457,31.790120621953353,2019.0,2.036735047828781,2020,2021.0,0.0371674796691574,0.0311874056917629,-0.005980073977394501,False
충북,2019,4-1. 일·가정 양립 여건,31.790120621953353,46.622307474243506,2020.0,14.832186852290153,2021,2022.0,0.0311874056917629,0.033003695030198,0.001816289338435105,False
충북,2020,4-1. 일·가정 양립 여건,46.622307474243506,46.32683619148994,2021.0,-0.29547128275356727,2022,2023.0,0.033003695030198,0.0159988736792929,-0.017004821350905103,False
충북,2021,4-1. 일·가정 양립 여건,46.32683619148994,57.15222143461236,2022.0,10.825385243122419,2023,2024.0,0.0159988736792929,0.0220867347885534,0.0060878611092605,False
강원,2016,4-2. 사회적 가치관,52.59750797948196,54.68770029737093,2017.0,2.0901923178889703,2018,2019.0,0.003175465976283,0.0597447990351401,0.0565693330588571,False
강원,2017,4-2. 사회적 가치관,54.68770029737093,56.77789261525989,2018.0,2.090192317888956,2019,2020.0,0.0597447990351401,0.0704247246204026,0.010679925585262498,False
강원,2018,4-2. 사회적 가치관,56.77789261525989,59.90181111698443,2019.0,3.123918501724546,2020,2021.0,0.0704247246204026,0.0254021025828349,-0.0450226220375677,False
강원,2019,4-2. 사회적 가치관,59.90181111698443,63.025729618708944,2020.0,3.1239185017245106,2021,2022.0,0.0254021025828349,0.0883894538979416,0.0629873513151067,False
강원,2020,4-2. 사회적 가치관,63.025729618708944,60.47996702925007,2021.0,-2.5457625894588745,2022,2023.0,0.0883894538979416,0.0281106575063404,-0.060278796391601205,False
강원,2021,4-2. 사회적 가치관,60.47996702925007,57.93420443979114,2022.0,-2.5457625894589313,2023,2024.0,0.0281106575063404,0.4191720731478299,0.3910614156414895,False
경기,2016,4-2. 사회적 가치관,40.303856711320385,40.64678584999992,2017.0,0.342929138679537,2018,2019.0,0.0196129799692706,0.0141407852880288,-0.0054721946812418005,True
경기,2017,4-2. 사회적 가치관,40.64678584999992,40.98971498867945,2018.0,0.3429291386795299,2019,2020.0,0.0141407852880288,0.4038017343615476,0.3896609490735188,False
경기,2018,4-2. 사회적 가치관,40.98971498867945,44.48384555603792,2019.0,3.494130567358468,2020,2021.0,0.4038017343615476,0.0168590439722959,-0.38694269038925166,False
경기,2019,4-2. 사회적 가치관,44.48384555603792,47.97797612339636,2020.0,3.4941305673584395,2021,2022.0,0.0168590439722959,0.0372651705308003,0.0204061265585044,False
경기,2020,4-2. 사회적 가치관,47.97797612339636,43.257337031313575,2021.0,-4.720639092082784,2022,2023.0,0.0372651705308003,0.0156201517702458,-0.0216450187605545,False
경기,2021,4-2. 사회적 가치관,43.257337031313575,38.53669793923081,2022.0,-4.720639092082763,2023,2024.0,0.0156201517702458,0.0221687025238677,0.006548550753621901,True
경남,2016,4-2. 사회적 가치관,48.83458094317528,49.65667955250468,2017.0,0.8220986093293945,2018,2019.0,0.0001500609247354,0.039489950902476,0.0393398899777406,False
경남,2017,4-2. 사회적 가치관,49.65667955250468,50.47877816183404,2018.0,0.8220986093293661,2019,2020.0,0.039489950902476,0.0631257117802524,0.023635760877776406,False
경남,2018,4-2. 사회적 가치관,50.47877816183404,57.49043830791197,2019.0,7.011660146077929,2020,2021.0,0.0631257117802524,0.0143599245238926,-0.048765787256359806,False
경남,2019,4-2. 사회적 가치관,57.49043830791197,64.5020984539899,2020.0,7.011660146077929,2021,2022.0,0.0143599245238926,0.01470435805599,0.000344433532097399,False
경남,2020,4-2. 사회적 가치관,64.5020984539899,54.55779833089615,2021.0,-9.944300123093754,2022,2023.0,0.01470435805599,0.0154087992975642,0.0007044412415742,False
경남,2021,4-2. 사회적 가치관,54.55779833089615,44.61349820780233,2022.0,-9.944300123093818,2023,2024.0,0.0154087992975642,0.0123479977560792,-0.0030608015414849993,False
경북,2016,4-2. 사회적 가치관,60.070866111372666,57.49659176312784,2017.0,-2.5742743482448276,2018,2019.0,0.0650498024986682,0.0803221487093131,0.01527234621064491,False
경북,2017,4-2. 사회적 가치관,57.49659176312784,54.92231741488304,2018.0,-2.574274348244799,2019,2020.0,0.0803221487093131,0.1337984981770379,0.053476349467724796,False
경북,2018,4-2. 사회적 가치관,54.92231741488304,49.71995961107984,2019.0,-5.202357803803203,2020,2021.0,0.1337984981770379,0.0156889433827912,-0.1181095547942467,False
경북,2019,4-2. 사회적 가치관,49.71995961107984,44.517601807276584,2020.0,-5.2023578038032525,2021,2022.0,0.0156889433827912,0.0775792023624594,0.0618902589796682,False
경북,2020,4-2. 사회적 가치관,44.517601807276584,49.60700285980926,2021.0,5.089401052532679,2022,2023.0,0.0775792023624594,0.0223081542761502,-0.0552710480863092,False
경북,2021,4-2. 사회적 가치관,49.60700285980926,54.69640391234197,2022.0,5.089401052532708,2023,2024.0,0.0223081542761502,0.0499174688003512,0.027609314524201,False
광주,2016,4-2. 사회적 가치관,45.21020957484512,47.68582284818604,2017.0,2.475613273340919,2018,2019.0,0.0052110066239797,0.0113048457348103,0.0060938391108306,False
광주,2017,4-2. 사회적 가치관,47.68582284818604,50.16143612152694,2018.0,2.4756132733408975,2019,2020.0,0.0113048457348103,0.0528964667214461,0.0415916209866358,False
광주,2018,4-2. 사회적 가치관,50.16143612152694,59.27243146350169,2019.0,9.11099534197475,2020,2021.0,0.0528964667214461,0.0384847765063898,-0.014411690215056297,False
광주,2019,4-2. 사회적 가치관,59.27243146350169,68.38342680547647,2020.0,9.110995341974785,2021,2022.0,0.0384847765063898,0.015500716190498,-0.022984060315891803,False
광주,2020,4-2. 사회적 가치관,68.38342680547647,69.87579580723205,2021.0,1.492369001755577,2022,2023.0,0.015500716190498,0.0029416499224139,-0.0125590662680841,False
광주,2021,4-2. 사회적 가치관,69.87579580723205,71.36816480898761,2022.0,1.4923690017555629,2023,2024.0,0.0029416499224139,0.0037067568536725,0.0007651069312586,False
대구,2016,4-2. 사회적 가치관,41.84296720109421,41.42472875592035,2017.0,-0.41823844517386277,2018,2019.0,0.0276465335393921,0.0282009493187035,0.0005544157793113992,False
대구,2017,4-2. 사회적 가치관,41.42472875592035,41.00649031074651,2018.0,-0.41823844517384146,2019,2020.0,0.0282009493187035,0.0277279797083016,-0.00047296961040189933,False
대구,2018,4-2. 사회적 가치관,41.00649031074651,44.101948107884574,2019.0,3.0954577971380672,2020,2021.0,0.0277279797083016,0.0200543871282256,-0.007673592580076001,False
대구,2019,4-2. 사회적 가치관,44.101948107884574,47.1974059050227,2020.0,3.095457797138124,2021,2022.0,0.0200543871282256,0.016107755934014,-0.003946631194211601,False
대구,2020,4-2. 사회적 가치관,47.1974059050227,43.26395930182932,2021.0,-3.9334466031933815,2022,2023.0,0.016107755934014,0.0066754882007037,-0.009432267733310299,False
대구,2021,4-2. 사회적 가치관,43.26395930182932,39.33051269863595,2022.0,-3.9334466031933673,2023,2024.0,0.0066754882007037,0.0051257961660449,-0.0015496920346587994,False
대전,2016,4-2. 사회적 가치관,47.661077300812465,45.21278403942595,2017.0,-2.4482932613865174,2018,2019.0,0.0110755135530207,0.0706478583773179,0.05957234482429719,False
대전,2017,4-2. 사회적 가치관,45.21278403942595,42.76449077803942,2018.0,-2.4482932613865245,2019,2020.0,0.0706478583773179,0.0531356015743525,-0.017512256802965392,False
대전,2018,4-2. 사회적 가치관,42.76449077803942,48.21386094562168,2019.0,5.449370167582259,2020,2021.0,0.0531356015743525,0.0390135987055258,-0.0141220028688267,False
대전,2019,4-2. 사회적 가치관,48.21386094562168,53.663231113204,2020.0,5.449370167582316,2021,2022.0,0.0390135987055258,0.0146007650374385,-0.024412833668087303,False
대전,2020,4-2. 사회적 가치관,53.663231113204,57.98912634102812,2021.0,4.32589522782412,2022,2023.0,0.0146007650374385,0.1389134318980581,0.1243126668606196,False
대전,2021,4-2. 사회적 가치관,57.98912634102812,62.315021568852266,2022.0,4.325895227824148,2023,2024.0,0.1389134318980581,0.0620992036269275,-0.0768142282711306,False
부산,2016,4-2. 사회적 가치관,53.08654522860261,52.50486387025011,2017.0,-0.5816813583524976,2018,2019.0,1.47640998178189,0.0246692323196245,-1.4517407494622656,False
부산,2017,4-2. 사회적 가치관,52.50486387025011,51.92318251189765,2018.0,-0.581681358352462,2019,2020.0,0.0246692323196245,0.0112468298534935,-0.013422402466131,False
부산,2018,4-2. 사회적 가치관,51.92318251189765,54.71143270244337,2019.0,2.7882501905457175,2020,2021.0,0.0112468298534935,0.0265867502618178,0.0153399204083243,False
부산,2019,4-2. 사회적 가치관,54.71143270244337,57.499682892989114,2020.0,2.788250190545746,2021,2022.0,0.0265867502618178,0.0221194957632304,-0.004467254498587401,False
부산,2020,4-2. 사회적 가치관,57.499682892989114,48.22730183085562,2021.0,-9.27238106213349,2022,2023.0,0.0221194957632304,0.0381210977115993,0.0160016019483689,False
부산,2021,4-2. 사회적 가치관,48.22730183085562,38.95492076872214,2022.0,-9.272381062133483,2023,2024.0,0.0381210977115993,0.013738861150566,-0.024382236561033298,False
서울,2016,4-2. 사회적 가치관,34.135093628135934,35.81402270555238,2017.0,1.6789290774164485,2018,2019.0,0.0124652997008158,0.0051969517761809,-0.0072683479246349,False
서울,2017,4-2. 사회적 가치관,35.81402270555238,37.492951782968824,2018.0,1.6789290774164414,2019,2020.0,0.0051969517761809,0.0062897630960729,0.001092811319892,False
서울,2018,4-2. 사회적 가치관,37.492951782968824,40.733286462066246,2019.0,3.2403346790974226,2020,2021.0,0.0062897630960729,0.0032540444452,-0.0030357186508729,False
서울,2019,4-2. 사회적 가치관,40.733286462066246,43.97362114116368,2020.0,3.2403346790974368,2021,2022.0,0.0032540444452,0.0022619715125045,-0.0009920729326955,False
서울,2020,4-2. 사회적 가치관,43.97362114116368,36.56485899665679,2021.0,-7.408762144506895,2022,2023.0,0.0022619715125045,0.0712712599065367,0.0690092883940322,False
서울,2021,4-2. 사회적 가치관,36.56485899665679,29.156096852149886,2022.0,-7.408762144506902,2023,2024.0,0.0712712599065367,0.0563344670687586,-0.014936792837778094,False
세종,2016,4-2. 사회적 가치관,46.23525764621661,48.4564703162554,2017.0,2.2212126700387884,2018,2019.0,0.0353245562949314,0.0795090509089505,0.0441844946140191,True
세종,2017,4-2. 사회적 가치관,48.4564703162554,50.67768298629413,2018.0,2.2212126700387316,2019,2020.0,0.0795090509089505,0.0272254409804979,-0.052283609928452594,False
세종,2018,4-2. 사회적 가치관,50.67768298629413,53.109597777250976,2019.0,2.4319147909568457,2020,2021.0,0.0272254409804979,0.0319150148746765,0.004689573894178602,False
세종,2019,4-2. 사회적 가치관,53.109597777250976,55.541512568207786,2020.0,2.43191479095681,2021,2022.0,0.0319150148746765,0.0168604610947021,-0.015054553779974403,False
세종,2020,4-2. 사회적 가치관,55.541512568207786,49.11828546925655,2021.0,-6.423227098951237,2022,2023.0,0.0168604610947021,0.0125607232464445,-0.004299737848257601,False
세종,2021,4-2. 사회적 가치관,49.11828546925655,42.69505837030536,2022.0,-6.4232270989511875,2023,2024.0,0.0125607232464445,0.0121567983855771,-0.0004039248608673999,False
울산,2016,4-2. 사회적 가치관,35.30196041712811,30.855066623460843,2017.0,-4.446893793667265,2018,2019.0,0.0489428244439873,0.0821298829438938,0.0331870584999065,False
울산,2017,4-2. 사회적 가치관,30.855066623460843,26.408172829793585,2018.0,-4.4468937936672575,2019,2020.0,0.0821298829438938,0.0354800482786693,-0.046649834665224495,False
울산,2018,4-2. 사회적 가치관,26.408172829793585,33.51657413772688,2019.0,7.108401307933292,2020,2021.0,0.0354800482786693,0.0129877567382936,-0.022492291540375704,False
울산,2019,4-2. 사회적 가치관,33.51657413772688,40.62497544566017,2020.0,7.108401307933292,2021,2022.0,0.0129877567382936,0.0357102502275862,0.0227224934892926,False
울산,2020,4-2. 사회적 가치관,40.62497544566017,41.19868883600374,2021.0,0.5737133903435705,2022,2023.0,0.0357102502275862,0.0041617853686534,-0.0315484648589328,False
울산,2021,4-2. 사회적 가치관,41.19868883600374,41.77240222634732,2022.0,0.5737133903435776,2023,2024.0,0.0041617853686534,0.0121755510222356,0.008013765653582201,False
인천,2016,4-2. 사회적 가치관,41.91312571441239,42.389869197313,2017.0,0.4767434829006092,2018,2019.0,0.0060534228322727,0.0064567112600833,0.0004032884278106002,True
인천,2017,4-2. 사회적 가치관,42.389869197313,42.8666126802136,2018.0,0.4767434829006021,2019,2020.0,0.0064567112600833,0.0033311728987359,-0.0031255383613474,False
인천,2018,4-2. 사회적 가치관,42.8666126802136,47.30791670210839,2019.0,4.441304021894794,2020,2021.0,0.0033311728987359,0.0026319625164974,-0.0006992103822385,False
인천,2019,4-2. 사회적 가치관,47.30791670210839,51.74922072400319,2020.0,4.441304021894794,2021,2022.0,0.0026319625164974,0.0019767782468133,-0.0006551842696840998,True
인천,2020,4-2. 사회적 가치관,51.74922072400319,46.32109733377644,2021.0,-5.4281233902267445,2022,2023.0,0.0019767782468133,0.0021185977343305,0.00014181948751719985,True
인천,2021,4-2. 사회적 가치관,46.32109733377644,40.89297394354965,2022.0,-5.428123390226794,2023,2024.0,0.0021185977343305,0.0009531131853678,-0.0011654845489627,False
전남,2016,4-2. 사회적 가치관,73.54920886054998,70.14390324643676,2017.0,-3.4053056141132174,2018,2019.0,0.0151133868189416,0.032135950000357,0.0170225631814154,True
전남,2017,4-2. 사회적 가치관,70.14390324643676,66.73859763232352,2018.0,-3.405305614113246,2019,2020.0,0.032135950000357,0.0334657475900315,0.0013297975896744973,False
전남,2018,4-2. 사회적 가치관,66.73859763232352,69.12689049512286,2019.0,2.3882928627993465,2020,2021.0,0.0334657475900315,0.0147173065282666,-0.0187484410617649,False
전남,2019,4-2. 사회적 가치관,69.12689049512286,71.51518335792217,2020.0,2.388292862799304,2021,2022.0,0.0147173065282666,0.0542211434658342,0.039503836937567594,False
전남,2020,4-2. 사회적 가치관,71.51518335792217,70.8136499407579,2021.0,-0.7015334171642706,2022,2023.0,0.0542211434658342,0.0096970358410556,-0.0445241076247786,False
전남,2021,4-2. 사회적 가치관,70.8136499407579,70.11211652359364,2022.0,-0.7015334171642564,2023,2024.0,0.0096970358410556,0.0213972438366593,0.0117002079956037,True
전북,2016,4-2. 사회적 가치관,61.91340369444008,64.06476950503833,2017.0,2.15136581059825,2018,2019.0,0.0152218632604064,0.0173407558054859,0.0021188925450794996,False
전북,2017,4-2. 사회적 가치관,64.06476950503833,66.21613531563662,2018.0,2.1513658105982927,2019,2020.0,0.0173407558054859,0.0195699467053375,0.002229190899851602,False
전북,2018,4-2. 사회적 가치관,66.21613531563662,66.16251147756323,2019.0,-0.053623838073391994,2020,2021.0,0.0195699467053375,0.025517729470031,0.005947782764693498,False
전북,2019,4-2. 사회적 가치관,66.16251147756323,66.10888763948982,2020.0,-0.053623838073406205,2021,2022.0,0.025517729470031,0.0125944827270801,-0.0129232467429509,False
전북,2020,4-2. 사회적 가치관,66.10888763948982,62.68532939311024,2021.0,-3.423558246379585,2022,2023.0,0.0125944827270801,0.014951848000181,0.0023573652731008997,False
전북,2021,4-2. 사회적 가치관,62.68532939311024,59.26177114673068,2022.0,-3.4235582463795566,2023,2024.0,0.014951848000181,0.0140075347262854,-0.0009443132738955994,False
제주,2016,4-2. 사회적 가치관,56.1762135952194,60.59091850541982,2017.0,4.41470491020042,2018,2019.0,0.0023961256908075,0.008562078698564,0.0061659530077565,False
제주,2017,4-2. 사회적 가치관,60.59091850541982,65.00562341562026,2018.0,4.414704910200442,2019,2020.0,0.008562078698564,0.0071040125422566,-0.001458066156307401,False
제주,2018,4-2. 사회적 가치관,65.00562341562026,64.02265364163142,2019.0,-0.9829697739888417,2020,2021.0,0.0071040125422566,0.0765066414577992,0.06940262891554261,False
제주,2019,4-2. 사회적 가치관,64.02265364163142,63.03968386764265,2020.0,-0.9829697739887706,2021,2022.0,0.0765066414577992,0.0546449463773193,-0.0218616950804799,False
제주,2020,4-2. 사회적 가치관,63.03968386764265,56.299808104507214,2021.0,-6.739875763135437,2022,2023.0,0.0546449463773193,0.0537422664479751,-0.0009026799293442023,False
제주,2021,4-2. 사회적 가치관,56.299808104507214,49.55993234137183,2022.0,-6.739875763135387,2023,2024.0,0.0537422664479751,0.0400096252272623,-0.013732641220712799,False
충남,2016,4-2. 사회적 가치관,50.03602775172641,53.49276351750264,2017.0,3.45673576577623,2018,2019.0,0.0342802137281517,0.0239327539359154,-0.010347459792236304,False
충남,2017,4-2. 사회적 가치관,53.49276351750264,56.94949928327886,2018.0,3.456735765776223,2019,2020.0,0.0239327539359154,0.032840768586261,0.008908014650345599,True
충남,2018,4-2. 사회적 가치관,56.94949928327886,59.50140746074913,2019.0,2.551908177470267,2020,2021.0,0.032840768586261,0.0849937032833905,0.0521529346971295,True
충남,2019,4-2. 사회적 가치관,59.50140746074913,62.05331563821936,2020.0,2.5519081774702315,2021,2022.0,0.0849937032833905,0.0691665816831534,-0.015827121600237096,False
충남,2020,4-2. 사회적 가치관,62.05331563821936,55.30765127518557,2021.0,-6.745664363033789,2022,2023.0,0.0691665816831534,0.0625184485506818,-0.006648133132471604,False
충남,2021,4-2. 사회적 가치관,55.30765127518557,48.56198691215179,2022.0,-6.745664363033782,2023,2024.0,0.0625184485506818,0.0,-0.0625184485506818,False
충북,2016,4-2. 사회적 가치관,58.36178898162967,61.262166097974266,2017.0,2.9003771163445933,2018,2019.0,0.0297853524094419,0.0280348552998619,-0.0017504971095800015,True
충북,2017,4-2. 사회적 가치관,61.262166097974266,64.1625432143189,2018.0,2.900377116344636,2019,2020.0,0.0280348552998619,0.0351443664678813,0.007109511168019399,False
충북,2018,4-2. 사회적 가치관,64.1625432143189,55.46496771934651,2019.0,-8.69757549497239,2020,2021.0,0.0351443664678813,0.0132398347479021,-0.0219045317199792,False
충북,2019,4-2. 사회적 가치관,55.46496771934651,46.767392224374184,2020.0,-8.697575494972327,2021,2022.0,0.0132398347479021,0.0174832703604884,0.004243435612586301,False
충북,2020,4-2. 사회적 가치관,46.767392224374184,50.54370034365542,2021.0,3.7763081192812393,2022,2023.0,0.0174832703604884,0.0110392228387121,-0.006444047521776302,False
충북,2021,4-2. 사회적 가치관,50.54370034365542,54.32000846293672,2022.0,3.776308119281296,2023,2024.0,0.0110392228387121,0.0092782389992898,-0.0017609838394222997,False
