지역,연도,당해계획예산_백만원,분모대안,예산단계,행정범위,회계범위,금액기준,분모금액_원,분모금액_백만원,출처,계획예산_총세출비율_pct,100pct_초과
강원,2016,966330.0,광역본청_3개회계_순계,당초예산,광역본청,일반+기타특별+공기업특별,순계,2328171752000,2328171.752,행정안전부 지방재정365 기능별 회계별 세출예산,41.50595844872188,False
강원,2017,1189656.0,광역본청_3개회계_순계,당초예산,광역본청,일반+기타특별+공기업특별,순계,2050746180000,2050746.18,행정안전부 지방재정365 기능별 회계별 세출예산,58.01088460396401,False
강원,2018,1070709.0,광역본청_3개회계_순계,당초예산,광역본청,일반+기타특별+공기업특별,순계,1808573237000,1808573.237,행정안전부 지방재정365 기능별 회계별 세출예산,59.20186023409568,False
강원,2019,1610182.0,광역본청_3개회계_순계,당초예산,광역본청,일반+기타특별+공기업특별,순계,1976435466000,1976435.466,행정안전부 지방재정365 기능별 회계별 세출예산,81.46898938515608,False
강원,2020,1479594.0,광역본청_3개회계_순계,당초예산,광역본청,일반+기타특별+공기업특별,순계,2060572425000,2060572.425,행정안전부 지방재정365 기능별 회계별 세출예산,71.80499855519517,False
강원,2021,1968341.0,광역본청_3개회계_순계,당초예산,광역본청,일반+기타특별+공기업특별,순계,2148825123000,2148825.123,행정안전부 지방재정365 기능별 회계별 세출예산,91.6007998478711,False
강원,2022,1320745.8,광역본청_3개회계_순계,당초예산,광역본청,일반+기타특별+공기업특별,순계,2314141633000,2314141.633,행정안전부 지방재정365 기능별 회계별 세출예산,57.07281616500782,False
강원,2023,2579093.0,광역본청_3개회계_순계,당초예산,광역본청,일반+기타특별+공기업특별,순계,2444530582000,2444530.582,행정안전부 지방재정365 기능별 회계별 세출예산,105.50463221817856,True
강원,2024,2540007.0,광역본청_3개회계_순계,당초예산,광역본청,일반+기타특별+공기업특별,순계,2205610646000,2205610.646,행정안전부 지방재정365 기능별 회계별 세출예산,115.16116884031398,True
경기,2016,4814583.0,광역본청_3개회계_순계,당초예산,광역본청,일반+기타특별+공기업특별,순계,9260838527000,9260838.527,행정안전부 지방재정365 기능별 회계별 세출예산,51.98862917178687,False
경기,2017,5514545.0,광역본청_3개회계_순계,당초예산,광역본청,일반+기타특별+공기업특별,순계,7813979707000,7813979.707,행정안전부 지방재정365 기능별 회계별 세출예산,70.57280933376245,False
경기,2018,7061650.0,광역본청_3개회계_순계,당초예산,광역본청,일반+기타특별+공기업특별,순계,8763257796000,8763257.796,행정안전부 지방재정365 기능별 회계별 세출예산,80.58247474156585,False
경기,2019,8641670.0,광역본청_3개회계_순계,당초예산,광역본청,일반+기타특별+공기업특별,순계,9094144829000,9094144.829,행정안전부 지방재정365 기능별 회계별 세출예산,95.02454779962247,False
경기,2020,10166623.0,광역본청_3개회계_순계,당초예산,광역본청,일반+기타특별+공기업특별,순계,9552048255000,9552048.255,행정안전부 지방재정365 기능별 회계별 세출예산,106.43395770826744,True
경기,2021,10065813.95,광역본청_3개회계_순계,당초예산,광역본청,일반+기타특별+공기업특별,순계,9813905900000,9813905.9,행정안전부 지방재정365 기능별 회계별 세출예산,102.56684802734861,True
경기,2022,9215575.7,광역본청_3개회계_순계,당초예산,광역본청,일반+기타특별+공기업특별,순계,11223008405000,11223008.405,행정안전부 지방재정365 기능별 회계별 세출예산,82.11323887001936,False
경기,2023,12285412.0,광역본청_3개회계_순계,당초예산,광역본청,일반+기타특별+공기업특별,순계,10789510823000,10789510.823,행정안전부 지방재정365 기능별 회계별 세출예산,113.86440221007229,True
경기,2024,13821287.0,광역본청_3개회계_순계,당초예산,광역본청,일반+기타특별+공기업특별,순계,11799396643000,11799396.643,행정안전부 지방재정365 기능별 회계별 세출예산,117.13554021594392,True
경남,2016,1481184.0,광역본청_3개회계_순계,당초예산,광역본청,일반+기타특별+공기업특별,순계,2809103333000,2809103.333,행정안전부 지방재정365 기능별 회계별 세출예산,52.72799980690493,False
경남,2017,1707499.35,광역본청_3개회계_순계,당초예산,광역본청,일반+기타특별+공기업특별,순계,2403702656000,2403702.656,행정안전부 지방재정365 기능별 회계별 세출예산,71.03621347415111,False
경남,2018,1999188.0,광역본청_3개회계_순계,당초예산,광역본청,일반+기타특별+공기업특별,순계,2485662980000,2485662.98,행정안전부 지방재정365 기능별 회계별 세출예산,80.4287635164442,False
경남,2019,2831100.0,광역본청_3개회계_순계,당초예산,광역본청,일반+기타특별+공기업특별,순계,2699225176000,2699225.176,행정안전부 지방재정365 기능별 회계별 세출예산,104.88565478614223,True
경남,2020,1717208.36,광역본청_3개회계_순계,당초예산,광역본청,일반+기타특별+공기업특별,순계,2920548734000,2920548.734,행정안전부 지방재정365 기능별 회계별 세출예산,58.797456108465674,False
경남,2021,3255588.1419999995,광역본청_3개회계_순계,당초예산,광역본청,일반+기타특별+공기업특별,순계,3163472316000,3163472.316,행정안전부 지방재정365 기능별 회계별 세출예산,102.91185813557153,True
경남,2022,3325544.7,광역본청_3개회계_순계,당초예산,광역본청,일반+기타특별+공기업특별,순계,3204357810000,3204357.81,행정안전부 지방재정365 기능별 회계별 세출예산,103.78194000750499,True
경남,2023,3893879.0,광역본청_3개회계_순계,당초예산,광역본청,일반+기타특별+공기업특별,순계,3554161328000,3554161.328,행정안전부 지방재정365 기능별 회계별 세출예산,109.55830759070146,True
경남,2024,4041141.0,광역본청_3개회계_순계,당초예산,광역본청,일반+기타특별+공기업특별,순계,3448381889000,3448381.889,행정안전부 지방재정365 기능별 회계별 세출예산,117.18948567996033,True
경북,2016,1659180.0,광역본청_3개회계_순계,당초예산,광역본청,일반+기타특별+공기업특별,순계,2807859138000,2807859.138,행정안전부 지방재정365 기능별 회계별 세출예산,59.09057108832787,False
경북,2017,1817693.0,광역본청_3개회계_순계,당초예산,광역본청,일반+기타특별+공기업특별,순계,2460943973000,2460943.973,행정안전부 지방재정365 기능별 회계별 세출예산,73.8616165155581,False
경북,2018,2487285.0,광역본청_3개회계_순계,당초예산,광역본청,일반+기타특별+공기업특별,순계,2593593251000,2593593.251,행정안전부 지방재정365 기능별 회계별 세출예산,95.90112092715343,False
경북,2019,2232261.0,광역본청_3개회계_순계,당초예산,광역본청,일반+기타특별+공기업특별,순계,2730309440000,2730309.44,행정안전부 지방재정365 기능별 회계별 세출예산,81.75853503257126,False
경북,2020,2646517.0,광역본청_3개회계_순계,당초예산,광역본청,일반+기타특별+공기업특별,순계,2946741739000,2946741.739,행정안전부 지방재정365 기능별 회계별 세출예산,89.81163720503434,False
경북,2021,3199705.6,광역본청_3개회계_순계,당초예산,광역본청,일반+기타특별+공기업특별,순계,3042329485000,3042329.485,행정안전부 지방재정365 기능별 회계별 세출예산,105.17288202267152,True
경북,2022,3356569.7,광역본청_3개회계_순계,당초예산,광역본청,일반+기타특별+공기업특별,순계,3409579457000,3409579.457,행정안전부 지방재정365 기능별 회계별 세출예산,98.44526993230298,False
경북,2023,3406826.0,광역본청_3개회계_순계,당초예산,광역본청,일반+기타특별+공기업특별,순계,3562627405000,3562627.405,행정안전부 지방재정365 기능별 회계별 세출예산,95.6267836265634,False
경북,2024,4062706.0,광역본청_3개회계_순계,당초예산,광역본청,일반+기타특별+공기업특별,순계,3655350114000,3655350.114,행정안전부 지방재정365 기능별 회계별 세출예산,111.14410038151546,True
광주,2016,1102184.9,광역본청_3개회계_순계,당초예산,광역본청,일반+기타특별+공기업특별,순계,2188594131000,2188594.131,행정안전부 지방재정365 기능별 회계별 세출예산,50.36040645400048,False
광주,2017,1244520.8,광역본청_3개회계_순계,당초예산,광역본청,일반+기타특별+공기업특별,순계,2255831670000,2255831.67,행정안전부 지방재정365 기능별 회계별 세출예산,55.16904548112848,False
광주,2018,3239297.3600000003,광역본청_3개회계_순계,당초예산,광역본청,일반+기타특별+공기업특별,순계,2472277359000,2472277.359,행정안전부 지방재정365 기능별 회계별 세출예산,131.02483619840487,True
광주,2019,1088029.0,광역본청_3개회계_순계,당초예산,광역본청,일반+기타특별+공기업특별,순계,2771085018000,2771085.018,행정안전부 지방재정365 기능별 회계별 세출예산,39.26364557321568,False
광주,2020,194720.0,광역본청_3개회계_순계,당초예산,광역본청,일반+기타특별+공기업특별,순계,3087495945000,3087495.945,행정안전부 지방재정365 기능별 회계별 세출예산,6.306728930780831,False
광주,2021,824741.7,광역본청_3개회계_순계,당초예산,광역본청,일반+기타특별+공기업특별,순계,3430320115000,3430320.115,행정안전부 지방재정365 기능별 회계별 세출예산,24.042703664698646,False
광주,2022,870927.5,광역본청_3개회계_순계,당초예산,광역본청,일반+기타특별+공기업특별,순계,3693495210000,3693495.21,행정안전부 지방재정365 기능별 회계별 세출예산,23.580035995227405,False
광주,2023,1223803.0,광역본청_3개회계_순계,당초예산,광역본청,일반+기타특별+공기업특별,순계,3853982250000,3853982.25,행정안전부 지방재정365 기능별 회계별 세출예산,31.754245884240905,False
광주,2024,1240977.0,광역본청_3개회계_순계,당초예산,광역본청,일반+기타특별+공기업특별,순계,3546330256000,3546330.256,행정안전부 지방재정365 기능별 회계별 세출예산,34.99327221147561,False
대구,2016,774602.0,광역본청_3개회계_순계,당초예산,광역본청,일반+기타특별+공기업특별,순계,3842209086000,3842209.086,행정안전부 지방재정365 기능별 회계별 세출예산,20.160329192454572,False
대구,2017,959658.5,광역본청_3개회계_순계,당초예산,광역본청,일반+기타특별+공기업특별,순계,3980077765000,3980077.765,행정안전부 지방재정365 기능별 회계별 세출예산,24.11155149879339,False
대구,2018,1446836.0,광역본청_3개회계_순계,당초예산,광역본청,일반+기타특별+공기업특별,순계,4373159278000,4373159.278,행정안전부 지방재정365 기능별 회계별 세출예산,33.08445698007343,False
대구,2019,1765898.0,광역본청_3개회계_순계,당초예산,광역본청,일반+기타특별+공기업특별,순계,4728675815000,4728675.815,행정안전부 지방재정365 기능별 회계별 세출예산,37.344450520340864,False
대구,2020,1929459.0,광역본청_3개회계_순계,당초예산,광역본청,일반+기타특별+공기업특별,순계,5251995842000,5251995.842,행정안전부 지방재정365 기능별 회계별 세출예산,36.73763380713659,False
대구,2021,2164115.0,광역본청_3개회계_순계,당초예산,광역본청,일반+기타특별+공기업특별,순계,5119959513000,5119959.513,행정안전부 지방재정365 기능별 회계별 세출예산,42.26820533453699,False
대구,2022,2523629.0,광역본청_3개회계_순계,당초예산,광역본청,일반+기타특별+공기업특별,순계,5419966849000,5419966.849,행정안전부 지방재정365 기능별 회계별 세출예산,46.56170545518405,False
대구,2023,2696432.0,광역본청_3개회계_순계,당초예산,광역본청,일반+기타특별+공기업특별,순계,5618576659000,5618576.659,행정안전부 지방재정365 기능별 회계별 세출예산,47.99137154568812,False
대구,2024,2848338.0,광역본청_3개회계_순계,당초예산,광역본청,일반+기타특별+공기업특별,순계,5201207931000,5201207.931,행정안전부 지방재정365 기능별 회계별 세출예산,54.763009627503386,False
대전,2016,709547.0,광역본청_3개회계_순계,당초예산,광역본청,일반+기타특별+공기업특별,순계,2177126449000,2177126.449,행정안전부 지방재정365 기능별 회계별 세출예산,32.590987093373,False
대전,2017,935218.2,광역본청_3개회계_순계,당초예산,광역본청,일반+기타특별+공기업특별,순계,2033613199000,2033613.199,행정안전부 지방재정365 기능별 회계별 세출예산,45.9880079682744,False
대전,2018,997696.4,광역본청_3개회계_순계,당초예산,광역본청,일반+기타특별+공기업특별,순계,2331442036000,2331442.036,행정안전부 지방재정365 기능별 회계별 세출예산,42.793103349535734,False
대전,2019,685088.0,광역본청_3개회계_순계,당초예산,광역본청,일반+기타특별+공기업특별,순계,2559077361000,2559077.361,행정안전부 지방재정365 기능별 회계별 세출예산,26.770898388639996,False
대전,2020,1247751.0,광역본청_3개회계_순계,당초예산,광역본청,일반+기타특별+공기업특별,순계,2948766277000,2948766.277,행정안전부 지방재정365 기능별 회계별 세출예산,42.314340398298036,False
대전,2021,1337995.0,광역본청_3개회계_순계,당초예산,광역본청,일반+기타특별+공기업특별,순계,3073652815000,3073652.815,행정안전부 지방재정365 기능별 회계별 세출예산,43.53110388624032,False
대전,2022,1500606.3,광역본청_3개회계_순계,당초예산,광역본청,일반+기타특별+공기업특별,순계,3400234314000,3400234.314,행정안전부 지방재정365 기능별 회계별 세출예산,44.13243798586053,False
대전,2023,1222344.0,광역본청_3개회계_순계,당초예산,광역본청,일반+기타특별+공기업특별,순계,3442132528000,3442132.528,행정안전부 지방재정365 기능별 회계별 세출예산,35.51124165199487,False
대전,2024,1676350.0,광역본청_3개회계_순계,당초예산,광역본청,일반+기타특별+공기업특별,순계,3331125425000,3331125.425,행정안전부 지방재정365 기능별 회계별 세출예산,50.32383312315537,False
부산,2016,1757736.53,광역본청_3개회계_순계,당초예산,광역본청,일반+기타특별+공기업특별,순계,5644047813000,5644047.813,행정안전부 지방재정365 기능별 회계별 세출예산,31.143189927473426,False
부산,2017,3477747.6,광역본청_3개회계_순계,당초예산,광역본청,일반+기타특별+공기업특별,순계,5654456887000,5654456.887,행정안전부 지방재정365 기능별 회계별 세출예산,61.50453826954787,False
부산,2018,2341626.0,광역본청_3개회계_순계,당초예산,광역본청,일반+기타특별+공기업특별,순계,6053753021000,6053753.021,행정안전부 지방재정365 기능별 회계별 세출예산,38.680567110635025,False
부산,2019,2525413.0,광역본청_3개회계_순계,당초예산,광역본청,일반+기타특별+공기업특별,순계,6248140867000,6248140.867,행정안전부 지방재정365 기능별 회계별 세출예산,40.41863097770648,False
부산,2020,3494318.0,광역본청_3개회계_순계,당초예산,광역본청,일반+기타특별+공기업특별,순계,6678934971000,6678934.971,행정안전부 지방재정365 기능별 회계별 세출예산,52.318491124293956,False
부산,2021,3944822.1,광역본청_3개회계_순계,당초예산,광역본청,일반+기타특별+공기업특별,순계,6980091697000,6980091.697,행정안전부 지방재정365 기능별 회계별 세출예산,56.51533348330453,False
부산,2022,5106355.100000001,광역본청_3개회계_순계,당초예산,광역본청,일반+기타특별+공기업특별,순계,7440674001000,7440674.001,행정안전부 지방재정365 기능별 회계별 세출예산,68.62758802917214,False
부산,2023,4317819.0,광역본청_3개회계_순계,당초예산,광역본청,일반+기타특별+공기업특별,순계,7928919575000,7928919.575,행정안전부 지방재정365 기능별 회계별 세출예산,54.45658717001175,False
부산,2024,4796613.0,광역본청_3개회계_순계,당초예산,광역본청,일반+기타특별+공기업특별,순계,7862802382000,7862802.382,행정안전부 지방재정365 기능별 회계별 세출예산,61.00386054443763,False
서울,2016,4173074.0,광역본청_3개회계_순계,당초예산,광역본청,일반+기타특별+공기업특별,순계,15015285791000,15015285.791,행정안전부 지방재정365 기능별 회계별 세출예산,27.792171644853376,False
서울,2017,4761473.0,광역본청_3개회계_순계,당초예산,광역본청,일반+기타특별+공기업특별,순계,16555125401000,16555125.401,행정안전부 지방재정365 기능별 회계별 세출예산,28.76132245855647,False
서울,2018,5912413.0,광역본청_3개회계_순계,당초예산,광역본청,일반+기타특별+공기업특별,순계,17252608464000,17252608.464,행정안전부 지방재정365 기능별 회계별 세출예산,34.26967587154767,False
서울,2019,5907309.0,광역본청_3개회계_순계,당초예산,광역본청,일반+기타특별+공기업특별,순계,19799819232000,19799819.232,행정안전부 지방재정365 기능별 회계별 세출예산,29.83516632542153,False
서울,2020,6677517.0,광역본청_3개회계_순계,당초예산,광역본청,일반+기타특별+공기업특별,순계,21457489675000,21457489.675,행정안전부 지방재정365 기능별 회계별 세출예산,31.119749332933093,False
서울,2021,7529092.0,광역본청_3개회계_순계,당초예산,광역본청,일반+기타특별+공기업특별,순계,21103202922000,21103202.922,행정안전부 지방재정365 기능별 회계별 세출예산,35.67748472982248,False
서울,2022,7957659.899999999,광역본청_3개회계_순계,당초예산,광역본청,일반+기타특별+공기업특별,순계,23411790156000,23411790.156,행정안전부 지방재정365 기능별 회계별 세출예산,33.989967648674664,False
서울,2023,8314712.0,광역본청_3개회계_순계,당초예산,광역본청,일반+기타특별+공기업특별,순계,24604056704000,24604056.704,행정안전부 지방재정365 기능별 회계별 세출예산,33.79406940908341,False
서울,2024,4872683.0,광역본청_3개회계_순계,당초예산,광역본청,일반+기타특별+공기업특별,순계,23747969655000,23747969.655,행정안전부 지방재정365 기능별 회계별 세출예산,20.5183140739532,False
세종,2016,97707.0,광역본청_3개회계_순계,당초예산,광역본청,일반+기타특별+공기업특별,순계,1048827518000,1048827.518,행정안전부 지방재정365 기능별 회계별 세출예산,9.315831089778865,False
세종,2017,89445.0,광역본청_3개회계_순계,당초예산,광역본청,일반+기타특별+공기업특별,순계,1195710363000,1195710.363,행정안전부 지방재정365 기능별 회계별 세출예산,7.480490490655721,False
세종,2018,104743.0,광역본청_3개회계_순계,당초예산,광역본청,일반+기타특별+공기업특별,순계,1423054846000,1423054.846,행정안전부 지방재정365 기능별 회계별 세출예산,7.360433105893096,False
세종,2019,129545.0,광역본청_3개회계_순계,당초예산,광역본청,일반+기타특별+공기업특별,순계,1468577881000,1468577.881,행정안전부 지방재정365 기능별 회계별 세출예산,8.82111883040134,False
세종,2020,209363.0,광역본청_3개회계_순계,당초예산,광역본청,일반+기타특별+공기업특별,순계,1520953720000,1520953.72,행정안전부 지방재정365 기능별 회계별 세출예산,13.765244612439623,False
세종,2021,175466.0,광역본청_3개회계_순계,당초예산,광역본청,일반+기타특별+공기업특별,순계,1665746650000,1665746.65,행정안전부 지방재정365 기능별 회계별 세출예산,10.533774748999196,False
세종,2022,231310.4,광역본청_3개회계_순계,당초예산,광역본청,일반+기타특별+공기업특별,순계,1771604264000,1771604.264,행정안전부 지방재정365 기능별 회계별 세출예산,13.056550195794742,False
세종,2023,318453.0,광역본청_3개회계_순계,당초예산,광역본청,일반+기타특별+공기업특별,순계,1893247236000,1893247.236,행정안전부 지방재정365 기능별 회계별 세출예산,16.820465597130287,False
세종,2024,329034.0,광역본청_3개회계_순계,당초예산,광역본청,일반+기타특별+공기업특별,순계,1792182760000,1792182.76,행정안전부 지방재정365 기능별 회계별 세출예산,18.35939990852272,False
울산,2016,577145.0,광역본청_3개회계_순계,당초예산,광역본청,일반+기타특별+공기업특별,순계,1872538137000,1872538.137,행정안전부 지방재정365 기능별 회계별 세출예산,30.821535145054295,False
울산,2017,2222729.4,광역본청_3개회계_순계,당초예산,광역본청,일반+기타특별+공기업특별,순계,1980778581000,1980778.581,행정안전부 지방재정365 기능별 회계별 세출예산,112.21493514322285,True
울산,2018,948045.0,광역본청_3개회계_순계,당초예산,광역본청,일반+기타특별+공기업특별,순계,1953263992000,1953263.992,행정안전부 지방재정365 기능별 회계별 세출예산,48.53644995673478,False
울산,2019,356752.0,광역본청_3개회계_순계,당초예산,광역본청,일반+기타특별+공기업특별,순계,2111371212000,2111371.212,행정안전부 지방재정365 기능별 회계별 세출예산,16.896697178231683,False
울산,2020,1240133.6,광역본청_3개회계_순계,당초예산,광역본청,일반+기타특별+공기업특별,순계,2255521411000,2255521.411,행정안전부 지방재정365 기능별 회계별 세출예산,54.98212492916124,False
울산,2021,977844.0,광역본청_3개회계_순계,당초예산,광역본청,일반+기타특별+공기업특별,순계,2307167711000,2307167.711,행정안전부 지방재정365 기능별 회계별 세출예산,42.3828746968798,False
울산,2022,938106.0,광역본청_3개회계_순계,당초예산,광역본청,일반+기타특별+공기업특별,순계,2525314548000,2525314.548,행정안전부 지방재정365 기능별 회계별 세출예산,37.148085205582085,False
울산,2023,3219772.0,광역본청_3개회계_순계,당초예산,광역본청,일반+기타특별+공기업특별,순계,2537876127000,2537876.127,행정안전부 지방재정365 기능별 회계별 세출예산,126.8687610772423,True
울산,2024,1273043.0,광역본청_3개회계_순계,당초예산,광역본청,일반+기타특별+공기업특별,순계,2578157685000,2578157.685,행정안전부 지방재정365 기능별 회계별 세출예산,49.37801157030471,False
인천,2016,1094772.2,광역본청_3개회계_순계,당초예산,광역본청,일반+기타특별+공기업특별,순계,4873432227000,4873432.227,행정안전부 지방재정365 기능별 회계별 세출예산,22.464089967942833,False
인천,2017,1161639.0,광역본청_3개회계_순계,당초예산,광역본청,일반+기타특별+공기업특별,순계,4992425590000,4992425.59,행정안전부 지방재정365 기능별 회계별 세출예산,23.26802831727333,False
인천,2018,1453723.0,광역본청_3개회계_순계,당초예산,광역본청,일반+기타특별+공기업특별,순계,5210195125000,5210195.125,행정안전부 지방재정365 기능별 회계별 세출예산,27.90150781541027,False
인천,2019,2137311.0,광역본청_3개회계_순계,당초예산,광역본청,일반+기타특별+공기업특별,순계,5794671555000,5794671.555,행정안전부 지방재정365 기능별 회계별 세출예산,36.88407495944781,False
인천,2020,2761790.0,광역본청_3개회계_순계,당초예산,광역본청,일반+기타특별+공기업특별,순계,6262650593000,6262650.593,행정안전부 지방재정365 기능별 회계별 세출예산,44.099378673415956,False
인천,2021,3305518.2,광역본청_3개회계_순계,당초예산,광역본청,일반+기타특별+공기업특별,순계,6790107477000,6790107.477,행정안전부 지방재정365 기능별 회계별 세출예산,48.68138260250988,False
인천,2022,4451688.0,광역본청_3개회계_순계,당초예산,광역본청,일반+기타특별+공기업특별,순계,7440498623000,7440498.623,행정안전부 지방재정365 기능별 회계별 세출예산,59.830506335139745,False
인천,2023,4389696.0,광역본청_3개회계_순계,당초예산,광역본청,일반+기타특별+공기업특별,순계,7838060793000,7838060.793,행정안전부 지방재정365 기능별 회계별 세출예산,56.00487309208345,False
인천,2024,4721370.0,광역본청_3개회계_순계,당초예산,광역본청,일반+기타특별+공기업특별,순계,8387722142000,8387722.142,행정안전부 지방재정365 기능별 회계별 세출예산,56.289060606318785,False
전남,2016,1883686.0,광역본청_3개회계_순계,당초예산,광역본청,일반+기타특별+공기업특별,순계,2359273925000,2359273.925,행정안전부 지방재정365 기능별 회계별 세출예산,79.84176742003369,False
전남,2017,1392937.0,광역본청_3개회계_순계,당초예산,광역본청,일반+기타특별+공기업특별,순계,2091033506000,2091033.506,행정안전부 지방재정365 기능별 회계별 세출예산,66.61476231744324,False
전남,2018,1647546.0,광역본청_3개회계_순계,당초예산,광역본청,일반+기타특별+공기업특별,순계,2145008768000,2145008.768,행정안전부 지방재정365 기능별 회계별 세출예산,76.80835736332057,False
전남,2019,1540331.0,광역본청_3개회계_순계,당초예산,광역본청,일반+기타특별+공기업특별,순계,2278755881000,2278755.881,행정안전부 지방재정365 기능별 회계별 세출예산,67.5952616444394,False
전남,2020,1840688.0,광역본청_3개회계_순계,당초예산,광역본청,일반+기타특별+공기업특별,순계,2363657601000,2363657.601,행정안전부 지방재정365 기능별 회계별 세출예산,77.8745618325283,False
전남,2021,1966392.42,광역본청_3개회계_순계,당초예산,광역본청,일반+기타특별+공기업특별,순계,2588722601000,2588722.601,행정안전부 지방재정365 기능별 회계별 세출예산,75.95995102914466,False
전남,2022,2258897.4,광역본청_3개회계_순계,당초예산,광역본청,일반+기타특별+공기업특별,순계,2932912152000,2932912.152,행정안전부 지방재정365 기능별 회계별 세출예산,77.01892463637623,False
전남,2023,2712169.0,광역본청_3개회계_순계,당초예산,광역본청,일반+기타특별+공기업특별,순계,2970912082000,2970912.082,행정안전부 지방재정365 기능별 회계별 세출예산,91.29078630203638,False
전남,2024,2621833.0,광역본청_3개회계_순계,당초예산,광역본청,일반+기타특별+공기업특별,순계,2919897442000,2919897.442,행정안전부 지방재정365 기능별 회계별 세출예산,89.79195509703112,False
전북,2016,1401390.0,광역본청_3개회계_순계,당초예산,광역본청,일반+기타특별+공기업특별,순계,1835414968000,1835414.968,행정안전부 지방재정365 기능별 회계별 세출예산,76.35276078886156,False
전북,2017,1500137.7,광역본청_3개회계_순계,당초예산,광역본청,일반+기타특별+공기업특별,순계,1665563626000,1665563.626,행정안전부 지방재정365 기능별 회계별 세출예산,90.0678711147598,False
전북,2018,1629235.5,광역본청_3개회계_순계,당초예산,광역본청,일반+기타특별+공기업특별,순계,1798771544000,1798771.544,행정안전부 지방재정365 기능별 회계별 세출예산,90.57489848749798,False
전북,2019,1908798.0,광역본청_3개회계_순계,당초예산,광역본청,일반+기타특별+공기업특별,순계,1929357952000,1929357.952,행정안전부 지방재정365 기능별 회계별 세출예산,98.93436301031194,False
전북,2020,2018401.0,광역본청_3개회계_순계,당초예산,광역본청,일반+기타특별+공기업특별,순계,2045073826000,2045073.826,행정안전부 지방재정365 기능별 회계별 세출예산,98.69575241436786,False
전북,2021,2200038.999,광역본청_3개회계_순계,당초예산,광역본청,일반+기타특별+공기업특별,순계,2164966356000,2164966.356,행정안전부 지방재정365 기능별 회계별 세출예산,101.62000868525274,True
전북,2022,2540795.1,광역본청_3개회계_순계,당초예산,광역본청,일반+기타특별+공기업특별,순계,2330179567000,2330179.567,행정안전부 지방재정365 기능별 회계별 세출예산,109.03859668081968,True
전북,2023,2695319.0,광역본청_3개회계_순계,당초예산,광역본청,일반+기타특별+공기업특별,순계,2468040097000,2468040.097,행정안전부 지방재정365 기능별 회계별 세출예산,109.2088821116102,True
전북,2024,2862745.0,광역본청_3개회계_순계,당초예산,광역본청,일반+기타특별+공기업특별,순계,2415338392000,2415338.392,행정안전부 지방재정365 기능별 회계별 세출예산,118.5235580025509,True
제주,2016,542630.0,광역본청_3개회계_순계,당초예산,광역본청,일반+기타특별+공기업특별,순계,3890498595000,3890498.595,행정안전부 지방재정365 기능별 회계별 세출예산,13.947569617359031,False
제주,2017,542097.0,광역본청_3개회계_순계,당초예산,광역본청,일반+기타특별+공기업특별,순계,4285850389000,4285850.389,행정안전부 지방재정365 기능별 회계별 세출예산,12.648528315205262,False
제주,2018,2211904.0,광역본청_3개회계_순계,당초예산,광역본청,일반+기타특별+공기업특별,순계,4784074371000,4784074.371,행정안전부 지방재정365 기능별 회계별 세출예산,46.23473275014437,False
제주,2019,689085.0,광역본청_3개회계_순계,당초예산,광역본청,일반+기타특별+공기업특별,순계,5116992495000,5116992.495,행정안전부 지방재정365 기능별 회계별 세출예산,13.466601732821184,False
제주,2020,816440.0,광역본청_3개회계_순계,당초예산,광역본청,일반+기타특별+공기업특별,순계,5647320940000,5647320.94,행정안전부 지방재정365 기능별 회계별 세출예산,14.457120618329867,False
제주,2021,704514.0,광역본청_3개회계_순계,당초예산,광역본청,일반+기타특별+공기업특별,순계,5559803500000,5559803.5,행정안전부 지방재정365 기능별 회계별 세출예산,12.671562942827025,False
제주,2022,913167.7,광역본청_3개회계_순계,당초예산,광역본청,일반+기타특별+공기업특별,순계,6094351579000,6094351.579,행정안전부 지방재정365 기능별 회계별 세출예산,14.98383688835094,False
제주,2023,1002935.0,광역본청_3개회계_순계,당초예산,광역본청,일반+기타특별+공기업특별,순계,6701520126000,6701520.126,행정안전부 지방재정365 기능별 회계별 세출예산,14.965783600483363,False
제주,2024,1047248.0,광역본청_3개회계_순계,당초예산,광역본청,일반+기타특별+공기업특별,순계,6871871526000,6871871.526,행정안전부 지방재정365 기능별 회계별 세출예산,15.239632988447113,False
충남,2016,1317305.0,광역본청_3개회계_순계,당초예산,광역본청,일반+기타특별+공기업특별,순계,2282022992000,2282022.992,행정안전부 지방재정365 기능별 회계별 세출예산,57.72531673072644,False
충남,2017,1301513.7999999998,광역본청_3개회계_순계,당초예산,광역본청,일반+기타특별+공기업특별,순계,1690515286000,1690515.286,행정안전부 지방재정365 기능별 회계별 세출예산,76.98917665983174,False
충남,2018,1308334.9,광역본청_3개회계_순계,당초예산,광역본청,일반+기타특별+공기업특별,순계,1779478406000,1779478.406,행정안전부 지방재정365 기능별 회계별 세출예산,73.52350529169614,False
충남,2019,1809236.0,광역본청_3개회계_순계,당초예산,광역본청,일반+기타특별+공기업특별,순계,1976083419000,1976083.419,행정안전부 지방재정365 기능별 회계별 세출예산,91.55666115125679,False
충남,2020,1425058.0,광역본청_3개회계_순계,당초예산,광역본청,일반+기타특별+공기업특별,순계,2107005225000,2107005.225,행정안전부 지방재정365 기능별 회계별 세출예산,67.63428885184658,False
충남,2021,1253034.0,광역본청_3개회계_순계,당초예산,광역본청,일반+기타특별+공기업특별,순계,2270833471000,2270833.471,행정안전부 지방재정365 기능별 회계별 세출예산,55.17947555389014,False
충남,2022,1666990.0,광역본청_3개회계_순계,당초예산,광역본청,일반+기타특별+공기업특별,순계,2519271177000,2519271.177,행정안전부 지방재정365 기능별 회계별 세출예산,66.1695340787047,False
충남,2023,1693900.0,광역본청_3개회계_순계,당초예산,광역본청,일반+기타특별+공기업특별,순계,2668998442000,2668998.442,행정안전부 지방재정365 기능별 회계별 세출예산,63.46575454464054,False
충남,2024,1060854.0,광역본청_3개회계_순계,당초예산,광역본청,일반+기타특별+공기업특별,순계,2970639179000,2970639.179,행정안전부 지방재정365 기능별 회계별 세출예산,35.71130440544156,False
충북,2016,1198606.0,광역본청_3개회계_순계,당초예산,광역본청,일반+기타특별+공기업특별,순계,1500223877000,1500223.877,행정안전부 지방재정365 기능별 회계별 세출예산,79.89514221016493,False
충북,2017,1184144.7,광역본청_3개회계_순계,당초예산,광역본청,일반+기타특별+공기업특별,순계,1354099582000,1354099.582,행정안전부 지방재정365 기능별 회계별 세출예산,87.44886386059014,False
충북,2018,1087783.0,광역본청_3개회계_순계,당초예산,광역본청,일반+기타특별+공기업특별,순계,1432447733000,1432447.733,행정안전부 지방재정365 기능별 회계별 세출예산,75.93875678254852,False
충북,2019,1216343.0,광역본청_3개회계_순계,당초예산,광역본청,일반+기타특별+공기업특별,순계,1537805955000,1537805.955,행정안전부 지방재정365 기능별 회계별 세출예산,79.0960001192088,False
충북,2020,1730007.0,광역본청_3개회계_순계,당초예산,광역본청,일반+기타특별+공기업특별,순계,1673888173000,1673888.173,행정안전부 지방재정365 기능별 회계별 세출예산,103.3526031132308,True
충북,2021,1856518.64,광역본청_3개회계_순계,당초예산,광역본청,일반+기타특별+공기업특별,순계,1731662743000,1731662.743,행정안전부 지방재정365 기능별 회계별 세출예산,107.21017400788415,True
충북,2022,1864639.7,광역본청_3개회계_순계,당초예산,광역본청,일반+기타특별+공기업특별,순계,1925157519000,1925157.519,행정안전부 지방재정365 기능별 회계별 세출예산,96.85647442337937,False
충북,2023,1875132.0,광역본청_3개회계_순계,당초예산,광역본청,일반+기타특별+공기업특별,순계,2015300646000,2015300.646,행정안전부 지방재정365 기능별 회계별 세출예산,93.04477739943125,False
충북,2024,2209471.0,광역본청_3개회계_순계,당초예산,광역본청,일반+기타특별+공기업특별,순계,2184196899000,2184196.899,행정안전부 지방재정365 기능별 회계별 세출예산,101.1571347350402,True
강원,2016,966330.0,지역통합_3개회계_순계,당초예산,광역본청+기초,일반+기타특별+공기업특별,순계,9415973114000,9415973.114,행정안전부 지방재정365 기능별 회계별 세출예산,10.262667366405566,False
강원,2017,1189656.0,지역통합_3개회계_순계,당초예산,광역본청+기초,일반+기타특별+공기업특별,순계,9521900642000,9521900.642,행정안전부 지방재정365 기능별 회계별 세출예산,12.493892183169454,False
강원,2018,1070709.0,지역통합_3개회계_순계,당초예산,광역본청+기초,일반+기타특별+공기업특별,순계,10154992436000,10154992.436,행정안전부 지방재정365 기능별 회계별 세출예산,10.543671073592122,False
강원,2019,1610182.0,지역통합_3개회계_순계,당초예산,광역본청+기초,일반+기타특별+공기업특별,순계,11146370678000,11146370.678,행정안전부 지방재정365 기능별 회계별 세출예산,14.445796273203754,False
강원,2020,1479594.0,지역통합_3개회계_순계,당초예산,광역본청+기초,일반+기타특별+공기업특별,순계,12186115761000,12186115.761,행정안전부 지방재정365 기능별 회계별 세출예산,12.141637491539663,False
강원,2021,1968341.0,지역통합_3개회계_순계,당초예산,광역본청+기초,일반+기타특별+공기업특별,순계,12917687435000,12917687.435,행정안전부 지방재정365 기능별 회계별 세출예산,15.23756484977994,False
강원,2022,1320745.8,지역통합_3개회계_순계,당초예산,광역본청+기초,일반+기타특별+공기업특별,순계,13816924422000,13816924.422,행정안전부 지방재정365 기능별 회계별 세출예산,9.558898635191508,False
강원,2023,2579093.0,지역통합_3개회계_순계,당초예산,광역본청+기초,일반+기타특별+공기업특별,순계,14912819337000,14912819.337,행정안전부 지방재정365 기능별 회계별 세출예산,17.294469554801395,False
강원,2024,2540007.0,지역통합_3개회계_순계,당초예산,광역본청+기초,일반+기타특별+공기업특별,순계,14634273729000,14634273.729,행정안전부 지방재정365 기능별 회계별 세출예산,17.35656341432644,False
경기,2016,4814583.0,지역통합_3개회계_순계,당초예산,광역본청+기초,일반+기타특별+공기업특별,순계,36249467525000,36249467.525,행정안전부 지방재정365 기능별 회계별 세출예산,13.281803371813805,False
경기,2017,5514545.0,지역통합_3개회계_순계,당초예산,광역본청+기초,일반+기타특별+공기업특별,순계,38770100561000,38770100.561,행정안전부 지방재정365 기능별 회계별 세출예산,14.223705691254374,False
경기,2018,7061650.0,지역통합_3개회계_순계,당초예산,광역본청+기초,일반+기타특별+공기업특별,순계,43263494672000,43263494.672,행정안전부 지방재정365 기능별 회계별 세출예산,16.32242160171651,False
경기,2019,8641670.0,지역통합_3개회계_순계,당초예산,광역본청+기초,일반+기타특별+공기업특별,순계,46970041034000,46970041.034,행정안전부 지방재정365 기능별 회계별 세출예산,18.39825942188254,False
경기,2020,10166623.0,지역통합_3개회계_순계,당초예산,광역본청+기초,일반+기타특별+공기업특별,순계,50838024122000,50838024.122,행정안전부 지방재정365 기능별 회계별 세출예산,19.998068720378186,False
경기,2021,10065813.95,지역통합_3개회계_순계,당초예산,광역본청+기초,일반+기타특별+공기업특별,순계,51454732035000,51454732.035,행정안전부 지방재정365 기능별 회계별 세출예산,19.562465009346734,False
경기,2022,9215575.7,지역통합_3개회계_순계,당초예산,광역본청+기초,일반+기타특별+공기업특별,순계,56853640643000,56853640.643,행정안전부 지방재정365 기능별 회계별 세출예산,16.209297409584007,False
경기,2023,12285412.0,지역통합_3개회계_순계,당초예산,광역본청+기초,일반+기타특별+공기업특별,순계,58197529785000,58197529.785,행정안전부 지방재정365 기능별 회계별 세출예산,21.10985130363124,False
경기,2024,13821287.0,지역통합_3개회계_순계,당초예산,광역본청+기초,일반+기타특별+공기업특별,순계,60548416965000,60548416.965,행정안전부 지방재정365 기능별 회계별 세출예산,22.82683461070401,False
경남,2016,1481184.0,지역통합_3개회계_순계,당초예산,광역본청+기초,일반+기타특별+공기업특별,순계,14026791169000,14026791.169,행정안전부 지방재정365 기능별 회계별 세출예산,10.559678134180112,False
경남,2017,1707499.35,지역통합_3개회계_순계,당초예산,광역본청+기초,일반+기타특별+공기업특별,순계,14218184687000,14218184.687,행정안전부 지방재정365 기능별 회계별 세출예산,12.009264105010567,False
경남,2018,1999188.0,지역통합_3개회계_순계,당초예산,광역본청+기초,일반+기타특별+공기업특별,순계,15365527269000,15365527.269,행정안전부 지방재정365 기능별 회계별 세출예산,13.01086493812268,False
경남,2019,2831100.0,지역통합_3개회계_순계,당초예산,광역본청+기초,일반+기타특별+공기업특별,순계,17016014614000,17016014.614,행정안전부 지방재정365 기능별 회계별 세출예산,16.637855950539088,False
경남,2020,1717208.36,지역통합_3개회계_순계,당초예산,광역본청+기초,일반+기타특별+공기업특별,순계,18952472124000,18952472.124,행정안전부 지방재정365 기능별 회계별 세출예산,9.060603539025683,False
경남,2021,3255588.1419999995,지역통합_3개회계_순계,당초예산,광역본청+기초,일반+기타특별+공기업특별,순계,19977703680000,19977703.68,행정안전부 지방재정365 기능별 회계별 세출예산,16.2961078717932,False
경남,2022,3325544.7,지역통합_3개회계_순계,당초예산,광역본청+기초,일반+기타특별+공기업특별,순계,21459177621000,21459177.621,행정안전부 지방재정365 기능별 회계별 세출예산,15.497074299555704,False
경남,2023,3893879.0,지역통합_3개회계_순계,당초예산,광역본청+기초,일반+기타특별+공기업특별,순계,23135534545000,23135534.545,행정안전부 지방재정365 기능별 회계별 세출예산,16.830728472800885,False
경남,2024,4041141.0,지역통합_3개회계_순계,당초예산,광역본청+기초,일반+기타특별+공기업특별,순계,23125498568000,23125498.568,행정안전부 지방재정365 기능별 회계별 세출예산,17.47482757233154,False
경북,2016,1659180.0,지역통합_3개회계_순계,당초예산,광역본청+기초,일반+기타특별+공기업특별,순계,15225641095000,15225641.095,행정안전부 지방재정365 기능별 회계별 세출예산,10.897275127185702,False
경북,2017,1817693.0,지역통합_3개회계_순계,당초예산,광역본청+기초,일반+기타특별+공기업특별,순계,15604746586000,15604746.586,행정안전부 지방재정365 기능별 회계별 세출예산,11.648333985960187,False
경북,2018,2487285.0,지역통합_3개회계_순계,당초예산,광역본청+기초,일반+기타특별+공기업특별,순계,16565209477000,16565209.477,행정안전부 지방재정365 기능별 회계별 세출예산,15.01511347292937,False
경북,2019,2232261.0,지역통합_3개회계_순계,당초예산,광역본청+기초,일반+기타특별+공기업특별,순계,17575618782000,17575618.782,행정안전부 지방재정365 기능별 회계별 세출예산,12.700895642355198,False
경북,2020,2646517.0,지역통합_3개회계_순계,당초예산,광역본청+기초,일반+기타특별+공기업특별,순계,19253998100000,19253998.1,행정안전부 지방재정365 기능별 회계별 세출예산,13.74528545320673,False
경북,2021,3199705.6,지역통합_3개회계_순계,당초예산,광역본청+기초,일반+기타특별+공기업특별,순계,20110469353000,20110469.353,행정안전부 지방재정365 기능별 회계별 세출예산,15.910646061190414,False
경북,2022,3356569.7,지역통합_3개회계_순계,당초예산,광역본청+기초,일반+기타특별+공기업특별,순계,21998328107000,21998328.107,행정안전부 지방재정365 기능별 회계별 세출예산,15.258294556175473,False
경북,2023,3406826.0,지역통합_3개회계_순계,당초예산,광역본청+기초,일반+기타특별+공기업특별,순계,24172297929000,24172297.929,행정안전부 지방재정365 기능별 회계별 세출예산,14.093926899323714,False
경북,2024,4062706.0,지역통합_3개회계_순계,당초예산,광역본청+기초,일반+기타특별+공기업특별,순계,24554048663000,24554048.663,행정안전부 지방재정365 기능별 회계별 세출예산,16.54597193220526,False
광주,2016,1102184.9,지역통합_3개회계_순계,당초예산,광역본청+기초,일반+기타특별+공기업특별,순계,4106117093000,4106117.093,행정안전부 지방재정365 기능별 회계별 세출예산,26.842510211873293,False
광주,2017,1244520.8,지역통합_3개회계_순계,당초예산,광역본청+기초,일반+기타특별+공기업특별,순계,4236416938000,4236416.938,행정안전부 지방재정365 기능별 회계별 세출예산,29.376730813174746,False
광주,2018,3239297.3600000003,지역통합_3개회계_순계,당초예산,광역본청+기초,일반+기타특별+공기업특별,순계,4731652999000,4731652.999,행정안전부 지방재정365 기능별 회계별 세출예산,68.46016309067046,False
광주,2019,1088029.0,지역통합_3개회계_순계,당초예산,광역본청+기초,일반+기타특별+공기업특별,순계,5328381528000,5328381.528,행정안전부 지방재정365 기능별 회계별 세출예산,20.419502512771267,False
광주,2020,194720.0,지역통합_3개회계_순계,당초예산,광역본청+기초,일반+기타특별+공기업특별,순계,5992342346000,5992342.346,행정안전부 지방재정365 기능별 회계별 세출예산,3.249480566309421,False
광주,2021,824741.7,지역통합_3개회계_순계,당초예산,광역본청+기초,일반+기타특별+공기업특별,순계,6576718245000,6576718.245,행정안전부 지방재정365 기능별 회계별 세출예산,12.5403228369562,False
광주,2022,870927.5,지역통합_3개회계_순계,당초예산,광역본청+기초,일반+기타특별+공기업특별,순계,7351309295000,7351309.295,행정안전부 지방재정365 기능별 회계별 세출예산,11.847243328373656,False
광주,2023,1223803.0,지역통합_3개회계_순계,당초예산,광역본청+기초,일반+기타특별+공기업특별,순계,7552199990000,7552199.99,행정안전부 지방재정365 기능별 회계별 세출예산,16.204589412627566,False
광주,2024,1240977.0,지역통합_3개회계_순계,당초예산,광역본청+기초,일반+기타특별+공기업특별,순계,7337396771000,7337396.771,행정안전부 지방재정365 기능별 회계별 세출예산,16.913042032901675,False
대구,2016,774602.0,지역통합_3개회계_순계,당초예산,광역본청+기초,일반+기타특별+공기업특별,순계,7213154474000,7213154.474,행정안전부 지방재정365 기능별 회계별 세출예산,10.738741320348437,False
대구,2017,959658.5,지역통합_3개회계_순계,당초예산,광역본청+기초,일반+기타특별+공기업특별,순계,7510292544000,7510292.544,행정안전부 지방재정365 기능별 회계별 세출예산,12.777911038454484,False
대구,2018,1446836.0,지역통합_3개회계_순계,당초예산,광역본청+기초,일반+기타특별+공기업특별,순계,8258854381000,8258854.381,행정안전부 지방재정365 기능별 회계별 세출예산,17.518604073326863,False
대구,2019,1765898.0,지역통합_3개회계_순계,당초예산,광역본청+기초,일반+기타특별+공기업특별,순계,8991961705000,8991961.705,행정안전부 지방재정365 기능별 회계별 세출예산,19.63862901037566,False
대구,2020,1929459.0,지역통합_3개회계_순계,당초예산,광역본청+기초,일반+기타특별+공기업특별,순계,9916317896000,9916317.896,행정안전부 지방재정365 기능별 회계별 세출예산,19.457413731948797,False
대구,2021,2164115.0,지역통합_3개회계_순계,당초예산,광역본청+기초,일반+기타특별+공기업특별,순계,10125520177000,10125520.177,행정안전부 지방재정365 기능별 회계별 세출예산,21.372877266254054,False
대구,2022,2523629.0,지역통합_3개회계_순계,당초예산,광역본청+기초,일반+기타특별+공기업특별,순계,10923797052000,10923797.052,행정안전부 지방재정365 기능별 회계별 세출예산,23.10212271417069,False
대구,2023,2696432.0,지역통합_3개회계_순계,당초예산,광역본청+기초,일반+기타특별+공기업특별,순계,11628223160000,11628223.16,행정안전부 지방재정365 기능별 회계별 세출예산,23.18868465885204,False
대구,2024,2848338.0,지역통합_3개회계_순계,당초예산,광역본청+기초,일반+기타특별+공기업특별,순계,11677339559000,11677339.559,행정안전부 지방재정365 기능별 회계별 세출예산,24.392011430417977,False
대전,2016,709547.0,지역통합_3개회계_순계,당초예산,광역본청+기초,일반+기타특별+공기업특별,순계,4016882713000,4016882.713,행정안전부 지방재정365 기능별 회계별 세출예산,17.664120431091114,False
대전,2017,935218.2,지역통합_3개회계_순계,당초예산,광역본청+기초,일반+기타특별+공기업특별,순계,4032992448000,4032992.448,행정안전부 지방재정365 기능별 회계별 세출예산,23.189187980349026,False
대전,2018,997696.4,지역통합_3개회계_순계,당초예산,광역본청+기초,일반+기타특별+공기업특별,순계,4596154462000,4596154.462,행정안전부 지방재정365 기능별 회계별 세출예산,21.70719909978517,False
대전,2019,685088.0,지역통합_3개회계_순계,당초예산,광역본청+기초,일반+기타특별+공기업특별,순계,5043640457000,5043640.457,행정안전부 지방재정365 기능별 회계별 세출예산,13.583204549189777,False
대전,2020,1247751.0,지역통합_3개회계_순계,당초예산,광역본청+기초,일반+기타특별+공기업특별,순계,5698709818000,5698709.818,행정안전부 지방재정365 기능별 회계별 세출예산,21.89532437778884,False
대전,2021,1337995.0,지역통합_3개회계_순계,당초예산,광역본청+기초,일반+기타특별+공기업특별,순계,6015945285000,6015945.285,행정안전부 지방재정365 기능별 회계별 세출예산,22.240810655910078,False
대전,2022,1500606.3,지역통합_3개회계_순계,당초예산,광역본청+기초,일반+기타특별+공기업특별,순계,6814220276000,6814220.276,행정안전부 지방재정365 기능별 회계별 세출예산,22.021687577156925,False
대전,2023,1222344.0,지역통합_3개회계_순계,당초예산,광역본청+기초,일반+기타특별+공기업특별,순계,7046459578000,7046459.578,행정안전부 지방재정365 기능별 회계별 세출예산,17.346924174749024,False
대전,2024,1676350.0,지역통합_3개회계_순계,당초예산,광역본청+기초,일반+기타특별+공기업특별,순계,7070570075000,7070570.075,행정안전부 지방재정365 기능별 회계별 세출예산,23.708837932703748,False
부산,2016,1757736.53,지역통합_3개회계_순계,당초예산,광역본청+기초,일반+기타특별+공기업특별,순계,10573185713000,10573185.713,행정안전부 지방재정365 기능별 회계별 세출예산,16.62447419077127,False
부산,2017,3477747.6,지역통합_3개회계_순계,당초예산,광역본청+기초,일반+기타특별+공기업특별,순계,10791668762000,10791668.762,행정안전부 지방재정365 기능별 회계별 세출예산,32.22622632975881,False
부산,2018,2341626.0,지역통합_3개회계_순계,당초예산,광역본청+기초,일반+기타특별+공기업특별,순계,11717637267000,11717637.267,행정안전부 지방재정365 기능별 회계별 세출예산,19.983772723487906,False
부산,2019,2525413.0,지역통합_3개회계_순계,당초예산,광역본청+기초,일반+기타특별+공기업특별,순계,12543135277000,12543135.277,행정안전부 지방재정365 기능별 회계별 세출예산,20.13382574794342,False
부산,2020,3494318.0,지역통합_3개회계_순계,당초예산,광역본청+기초,일반+기타특별+공기업특별,순계,13774503587000,13774503.587,행정안전부 지방재정365 기능별 회계별 세출예산,25.368014011756053,False
부산,2021,3944822.1,지역통합_3개회계_순계,당초예산,광역본청+기초,일반+기타특별+공기업특별,순계,14415991457000,14415991.457,행정안전부 지방재정365 기능별 회계별 세출예산,27.364209473671025,False
부산,2022,5106355.100000001,지역통합_3개회계_순계,당초예산,광역본청+기초,일반+기타특별+공기업특별,순계,15653932673000,15653932.673,행정안전부 지방재정365 기능별 회계별 세출예산,32.620269977316774,False
부산,2023,4317819.0,지역통합_3개회계_순계,당초예산,광역본청+기초,일반+기타특별+공기업특별,순계,16813047287000,16813047.287,행정안전부 지방재정365 기능별 회계별 세출예산,25.681358806018327,False
부산,2024,4796613.0,지역통합_3개회계_순계,당초예산,광역본청+기초,일반+기타특별+공기업특별,순계,17229915871000,17229915.871,행정안전부 지방재정365 기능별 회계별 세출예산,27.838864890067576,False
서울,2016,4173074.0,지역통합_3개회계_순계,당초예산,광역본청+기초,일반+기타특별+공기업특별,순계,27534501217000,27534501.217,행정안전부 지방재정365 기능별 회계별 세출예산,15.15580023444737,False
서울,2017,4761473.0,지역통합_3개회계_순계,당초예산,광역본청+기초,일반+기타특별+공기업특별,순계,29961328578000,29961328.578,행정안전부 지방재정365 기능별 회계별 세출예산,15.892062288239961,False
서울,2018,5912413.0,지역통합_3개회계_순계,당초예산,광역본청+기초,일반+기타특별+공기업특별,순계,31985643433000,31985643.433,행정안전부 지방재정365 기능별 회계별 세출예산,18.484583598840747,False
서울,2019,5907309.0,지역통합_3개회계_순계,당초예산,광역본청+기초,일반+기타특별+공기업특별,순계,36427604106000,36427604.106,행정안전부 지방재정365 기능별 회계별 세출예산,16.21657296705661,False
서울,2020,6677517.0,지역통합_3개회계_순계,당초예산,광역본청+기초,일반+기타특별+공기업특별,순계,40235802629000,40235802.629,행정안전부 지방재정365 기능별 회계별 세출예산,16.595958235432768,False
서울,2021,7529092.0,지역통합_3개회계_순계,당초예산,광역본청+기초,일반+기타특별+공기업특별,순계,40740257041000,40740257.041,행정안전부 지방재정365 기능별 회계별 세출예산,18.48071796018102,False
서울,2022,7957659.899999999,지역통합_3개회계_순계,당초예산,광역본청+기초,일반+기타특별+공기업특별,순계,44918585220000,44918585.22,행정안전부 지방재정365 기능별 회계별 세출예산,17.71574029107411,False
서울,2023,8314712.0,지역통합_3개회계_순계,당초예산,광역본청+기초,일반+기타특별+공기업특별,순계,47811752081000,47811752.081,행정안전부 지방재정365 기능별 회계별 세출예산,17.390519355813776,False
서울,2024,4872683.0,지역통합_3개회계_순계,당초예산,광역본청+기초,일반+기타특별+공기업특별,순계,47888961761000,47888961.761,행정안전부 지방재정365 기능별 회계별 세출예산,10.174960618937941,False
세종,2016,97707.0,지역통합_3개회계_순계,당초예산,광역본청+기초,일반+기타특별+공기업특별,순계,1048827518000,1048827.518,행정안전부 지방재정365 기능별 회계별 세출예산,9.315831089778865,False
세종,2017,89445.0,지역통합_3개회계_순계,당초예산,광역본청+기초,일반+기타특별+공기업특별,순계,1195710363000,1195710.363,행정안전부 지방재정365 기능별 회계별 세출예산,7.480490490655721,False
세종,2018,104743.0,지역통합_3개회계_순계,당초예산,광역본청+기초,일반+기타특별+공기업특별,순계,1423054846000,1423054.846,행정안전부 지방재정365 기능별 회계별 세출예산,7.360433105893096,False
세종,2019,129545.0,지역통합_3개회계_순계,당초예산,광역본청+기초,일반+기타특별+공기업특별,순계,1468577881000,1468577.881,행정안전부 지방재정365 기능별 회계별 세출예산,8.82111883040134,False
세종,2020,209363.0,지역통합_3개회계_순계,당초예산,광역본청+기초,일반+기타특별+공기업특별,순계,1520953720000,1520953.72,행정안전부 지방재정365 기능별 회계별 세출예산,13.765244612439623,False
세종,2021,175466.0,지역통합_3개회계_순계,당초예산,광역본청+기초,일반+기타특별+공기업특별,순계,1665746650000,1665746.65,행정안전부 지방재정365 기능별 회계별 세출예산,10.533774748999196,False
세종,2022,231310.4,지역통합_3개회계_순계,당초예산,광역본청+기초,일반+기타특별+공기업특별,순계,1771604264000,1771604.264,행정안전부 지방재정365 기능별 회계별 세출예산,13.056550195794742,False
세종,2023,318453.0,지역통합_3개회계_순계,당초예산,광역본청+기초,일반+기타특별+공기업특별,순계,1893247236000,1893247.236,행정안전부 지방재정365 기능별 회계별 세출예산,16.820465597130287,False
세종,2024,329034.0,지역통합_3개회계_순계,당초예산,광역본청+기초,일반+기타특별+공기업특별,순계,1792182760000,1792182.76,행정안전부 지방재정365 기능별 회계별 세출예산,18.35939990852272,False
울산,2016,577145.0,지역통합_3개회계_순계,당초예산,광역본청+기초,일반+기타특별+공기업특별,순계,3723980614000,3723980.614,행정안전부 지방재정365 기능별 회계별 세출예산,15.498066714694234,False
울산,2017,2222729.4,지역통합_3개회계_순계,당초예산,광역본청+기초,일반+기타특별+공기업특별,순계,4199822615000,4199822.615,행정안전부 지방재정365 기능별 회계별 세출예산,52.92436380673187,False
울산,2018,948045.0,지역통합_3개회계_순계,당초예산,광역본청+기초,일반+기타특별+공기업특별,순계,4361542030000,4361542.03,행정안전부 지방재정365 기능별 회계별 세출예산,21.7364636974506,False
울산,2019,356752.0,지역통합_3개회계_순계,당초예산,광역본청+기초,일반+기타특별+공기업특별,순계,4457310384000,4457310.384,행정안전부 지방재정365 기능별 회계별 세출예산,8.003750451855453,False
울산,2020,1240133.6,지역통합_3개회계_순계,당초예산,광역본청+기초,일반+기타특별+공기업특별,순계,4720368466000,4720368.466,행정안전부 지방재정365 기능별 회계별 세출예산,26.271966032577087,False
울산,2021,977844.0,지역통합_3개회계_순계,당초예산,광역본청+기초,일반+기타특별+공기업특별,순계,4865303731000,4865303.731,행정안전부 지방재정365 기능별 회계별 세출예산,20.098313570220146,False
울산,2022,938106.0,지역통합_3개회계_순계,당초예산,광역본청+기초,일반+기타특별+공기업특별,순계,5286892471000,5286892.471,행정안전부 지방재정365 기능별 회계별 세출예산,17.7439962160335,False
울산,2023,3219772.0,지역통합_3개회계_순계,당초예산,광역본청+기초,일반+기타특별+공기업특별,순계,5644715797000,5644715.797,행정안전부 지방재정365 기능별 회계별 세출예산,57.04046254571779,False
울산,2024,1273043.0,지역통합_3개회계_순계,당초예산,광역본청+기초,일반+기타특별+공기업특별,순계,5780757929000,5780757.929,행정안전부 지방재정365 기능별 회계별 세출예산,22.02207765202548,False
인천,2016,1094772.2,지역통합_3개회계_순계,당초예산,광역본청+기초,일반+기타특별+공기업특별,순계,8960219625000,8960219.625,행정안전부 지방재정365 기능별 회계별 세출예산,12.218140244525534,False
인천,2017,1161639.0,지역통합_3개회계_순계,당초예산,광역본청+기초,일반+기타특별+공기업특별,순계,9324193142000,9324193.142,행정안전부 지방재정365 기능별 회계별 세출예산,12.45833266545606,False
인천,2018,1453723.0,지역통합_3개회계_순계,당초예산,광역본청+기초,일반+기타특별+공기업특별,순계,10316113071000,10316113.071,행정안전부 지방재정365 기능별 회계별 세출예산,14.091770708549264,False
인천,2019,2137311.0,지역통합_3개회계_순계,당초예산,광역본청+기초,일반+기타특별+공기업특별,순계,11539820376000,11539820.376,행정안전부 지방재정365 기능별 회계별 세출예산,18.521180836099347,False
인천,2020,2761790.0,지역통합_3개회계_순계,당초예산,광역본청+기초,일반+기타특별+공기업특별,순계,12535613166000,12535613.166,행정안전부 지방재정365 기능별 회계별 세출예산,22.031550937537922,False
인천,2021,3305518.2,지역통합_3개회계_순계,당초예산,광역본청+기초,일반+기타특별+공기업특별,순계,13307454090000,13307454.09,행정안전부 지방재정365 기능별 회계별 세출예산,24.83959875152949,False
인천,2022,4451688.0,지역통합_3개회계_순계,당초예산,광역본청+기초,일반+기타특별+공기업특별,순계,14562995311000,14562995.311,행정안전부 지방재정365 기능별 회계별 세출예산,30.568491611320276,False
인천,2023,4389696.0,지역통합_3개회계_순계,당초예산,광역본청+기초,일반+기타특별+공기업특별,순계,15533484476000,15533484.476,행정안전부 지방재정365 기능별 회계별 세출예산,28.25957052187677,False
인천,2024,4721370.0,지역통합_3개회계_순계,당초예산,광역본청+기초,일반+기타특별+공기업특별,순계,16563973976000,16563973.976,행정안전부 지방재정365 기능별 회계별 세출예산,28.50384821203489,False
전남,2016,1883686.0,지역통합_3개회계_순계,당초예산,광역본청+기초,일반+기타특별+공기업특별,순계,11703884511000,11703884.511,행정안전부 지방재정365 기능별 회계별 세출예산,16.094536802969998,False
전남,2017,1392937.0,지역통합_3개회계_순계,당초예산,광역본청+기초,일반+기타특별+공기업특별,순계,12035927742000,12035927.742,행정안전부 지방재정365 기능별 회계별 세출예산,11.573158545471102,False
전남,2018,1647546.0,지역통합_3개회계_순계,당초예산,광역본청+기초,일반+기타특별+공기업특별,순계,13185409095000,13185409.095,행정안전부 지방재정365 기능별 회계별 세출예산,12.49522095317286,False
전남,2019,1540331.0,지역통합_3개회계_순계,당초예산,광역본청+기초,일반+기타특별+공기업특별,순계,14541430272000,14541430.272,행정안전부 지방재정365 기능별 회계별 세출예산,10.592706296339761,False
전남,2020,1840688.0,지역통합_3개회계_순계,당초예산,광역본청+기초,일반+기타특별+공기업특별,순계,15974487009000,15974487.009,행정안전부 지방재정365 기능별 회계별 세출예산,11.522673616767532,False
전남,2021,1966392.42,지역통합_3개회계_순계,당초예산,광역본청+기초,일반+기타특별+공기업특별,순계,16695307870000,16695307.87,행정안전부 지방재정365 기능별 회계별 세출예산,11.77811415825062,False
전남,2022,2258897.4,지역통합_3개회계_순계,당초예산,광역본청+기초,일반+기타특별+공기업특별,순계,18502101927000,18502101.927,행정안전부 지방재정365 기능별 회계별 세출예산,12.208869072889525,False
전남,2023,2712169.0,지역통합_3개회계_순계,당초예산,광역본청+기초,일반+기타특별+공기업특별,순계,19545034459000,19545034.459,행정안전부 지방재정365 기능별 회계별 세출예산,13.876511733398935,False
전남,2024,2621833.0,지역통합_3개회계_순계,당초예산,광역본청+기초,일반+기타특별+공기업특별,순계,19174871341000,19174871.341,행정안전부 지방재정365 기능별 회계별 세출예산,13.6732755770515,False
전북,2016,1401390.0,지역통합_3개회계_순계,당초예산,광역본청+기초,일반+기타특별+공기업특별,순계,9478473289000,9478473.289,행정안전부 지방재정365 기능별 회계별 세출예산,14.784975990029398,False
전북,2017,1500137.7,지역통합_3개회계_순계,당초예산,광역본청+기초,일반+기타특별+공기업특별,순계,9784204602000,9784204.602,행정안전부 지방재정365 기능별 회계별 세출예산,15.332239676318249,False
전북,2018,1629235.5,지역통합_3개회계_순계,당초예산,광역본청+기초,일반+기타특별+공기업특별,순계,10738753671000,10738753.671,행정안전부 지방재정365 기능별 회계별 세출예산,15.17155109349188,False
전북,2019,1908798.0,지역통합_3개회계_순계,당초예산,광역본청+기초,일반+기타특별+공기업특별,순계,11891403652000,11891403.652,행정안전부 지방재정365 기능별 회계별 세출예산,16.051914945120558,False
전북,2020,2018401.0,지역통합_3개회계_순계,당초예산,광역본청+기초,일반+기타특별+공기업특별,순계,13008886514000,13008886.514,행정안전부 지방재정365 기능별 회계별 세출예산,15.515555446100803,False
전북,2021,2200038.999,지역통합_3개회계_순계,당초예산,광역본청+기초,일반+기타특별+공기업특별,순계,13989774511000,13989774.511,행정안전부 지방재정365 기능별 회계별 세출예산,15.726050461143132,False
전북,2022,2540795.1,지역통합_3개회계_순계,당초예산,광역본청+기초,일반+기타특별+공기업특별,순계,15129740896000,15129740.896,행정안전부 지방재정365 기능별 회계별 세출예산,16.79338144298119,False
전북,2023,2695319.0,지역통합_3개회계_순계,당초예산,광역본청+기초,일반+기타특별+공기업특별,순계,16148751730000,16148751.73,행정안전부 지방재정365 기능별 회계별 세출예산,16.690571785761176,False
전북,2024,2862745.0,지역통합_3개회계_순계,당초예산,광역본청+기초,일반+기타특별+공기업특별,순계,16229932294000,16229932.294,행정안전부 지방재정365 기능별 회계별 세출예산,17.638674938023744,False
제주,2016,542630.0,지역통합_3개회계_순계,당초예산,광역본청+기초,일반+기타특별+공기업특별,순계,3890498595000,3890498.595,행정안전부 지방재정365 기능별 회계별 세출예산,13.947569617359031,False
제주,2017,542097.0,지역통합_3개회계_순계,당초예산,광역본청+기초,일반+기타특별+공기업특별,순계,4285850389000,4285850.389,행정안전부 지방재정365 기능별 회계별 세출예산,12.648528315205262,False
제주,2018,2211904.0,지역통합_3개회계_순계,당초예산,광역본청+기초,일반+기타특별+공기업특별,순계,4784074371000,4784074.371,행정안전부 지방재정365 기능별 회계별 세출예산,46.23473275014437,False
제주,2019,689085.0,지역통합_3개회계_순계,당초예산,광역본청+기초,일반+기타특별+공기업특별,순계,5116992495000,5116992.495,행정안전부 지방재정365 기능별 회계별 세출예산,13.466601732821184,False
제주,2020,816440.0,지역통합_3개회계_순계,당초예산,광역본청+기초,일반+기타특별+공기업특별,순계,5647320940000,5647320.94,행정안전부 지방재정365 기능별 회계별 세출예산,14.457120618329867,False
제주,2021,704514.0,지역통합_3개회계_순계,당초예산,광역본청+기초,일반+기타특별+공기업특별,순계,5559803500000,5559803.5,행정안전부 지방재정365 기능별 회계별 세출예산,12.671562942827025,False
제주,2022,913167.7,지역통합_3개회계_순계,당초예산,광역본청+기초,일반+기타특별+공기업특별,순계,6094351579000,6094351.579,행정안전부 지방재정365 기능별 회계별 세출예산,14.98383688835094,False
제주,2023,1002935.0,지역통합_3개회계_순계,당초예산,광역본청+기초,일반+기타특별+공기업특별,순계,6701520126000,6701520.126,행정안전부 지방재정365 기능별 회계별 세출예산,14.965783600483363,False
제주,2024,1047248.0,지역통합_3개회계_순계,당초예산,광역본청+기초,일반+기타특별+공기업특별,순계,6871871526000,6871871.526,행정안전부 지방재정365 기능별 회계별 세출예산,15.239632988447113,False
충남,2016,1317305.0,지역통합_3개회계_순계,당초예산,광역본청+기초,일반+기타특별+공기업특별,순계,10288195424000,10288195.424,행정안전부 지방재정365 기능별 회계별 세출예산,12.804043330349554,False
충남,2017,1301513.7999999998,지역통합_3개회계_순계,당초예산,광역본청+기초,일반+기타특별+공기업특별,순계,10253514801000,10253514.801,행정안전부 지방재정365 기능별 회계별 세출예산,12.693342968335758,False
충남,2018,1308334.9,지역통합_3개회계_순계,당초예산,광역본청+기초,일반+기타특별+공기업특별,순계,11213848862000,11213848.862,행정안전부 지방재정365 기능별 회계별 세출예산,11.667135129968724,False
충남,2019,1809236.0,지역통합_3개회계_순계,당초예산,광역본청+기초,일반+기타특별+공기업특별,순계,12225713132000,12225713.132,행정안전부 지방재정365 기능별 회계별 세출예산,14.798613221706011,False
충남,2020,1425058.0,지역통합_3개회계_순계,당초예산,광역본청+기초,일반+기타특별+공기업특별,순계,13362276827000,13362276.827,행정안전부 지방재정365 기능별 회계별 세출예산,10.664784291255726,False
충남,2021,1253034.0,지역통합_3개회계_순계,당초예산,광역본청+기초,일반+기타특별+공기업특별,순계,14422887284000,14422887.284,행정안전부 지방재정365 기능별 회계별 세출예산,8.687816630100484,False
충남,2022,1666990.0,지역통합_3개회계_순계,당초예산,광역본청+기초,일반+기타특별+공기업특별,순계,15895999923000,15895999.923,행정안전부 지방재정365 기능별 회계별 세출예산,10.48685208904678,False
충남,2023,1693900.0,지역통합_3개회계_순계,당초예산,광역본청+기초,일반+기타특별+공기업특별,순계,16624199177000,16624199.177,행정안전부 지방재정365 기능별 회계별 세출예산,10.189363000074936,False
충남,2024,1060854.0,지역통합_3개회계_순계,당초예산,광역본청+기초,일반+기타특별+공기업특별,순계,17359127235000,17359127.235,행정안전부 지방재정365 기능별 회계별 세출예산,6.111217376534196,False
충북,2016,1198606.0,지역통합_3개회계_순계,당초예산,광역본청+기초,일반+기타특별+공기업특별,순계,7126733448000,7126733.448,행정안전부 지방재정365 기능별 회계별 세출예산,16.818448574590214,False
충북,2017,1184144.7,지역통합_3개회계_순계,당초예산,광역본청+기초,일반+기타특별+공기업특별,순계,7426389159000,7426389.159,행정안전부 지방재정365 기능별 회계별 세출예산,15.945093566298524,False
충북,2018,1087783.0,지역통합_3개회계_순계,당초예산,광역본청+기초,일반+기타특별+공기업특별,순계,8016426191000,8016426.191,행정안전부 지방재정365 기능별 회계별 세출예산,13.56942575260343,False
충북,2019,1216343.0,지역통합_3개회계_순계,당초예산,광역본청+기초,일반+기타특별+공기업특별,순계,8731174047000,8731174.047,행정안전부 지방재정365 기능별 회계별 세출예산,13.931036003318834,False
충북,2020,1730007.0,지역통합_3개회계_순계,당초예산,광역본청+기초,일반+기타특별+공기업특별,순계,9608095076000,9608095.076,행정안전부 지방재정365 기능별 회계별 세출예산,18.005723156522187,False
충북,2021,1856518.64,지역통합_3개회계_순계,당초예산,광역본청+기초,일반+기타특별+공기업특별,순계,10250433486000,10250433.486,행정안전부 지방재정365 기능별 회계별 세출예산,18.111611011725753,False
충북,2022,1864639.7,지역통합_3개회계_순계,당초예산,광역본청+기초,일반+기타특별+공기업특별,순계,11274717944000,11274717.944,행정안전부 지방재정365 기능별 회계별 세출예산,16.53823811168859,False
충북,2023,1875132.0,지역통합_3개회계_순계,당초예산,광역본청+기초,일반+기타특별+공기업특별,순계,12050078674000,12050078.674,행정안전부 지방재정365 기능별 회계별 세출예산,15.561159812557088,False
충북,2024,2209471.0,지역통합_3개회계_순계,당초예산,광역본청+기초,일반+기타특별+공기업특별,순계,12242686246000,12242686.246,행정안전부 지방재정365 기능별 회계별 세출예산,18.047272923635457,False
강원,2016,966330.0,지역통합_3개회계_총계,당초예산,광역본청+기초,일반+기타특별+공기업특별,총계,12439345023000,12439345.023,행정안전부 지방재정365 기능별 회계별 세출예산,7.768335054725815,False
강원,2017,1189656.0,지역통합_3개회계_총계,당초예산,광역본청+기초,일반+기타특별+공기업특별,총계,12386132413000,12386132.413,행정안전부 지방재정365 기능별 회계별 세출예산,9.604741499060543,False
강원,2018,1070709.0,지역통합_3개회계_총계,당초예산,광역본청+기초,일반+기타특별+공기업특별,총계,13336680004000,13336680.004,행정안전부 지방재정365 기능별 회계별 세출예산,8.028302393690693,False
강원,2019,1610182.0,지역통합_3개회계_총계,당초예산,광역본청+기초,일반+기타특별+공기업특별,총계,14641842129000,14641842.129,행정안전부 지방재정365 기능별 회계별 세출예산,10.997127177125023,False
강원,2020,1479594.0,지역통합_3개회계_총계,당초예산,광역본청+기초,일반+기타특별+공기업특별,총계,16181747002000,16181747.002,행정안전부 지방재정365 기능별 회계별 세출예산,9.143598647396527,False
강원,2021,1968341.0,지역통합_3개회계_총계,당초예산,광역본청+기초,일반+기타특별+공기업특별,총계,17771025175000,17771025.175,행정안전부 지방재정365 기능별 회계별 세출예산,11.076125212905731,False
강원,2022,1320745.8,지역통합_3개회계_총계,당초예산,광역본청+기초,일반+기타특별+공기업특별,총계,18954696506000,18954696.506,행정안전부 지방재정365 기능별 회계별 세출예산,6.9679079249932885,False
강원,2023,2579093.0,지역통합_3개회계_총계,당초예산,광역본청+기초,일반+기타특별+공기업특별,총계,20262898329000,20262898.329,행정안전부 지방재정365 기능별 회계별 세출예산,12.728154472891152,False
강원,2024,2540007.0,지역통합_3개회계_총계,당초예산,광역본청+기초,일반+기타특별+공기업특별,총계,20331055375000,20331055.375,행정안전부 지방재정365 기능별 회계별 세출예산,12.493237331512605,False
경기,2016,4814583.0,지역통합_3개회계_총계,당초예산,광역본청+기초,일반+기타특별+공기업특별,총계,47124571518000,47124571.518,행정안전부 지방재정365 기능별 회계별 세출예산,10.216714645693896,False
경기,2017,5514545.0,지역통합_3개회계_총계,당초예산,광역본청+기초,일반+기타특별+공기업특별,총계,50549773355000,50549773.355,행정안전부 지방재정365 기능별 회계별 세출예산,10.909138921894975,False
경기,2018,7061650.0,지역통합_3개회계_총계,당초예산,광역본청+기초,일반+기타특별+공기업특별,총계,56924137377000,56924137.377,행정안전부 지방재정365 기능별 회계별 세출예산,12.405370244316142,False
경기,2019,8641670.0,지역통합_3개회계_총계,당초예산,광역본청+기초,일반+기타특별+공기업특별,총계,62361716444000,62361716.444,행정안전부 지방재정365 기능별 회계별 세출예산,13.857331858015979,False
경기,2020,10166623.0,지역통합_3개회계_총계,당초예산,광역본청+기초,일반+기타특별+공기업특별,총계,68450930241000,68450930.241,행정안전부 지방재정365 기능별 회계별 세출예산,14.852424889195307,False
경기,2021,10065813.95,지역통합_3개회계_총계,당초예산,광역본청+기초,일반+기타특별+공기업특별,총계,70739757911000,70739757.911,행정안전부 지방재정365 기능별 회계별 세출예산,14.22935877539209,False
경기,2022,9215575.7,지역통합_3개회계_총계,당초예산,광역본청+기초,일반+기타특별+공기업특별,총계,79127240123000,79127240.123,행정안전부 지방재정365 기능별 회계별 세출예산,11.646527397739098,False
경기,2023,12285412.0,지역통합_3개회계_총계,당초예산,광역본청+기초,일반+기타특별+공기업특별,총계,81241363038000,81241363.038,행정안전부 지방재정365 기능별 회계별 세출예산,15.122114573894576,False
경기,2024,13821287.0,지역통합_3개회계_총계,당초예산,광역본청+기초,일반+기타특별+공기업특별,총계,84968755868000,84968755.868,행정안전부 지방재정365 기능별 회계별 세출예산,16.266316787633723,False
경남,2016,1481184.0,지역통합_3개회계_총계,당초예산,광역본청+기초,일반+기타특별+공기업특별,총계,18897926368000,18897926.368,행정안전부 지방재정365 기능별 회계별 세출예산,7.837812314202367,False
경남,2017,1707499.35,지역통합_3개회계_총계,당초예산,광역본청+기초,일반+기타특별+공기업특별,총계,18999377265000,18999377.265,행정안전부 지방재정365 기능별 회계별 세출예산,8.987133242232611,False
경남,2018,1999188.0,지역통합_3개회계_총계,당초예산,광역본청+기초,일반+기타특별+공기업특별,총계,20617389867000,20617389.867,행정안전부 지방재정365 기능별 회계별 세출예산,9.696610545255691,False
경남,2019,2831100.0,지역통합_3개회계_총계,당초예산,광역본청+기초,일반+기타특별+공기업특별,총계,23008352129000,23008352.129,행정안전부 지방재정365 기능별 회계별 세출예산,12.304662168446422,False
경남,2020,1717208.36,지역통합_3개회계_총계,당초예산,광역본청+기초,일반+기타특별+공기업특별,총계,25797997753000,25797997.753,행정안전부 지방재정365 기능별 회계별 세출예산,6.656362933438544,False
경남,2021,3255588.1419999995,지역통합_3개회계_총계,당초예산,광역본청+기초,일반+기타특별+공기업특별,총계,27840854647000,27840854.647,행정안전부 지방재정365 기능별 회계별 세출예산,11.693563948658474,False
경남,2022,3325544.7,지역통합_3개회계_총계,당초예산,광역본청+기초,일반+기타특별+공기업특별,총계,29990459758000,29990459.758,행정안전부 지방재정365 기능별 회계별 세출예산,11.088675288190291,False
경남,2023,3893879.0,지역통합_3개회계_총계,당초예산,광역본청+기초,일반+기타특별+공기업특별,총계,32159977959000,32159977.959,행정안전부 지방재정365 기능별 회계별 세출예산,12.107841009605837,False
경남,2024,4041141.0,지역통합_3개회계_총계,당초예산,광역본청+기초,일반+기타특별+공기업특별,총계,32311419178000,32311419.178,행정안전부 지방재정365 기능별 회계별 세출예산,12.5068508372777,False
경북,2016,1659180.0,지역통합_3개회계_총계,당초예산,광역본청+기초,일반+기타특별+공기업특별,총계,20737266442000,20737266.442,행정안전부 지방재정365 기능별 회계별 세출예산,8.000958104292847,False
경북,2017,1817693.0,지역통합_3개회계_총계,당초예산,광역본청+기초,일반+기타특별+공기업특별,총계,20959808641000,20959808.641,행정안전부 지방재정365 기능별 회계별 세출예산,8.67227860298479,False
경북,2018,2487285.0,지역통합_3개회계_총계,당초예산,광역본청+기초,일반+기타특별+공기업특별,총계,22314302608000,22314302.608,행정안전부 지방재정365 기능별 회계별 세출예산,11.14659527431645,False
경북,2019,2232261.0,지역통합_3개회계_총계,당초예산,광역본청+기초,일반+기타특별+공기업특별,총계,24047855302000,24047855.302,행정안전부 지방재정365 기능별 회계별 세출예산,9.28257830882053,False
경북,2020,2646517.0,지역통합_3개회계_총계,당초예산,광역본청+기초,일반+기타특별+공기업특별,총계,26463090000000,26463090.0,행정안전부 지방재정365 기능별 회계별 세출예산,10.0007860004255,False
경북,2021,3199705.6,지역통합_3개회계_총계,당초예산,광역본청+기초,일반+기타특별+공기업특별,총계,28255999060000,28255999.06,행정안전부 지방재정365 기능별 회계별 세출예산,11.32398678668416,False
경북,2022,3356569.7,지역통합_3개회계_총계,당초예산,광역본청+기초,일반+기타특별+공기업특별,총계,30399974906000,30399974.906,행정안전부 지방재정365 기능별 회계별 세출예산,11.041356811572626,False
경북,2023,3406826.0,지역통합_3개회계_총계,당초예산,광역본청+기초,일반+기타특별+공기업특별,총계,33185478248000,33185478.248,행정안전부 지방재정365 기능별 회계별 세출예산,10.266014473379844,False
경북,2024,4062706.0,지역통합_3개회계_총계,당초예산,광역본청+기초,일반+기타특별+공기업특별,총계,34162071648000,34162071.648,행정안전부 지방재정365 기능별 회계별 세출예산,11.892446224753025,False
광주,2016,1102184.9,지역통합_3개회계_총계,당초예산,광역본청+기초,일반+기타특별+공기업특별,총계,5917328537000,5917328.537,행정안전부 지방재정365 기능별 회계별 세출예산,18.62639353397795,False
광주,2017,1244520.8,지역통합_3개회계_총계,당초예산,광역본청+기초,일반+기타특별+공기업특별,총계,5901634944000,5901634.944,행정안전부 지방재정365 기능별 회계별 세출예산,21.087729278566506,False
광주,2018,3239297.3600000003,지역통합_3개회계_총계,당초예산,광역본청+기초,일반+기타특별+공기업특별,총계,6604674342000,6604674.342,행정안전부 지방재정365 기능별 회계별 세출예산,49.04552733812898,False
광주,2019,1088029.0,지역통합_3개회계_총계,당초예산,광역본청+기초,일반+기타특별+공기업특별,총계,7404038099000,7404038.099,행정안전부 지방재정365 기능별 회계별 세출예산,14.69507565266244,False
광주,2020,194720.0,지역통합_3개회계_총계,당초예산,광역본청+기초,일반+기타특별+공기업특별,총계,8277635079000,8277635.079,행정안전부 지방재정365 기능별 회계별 세출예산,2.3523626995105906,False
광주,2021,824741.7,지역통합_3개회계_총계,당초예산,광역본청+기초,일반+기타특별+공기업특별,총계,9105141221000,9105141.221,행정안전부 지방재정365 기능별 회계별 세출예산,9.057978124466915,False
광주,2022,870927.5,지역통합_3개회계_총계,당초예산,광역본청+기초,일반+기타특별+공기업특별,총계,10327657564000,10327657.564,행정안전부 지방재정365 기능별 회계별 세출예산,8.432962601663581,False
광주,2023,1223803.0,지역통합_3개회계_총계,당초예산,광역본청+기초,일반+기타특별+공기업특별,총계,10555220613000,10555220.613,행정안전부 지방재정365 기능별 회계별 세출예산,11.594291060982108,False
광주,2024,1240977.0,지역통합_3개회계_총계,당초예산,광역본청+기초,일반+기타특별+공기업특별,총계,10446365954000,10446365.954,행정안전부 지방재정365 기능별 회계별 세출예산,11.879509156242221,False
대구,2016,774602.0,지역통합_3개회계_총계,당초예산,광역본청+기초,일반+기타특별+공기업특별,총계,10142136000000,10142136.0,행정안전부 지방재정365 기능별 회계별 세출예산,7.637464139703905,False
대구,2017,959658.5,지역통합_3개회계_총계,당초예산,광역본청+기초,일반+기타특별+공기업특별,총계,10515430302000,10515430.302,행정안전부 지방재정365 기능별 회계별 세출예산,9.126193341013122,False
대구,2018,1446836.0,지역통합_3개회계_총계,당초예산,광역본청+기초,일반+기타특별+공기업특별,총계,11520519000000,11520519.0,행정안전부 지방재정365 기능별 회계별 세출예산,12.558774478823393,False
대구,2019,1765898.0,지역통합_3개회계_총계,당초예산,광역본청+기초,일반+기타특별+공기업특별,총계,12492622000000,12492622.0,행정안전부 지방재정365 기능별 회계별 세출예산,14.135527353665228,False
대구,2020,1929459.0,지역통합_3개회계_총계,당초예산,광역본청+기초,일반+기타특별+공기업특별,총계,13807220878000,13807220.878,행정안전부 지방재정365 기능별 회계별 세출예산,13.974274888832555,False
대구,2021,2164115.0,지역통합_3개회계_총계,당초예산,광역본청+기초,일반+기타특별+공기업특별,총계,14292089134000,14292089.134,행정안전부 지방재정365 기능별 회계별 세출예산,15.142048021878788,False
대구,2022,2523629.0,지역통합_3개회계_총계,당초예산,광역본청+기초,일반+기타특별+공기업특별,총계,15446262088000,15446262.088,행정안전부 지방재정365 기능별 회계별 세출예산,16.338121065293684,False
대구,2023,2696432.0,지역통합_3개회계_총계,당초예산,광역본청+기초,일반+기타특별+공기업특별,총계,16467736030000,16467736.03,행정안전부 지방재정365 기능별 회계별 세출예산,16.374029770016907,False
대구,2024,2848338.0,지역통합_3개회계_총계,당초예산,광역본청+기초,일반+기타특별+공기업특별,총계,16929169346000,16929169.346,행정안전부 지방재정365 기능별 회계별 세출예산,16.825031056074828,False
대전,2016,709547.0,지역통합_3개회계_총계,당초예산,광역본청+기초,일반+기타특별+공기업특별,총계,5636043167000,5636043.167,행정안전부 지방재정365 기능별 회계별 세출예산,12.58945290118641,False
대전,2017,935218.2,지역통합_3개회계_총계,당초예산,광역본청+기초,일반+기타특별+공기업특별,총계,5660540033000,5660540.033,행정안전부 지방재정365 기능별 회계별 세출예산,16.521713379780632,False
대전,2018,997696.4,지역통합_3개회계_총계,당초예산,광역본청+기초,일반+기타특별+공기업특별,총계,6513779981000,6513779.981,행정안전부 지방재정365 기능별 회계별 세출예산,15.31670401687152,False
대전,2019,685088.0,지역통합_3개회계_총계,당초예산,광역본청+기초,일반+기타특별+공기업특별,총계,7156213850000,7156213.85,행정안전부 지방재정365 기능별 회계별 세출예산,9.5733304560204,False
대전,2020,1247751.0,지역통합_3개회계_총계,당초예산,광역본청+기초,일반+기타특별+공기업특별,총계,8064661159000,8064661.159,행정안전부 지방재정365 기능별 회계별 세출예산,15.471834158928488,False
대전,2021,1337995.0,지역통합_3개회계_총계,당초예산,광역본청+기초,일반+기타특별+공기업특별,총계,8557988811000,8557988.811,행정안전부 지방재정365 기능별 회계별 세출예산,15.634456056780651,False
대전,2022,1500606.3,지역통합_3개회계_총계,당초예산,광역본청+기초,일반+기타특별+공기업특별,총계,9630421529000,9630421.529,행정안전부 지방재정365 기능별 회계별 세출예산,15.58193787760212,False
대전,2023,1222344.0,지역통합_3개회계_총계,당초예산,광역본청+기초,일반+기타특별+공기업특별,총계,10043747094000,10043747.094,행정안전부 지방재정365 기능별 회계별 세출예산,12.170198916400551,False
대전,2024,1676350.0,지역통합_3개회계_총계,당초예산,광역본청+기초,일반+기타특별+공기업특별,총계,10193309919000,10193309.919,행정안전부 지방재정365 기능별 회계별 세출예산,16.445590424709227,False
부산,2016,1757736.53,지역통합_3개회계_총계,당초예산,광역본청+기초,일반+기타특별+공기업특별,총계,14696969244000,14696969.244,행정안전부 지방재정365 기능별 회계별 세출예산,11.959857170672052,False
부산,2017,3477747.6,지역통합_3개회계_총계,당초예산,광역본청+기초,일반+기타특별+공기업특별,총계,14821871547000,14821871.547,행정안전부 지방재정365 기능별 회계별 세출예산,23.463619887489234,False
부산,2018,2341626.0,지역통합_3개회계_총계,당초예산,광역본청+기초,일반+기타특별+공기업특별,총계,16014651967000,16014651.967,행정안전부 지방재정365 기능별 회계별 세출예산,14.621772641860623,False
부산,2019,2525413.0,지역통합_3개회계_총계,당초예산,광역본청+기초,일반+기타특별+공기업특별,총계,17435425232000,17435425.232,행정안전부 지방재정365 기능별 회계별 세출예산,14.484378593560187,False
부산,2020,3494318.0,지역통합_3개회계_총계,당초예산,광역본청+기초,일반+기타특별+공기업특별,총계,19069490134000,19069490.134,행정안전부 지방재정365 기능별 회계별 세출예산,18.324129147898905,False
부산,2021,3944822.1,지역통합_3개회계_총계,당초예산,광역본청+기초,일반+기타특별+공기업특별,총계,20204508206000,20204508.206,행정안전부 지방재정365 기능별 회계별 세출예산,19.524464836162316,False
부산,2022,5106355.100000001,지역통합_3개회계_총계,당초예산,광역본청+기초,일반+기타특별+공기업특별,총계,21881765237000,21881765.237,행정안전부 지방재정365 기능별 회계별 세출예산,23.336120485223173,False
부산,2023,4317819.0,지역통합_3개회계_총계,당초예산,광역본청+기초,일반+기타특별+공기업특별,총계,23589078362000,23589078.362,행정안전부 지방재정365 기능별 회계별 세출예산,18.304314114092897,False
부산,2024,4796613.0,지역통합_3개회계_총계,당초예산,광역본청+기초,일반+기타특별+공기업특별,총계,24466262971000,24466262.971,행정안전부 지방재정365 기능별 회계별 세출예산,19.60500876527589,False
서울,2016,4173074.0,지역통합_3개회계_총계,당초예산,광역본청+기초,일반+기타특별+공기업특별,총계,39210741290000,39210741.29,행정안전부 지방재정365 기능별 회계별 세출예산,10.642680711227126,False
서울,2017,4761473.0,지역통합_3개회계_총계,당초예산,광역본청+기초,일반+기타특별+공기업특별,총계,42320286156000,42320286.156,행정안전부 지방재정365 기능별 회계별 세출예산,11.251041598462672,False
서울,2018,5912413.0,지역통합_3개회계_총계,당초예산,광역본청+기초,일반+기타특별+공기업특별,총계,45777692409000,45777692.409,행정안전부 지방재정365 기능별 회계별 세출예산,12.915489376737579,False
서울,2019,5907309.0,지역통합_3개회계_총계,당초예산,광역본청+기초,일반+기타특별+공기업특별,총계,51497257566000,51497257.566,행정안전부 지방재정365 기능별 회계별 세출예산,11.47111376257088,False
서울,2020,6677517.0,지역통합_3개회계_총계,당초예산,광역본청+기초,일반+기타특별+공기업특별,총계,57038639890000,57038639.89,행정안전부 지방재정365 기능별 회계별 세출예산,11.707006010097201,False
서울,2021,7529092.0,지역통합_3개회계_총계,당초예산,광역본청+기초,일반+기타특별+공기업특별,총계,58825841762000,58825841.762,행정안전부 지방재정365 기능별 회계별 세출예산,12.798953273735561,False
서울,2022,7957659.899999999,지역통합_3개회계_총계,당초예산,광역본청+기초,일반+기타특별+공기업특별,총계,64781476910000,64781476.91,행정안전부 지방재정365 기능별 회계별 세출예산,12.28385069246795,False
서울,2023,8314712.0,지역통합_3개회계_총계,당초예산,광역본청+기초,일반+기타특별+공기업특별,총계,69339637562000,69339637.562,행정안전부 지방재정365 기능별 회계별 세출예산,11.991282753050742,False
서울,2024,4872683.0,지역통합_3개회계_총계,당초예산,광역본청+기초,일반+기타특별+공기업특별,총계,68735866398000,68735866.398,행정안전부 지방재정365 기능별 회계별 세출예산,7.088996262570976,False
세종,2016,97707.0,지역통합_3개회계_총계,당초예산,광역본청+기초,일반+기타특별+공기업특별,총계,1117265816000,1117265.816,행정안전부 지방재정365 기능별 회계별 세출예산,8.74518835184697,False
세종,2017,89445.0,지역통합_3개회계_총계,당초예산,광역본청+기초,일반+기타특별+공기업특별,총계,1242038463000,1242038.463,행정안전부 지방재정365 기능별 회계별 세출예산,7.201467801887228,False
세종,2018,104743.0,지역통합_3개회계_총계,당초예산,광역본청+기초,일반+기타특별+공기업특별,총계,1503339125000,1503339.125,행정안전부 지방재정365 기능별 회계별 세출예산,6.967356749928263,False
세종,2019,129545.0,지역통합_3개회계_총계,당초예산,광역본청+기초,일반+기타특별+공기업특별,총계,1551612540000,1551612.54,행정안전부 지방재정365 기능별 회계별 세출예산,8.349056008531615,False
세종,2020,209363.0,지역통합_3개회계_총계,당초예산,광역본청+기초,일반+기타특별+공기업특별,총계,1605095545000,1605095.545,행정안전부 지방재정365 기능별 회계별 세출예산,13.043647192977536,False
세종,2021,175466.0,지역통합_3개회계_총계,당초예산,광역본청+기초,일반+기타특별+공기업특별,총계,1817284784000,1817284.784,행정안전부 지방재정365 기능별 회계별 세출예산,9.65539366998849,False
세종,2022,231310.4,지역통합_3개회계_총계,당초예산,광역본청+기초,일반+기타특별+공기업특별,총계,1921327954000,1921327.954,행정안전부 지방재정365 기능별 회계별 세출예산,12.039089917909974,False
세종,2023,318453.0,지역통합_3개회계_총계,당초예산,광역본청+기초,일반+기타특별+공기업특별,총계,2002807077000,2002807.077,행정안전부 지방재정365 기능별 회계별 세출예산,15.900333270092592,False
세종,2024,329034.0,지역통합_3개회계_총계,당초예산,광역본청+기초,일반+기타특별+공기업특별,총계,1905977882000,1905977.882,행정안전부 지방재정365 기능별 회계별 세출예산,17.26326433834241,False
울산,2016,577145.0,지역통합_3개회계_총계,당초예산,광역본청+기초,일반+기타특별+공기업특별,총계,5051290919000,5051290.919,행정안전부 지방재정365 기능별 회계별 세출예산,11.42569313973025,False
울산,2017,2222729.4,지역통합_3개회계_총계,당초예산,광역본청+기초,일반+기타특별+공기업특별,총계,5499606839000,5499606.839,행정안전부 지방재정365 기능별 회계별 세출예산,40.41615091896572,False
울산,2018,948045.0,지역통합_3개회계_총계,당초예산,광역본청+기초,일반+기타특별+공기업특별,총계,5861825604000,5861825.604,행정안전부 지방재정365 기능별 회계별 세출예산,16.17320377721698,False
울산,2019,356752.0,지역통합_3개회계_총계,당초예산,광역본청+기초,일반+기타특별+공기업특별,총계,5949726035000,5949726.035,행정안전부 지방재정365 기능별 회계별 세출예산,5.996108020795616,False
울산,2020,1240133.6,지역통합_3개회계_총계,당초예산,광역본청+기초,일반+기타특별+공기업특별,총계,6329132073000,6329132.073,행정안전부 지방재정365 기능별 회계별 세출예산,19.59405469338197,False
울산,2021,977844.0,지역통합_3개회계_총계,당초예산,광역본청+기초,일반+기타특별+공기업특별,총계,6624962937000,6624962.937,행정안전부 지방재정365 기능별 회계별 세출예산,14.759992007484342,False
울산,2022,938106.0,지역통합_3개회계_총계,당초예산,광역본청+기초,일반+기타특별+공기업특별,총계,7135800801000,7135800.801,행정안전부 지방재정365 기능별 회계별 세출예산,13.146471239339183,False
울산,2023,3219772.0,지역통합_3개회계_총계,당초예산,광역본청+기초,일반+기타특별+공기업특별,총계,7674733029000,7674733.029,행정안전부 지방재정365 기능별 회계별 세출예산,41.9528860200565,False
울산,2024,1273043.0,지역통합_3개회계_총계,당초예산,광역본청+기초,일반+기타특별+공기업특별,총계,7987164529000,7987164.529,행정안전부 지방재정365 기능별 회계별 세출예산,15.938609945717323,False
인천,2016,1094772.2,지역통합_3개회계_총계,당초예산,광역본청+기초,일반+기타특별+공기업특별,총계,12151803113000,12151803.113,행정안전부 지방재정365 기능별 회계별 세출예산,9.009133787139891,False
인천,2017,1161639.0,지역통합_3개회계_총계,당초예산,광역본청+기초,일반+기타특별+공기업특별,총계,12559542709000,12559542.709,행정안전부 지방재정365 기능별 회계별 세출예산,9.249054897258201,False
인천,2018,1453723.0,지역통합_3개회계_총계,당초예산,광역본청+기초,일반+기타특별+공기업특별,총계,13910508147000,13910508.147,행정안전부 지방재정365 기능별 회계별 세출예산,10.450538432081046,False
인천,2019,2137311.0,지역통합_3개회계_총계,당초예산,광역본청+기초,일반+기타특별+공기업특별,총계,15781219366000,15781219.366,행정안전부 지방재정365 기능별 회계별 세출예산,13.543383121615749,False
인천,2020,2761790.0,지역통합_3개회계_총계,당초예산,광역본청+기초,일반+기타특별+공기업특별,총계,17413403637000,17413403.637,행정안전부 지방재정365 기능별 회계별 세출예산,15.860138876765879,False
인천,2021,3305518.2,지역통합_3개회계_총계,당초예산,광역본청+기초,일반+기타특별+공기업특별,총계,18393677896000,18393677.896,행정안전부 지방재정365 기능별 회계별 세출예산,17.97094751082293,False
인천,2022,4451688.0,지역통합_3개회계_총계,당초예산,광역본청+기초,일반+기타특별+공기업특별,총계,20157525611000,20157525.611,행정안전부 지방재정365 기능별 회계별 세출예산,22.084496311247175,False
인천,2023,4389696.0,지역통합_3개회계_총계,당초예산,광역본청+기초,일반+기타특별+공기업특별,총계,21446846389000,21446846.389,행정안전부 지방재정365 기능별 회계별 세출예산,20.467792422159825,False
인천,2024,4721370.0,지역통합_3개회계_총계,당초예산,광역본청+기초,일반+기타특별+공기업특별,총계,23074864457000,23074864.457,행정안전부 지방재정365 기능별 회계별 세출예산,20.461095270129416,False
전남,2016,1883686.0,지역통합_3개회계_총계,당초예산,광역본청+기초,일반+기타특별+공기업특별,총계,16028080727000,16028080.727,행정안전부 지방재정365 기능별 회계별 세출예산,11.752411483845654,False
전남,2017,1392937.0,지역통합_3개회계_총계,당초예산,광역본청+기초,일반+기타특별+공기업특별,총계,16374959250000,16374959.25,행정안전부 지방재정365 기능별 회계별 세출예산,8.506506665047121,False
전남,2018,1647546.0,지역통합_3개회계_총계,당초예산,광역본청+기초,일반+기타특별+공기업특별,총계,17876403936000,17876403.936,행정안전부 지방재정365 기능별 회계별 세출예산,9.21631669265498,False
전남,2019,1540331.0,지역통합_3개회계_총계,당초예산,광역본청+기초,일반+기타특별+공기업특별,총계,19596257091000,19596257.091,행정안전부 지방재정365 기능별 회계별 세출예산,7.860332679077935,False
전남,2020,1840688.0,지역통합_3개회계_총계,당초예산,광역본청+기초,일반+기타특별+공기업특별,총계,21529258068000,21529258.068,행정안전부 지방재정365 기능별 회계별 세출예산,8.54970475148842,False
전남,2021,1966392.42,지역통합_3개회계_총계,당초예산,광역본청+기초,일반+기타특별+공기업특별,총계,23050548609000,23050548.609,행정안전부 지방재정365 기능별 회계별 세출예산,8.530783598062518,False
전남,2022,2258897.4,지역통합_3개회계_총계,당초예산,광역본청+기초,일반+기타특별+공기업특별,총계,25152552432000,25152552.432,행정안전부 지방재정365 기능별 회계별 세출예산,8.980787958227841,False
전남,2023,2712169.0,지역통합_3개회계_총계,당초예산,광역본청+기초,일반+기타특별+공기업특별,총계,26558629969000,26558629.969,행정안전부 지방재정365 기능별 회계별 세출예산,10.212006429419446,False
전남,2024,2621833.0,지역통합_3개회계_총계,당초예산,광역본청+기초,일반+기타특별+공기업특별,총계,26547985327000,26547985.327,행정안전부 지방재정365 기능별 회계별 세출예산,9.875826612475661,False
전북,2016,1401390.0,지역통합_3개회계_총계,당초예산,광역본청+기초,일반+기타특별+공기업특별,총계,13099890400000,13099890.4,행정안전부 지방재정365 기능별 회계별 세출예산,10.697723089347374,False
전북,2017,1500137.7,지역통합_3개회계_총계,당초예산,광역본청+기초,일반+기타특별+공기업특별,총계,13449604593000,13449604.593,행정안전부 지방재정365 기능별 회계별 세출예산,11.153768050406208,False
전북,2018,1629235.5,지역통합_3개회계_총계,당초예산,광역본청+기초,일반+기타특별+공기업특별,총계,14690433415000,14690433.415,행정안전부 지방재정365 기능별 회계별 세출예산,11.090452228158444,False
전북,2019,1908798.0,지역통합_3개회계_총계,당초예산,광역본청+기초,일반+기타특별+공기업특별,총계,16333595522000,16333595.522,행정안전부 지방재정365 기능별 회계별 세출예산,11.686330774072417,False
전북,2020,2018401.0,지역통합_3개회계_총계,당초예산,광역본청+기초,일반+기타특별+공기업특별,총계,17943078088000,17943078.088,행정안전부 지방재정365 기능별 회계별 세출예산,11.248911642143883,False
전북,2021,2200038.999,지역통합_3개회계_총계,당초예산,광역본청+기초,일반+기타특별+공기업특별,총계,20066756264000,20066756.264,행정안전부 지방재정365 기능별 회계별 세출예산,10.96360054438343,False
전북,2022,2540795.1,지역통합_3개회계_총계,당초예산,광역본청+기초,일반+기타특별+공기업특별,총계,21289354403000,21289354.403,행정안전부 지방재정365 기능별 회계별 세출예산,11.934580316075543,False
전북,2023,2695319.0,지역통합_3개회계_총계,당초예산,광역본청+기초,일반+기타특별+공기업특별,총계,22652679618000,22652679.618,행정안전부 지방재정365 기능별 회계별 세출예산,11.898455482760097,False
전북,2024,2862745.0,지역통합_3개회계_총계,당초예산,광역본청+기초,일반+기타특별+공기업특별,총계,23117401896000,23117401.896,행정안전부 지방재정365 기능별 회계별 세출예산,12.38350664524866,False
제주,2016,542630.0,지역통합_3개회계_총계,당초예산,광역본청+기초,일반+기타특별+공기업특별,총계,4102809954000,4102809.954,행정안전부 지방재정365 기능별 회계별 세출예산,13.225813676087226,False
제주,2017,542097.0,지역통합_3개회계_총계,당초예산,광역본청+기초,일반+기타특별+공기업특별,총계,4449307793000,4449307.793,행정안전부 지방재정365 기능별 회계별 세출예산,12.183850280101312,False
제주,2018,2211904.0,지역통합_3개회계_총계,당초예산,광역본청+기초,일반+기타특별+공기업특별,총계,5029742949000,5029742.949,행정안전부 지방재정365 기능별 회계별 세출예산,43.97648194804398,False
제주,2019,689085.0,지역통합_3개회계_총계,당초예산,광역본청+기초,일반+기타특별+공기업특별,총계,5285111397000,5285111.397,행정안전부 지방재정365 기능별 회계별 세출예산,13.038230384153247,False
제주,2020,816440.0,지역통합_3개회계_총계,당초예산,광역본청+기초,일반+기타특별+공기업특별,총계,5822869117000,5822869.117,행정안전부 지방재정365 기능별 회계별 세출예산,14.021266554255613,False
제주,2021,704514.0,지역통합_3개회계_총계,당초예산,광역본청+기초,일반+기타특별+공기업특별,총계,5829867586000,5829867.586,행정안전부 지방재정365 기능별 회계별 세출예산,12.084562635553485,False
제주,2022,913167.7,지역통합_3개회계_총계,당초예산,광역본청+기초,일반+기타특별+공기업특별,총계,6392244966000,6392244.966,행정안전부 지방재정365 기능별 회계별 세출예산,14.285555463801666,False
제주,2023,1002935.0,지역통합_3개회계_총계,당초예산,광역본청+기초,일반+기타특별+공기업특별,총계,7063922036000,7063922.036,행정안전부 지방재정365 기능별 회계별 세출예산,14.197990788810003,False
제주,2024,1047248.0,지역통합_3개회계_총계,당초예산,광역본청+기초,일반+기타특별+공기업특별,총계,7210363118000,7210363.118,행정안전부 지방재정365 기능별 회계별 세출예산,14.52420610254209,False
충남,2016,1317305.0,지역통합_3개회계_총계,당초예산,광역본청+기초,일반+기타특별+공기업특별,총계,13853262572000,13853262.572,행정안전부 지방재정365 기능별 회계별 세출예산,9.508987454424753,False
충남,2017,1301513.7999999998,지역통합_3개회계_총계,당초예산,광역본청+기초,일반+기타특별+공기업특별,총계,13711533221000,13711533.221,행정안전부 지방재정365 기능별 회계별 세출예산,9.492109883135875,False
충남,2018,1308334.9,지역통합_3개회계_총계,당초예산,광역본청+기초,일반+기타특별+공기업특별,총계,15043327767000,15043327.767,행정안전부 지방재정365 기능별 회계별 세출예산,8.697110907003212,False
충남,2019,1809236.0,지역통합_3개회계_총계,당초예산,광역본청+기초,일반+기타특별+공기업특별,총계,16617524995000,16617524.995,행정안전부 지방재정365 기능별 회계별 세출예산,10.887517849645937,False
충남,2020,1425058.0,지역통합_3개회계_총계,당초예산,광역본청+기초,일반+기타특별+공기업특별,총계,18089224298000,18089224.298,행정안전부 지방재정365 기능별 회계별 세출예산,7.8779386916970155,False
충남,2021,1253034.0,지역통합_3개회계_총계,당초예산,광역본청+기초,일반+기타특별+공기업특별,총계,20054981810000,20054981.81,행정안전부 지방재정365 기능별 회계별 세출예산,6.247993699875613,False
충남,2022,1666990.0,지역통합_3개회계_총계,당초예산,광역본청+기초,일반+기타특별+공기업특별,총계,21889680919000,21889680.919,행정안전부 지방재정365 기능별 회계별 세출예산,7.615414798271779,False
충남,2023,1693900.0,지역통합_3개회계_총계,당초예산,광역본청+기초,일반+기타특별+공기업특별,총계,22975382093000,22975382.093,행정안전부 지방재정365 기능별 회계별 세출예산,7.372673904370397,False
충남,2024,1060854.0,지역통합_3개회계_총계,당초예산,광역본청+기초,일반+기타특별+공기업특별,총계,24262284035000,24262284.035,행정안전부 지방재정365 기능별 회계별 세출예산,4.372440774618109,False
충북,2016,1198606.0,지역통합_3개회계_총계,당초예산,광역본청+기초,일반+기타특별+공기업특별,총계,9808174364000,9808174.364,행정안전부 지방재정365 기능별 회계별 세출예산,12.22048013745935,False
충북,2017,1184144.7,지역통합_3개회계_총계,당초예산,광역본청+기초,일반+기타특별+공기업특별,총계,10030984729000,10030984.729,행정안전부 지방재정365 기능별 회계별 세출예산,11.80486993043253,False
충북,2018,1087783.0,지역통합_3개회계_총계,당초예산,광역본청+기초,일반+기타특별+공기업특별,총계,10856422302000,10856422.302,행정안전부 지방재정365 기능별 회계별 세출예산,10.019718925263305,False
충북,2019,1216343.0,지역통합_3개회계_총계,당초예산,광역본청+기초,일반+기타특별+공기업특별,총계,11896586776000,11896586.776,행정안전부 지방재정365 기능별 회계별 세출예산,10.224302339002246,False
충북,2020,1730007.0,지역통합_3개회계_총계,당초예산,광역본청+기초,일반+기타특별+공기업특별,총계,13136258088000,13136258.088,행정안전부 지방재정365 기능별 회계별 세출예산,13.169709276497581,False
충북,2021,1856518.64,지역통합_3개회계_총계,당초예산,광역본청+기초,일반+기타특별+공기업특별,총계,14282328364000,14282328.364,행정안전부 지방재정365 기능별 회계별 세출예산,12.998711363334397,False
충북,2022,1864639.7,지역통합_3개회계_총계,당초예산,광역본청+기초,일반+기타특별+공기업특별,총계,15625146694000,15625146.694,행정안전부 지방재정365 기능별 회계별 세출예산,11.933582042567414,False
충북,2023,1875132.0,지역통합_3개회계_총계,당초예산,광역본청+기초,일반+기타특별+공기업특별,총계,16720825573000,16720825.573,행정안전부 지방재정365 기능별 회계별 세출예산,11.214350582233658,False
충북,2024,2209471.0,지역통합_3개회계_총계,당초예산,광역본청+기초,일반+기타특별+공기업특별,총계,17251043005000,17251043.005,행정안전부 지방재정365 기능별 회계별 세출예산,12.807753127504304,False
강원,2016,966330.0,지역통합_4개회계_총계,당초예산,광역본청+기초,일반+기타특별+공기업특별+기금,총계,13458725778000,13458725.778,행정안전부 지방재정365 세출예산,7.179951623500565,False
강원,2017,1189656.0,지역통합_4개회계_총계,당초예산,광역본청+기초,일반+기타특별+공기업특별+기금,총계,13956736738000,13956736.738,행정안전부 지방재정365 세출예산,8.523883643666675,False
강원,2018,1070709.0,지역통합_4개회계_총계,당초예산,광역본청+기초,일반+기타특별+공기업특별+기금,총계,15170609261000,15170609.261,행정안전부 지방재정365 세출예산,7.057785099986303,False
강원,2019,1610182.0,지역통합_4개회계_총계,당초예산,광역본청+기초,일반+기타특별+공기업특별+기금,총계,16559410309000,16559410.309,행정안전부 지방재정365 세출예산,9.723667509614579,False
강원,2020,1479594.0,지역통합_4개회계_총계,당초예산,광역본청+기초,일반+기타특별+공기업특별+기금,총계,18557509095000,18557509.095,행정안전부 지방재정365 세출예산,7.973020476108246,False
강원,2021,1968341.0,지역통합_4개회계_총계,당초예산,광역본청+기초,일반+기타특별+공기업특별+기금,총계,19788901013000,19788901.013,행정안전부 지방재정365 세출예산,9.946691828449342,False
강원,2022,1320745.8,지역통합_4개회계_총계,당초예산,광역본청+기초,일반+기타특별+공기업특별+기금,총계,20828959354000,20828959.354,행정안전부 지방재정365 세출예산,6.340911120681427,False
강원,2023,2579093.0,지역통합_4개회계_총계,당초예산,광역본청+기초,일반+기타특별+공기업특별+기금,총계,22717302003000,22717302.003,행정안전부 지방재정365 세출예산,11.352989891402643,False
강원,2024,2540007.0,지역통합_4개회계_총계,당초예산,광역본청+기초,일반+기타특별+공기업특별+기금,총계,22673272053000,22673272.053,행정안전부 지방재정365 세출예산,11.202648625494355,False
경기,2016,4814583.0,지역통합_4개회계_총계,당초예산,광역본청+기초,일반+기타특별+공기업특별+기금,총계,50595268977000,50595268.977,행정안전부 지방재정365 세출예산,9.51587588592256,False
경기,2017,5514545.0,지역통합_4개회계_총계,당초예산,광역본청+기초,일반+기타특별+공기업특별+기금,총계,56831964463000,56831964.463,행정안전부 지방재정365 세출예산,9.70324543961559,False
경기,2018,7061650.0,지역통합_4개회계_총계,당초예산,광역본청+기초,일반+기타특별+공기업특별+기금,총계,63815402910000,63815402.91,행정안전부 지방재정365 세출예산,11.065745381188256,False
경기,2019,8641670.0,지역통합_4개회계_총계,당초예산,광역본청+기초,일반+기타특별+공기업특별+기금,총계,69874263175000,69874263.175,행정안전부 지방재정365 세출예산,12.367457783929613,False
경기,2020,10166623.0,지역통합_4개회계_총계,당초예산,광역본청+기초,일반+기타특별+공기업특별+기금,총계,77403678169000,77403678.169,행정안전부 지방재정365 세출예산,13.134547660387163,False
경기,2021,10065813.95,지역통합_4개회계_총계,당초예산,광역본청+기초,일반+기타특별+공기업특별+기금,총계,79867186308000,79867186.308,행정안전부 지방재정365 세출예산,12.603190891415872,False
경기,2022,9215575.7,지역통합_4개회계_총계,당초예산,광역본청+기초,일반+기타특별+공기업특별+기금,총계,92196390703000,92196390.703,행정안전부 지방재정365 세출예산,9.995592701331347,False
경기,2023,12285412.0,지역통합_4개회계_총계,당초예산,광역본청+기초,일반+기타특별+공기업특별+기금,총계,94704678649000,94704678.649,행정안전부 지방재정365 세출예산,12.972339038848238,False
경기,2024,13821287.0,지역통합_4개회계_총계,당초예산,광역본청+기초,일반+기타특별+공기업특별+기금,총계,97677570086000,97677570.086,행정안전부 지방재정365 세출예산,14.149908712748566,False
경남,2016,1481184.0,지역통합_4개회계_총계,당초예산,광역본청+기초,일반+기타특별+공기업특별+기금,총계,19573962475000,19573962.475,행정안전부 지방재정365 세출예산,7.567113720033837,False
경남,2017,1707499.35,지역통합_4개회계_총계,당초예산,광역본청+기초,일반+기타특별+공기업특별+기금,총계,20218978620000,20218978.62,행정안전부 지방재정365 세출예산,8.445032670003387,False
경남,2018,1999188.0,지역통합_4개회계_총계,당초예산,광역본청+기초,일반+기타특별+공기업특별+기금,총계,21797169103000,21797169.103,행정안전부 지방재정365 세출예산,9.171778181621056,False
경남,2019,2831100.0,지역통합_4개회계_총계,당초예산,광역본청+기초,일반+기타특별+공기업특별+기금,총계,24280481005000,24280481.005,행정안전부 지방재정365 세출예산,11.659983175032657,False
경남,2020,1717208.36,지역통합_4개회계_총계,당초예산,광역본청+기초,일반+기타특별+공기업특별+기금,총계,27776357270000,27776357.27,행정안전부 지방재정365 세출예산,6.182266246462347,False
경남,2021,3255588.1419999995,지역통합_4개회계_총계,당초예산,광역본청+기초,일반+기타특별+공기업특별+기금,총계,30041412896000,30041412.896,행정안전부 지방재정365 세출예산,10.837000753827658,False
경남,2022,3325544.7,지역통합_4개회계_총계,당초예산,광역본청+기초,일반+기타특별+공기업특별+기금,총계,31816697661000,31816697.661,행정안전부 지방재정365 세출예산,10.452199456502232,False
경남,2023,3893879.0,지역통합_4개회계_총계,당초예산,광역본청+기초,일반+기타특별+공기업특별+기금,총계,34988991526000,34988991.526,행정안전부 지방재정365 세출예산,11.128868910401415,False
경남,2024,4041141.0,지역통합_4개회계_총계,당초예산,광역본청+기초,일반+기타특별+공기업특별+기금,총계,34800879160000,34800879.16,행정안전부 지방재정365 세출예산,11.612180776872076,False
경북,2016,1659180.0,지역통합_4개회계_총계,당초예산,광역본청+기초,일반+기타특별+공기업특별+기금,총계,21596525082000,21596525.082,행정안전부 지방재정365 세출예산,7.682624837561819,False
경북,2017,1817693.0,지역통합_4개회계_총계,당초예산,광역본청+기초,일반+기타특별+공기업특별+기금,총계,22440180083000,22440180.083,행정안전부 지방재정365 세출예산,8.100171180787578,False
경북,2018,2487285.0,지역통합_4개회계_총계,당초예산,광역본청+기초,일반+기타특별+공기업특별+기금,총계,23886851328000,23886851.328,행정안전부 지방재정365 세출예산,10.412778837386666,False
경북,2019,2232261.0,지역통합_4개회계_총계,당초예산,광역본청+기초,일반+기타특별+공기업특별+기금,총계,25731429699000,25731429.699,행정안전부 지방재정365 세출예산,8.675231132169667,False
경북,2020,2646517.0,지역통합_4개회계_총계,당초예산,광역본청+기초,일반+기타특별+공기업특별+기금,총계,28469985308000,28469985.308,행정안전부 지방재정365 세출예산,9.29581442128927,False
경북,2021,3199705.6,지역통합_4개회계_총계,당초예산,광역본청+기초,일반+기타특별+공기업특별+기금,총계,30613064531000,30613064.531,행정안전부 지방재정365 세출예산,10.452091775261021,False
경북,2022,3356569.7,지역통합_4개회계_총계,당초예산,광역본청+기초,일반+기타특별+공기업특별+기금,총계,33400062193000,33400062.193,행정안전부 지방재정365 세출예산,10.04959116723882,False
경북,2023,3406826.0,지역통합_4개회계_총계,당초예산,광역본청+기초,일반+기타특별+공기업특별+기금,총계,37607081680000,37607081.68,행정안전부 지방재정365 세출예산,9.05900125138346,False
경북,2024,4062706.0,지역통합_4개회계_총계,당초예산,광역본청+기초,일반+기타특별+공기업특별+기금,총계,38692007412000,38692007.412,행정안전부 지방재정365 세출예산,10.500116876179408,False
광주,2016,1102184.9,지역통합_4개회계_총계,당초예산,광역본청+기초,일반+기타특별+공기업특별+기금,총계,6057228051000,6057228.051,행정안전부 지방재정365 세출예산,18.19619289087255,False
광주,2017,1244520.8,지역통합_4개회계_총계,당초예산,광역본청+기초,일반+기타특별+공기업특별+기금,총계,6213455179000,6213455.179,행정안전부 지방재정365 세출예산,20.029448417141307,False
광주,2018,3239297.3600000003,지역통합_4개회계_총계,당초예산,광역본청+기초,일반+기타특별+공기업특별+기금,총계,6959971990000,6959971.99,행정안전부 지방재정365 세출예산,46.54181603969358,False
광주,2019,1088029.0,지역통합_4개회계_총계,당초예산,광역본청+기초,일반+기타특별+공기업특별+기금,총계,7797690187000,7797690.187,행정안전부 지방재정365 세출예산,13.953221709345659,False
광주,2020,194720.0,지역통합_4개회계_총계,당초예산,광역본청+기초,일반+기타특별+공기업특별+기금,총계,8790161279000,8790161.279,행정안전부 지방재정365 세출예산,2.215203951549704,False
광주,2021,824741.7,지역통합_4개회계_총계,당초예산,광역본청+기초,일반+기타특별+공기업특별+기금,총계,9719564634000,9719564.634,행정안전부 지방재정365 세출예산,8.485376979900641,False
광주,2022,870927.5,지역통합_4개회계_총계,당초예산,광역본청+기초,일반+기타특별+공기업특별+기금,총계,10922773857000,10922773.857,행정안전부 지방재정365 세출예산,7.973501158241547,False
광주,2023,1223803.0,지역통합_4개회계_총계,당초예산,광역본청+기초,일반+기타특별+공기업특별+기금,총계,11094906837000,11094906.837,행정안전부 지방재정365 세출예산,11.03031344002623,False
광주,2024,1240977.0,지역통합_4개회계_총계,당초예산,광역본청+기초,일반+기타특별+공기업특별+기금,총계,11065354968000,11065354.968,행정안전부 지방재정365 세출예산,11.214976867789533,False
대구,2016,774602.0,지역통합_4개회계_총계,당초예산,광역본청+기초,일반+기타특별+공기업특별+기금,총계,10527366075000,10527366.075,행정안전부 지방재정365 세출예산,7.357984841426729,False
대구,2017,959658.5,지역통합_4개회계_총계,당초예산,광역본청+기초,일반+기타특별+공기업특별+기금,총계,11032285450000,11032285.45,행정안전부 지방재정365 세출예산,8.698637325414744,False
대구,2018,1446836.0,지역통합_4개회계_총계,당초예산,광역본청+기초,일반+기타특별+공기업특별+기금,총계,12079951315000,12079951.315,행정안전부 지방재정365 세출예산,11.977167475860808,False
대구,2019,1765898.0,지역통합_4개회계_총계,당초예산,광역본청+기초,일반+기타특별+공기업특별+기금,총계,13058127831000,13058127.831,행정안전부 지방재정365 세출예산,13.52336278871277,False
대구,2020,1929459.0,지역통합_4개회계_총계,당초예산,광역본청+기초,일반+기타특별+공기업특별+기금,총계,15658420138000,15658420.138,행정안전부 지방재정365 세출예산,12.322181822913098,False
대구,2021,2164115.0,지역통합_4개회계_총계,당초예산,광역본청+기초,일반+기타특별+공기업특별+기금,총계,15588659062000,15588659.062,행정안전부 지방재정365 세출예산,13.882624486126566,False
대구,2022,2523629.0,지역통합_4개회계_총계,당초예산,광역본청+기초,일반+기타특별+공기업특별+기금,총계,16936083840000,16936083.84,행정안전부 지방재정365 세출예산,14.90090049058236,False
대구,2023,2696432.0,지역통합_4개회계_총계,당초예산,광역본청+기초,일반+기타특별+공기업특별+기금,총계,18187994619000,18187994.619,행정안전부 지방재정365 세출예산,14.825339772110915,False
대구,2024,2848338.0,지역통합_4개회계_총계,당초예산,광역본청+기초,일반+기타특별+공기업특별+기금,총계,18800155413000,18800155.413,행정안전부 지방재정365 세출예산,15.150608797789092,False
대전,2016,709547.0,지역통합_4개회계_총계,당초예산,광역본청+기초,일반+기타특별+공기업특별+기금,총계,6204585464000,6204585.464,행정안전부 지방재정365 세출예산,11.435848601278934,False
대전,2017,935218.2,지역통합_4개회계_총계,당초예산,광역본청+기초,일반+기타특별+공기업특별+기금,총계,6628700774000,6628700.774,행정안전부 지방재정365 세출예산,14.108619952619389,False
대전,2018,997696.4,지역통합_4개회계_총계,당초예산,광역본청+기초,일반+기타특별+공기업특별+기금,총계,7616345423000,7616345.423,행정안전부 지방재정365 세출예산,13.099411129478652,False
대전,2019,685088.0,지역통합_4개회계_총계,당초예산,광역본청+기초,일반+기타특별+공기업특별+기금,총계,8341172076000,8341172.076,행정안전부 지방재정365 세출예산,8.2133301382332,False
대전,2020,1247751.0,지역통합_4개회계_총계,당초예산,광역본청+기초,일반+기타특별+공기업특별+기금,총계,9728323586000,9728323.586,행정안전부 지방재정365 세출예산,12.825961112103986,False
대전,2021,1337995.0,지역통합_4개회계_총계,당초예산,광역본청+기초,일반+기타특별+공기업특별+기금,총계,9786323453000,9786323.453,행정안전부 지방재정365 세출예산,13.67209050902397,False
대전,2022,1500606.3,지역통합_4개회계_총계,당초예산,광역본청+기초,일반+기타특별+공기업특별+기금,총계,10731153016000,10731153.016,행정안전부 지방재정365 세출예산,13.983644607085713,False
대전,2023,1222344.0,지역통합_4개회계_총계,당초예산,광역본청+기초,일반+기타특별+공기업특별+기금,총계,11568169731000,11568169.731,행정안전부 지방재정365 세출예산,10.566442474684676,False
대전,2024,1676350.0,지역통합_4개회계_총계,당초예산,광역본청+기초,일반+기타특별+공기업특별+기금,총계,11644613485000,11644613.485,행정안전부 지방재정365 세출예산,14.39592651279829,False
부산,2016,1757736.53,지역통합_4개회계_총계,당초예산,광역본청+기초,일반+기타특별+공기업특별+기금,총계,15868725748000,15868725.748,행정안전부 지방재정365 세출예산,11.076733935121002,False
부산,2017,3477747.6,지역통합_4개회계_총계,당초예산,광역본청+기초,일반+기타특별+공기업특별+기금,총계,16223736157000,16223736.157,행정안전부 지방재정365 세출예산,21.436169611889728,False
부산,2018,2341626.0,지역통합_4개회계_총계,당초예산,광역본청+기초,일반+기타특별+공기업특별+기금,총계,17441155273000,17441155.273,행정안전부 지방재정365 세출예산,13.425865221353678,False
부산,2019,2525413.0,지역통합_4개회계_총계,당초예산,광역본청+기초,일반+기타특별+공기업특별+기금,총계,18912824988000,18912824.988,행정안전부 지방재정365 세출예산,13.352912648440144,False
부산,2020,3494318.0,지역통합_4개회계_총계,당초예산,광역본청+기초,일반+기타특별+공기업특별+기금,총계,20558725267000,20558725.267,행정안전부 지방재정365 세출예산,16.99676392684196,False
부산,2021,3944822.1,지역통합_4개회계_총계,당초예산,광역본청+기초,일반+기타특별+공기업특별+기금,총계,21767614370000,21767614.37,행정안전부 지방재정365 세출예산,18.122436537817073,False
부산,2022,5106355.100000001,지역통합_4개회계_총계,당초예산,광역본청+기초,일반+기타특별+공기업특별+기금,총계,23639380617000,23639380.617,행정안전부 지방재정365 세출예산,21.601052847923697,False
부산,2023,4317819.0,지역통합_4개회계_총계,당초예산,광역본청+기초,일반+기타특별+공기업특별+기금,총계,25793114447000,25793114.447,행정안전부 지방재정365 세출예산,16.7402002145662,False
부산,2024,4796613.0,지역통합_4개회계_총계,당초예산,광역본청+기초,일반+기타특별+공기업특별+기금,총계,27057924865000,27057924.865,행정안전부 지방재정365 세출예산,17.727202008031743,False
서울,2016,4173074.0,지역통합_4개회계_총계,당초예산,광역본청+기초,일반+기타특별+공기업특별+기금,총계,42272937655000,42272937.655,행정안전부 지방재정365 세출예산,9.871738827468057,False
서울,2017,4761473.0,지역통합_4개회계_총계,당초예산,광역본청+기초,일반+기타특별+공기업특별+기금,총계,45970267146000,45970267.146,행정안전부 지방재정365 세출예산,10.35772314500093,False
서울,2018,5912413.0,지역통합_4개회계_총계,당초예산,광역본청+기초,일반+기타특별+공기업특별+기금,총계,49483158147000,49483158.147,행정안전부 지방재정365 세출예산,11.94833398150528,False
서울,2019,5907309.0,지역통합_4개회계_총계,당초예산,광역본청+기초,일반+기타특별+공기업특별+기금,총계,56389184326000,56389184.326,행정안전부 지방재정365 세출예산,10.475961074110183,False
서울,2020,6677517.0,지역통합_4개회계_총계,당초예산,광역본청+기초,일반+기타특별+공기업특별+기금,총계,61655774941000,61655774.941,행정안전부 지방재정365 세출예산,10.83031882478144,False
서울,2021,7529092.0,지역통합_4개회계_총계,당초예산,광역본청+기초,일반+기타특별+공기업특별+기금,총계,63089458810000,63089458.81,행정안전부 지방재정365 세출예산,11.933993636995028,False
서울,2022,7957659.899999999,지역통합_4개회계_총계,당초예산,광역본청+기초,일반+기타특별+공기업특별+기금,총계,71230589785000,71230589.785,행정안전부 지방재정365 세출예산,11.171688910647983,False
서울,2023,8314712.0,지역통합_4개회계_총계,당초예산,광역본청+기초,일반+기타특별+공기업특별+기금,총계,78292887881000,78292887.881,행정안전부 지방재정365 세출예산,10.620009332952197,False
서울,2024,4872683.0,지역통합_4개회계_총계,당초예산,광역본청+기초,일반+기타특별+공기업특별+기금,총계,78048365134000,78048365.134,행정안전부 지방재정365 세출예산,6.243158318094387,False
세종,2016,97707.0,지역통합_4개회계_총계,당초예산,광역본청+기초,일반+기타특별+공기업특별+기금,총계,1194522501000,1194522.501,행정안전부 지방재정365 세출예산,8.17958639692464,False
세종,2017,89445.0,지역통합_4개회계_총계,당초예산,광역본청+기초,일반+기타특별+공기업특별+기금,총계,1412782992000,1412782.992,행정안전부 지방재정365 세출예산,6.331120951093669,False
세종,2018,104743.0,지역통합_4개회계_총계,당초예산,광역본청+기초,일반+기타특별+공기업특별+기금,총계,1723055251000,1723055.251,행정안전부 지방재정365 세출예산,6.078911279206565,False
세종,2019,129545.0,지역통합_4개회계_총계,당초예산,광역본청+기초,일반+기타특별+공기업특별+기금,총계,1726445940000,1726445.94,행정안전부 지방재정365 세출예산,7.503565388210188,False
세종,2020,209363.0,지역통합_4개회계_총계,당초예산,광역본청+기초,일반+기타특별+공기업특별+기금,총계,1760324553000,1760324.553,행정안전부 지방재정365 세출예산,11.893431790359172,False
세종,2021,175466.0,지역통합_4개회계_총계,당초예산,광역본청+기초,일반+기타특별+공기업특별+기금,총계,2116899111000,2116899.111,행정안전부 지방재정365 세출예산,8.288822036356365,False
세종,2022,231310.4,지역통합_4개회계_총계,당초예산,광역본청+기초,일반+기타특별+공기업특별+기금,총계,2321067388000,2321067.388,행정안전부 지방재정365 세출예산,9.965690836719473,False
세종,2023,318453.0,지역통합_4개회계_총계,당초예산,광역본청+기초,일반+기타특별+공기업특별+기금,총계,2503293576000,2503293.576,행정안전부 지방재정365 세출예산,12.72136049295722,False
세종,2024,329034.0,지역통합_4개회계_총계,당초예산,광역본청+기초,일반+기타특별+공기업특별+기금,총계,2163037863000,2163037.863,행정안전부 지방재정365 세출예산,15.211661600026277,False
울산,2016,577145.0,지역통합_4개회계_총계,당초예산,광역본청+기초,일반+기타특별+공기업특별+기금,총계,5256770156000,5256770.156,행정안전부 지방재정365 세출예산,10.979079983956597,False
울산,2017,2222729.4,지역통합_4개회계_총계,당초예산,광역본청+기초,일반+기타특별+공기업특별+기금,총계,6004398458000,6004398.458,행정안전부 지방재정365 세출예산,37.018352721720724,False
울산,2018,948045.0,지역통합_4개회계_총계,당초예산,광역본청+기초,일반+기타특별+공기업특별+기금,총계,6395330918000,6395330.918,행정안전부 지방재정365 세출예산,14.824017899240785,False
울산,2019,356752.0,지역통합_4개회계_총계,당초예산,광역본청+기초,일반+기타특별+공기업특별+기금,총계,6491824956000,6491824.956,행정안전부 지방재정365 세출예산,5.495403872069529,False
울산,2020,1240133.6,지역통합_4개회계_총계,당초예산,광역본청+기초,일반+기타특별+공기업특별+기금,총계,6917825900000,6917825.9,행정안전부 지방재정365 세출예산,17.926637905125656,False
울산,2021,977844.0,지역통합_4개회계_총계,당초예산,광역본청+기초,일반+기타특별+공기업특별+기금,총계,7197720703000,7197720.703,행정안전부 지방재정365 세출예산,13.585467404874935,False
울산,2022,938106.0,지역통합_4개회계_총계,당초예산,광역본청+기초,일반+기타특별+공기업특별+기금,총계,7821609608000,7821609.608,행정안전부 지방재정365 세출예산,11.993771704490316,False
울산,2023,3219772.0,지역통합_4개회계_총계,당초예산,광역본청+기초,일반+기타특별+공기업특별+기금,총계,8321903381000,8321903.381,행정안전부 지방재정365 세출예산,38.690331437290695,False
울산,2024,1273043.0,지역통합_4개회계_총계,당초예산,광역본청+기초,일반+기타특별+공기업특별+기금,총계,8786551447000,8786551.447,행정안전부 지방재정365 세출예산,14.488539760780164,False
인천,2016,1094772.2,지역통합_4개회계_총계,당초예산,광역본청+기초,일반+기타특별+공기업특별+기금,총계,12626231121000,12626231.121,행정안전부 지방재정365 세출예산,8.67061745907035,False
인천,2017,1161639.0,지역통합_4개회계_총계,당초예산,광역본청+기초,일반+기타특별+공기업특별+기금,총계,13339660452000,13339660.452,행정안전부 지방재정365 세출예산,8.708160182786639,False
인천,2018,1453723.0,지역통합_4개회계_총계,당초예산,광역본청+기초,일반+기타특별+공기업특별+기금,총계,14701228259000,14701228.259,행정안전부 지방재정365 세출예산,9.888445879411742,False
인천,2019,2137311.0,지역통합_4개회계_총계,당초예산,광역본청+기초,일반+기타특별+공기업특별+기금,총계,16643821602000,16643821.602,행정안전부 지방재정365 세출예산,12.841467849806627,False
인천,2020,2761790.0,지역통합_4개회계_총계,당초예산,광역본청+기초,일반+기타특별+공기업특별+기금,총계,18376230108000,18376230.108,행정안전부 지방재정365 세출예산,15.029143539063917,False
인천,2021,3305518.2,지역통합_4개회계_총계,당초예산,광역본청+기초,일반+기타특별+공기업특별+기금,총계,19688855097000,19688855.097,행정안전부 지방재정365 세출예산,16.788778137250162,False
인천,2022,4451688.0,지역통합_4개회계_총계,당초예산,광역본청+기초,일반+기타특별+공기업특별+기금,총계,21760658499000,21760658.499,행정안전부 지방재정365 세출예산,20.457505916949042,False
인천,2023,4389696.0,지역통합_4개회계_총계,당초예산,광역본청+기초,일반+기타특별+공기업특별+기금,총계,23396855327000,23396855.327,행정안전부 지방재정365 세출예산,18.76190598543508,False
인천,2024,4721370.0,지역통합_4개회계_총계,당초예산,광역본청+기초,일반+기타특별+공기업특별+기금,총계,25046039246000,25046039.246,행정안전부 지방재정365 세출예산,18.850764999715597,False
전남,2016,1883686.0,지역통합_4개회계_총계,당초예산,광역본청+기초,일반+기타특별+공기업특별+기금,총계,16928894944000,16928894.944,행정안전부 지방재정365 세출예산,11.127046427018103,False
전남,2017,1392937.0,지역통합_4개회계_총계,당초예산,광역본청+기초,일반+기타특별+공기업특별+기금,총계,17876170156000,17876170.156,행정안전부 지방재정365 세출예산,7.792144446177534,False
전남,2018,1647546.0,지역통합_4개회계_총계,당초예산,광역본청+기초,일반+기타특별+공기업특별+기금,총계,19202211739000,19202211.739,행정안전부 지방재정365 세출예산,8.579980381394336,False
전남,2019,1540331.0,지역통합_4개회계_총계,당초예산,광역본청+기초,일반+기타특별+공기업특별+기금,총계,21252983432000,21252983.432,행정안전부 지방재정365 세출예산,7.247598930890654,False
전남,2020,1840688.0,지역통합_4개회계_총계,당초예산,광역본청+기초,일반+기타특별+공기업특별+기금,총계,23898238351000,23898238.351,행정안전부 지방재정365 세출예산,7.7021911530268845,False
전남,2021,1966392.42,지역통합_4개회계_총계,당초예산,광역본청+기초,일반+기타특별+공기업특별+기금,총계,25352120034000,25352120.034,행정안전부 지방재정365 세출예산,7.756323405548923,False
전남,2022,2258897.4,지역통합_4개회계_총계,당초예산,광역본청+기초,일반+기타특별+공기업특별+기금,총계,27541923539000,27541923.539,행정안전부 지방재정365 세출예산,8.201668982202165,False
전남,2023,2712169.0,지역통합_4개회계_총계,당초예산,광역본청+기초,일반+기타특별+공기업특별+기금,총계,29743428723000,29743428.723,행정안전부 지방재정365 세출예산,9.118548588524812,False
전남,2024,2621833.0,지역통합_4개회계_총계,당초예산,광역본청+기초,일반+기타특별+공기업특별+기금,총계,29734410136000,29734410.136,행정안전부 지방재정365 세출예산,8.817504662134521,False
전북,2016,1401390.0,지역통합_4개회계_총계,당초예산,광역본청+기초,일반+기타특별+공기업특별+기금,총계,13905241259000,13905241.259,행정안전부 지방재정365 세출예산,10.078142291080114,False
전북,2017,1500137.7,지역통합_4개회계_총계,당초예산,광역본청+기초,일반+기타특별+공기업특별+기금,총계,14592475472000,14592475.472,행정안전부 지방재정365 세출예산,10.280213956010822,False
전북,2018,1629235.5,지역통합_4개회계_총계,당초예산,광역본청+기초,일반+기타특별+공기업특별+기금,총계,16042221537000,16042221.537,행정안전부 지방재정365 세출예산,10.15592196032394,False
전북,2019,1908798.0,지역통합_4개회계_총계,당초예산,광역본청+기초,일반+기타특별+공기업특별+기금,총계,17641598112000,17641598.112,행정안전부 지방재정365 세출예산,10.81987010406736,False
전북,2020,2018401.0,지역통합_4개회계_총계,당초예산,광역본청+기초,일반+기타특별+공기업특별+기금,총계,19616008914000,19616008.914,행정안전부 지방재정365 세출예산,10.28955996527643,False
전북,2021,2200038.999,지역통합_4개회계_총계,당초예산,광역본청+기초,일반+기타특별+공기업특별+기금,총계,21366755191000,21366755.191,행정안전부 지방재정365 세출예산,10.296551719405151,False
전북,2022,2540795.1,지역통합_4개회계_총계,당초예산,광역본청+기초,일반+기타특별+공기업특별+기금,총계,22604455537000,22604455.537,행정안전부 지방재정365 세출예산,11.240240207693173,False
전북,2023,2695319.0,지역통합_4개회계_총계,당초예산,광역본청+기초,일반+기타특별+공기업특별+기금,총계,25212865274000,25212865.274,행정안전부 지방재정365 세출예산,10.690252657556798,False
전북,2024,2862745.0,지역통합_4개회계_총계,당초예산,광역본청+기초,일반+기타특별+공기업특별+기금,총계,25385238356000,25385238.356,행정안전부 지방재정365 세출예산,11.277203545829098,False
제주,2016,542630.0,지역통합_4개회계_총계,당초예산,광역본청+기초,일반+기타특별+공기업특별+기금,총계,4606950463000,4606950.463,행정안전부 지방재정365 세출예산,11.77850737397868,False
제주,2017,542097.0,지역통합_4개회계_총계,당초예산,광역본청+기초,일반+기타특별+공기업특별+기금,총계,5104290043000,5104290.043,행정안전부 지방재정365 세출예산,10.620419204888824,False
제주,2018,2211904.0,지역통합_4개회계_총계,당초예산,광역본청+기초,일반+기타특별+공기업특별+기금,총계,5776143019000,5776143.019,행정안전부 지방재정365 세출예산,38.293788653158,False
제주,2019,689085.0,지역통합_4개회계_총계,당초예산,광역본청+기초,일반+기타특별+공기업특별+기금,총계,6032330256000,6032330.256,행정안전부 지방재정365 세출예산,11.42319751665798,False
제주,2020,816440.0,지역통합_4개회계_총계,당초예산,광역본청+기초,일반+기타특별+공기업특별+기금,총계,6758074945000,6758074.945,행정안전부 지방재정365 세출예산,12.080955103998184,False
제주,2021,704514.0,지역통합_4개회계_총계,당초예산,광역본청+기초,일반+기타특별+공기업특별+기금,총계,6499212139000,6499212.139,행정안전부 지방재정365 세출예산,10.839990831694868,False
제주,2022,913167.7,지역통합_4개회계_총계,당초예산,광역본청+기초,일반+기타특별+공기업특별+기금,총계,7092804666000,7092804.666,행정안전부 지방재정365 세출예산,12.874564336691124,False
제주,2023,1002935.0,지역통합_4개회계_총계,당초예산,광역본청+기초,일반+기타특별+공기업특별+기금,총계,8070231073000,8070231.073,행정안전부 지방재정365 세출예산,12.42758715243543,False
제주,2024,1047248.0,지역통합_4개회계_총계,당초예산,광역본청+기초,일반+기타특별+공기업특별+기금,총계,8573698842000,8573698.842,행정안전부 지방재정365 세출예산,12.21465809913737,False
충남,2016,1317305.0,지역통합_4개회계_총계,당초예산,광역본청+기초,일반+기타특별+공기업특별+기금,총계,14551055846000,14551055.846,행정안전부 지방재정365 세출예산,9.052985666068482,False
충남,2017,1301513.7999999998,지역통합_4개회계_총계,당초예산,광역본청+기초,일반+기타특별+공기업특별+기금,총계,15156165643000,15156165.643,행정안전부 지방재정365 세출예산,8.58735534208888,False
충남,2018,1308334.9,지역통합_4개회계_총계,당초예산,광역본청+기초,일반+기타특별+공기업특별+기금,총계,16473687134000,16473687.134,행정안전부 지방재정365 세출예산,7.941967632126088,False
충남,2019,1809236.0,지역통합_4개회계_총계,당초예산,광역본청+기초,일반+기타특별+공기업특별+기금,총계,18076190502000,18076190.502,행정안전부 지방재정365 세출예산,10.008945191188493,False
충남,2020,1425058.0,지역통합_4개회계_총계,당초예산,광역본청+기초,일반+기타특별+공기업특별+기금,총계,20076231353000,20076231.353,행정안전부 지방재정365 세출예산,7.098234598631745,False
충남,2021,1253034.0,지역통합_4개회계_총계,당초예산,광역본청+기초,일반+기타특별+공기업특별+기금,총계,21859856967000,21859856.967,행정안전부 지방재정365 세출예산,5.7321235079058415,False
충남,2022,1666990.0,지역통합_4개회계_총계,당초예산,광역본청+기초,일반+기타특별+공기업특별+기금,총계,23557386126000,23557386.126,행정안전부 지방재정365 세출예산,7.076294420288691,False
충남,2023,1693900.0,지역통합_4개회계_총계,당초예산,광역본청+기초,일반+기타특별+공기업특별+기금,총계,25476342681000,25476342.681,행정안전부 지방재정365 세출예산,6.64891354779622,False
충남,2024,1060854.0,지역통합_4개회계_총계,당초예산,광역본청+기초,일반+기타특별+공기업특별+기금,총계,26582120272000,26582120.272,행정안전부 지방재정365 세출예산,3.990855466549971,False
충북,2016,1198606.0,지역통합_4개회계_총계,당초예산,광역본청+기초,일반+기타특별+공기업특별+기금,총계,10208877328000,10208877.328,행정안전부 지방재정365 세출예산,11.740820870798107,False
충북,2017,1184144.7,지역통합_4개회계_총계,당초예산,광역본청+기초,일반+기타특별+공기업특별+기금,총계,10758722585000,10758722.585,행정안전부 지방재정365 세출예산,11.006368931298175,False
충북,2018,1087783.0,지역통합_4개회계_총계,당초예산,광역본청+기초,일반+기타특별+공기업특별+기금,총계,11596721232000,11596721.232,행정안전부 지방재정365 세출예산,9.380090960524004,False
충북,2019,1216343.0,지역통합_4개회계_총계,당초예산,광역본청+기초,일반+기타특별+공기업특별+기금,총계,12767723158000,12767723.158,행정안전부 지방재정365 세출예산,9.52670248992565,False
충북,2020,1730007.0,지역통합_4개회계_총계,당초예산,광역본청+기초,일반+기타특별+공기업특별+기금,총계,14240598692000,14240598.692,행정안전부 지방재정365 세출예산,12.14841480626705,False
충북,2021,1856518.64,지역통합_4개회계_총계,당초예산,광역본청+기초,일반+기타특별+공기업특별+기금,총계,15651077344000,15651077.344,행정안전부 지방재정365 세출예산,11.861922340519996,False
충북,2022,1864639.7,지역통합_4개회계_총계,당초예산,광역본청+기초,일반+기타특별+공기업특별+기금,총계,17154471447000,17154471.447,행정안전부 지방재정365 세출예산,10.869700682769162,False
충북,2023,1875132.0,지역통합_4개회계_총계,당초예산,광역본청+기초,일반+기타특별+공기업특별+기금,총계,19398967938000,19398967.938,행정안전부 지방재정365 세출예산,9.666143095823493,False
충북,2024,2209471.0,지역통합_4개회계_총계,당초예산,광역본청+기초,일반+기타특별+공기업특별+기금,총계,19932084375000,19932084.375,행정안전부 지방재정365 세출예산,11.084997225735455,False
강원,2016,966330.0,지역통합_일반회계_순계,당초예산,광역본청+기초,일반회계,순계,7750938308000,7750938.308,행정안전부 지방재정365 기능별 회계별 세출예산,12.467264756869744,False
강원,2017,1189656.0,지역통합_일반회계_순계,당초예산,광역본청+기초,일반회계,순계,8180500898000,8180500.898,행정안전부 지방재정365 기능별 회계별 세출예산,14.542581375314704,False
강원,2018,1070709.0,지역통합_일반회계_순계,당초예산,광역본청+기초,일반회계,순계,8661961011000,8661961.011,행정안전부 지방재정365 기능별 회계별 세출예산,12.361046172342324,False
강원,2019,1610182.0,지역통합_일반회계_순계,당초예산,광역본청+기초,일반회계,순계,9530696780000,9530696.78,행정안전부 지방재정365 기능별 회계별 세출예산,16.894693401419914,False
강원,2020,1479594.0,지역통합_일반회계_순계,당초예산,광역본청+기초,일반회계,순계,10502613248000,10502613.248,행정안전부 지방재정365 기능별 회계별 세출예산,14.08786522993939,False
강원,2021,1968341.0,지역통합_일반회계_순계,당초예산,광역본청+기초,일반회계,순계,10883854101000,10883854.101,행정안전부 지방재정365 기능별 회계별 세출예산,18.08496311815821,False
강원,2022,1320745.8,지역통합_일반회계_순계,당초예산,광역본청+기초,일반회계,순계,11964780124000,11964780.124,행정안전부 지방재정365 기능별 회계별 세출예산,11.038613215722476,False
강원,2023,2579093.0,지역통합_일반회계_순계,당초예산,광역본청+기초,일반회계,순계,12896266933000,12896266.933,행정안전부 지방재정365 기능별 회계별 세출예산,19.998756333124668,False
강원,2024,2540007.0,지역통합_일반회계_순계,당초예산,광역본청+기초,일반회계,순계,12543665658000,12543665.658,행정안전부 지방재정365 기능별 회계별 세출예산,20.24932000941889,False
경기,2016,4814583.0,지역통합_일반회계_순계,당초예산,광역본청+기초,일반회계,순계,25789392102000,25789392.102,행정안전부 지방재정365 기능별 회계별 세출예산,18.668850281378376,False
경기,2017,5514545.0,지역통합_일반회계_순계,당초예산,광역본청+기초,일반회계,순계,28269606207000,28269606.207,행정안전부 지방재정365 기능별 회계별 세출예산,19.506974945531827,False
경기,2018,7061650.0,지역통합_일반회계_순계,당초예산,광역본청+기초,일반회계,순계,32183599942000,32183599.942,행정안전부 지방재정365 기능별 회계별 세출예산,21.94176541072541,False
경기,2019,8641670.0,지역통합_일반회계_순계,당초예산,광역본청+기초,일반회계,순계,35421820208000,35421820.208,행정안전부 지방재정365 기능별 회계별 세출예산,24.396459440128613,False
경기,2020,10166623.0,지역통합_일반회계_순계,당초예산,광역본청+기초,일반회계,순계,38597545899000,38597545.899,행정안전부 지방재정365 기능별 회계별 세출예산,26.34007619708123,False
경기,2021,10065813.95,지역통합_일반회계_순계,당초예산,광역본청+기초,일반회계,순계,40487917953000,40487917.953,행정안전부 지방재정365 기능별 회계별 세출예산,24.86127827487894,False
경기,2022,9215575.7,지역통합_일반회계_순계,당초예산,광역본청+기초,일반회계,순계,46882680735000,46882680.735,행정안전부 지방재정365 기능별 회계별 세출예산,19.656673968986937,False
경기,2023,12285412.0,지역통합_일반회계_순계,당초예산,광역본청+기초,일반회계,순계,48279629553000,48279629.553,행정안전부 지방재정365 기능별 회계별 세출예산,25.44636757519737,False
경기,2024,13821287.0,지역통합_일반회계_순계,당초예산,광역본청+기초,일반회계,순계,50379437726000,50379437.726,행정안전부 지방재정365 기능별 회계별 세출예산,27.43438121554711,False
경남,2016,1481184.0,지역통합_일반회계_순계,당초예산,광역본청+기초,일반회계,순계,11239615533000,11239615.533,행정안전부 지방재정365 기능별 회계별 세출예산,13.178244359437203,False
경남,2017,1707499.35,지역통합_일반회계_순계,당초예산,광역본청+기초,일반회계,순계,11963776034000,11963776.034,행정안전부 지방재정365 기능별 회계별 세출예산,14.272244357863578,False
경남,2018,1999188.0,지역통합_일반회계_순계,당초예산,광역본청+기초,일반회계,순계,12805559921000,12805559.921,행정안전부 지방재정365 기능별 회계별 세출예산,15.61187493817827,False
경남,2019,2831100.0,지역통합_일반회계_순계,당초예산,광역본청+기초,일반회계,순계,14204914934000,14204914.934,행정안전부 지방재정365 기능별 회계별 세출예산,19.93042558265277,False
경남,2020,1717208.36,지역통합_일반회계_순계,당초예산,광역본청+기초,일반회계,순계,15975334915000,15975334.915,행정안전부 지방재정365 기능별 회계별 세출예산,10.749122751646551,False
경남,2021,3255588.1419999995,지역통합_일반회계_순계,당초예산,광역본청+기초,일반회계,순계,16541125282000,16541125.282,행정안전부 지방재정365 기능별 회계별 세출예산,19.68178153842242,False
경남,2022,3325544.7,지역통합_일반회계_순계,당초예산,광역본청+기초,일반회계,순계,18081527161000,18081527.161,행정안전부 지방재정365 기능별 회계별 세출예산,18.391945936805932,False
경남,2023,3893879.0,지역통합_일반회계_순계,당초예산,광역본청+기초,일반회계,순계,19521668404000,19521668.404,행정안전부 지방재정365 기능별 회계별 세출예산,19.94644576178818,False
경남,2024,4041141.0,지역통합_일반회계_순계,당초예산,광역본청+기초,일반회계,순계,19556382101000,19556382.101,행정안전부 지방재정365 기능별 회계별 세출예산,20.66405217043371,False
경북,2016,1659180.0,지역통합_일반회계_순계,당초예산,광역본청+기초,일반회계,순계,12368693230000,12368693.23,행정안전부 지방재정365 기능별 회계별 세출예산,13.4143516145723,False
경북,2017,1817693.0,지역통합_일반회계_순계,당초예산,광역본청+기초,일반회계,순계,12910416582000,12910416.582,행정안전부 지방재정365 기능별 회계별 세출예산,14.079274579987366,False
경북,2018,2487285.0,지역통합_일반회계_순계,당초예산,광역본청+기초,일반회계,순계,13891949713000,13891949.713,행정안전부 지방재정365 기능별 회계별 세출예산,17.90450621680853,False
경북,2019,2232261.0,지역통합_일반회계_순계,당초예산,광역본청+기초,일반회계,순계,14698564625000,14698564.625,행정안전부 지방재정365 기능별 회계별 세출예산,15.186931900841985,False
경북,2020,2646517.0,지역통합_일반회계_순계,당초예산,광역본청+기초,일반회계,순계,16125489821000,16125489.821,행정안전부 지방재정365 기능별 회계별 세출예산,16.412009987774002,False
경북,2021,3199705.6,지역통합_일반회계_순계,당초예산,광역본청+기초,일반회계,순계,16997899656000,16997899.656,행정안전부 지방재정365 기능별 회계별 세출예산,18.82412336085625,False
경북,2022,3356569.7,지역통합_일반회계_순계,당초예산,광역본청+기초,일반회계,순계,18780254660000,18780254.66,행정안전부 지방재정365 기능별 회계별 세출예산,17.872865734611928,False
경북,2023,3406826.0,지역통합_일반회계_순계,당초예산,광역본청+기초,일반회계,순계,20522360749000,20522360.749,행정안전부 지방재정365 기능별 회계별 세출예산,16.600556055257947,False
경북,2024,4062706.0,지역통합_일반회계_순계,당초예산,광역본청+기초,일반회계,순계,20928449602000,20928449.602,행정안전부 지방재정365 기능별 회계별 세출예산,19.41236009958307,False
광주,2016,1102184.9,지역통합_일반회계_순계,당초예산,광역본청+기초,일반회계,순계,3242742218000,3242742.218,행정안전부 지방재정365 기능별 회계별 세출예산,33.98928517604417,False
광주,2017,1244520.8,지역통합_일반회계_순계,당초예산,광역본청+기초,일반회계,순계,3450033993000,3450033.993,행정안전부 지방재정365 기능별 회계별 세출예산,36.07271124067444,False
광주,2018,3239297.3600000003,지역통합_일반회계_순계,당초예산,광역본청+기초,일반회계,순계,3873448543000,3873448.543,행정안전부 지방재정365 기능별 회계별 세출예산,83.6282533261989,False
광주,2019,1088029.0,지역통합_일반회계_순계,당초예산,광역본청+기초,일반회계,순계,4398652776000,4398652.776,행정안전부 지방재정365 기능별 회계별 세출예산,24.735505515155037,False
광주,2020,194720.0,지역통합_일반회계_순계,당초예산,광역본청+기초,일반회계,순계,4846911199000,4846911.199,행정안전부 지방재정365 기능별 회계별 세출예산,4.017403909528486,False
광주,2021,824741.7,지역통합_일반회계_순계,당초예산,광역본청+기초,일반회계,순계,5240509056000,5240509.056,행정안전부 지방재정365 기능별 회계별 세출예산,15.737816521006312,False
광주,2022,870927.5,지역통합_일반회계_순계,당초예산,광역본청+기초,일반회계,순계,6041548613000,6041548.613,행정안전부 지방재정365 기능별 회계별 세출예산,14.415633404421635,False
광주,2023,1223803.0,지역통합_일반회계_순계,당초예산,광역본청+기초,일반회계,순계,6264604615000,6264604.615,행정안전부 지방재정365 기능별 회계별 세출예산,19.535199349528302,False
광주,2024,1240977.0,지역통합_일반회계_순계,당초예산,광역본청+기초,일반회계,순계,6122644407000,6122644.407,행정안전부 지방재정365 기능별 회계별 세출예산,20.268644028733647,False
대구,2016,774602.0,지역통합_일반회계_순계,당초예산,광역본청+기초,일반회계,순계,5456005474000,5456005.474,행정안전부 지방재정365 기능별 회계별 세출예산,14.19723648906295,False
대구,2017,959658.5,지역통합_일반회계_순계,당초예산,광역본청+기초,일반회계,순계,5711161736000,5711161.736,행정안전부 지방재정365 기능별 회계별 세출예산,16.80321000105538,False
대구,2018,1446836.0,지역통합_일반회계_순계,당초예산,광역본청+기초,일반회계,순계,6179449038000,6179449.038,행정안전부 지방재정365 기능별 회계별 세출예산,23.4136731463081,False
대구,2019,1765898.0,지역통합_일반회계_순계,당초예산,광역본청+기초,일반회계,순계,6860066336000,6860066.336,행정안전부 지방재정365 기능별 회계별 세출예산,25.741704431238315,False
대구,2020,1929459.0,지역통합_일반회계_순계,당초예산,광역본청+기초,일반회계,순계,7573768745000,7573768.745,행정안전부 지방재정365 기능별 회계별 세출예산,25.47554678473352,False
대구,2021,2164115.0,지역통합_일반회계_순계,당초예산,광역본청+기초,일반회계,순계,8081869448000,8081869.448,행정안전부 지방재정365 기능별 회계별 세출예산,26.77740606828966,False
대구,2022,2523629.0,지역통합_일반회계_순계,당초예산,광역본청+기초,일반회계,순계,8805407918000,8805407.918,행정안전부 지방재정365 기능별 회계별 세출예산,28.659989673405157,False
대구,2023,2696432.0,지역통합_일반회계_순계,당초예산,광역본청+기초,일반회계,순계,9368251465000,9368251.465,행정안전부 지방재정365 기능별 회계별 세출예산,28.782660351015675,False
대구,2024,2848338.0,지역통합_일반회계_순계,당초예산,광역본청+기초,일반회계,순계,9402609965000,9402609.965,행정안전부 지방재정365 기능별 회계별 세출예산,30.293057040572457,False
대전,2016,709547.0,지역통합_일반회계_순계,당초예산,광역본청+기초,일반회계,순계,3001119400000,3001119.4,행정안전부 지방재정365 기능별 회계별 세출예산,23.642744770501302,False
대전,2017,935218.2,지역통합_일반회계_순계,당초예산,광역본청+기초,일반회계,순계,3283913248000,3283913.248,행정안전부 지방재정365 기능별 회계별 세출예산,28.47877301781877,False
대전,2018,997696.4,지역통합_일반회계_순계,당초예산,광역본청+기초,일반회계,순계,3725837368000,3725837.368,행정안전부 지방재정365 기능별 회계별 세출예산,26.777776415280186,False
대전,2019,685088.0,지역통합_일반회계_순계,당초예산,광역본청+기초,일반회계,순계,4111251535000,4111251.535,행정안전부 지방재정365 기능별 회계별 세출예산,16.66373351685474,False
대전,2020,1247751.0,지역통합_일반회계_순계,당초예산,광역본청+기초,일반회계,순계,4724111111000,4724111.111,행정안전부 지방재정365 기능별 회계별 세출예산,26.412397394604803,False
대전,2021,1337995.0,지역통합_일반회계_순계,당초예산,광역본청+기초,일반회계,순계,5069812432000,5069812.432,행정안전부 지방재정365 기능별 회계별 세출예산,26.3914102927112,False
대전,2022,1500606.3,지역통합_일반회계_순계,당초예산,광역본청+기초,일반회계,순계,5824222354000,5824222.354,행정안전부 지방재정365 기능별 회계별 세출예산,25.76492119964141,False
대전,2023,1222344.0,지역통합_일반회계_순계,당초예산,광역본청+기초,일반회계,순계,5971587847000,5971587.847,행정안전부 지방재정365 기능별 회계별 세출예산,20.469329620832422,False
대전,2024,1676350.0,지역통합_일반회계_순계,당초예산,광역본청+기초,일반회계,순계,6007988861000,6007988.861,행정안전부 지방재정365 기능별 회계별 세출예산,27.902015779053556,False
부산,2016,1757736.53,지역통합_일반회계_순계,당초예산,광역본청+기초,일반회계,순계,7936628661000,7936628.661,행정안전부 지방재정365 기능별 회계별 세출예산,22.14714339146779,False
부산,2017,3477747.6,지역통합_일반회계_순계,당초예산,광역본청+기초,일반회계,순계,8324620549000,8324620.549,행정안전부 지방재정365 기능별 회계별 세출예산,41.77665011311256,False
부산,2018,2341626.0,지역통합_일반회계_순계,당초예산,광역본청+기초,일반회계,순계,9127383779000,9127383.779,행정안전부 지방재정365 기능별 회계별 세출예산,25.65495279586622,False
부산,2019,2525413.0,지역통합_일반회계_순계,당초예산,광역본청+기초,일반회계,순계,9530346954000,9530346.954,행정안전부 지방재정365 기능별 회계별 세출예산,26.49864702921497,False
부산,2020,3494318.0,지역통합_일반회계_순계,당초예산,광역본청+기초,일반회계,순계,10721697370000,10721697.37,행정안전부 지방재정365 기능별 회계별 세출예산,32.591089632667,False
부산,2021,3944822.1,지역통합_일반회계_순계,당초예산,광역본청+기초,일반회계,순계,11408099937000,11408099.937,행정안전부 지방재정365 기능별 회계별 세출예산,34.579133438388986,False
부산,2022,5106355.100000001,지역통합_일반회계_순계,당초예산,광역본청+기초,일반회계,순계,12486133197000,12486133.197,행정안전부 지방재정365 기능별 회계별 세출예산,40.89620877364088,False
부산,2023,4317819.0,지역통합_일반회계_순계,당초예산,광역본청+기초,일반회계,순계,13394209887000,13394209.887,행정안전부 지방재정365 기능별 회계별 세출예산,32.23645915979515,False
부산,2024,4796613.0,지역통합_일반회계_순계,당초예산,광역본청+기초,일반회계,순계,14017918064000,14017918.064,행정안전부 지방재정365 기능별 회계별 세출예산,34.217727469233694,False
서울,2016,4173074.0,지역통합_일반회계_순계,당초예산,광역본청+기초,일반회계,순계,19155634899000,19155634.899,행정안전부 지방재정365 기능별 회계별 세출예산,21.785098859959223,False
서울,2017,4761473.0,지역통합_일반회계_순계,당초예산,광역본청+기초,일반회계,순계,20793208368000,20793208.368,행정안전부 지방재정365 기능별 회계별 세출예산,22.89917417134979,False
서울,2018,5912413.0,지역통합_일반회계_순계,당초예산,광역본청+기초,일반회계,순계,22616728925000,22616728.925,행정안전부 지방재정365 기능별 회계별 세출예산,26.141768863244224,False
서울,2019,5907309.0,지역통합_일반회계_순계,당초예산,광역본청+기초,일반회계,순계,25023752325000,25023752.325,행정안전부 지방재정365 기능별 회계별 세출예산,23.6068073375962,False
서울,2020,6677517.0,지역통합_일반회계_순계,당초예산,광역본청+기초,일반회계,순계,28035261691000,28035261.691,행정안전부 지방재정365 기능별 회계별 세출예산,23.818279542379464,False
서울,2021,7529092.0,지역통합_일반회계_순계,당초예산,광역본청+기초,일반회계,순계,28697650396000,28697650.396,행정안전부 지방재정365 기능별 회계별 세출예산,26.235917910023172,False
서울,2022,7957659.899999999,지역통합_일반회계_순계,당초예산,광역본청+기초,일반회계,순계,31789979293000,31789979.293,행정안전부 지방재정365 기능별 회계별 세출예산,25.031975726238482,False
서울,2023,8314712.0,지역통합_일반회계_순계,당초예산,광역본청+기초,일반회계,순계,33826492106000,33826492.106,행정안전부 지방재정365 기능별 회계별 세출예산,24.58047371257031,False
서울,2024,4872683.0,지역통합_일반회계_순계,당초예산,광역본청+기초,일반회계,순계,35050980179000,35050980.179,행정안전부 지방재정365 기능별 회계별 세출예산,13.901702534753529,False
세종,2016,97707.0,지역통합_일반회계_순계,당초예산,광역본청+기초,일반회계,순계,753684202000,753684.202,행정안전부 지방재정365 기능별 회계별 세출예산,12.963917744424208,False
세종,2017,89445.0,지역통합_일반회계_순계,당초예산,광역본청+기초,일반회계,순계,940036197000,940036.197,행정안전부 지방재정365 기능별 회계별 세출예산,9.515059131281516,False
세종,2018,104743.0,지역통합_일반회계_순계,당초예산,광역본청+기초,일반회계,순계,1052829448000,1052829.448,행정안전부 지방재정365 기능별 회계별 세출예산,9.948714884350384,False
세종,2019,129545.0,지역통합_일반회계_순계,당초예산,광역본청+기초,일반회계,순계,1072599341000,1072599.341,행정안전부 지방재정365 기능별 회계별 세출예산,12.077669176938269,False
세종,2020,209363.0,지역통합_일반회계_순계,당초예산,광역본청+기초,일반회계,순계,1117020100000,1117020.1,행정안전부 지방재정365 기능별 회계별 세출예산,18.742993075952704,False
세종,2021,175466.0,지역통합_일반회계_순계,당초예산,광역본청+기초,일반회계,순계,1277509741000,1277509.741,행정안전부 지방재정365 기능별 회계별 세출예산,13.73500290202484,False
세종,2022,231310.4,지역통합_일반회계_순계,당초예산,광역본청+기초,일반회계,순계,1480636680000,1480636.68,행정안전부 지방재정365 기능별 회계별 세출예산,15.622360510479858,False
세종,2023,318453.0,지역통합_일반회계_순계,당초예산,광역본청+기초,일반회계,순계,1486921045000,1486921.045,행정안전부 지방재정365 기능별 회계별 세출예산,21.416940803336335,False
세종,2024,329034.0,지역통합_일반회계_순계,당초예산,광역본청+기초,일반회계,순계,1453786068000,1453786.068,행정안전부 지방재정365 기능별 회계별 세출예산,22.632903646728302,False
울산,2016,577145.0,지역통합_일반회계_순계,당초예산,광역본청+기초,일반회계,순계,2981259754000,2981259.754,행정안전부 지방재정365 기능별 회계별 세출예산,19.359098086828432,False
울산,2017,2222729.4,지역통합_일반회계_순계,당초예산,광역본청+기초,일반회계,순계,3391963866000,3391963.866,행정안전부 지방재정365 기능별 회계별 세출예산,65.5292770739675,False
울산,2018,948045.0,지역통합_일반회계_순계,당초예산,광역본청+기초,일반회계,순계,3501211047000,3501211.047,행정안전부 지방재정365 기능별 회계별 세출예산,27.077630776137557,False
울산,2019,356752.0,지역통합_일반회계_순계,당초예산,광역본청+기초,일반회계,순계,3735451759000,3735451.759,행정안전부 지방재정365 기능별 회계별 세출예산,9.550437885871785,False
울산,2020,1240133.6,지역통합_일반회계_순계,당초예산,광역본청+기초,일반회계,순계,3921492643000,3921492.643,행정안전부 지방재정365 기능별 회계별 세출예산,31.624019548109604,False
울산,2021,977844.0,지역통합_일반회계_순계,당초예산,광역본청+기초,일반회계,순계,4049777411000,4049777.411,행정안전부 지방재정365 기능별 회계별 세출예산,24.14562334571726,False
울산,2022,938106.0,지역통합_일반회계_순계,당초예산,광역본청+기초,일반회계,순계,4504577275000,4504577.275,행정안전부 지방재정365 기능별 회계별 세출예산,20.825616761119942,False
울산,2023,3219772.0,지역통합_일반회계_순계,당초예산,광역본청+기초,일반회계,순계,4778449701000,4778449.701,행정안전부 지방재정365 기능별 회계별 세출예산,67.3811005968356,False
울산,2024,1273043.0,지역통합_일반회계_순계,당초예산,광역본청+기초,일반회계,순계,4892681913000,4892681.913,행정안전부 지방재정365 기능별 회계별 세출예산,26.019328920964334,False
인천,2016,1094772.2,지역통합_일반회계_순계,당초예산,광역본청+기초,일반회계,순계,6705474423000,6705474.423,행정안전부 지방재정365 기능별 회계별 세출예산,16.3265435215873,False
인천,2017,1161639.0,지역통합_일반회계_순계,당초예산,광역본청+기초,일반회계,순계,7223156381000,7223156.381,행정안전부 지방재정365 기능별 회계별 세출예산,16.082152160731404,False
인천,2018,1453723.0,지역통합_일반회계_순계,당초예산,광역본청+기초,일반회계,순계,7803482632000,7803482.632,행정안전부 지방재정365 기능별 회계별 세출예산,18.629156602959167,False
인천,2019,2137311.0,지역통합_일반회계_순계,당초예산,광역본청+기초,일반회계,순계,8595410117000,8595410.117,행정안전부 지방재정365 기능별 회계별 세출예산,24.86572450769774,False
인천,2020,2761790.0,지역통합_일반회계_순계,당초예산,광역본청+기초,일반회계,순계,9481240746000,9481240.746,행정안전부 지방재정365 기능별 회계별 세출예산,29.128993493442934,False
인천,2021,3305518.2,지역통합_일반회계_순계,당초예산,광역본청+기초,일반회계,순계,9967246524000,9967246.524,행정안전부 지방재정365 기능별 회계별 세출예산,33.163804989077846,False
인천,2022,4451688.0,지역통합_일반회계_순계,당초예산,광역본청+기초,일반회계,순계,10875399762000,10875399.762,행정안전부 지방재정365 기능별 회계별 세출예산,40.93355736268888,False
인천,2023,4389696.0,지역통합_일반회계_순계,당초예산,광역본청+기초,일반회계,순계,11823753128000,11823753.128,행정안전부 지방재정365 기능별 회계별 세출예산,37.126079616840926,False
인천,2024,4721370.0,지역통합_일반회계_순계,당초예산,광역본청+기초,일반회계,순계,12430633578000,12430633.578,행정안전부 지방재정365 기능별 회계별 세출예산,37.981732551074316,False
전남,2016,1883686.0,지역통합_일반회계_순계,당초예산,광역본청+기초,일반회계,순계,9977459753000,9977459.753,행정안전부 지방재정365 기능별 회계별 세출예산,18.879414666980917,False
전남,2017,1392937.0,지역통합_일반회계_순계,당초예산,광역본청+기초,일반회계,순계,10420115829000,10420115.829,행정안전부 지방재정365 기능별 회계별 세출예산,13.36776886993278,False
전남,2018,1647546.0,지역통합_일반회계_순계,당초예산,광역본청+기초,일반회계,순계,11429536375000,11429536.375,행정안전부 지방재정365 기능별 회계별 세출예산,14.414810417014836,False
전남,2019,1540331.0,지역통합_일반회계_순계,당초예산,광역본청+기초,일반회계,순계,12502897823000,12502897.823,행정안전부 지방재정365 기능별 회계별 세출예산,12.319791953881666,False
전남,2020,1840688.0,지역통합_일반회계_순계,당초예산,광역본청+기초,일반회계,순계,14060209117000,14060209.117,행정안전부 지방재정365 기능별 회계별 세출예산,13.091469584008179,False
전남,2021,1966392.42,지역통합_일반회계_순계,당초예산,광역본청+기초,일반회계,순계,14792324706000,14792324.706,행정안전부 지방재정365 기능별 회계별 세출예산,13.293329203369908,False
전남,2022,2258897.4,지역통합_일반회계_순계,당초예산,광역본청+기초,일반회계,순계,16539278437000,16539278.437,행정안전부 지방재정365 기능별 회계별 세출예산,13.657774785063314,False
전남,2023,2712169.0,지역통합_일반회계_순계,당초예산,광역본청+기초,일반회계,순계,17403470669000,17403470.669,행정안전부 지방재정365 기능별 회계별 세출예산,15.584069704159997,False
전남,2024,2621833.0,지역통합_일반회계_순계,당초예산,광역본청+기초,일반회계,순계,17000283800000,17000283.8,행정안전부 지방재정365 기능별 회계별 세출예산,15.422289597306605,False
전북,2016,1401390.0,지역통합_일반회계_순계,당초예산,광역본청+기초,일반회계,순계,7995314401000,7995314.401,행정안전부 지방재정365 기능별 회계별 세출예산,17.52764093710591,False
전북,2017,1500137.7,지역통합_일반회계_순계,당초예산,광역본청+기초,일반회계,순계,8503672479000,8503672.479,행정안전부 지방재정365 기능별 회계별 세출예산,17.641056892826267,False
전북,2018,1629235.5,지역통합_일반회계_순계,당초예산,광역본청+기초,일반회계,순계,9438311162000,9438311.162,행정안전부 지방재정365 기능별 회계별 세출예산,17.261938836680198,False
전북,2019,1908798.0,지역통합_일반회계_순계,당초예산,광역본청+기초,일반회계,순계,10458456944000,10458456.944,행정안전부 지방재정365 기능별 회계별 세출예산,18.251239262356712,False
전북,2020,2018401.0,지역통합_일반회계_순계,당초예산,광역본청+기초,일반회계,순계,11463941641000,11463941.641,행정안전부 지방재정365 기능별 회계별 세출예산,17.60651844895413,False
전북,2021,2200038.999,지역통합_일반회계_순계,당초예산,광역본청+기초,일반회계,순계,12176696789000,12176696.789,행정안전부 지방재정365 기능별 회계별 세출예산,18.06761749202327,False
전북,2022,2540795.1,지역통합_일반회계_순계,당초예산,광역본청+기초,일반회계,순계,13234646582000,13234646.582,행정안전부 지방재정365 기능별 회계별 세출예산,19.19805779668987,False
전북,2023,2695319.0,지역통합_일반회계_순계,당초예산,광역본청+기초,일반회계,순계,14231320842000,14231320.842,행정안전부 지방재정365 기능별 회계별 세출예산,18.939345335012582,False
전북,2024,2862745.0,지역통합_일반회계_순계,당초예산,광역본청+기초,일반회계,순계,14270737881000,14270737.881,행정안전부 지방재정365 기능별 회계별 세출예산,20.060245124475635,False
제주,2016,542630.0,지역통합_일반회계_순계,당초예산,광역본청+기초,일반회계,순계,3214297326000,3214297.326,행정안전부 지방재정365 기능별 회계별 세출예산,16.88176123629703,False
제주,2017,542097.0,지역통합_일반회계_순계,당초예산,광역본청+기초,일반회계,순계,3551723125000,3551723.125,행정안전부 지방재정365 기능별 회계별 세출예산,15.262929595617056,False
제주,2018,2211904.0,지역통합_일반회계_순계,당초예산,광역본청+기초,일반회계,순계,3941010303000,3941010.303,행정안전부 지방재정365 기능별 회계별 세출예산,56.125303664297476,False
제주,2019,689085.0,지역통합_일반회계_순계,당초예산,광역본청+기초,일반회계,순계,4331113175000,4331113.175,행정안전부 지방재정365 기능별 회계별 세출예산,15.910112993064423,False
제주,2020,816440.0,지역통합_일반회계_순계,당초예산,광역본청+기초,일반회계,순계,4805695258000,4805695.258,행정안전부 지방재정365 기능별 회계별 세출예산,16.989009002201694,False
제주,2021,704514.0,지역통합_일반회계_순계,당초예산,광역본청+기초,일반회계,순계,4640578410000,4640578.41,행정안전부 지방재정365 기능별 회계별 세출예산,15.181598881765257,False
제주,2022,913167.7,지역통합_일반회계_순계,당초예산,광역본청+기초,일반회계,순계,5061064358000,5061064.358,행정안전부 지방재정365 기능별 회계별 세출예산,18.042997192014763,False
제주,2023,1002935.0,지역통합_일반회계_순계,당초예산,광역본청+기초,일반회계,순계,5518559633000,5518559.633,행정안전부 지방재정365 기능별 회계별 세출예산,18.173854532668777,False
제주,2024,1047248.0,지역통합_일반회계_순계,당초예산,광역본청+기초,일반회계,순계,5485652908000,5485652.908,행정안전부 지방재정365 기능별 회계별 세출예산,19.090671932100303,False
충남,2016,1317305.0,지역통합_일반회계_순계,당초예산,광역본청+기초,일반회계,순계,8211737095000,8211737.095,행정안전부 지방재정365 기능별 회계별 세출예산,16.041733737458383,False
충남,2017,1301513.7999999998,지역통합_일반회계_순계,당초예산,광역본청+기초,일반회계,순계,8669620895000,8669620.895,행정안전부 지방재정365 기능별 회계별 세출예산,15.012349625929058,False
충남,2018,1308334.9,지역통합_일반회계_순계,당초예산,광역본청+기초,일반회계,순계,9521024213000,9521024.213,행정안전부 지방재정365 기능별 회계별 세출예산,13.741535266905428,False
충남,2019,1809236.0,지역통합_일반회계_순계,당초예산,광역본청+기초,일반회계,순계,10396662334000,10396662.334,행정안전부 지방재정365 기능별 회계별 세출예산,17.40208484104837,False
충남,2020,1425058.0,지역통합_일반회계_순계,당초예산,광역본청+기초,일반회계,순계,11527226699000,11527226.699,행정안전부 지방재정365 기능별 회계별 세출예산,12.362539899762929,False
충남,2021,1253034.0,지역통합_일반회계_순계,당초예산,광역본청+기초,일반회계,순계,12276067582000,12276067.582,행정안전부 지방재정365 기능별 회계별 세출예산,10.207128558311972,False
충남,2022,1666990.0,지역통합_일반회계_순계,당초예산,광역본청+기초,일반회계,순계,13726464564000,13726464.564,행정안전부 지방재정365 기능별 회계별 세출예산,12.144350733778648,False
충남,2023,1693900.0,지역통합_일반회계_순계,당초예산,광역본청+기초,일반회계,순계,14445165087000,14445165.087,행정안전부 지방재정365 기능별 회계별 세출예산,11.726414961670697,False
충남,2024,1060854.0,지역통합_일반회계_순계,당초예산,광역본청+기초,일반회계,순계,15004704711000,15004704.711,행정안전부 지방재정365 기능별 회계별 세출예산,7.070142468197221,False
충북,2016,1198606.0,지역통합_일반회계_순계,당초예산,광역본청+기초,일반회계,순계,5707920892000,5707920.892,행정안전부 지방재정365 기능별 회계별 세출예산,20.99899460204362,False
충북,2017,1184144.7,지역통합_일반회계_순계,당초예산,광역본청+기초,일반회계,순계,6213196093000,6213196.093,행정안전부 지방재정365 기능별 회계별 세출예산,19.058543819888413,False
충북,2018,1087783.0,지역통합_일반회계_순계,당초예산,광역본청+기초,일반회계,순계,6748811362000,6748811.362,행정안전부 지방재정365 기능별 회계별 세출예산,16.118142020162157,False
충북,2019,1216343.0,지역통합_일반회계_순계,당초예산,광역본청+기초,일반회계,순계,7373692601000,7373692.601,행정안전부 지방재정365 기능별 회계별 세출예산,16.49571070856741,False
충북,2020,1730007.0,지역통합_일반회계_순계,당초예산,광역본청+기초,일반회계,순계,8088040367000,8088040.367,행정안전부 지방재정365 기능별 회계별 세출예산,21.389692947856677,False
충북,2021,1856518.64,지역통합_일반회계_순계,당초예산,광역본청+기초,일반회계,순계,8723660126000,8723660.126,행정안전부 지방재정365 기능별 회계별 세출예산,21.281418730044642,False
충북,2022,1864639.7,지역통합_일반회계_순계,당초예산,광역본청+기초,일반회계,순계,9562601539000,9562601.539,행정안전부 지방재정365 기능별 회계별 세출예산,19.4992930783038,False
충북,2023,1875132.0,지역통합_일반회계_순계,당초예산,광역본청+기초,일반회계,순계,10209912288000,10209912.288,행정안전부 지방재정365 기능별 회계별 세출예산,18.365799304700158,False
충북,2024,2209471.0,지역통합_일반회계_순계,당초예산,광역본청+기초,일반회계,순계,10367433642000,10367433.642,행정안전부 지방재정365 기능별 회계별 세출예산,21.311648343222643,False
