지역,연도,세부영역,당해계획예산_백만원_provisional,사업수,예산결측_사업수,CPI_지수,CPI_기준연도,당해계획예산_실질_백만원_provisional,전년대비_실질증감률_pct_provisional,전체인구_명,인구1인당_실질예산_원,직전1년_출산율하락도,합계출산율,구조환경지수_전년도,인구1인당_실질예산_전년도,인구1인당_실질예산_전전년도
강원,2016,1-1. 고용여건,2743.0,2,0,83.786765,2024,3273.7867370819245,,1550806,2111.022743709996,,1.237,,,
강원,2017,1-1. 고용여건,7783.0,7,0,85.339636,2024,9120.029525319278,178.5773863036777,1550142,5883.351025466879,,1.123,28.881160584701288,2111.022743709996,
강원,2018,1-1. 고용여건,0.0,0,0,86.797969,2024,0.0,-100.0,1543052,0.0,0.1140000000000001,1.067,50.12156114581836,5883.351025466879,2111.022743709996
강원,2019,1-1. 고용여건,61357.0,23,0,87.068452,2024,70469.84136113962,inf,1541502,45715.05023096929,0.05600000000000005,1.082,50.90431493157741,0.0,5883.351025466879
강원,2020,1-1. 고용여건,20929.0,43,0,87.535014,2024,23909.289601530196,-66.07160007782436,1542840,15496.93396692476,-0.015000000000000124,1.036,50.733167507063655,45715.05023096929,0.0
강원,2021,1-1. 고용여건,46059.0,38,0,89.802171,2024,51289.40590979699,114.51664505546192,1538492,33337.4537597836,0.04600000000000004,0.979,17.85045562488118,15496.93396692476,45715.05023096929
강원,2022,1-1. 고용여건,50241.100000000006,43,0,94.590336,2024,53114.411180440264,3.5582499704771786,1536498,34568.48702727909,0.05700000000000005,0.968,27.212158718652397,33337.4537597836,15496.93396692476
강원,2023,1-1. 고용여건,31036.0,42,0,97.706583,2024,31764.49226558255,-40.196094506870786,1527807,20790.90635504521,0.01100000000000001,0.893,27.41877930715674,34568.48702727909,33337.4537597836
강원,2024,1-1. 고용여건,20222.0,30,0,100.0,2024,20222.0,-36.33772002107229,1517766,13323.52945052136,0.07499999999999996,0.889,60.259237696833715,20790.90635504521,34568.48702727909
강원,2016,1-2. 주거안정성,0.0,0,0,83.786765,2024,0.0,,1550806,0.0,,1.237,,,
강원,2017,1-2. 주거안정성,15785.0,4,0,85.339636,2024,18496.68072172232,inf,1550142,11932.249253115082,,1.123,88.02802305891036,0.0,
강원,2018,1-2. 주거안정성,46690.0,1,0,86.797969,2024,53791.58122927969,190.8174825448946,1543052,34860.51100629123,0.1140000000000001,1.067,87.62740200113974,11932.249253115082,0.0
강원,2019,1-2. 주거안정성,89476.0,3,0,87.068452,2024,102765.1209418539,91.04313090152677,1541502,66665.57743152711,0.05600000000000005,1.082,86.35916719518048,34860.51100629123,11932.249253115082
강원,2020,1-2. 주거안정성,77441.0,4,0,87.535014,2024,88468.598405662,-13.911843245220425,1542840,57341.395352507054,-0.015000000000000124,1.036,87.64560718463683,66665.57743152711,34860.51100629123
강원,2021,1-2. 주거안정성,83873.0,3,0,89.802171,2024,93397.51930941624,5.57137898935991,1538492,60707.18554884669,0.04600000000000004,0.979,87.44301532492295,57341.395352507054,66665.57743152711
강원,2022,1-2. 주거안정성,75602.0,3,0,94.590336,2024,79925.71249561901,-14.424159135497527,1536498,52018.10382806812,0.05700000000000005,0.968,83.01881852185461,60707.18554884669,57341.395352507054
강원,2023,1-2. 주거안정성,87261.0,4,0,97.706583,2024,89309.23313529447,11.740302772014456,1527807,58455.83449695837,0.01100000000000001,0.893,81.88132875587625,52018.10382806812,60707.18554884669
강원,2024,1-2. 주거안정성,24651.0,4,0,100.0,2024,24651.0,-72.39815063392581,1517766,16241.634085886755,0.07499999999999996,0.889,79.55274188313011,58455.83449695837,52018.10382806812
강원,2016,1-3. 경제적 여건,5129.0,23,1,83.786765,2024,6121.49186091622,,1550806,3947.296993251393,,1.237,,,
강원,2017,1-3. 경제적 여건,6634.0,26,0,85.339636,2024,7773.6445934688545,26.989380531584217,1550142,5014.7951564881505,,1.123,11.949351076031132,3947.296993251393,
강원,2018,1-3. 경제적 여건,44018.0,7,0,86.797969,2024,50713.16818484544,552.3731253092388,1543052,32865.49525540645,0.1140000000000001,1.067,14.653015543499215,5014.7951564881505,3947.296993251393
강원,2019,1-3. 경제적 여건,100762.0,40,0,87.068452,2024,115727.33600454962,128.1997756139643,1541502,75074.3988684735,0.05600000000000005,1.082,21.07489381241043,32865.49525540645,5014.7951564881505
강원,2020,1-3. 경제적 여건,67066.0,46,0,87.535014,2024,76616.19840490344,-33.7959370274527,1542840,49659.19888316575,-0.015000000000000124,1.036,27.316800467753463,75074.3988684735,32865.49525540645
강원,2021,1-3. 경제적 여건,198710.0,44,0,89.802171,2024,221275.27406881953,188.81004105609333,1538492,143826.080388341,0.04600000000000004,0.979,38.126260549005345,49659.19888316575,75074.3988684735
강원,2022,1-3. 경제적 여건,232578.6,51,0,94.590336,2024,245879.87508575933,11.119453414070769,1536498,160026.16019399918,0.05700000000000005,0.968,47.85998121279257,143826.080388341,49659.19888316575
강원,2023,1-3. 경제적 여건,450919.0,51,0,97.706583,2024,461503.1926763829,87.69457749049909,1527807,302069.039267645,0.01100000000000001,0.893,57.01674919492798,160026.16019399918,143826.080388341
강원,2024,1-3. 경제적 여건,477130.0,51,0,100.0,2024,477130.0,3.386067002698945,1517766,314363.3471826355,0.07499999999999996,0.889,66.52937014025515,302069.039267645,160026.16019399918
강원,2016,2-1. 돌봄 여건,408734.0,51,0,83.786765,2024,487826.4484850322,,1550806,314563.1681106677,,1.237,,,
강원,2017,2-1. 돌봄 여건,499768.0,67,0,85.339636,2024,585622.37129767,20.047277698113252,1550142,377786.2746107582,,1.123,51.89466077282921,314563.1681106677,
강원,2018,2-1. 돌봄 여건,366170.0,31,0,86.797969,2024,421864.7097606627,-27.96301329372708,1543052,273396.30146013404,0.1140000000000001,1.067,54.41289340519703,377786.2746107582,314563.1681106677
강원,2019,2-1. 돌봄 여건,479244.0,115,0,87.068452,2024,550422.0977765862,30.473605646904687,1541502,357068.68870529276,0.05600000000000005,1.082,55.53115402202624,273396.30146013404,377786.2746107582
강원,2020,2-1. 돌봄 여건,257993.0,110,0,87.535014,2024,294731.2032188628,-46.45360271518516,1542840,191031.606141183,-0.015000000000000124,1.036,57.2818227033293,357068.68870529276,273396.30146013404
강원,2021,2-1. 돌봄 여건,443846.0,118,0,89.802171,2024,494248.6301361244,67.6947078348888,1538492,321255.2487345559,0.04600000000000004,0.979,60.22069076717541,191031.606141183,357068.68870529276
강원,2022,2-1. 돌봄 여건,436128.4,135,0,94.590336,2024,461070.7800001895,-6.7127854510789735,1536498,300078.9978250473,0.05700000000000005,0.968,61.77989735398172,321255.2487345559,191031.606141183
강원,2023,2-1. 돌봄 여건,531831.0,146,0,97.706583,2024,544314.3989591777,18.054412157489995,1527807,356271.7011763774,0.01100000000000001,0.893,62.540669413069594,300078.9978250473,321255.2487345559
강원,2024,2-1. 돌봄 여건,458138.0,136,0,100.0,2024,458138.0,-15.832099816569556,1517766,301850.2193355234,0.07499999999999996,0.889,62.50124510126605,356271.7011763774,300078.9978250473
강원,2016,2-2. 여가 인프라,3382.0,13,0,83.786765,2024,4036.437019617597,,1550806,2602.7994601630357,,1.237,,,
강원,2017,2-2. 여가 인프라,5189.0,13,0,85.339636,2024,6080.410279696998,50.63805653712499,1550142,3922.485991410464,,1.123,45.57853835742373,2602.7994601630357,
강원,2018,2-2. 여가 인프라,0.0,0,0,86.797969,2024,0.0,-100.0,1543052,0.0,0.1140000000000001,1.067,46.812637341497194,3922.485991410464,2602.7994601630357
강원,2019,2-2. 여가 인프라,2155.0,26,0,87.068452,2024,2475.064102437471,inf,1541502,1605.6184827768443,0.05600000000000005,1.082,47.07424078956984,0.0,3922.485991410464
강원,2020,2-2. 여가 인프라,986.0,30,0,87.535014,2024,1126.40640007209,-54.48980901291436,1542840,730.0863343393289,-0.015000000000000124,1.036,50.428051968224786,1605.6184827768443,0.0
강원,2021,2-2. 여가 인프라,1142.0,18,0,89.802171,2024,1271.6841778802875,12.897456708244892,1538492,826.5783493708693,0.04600000000000004,0.979,50.918595792659694,730.0863343393289,1605.6184827768443
강원,2022,2-2. 여가 인프라,1352.0,23,0,94.590336,2024,1429.321490093872,12.395948220126709,1536498,930.2462418394764,0.05700000000000005,0.968,52.212541688084784,826.5783493708693,730.0863343393289
강원,2023,2-2. 여가 인프라,19811.0,30,0,97.706583,2024,20276.013541482665,1318.5761343412685,1527807,13271.318655748184,0.01100000000000001,0.893,59.41673782493209,930.2462418394764,826.5783493708693
강원,2024,2-2. 여가 인프라,19210.0,30,0,100.0,2024,19210.0,-5.2575105027509945,1517766,12656.760001212308,0.07499999999999996,0.889,66.36962935725086,13271.318655748184,930.2462418394764
강원,2016,2-3. 가사수행 격차,0.0,0,0,83.786765,2024,0.0,,1550806,0.0,,1.237,,,
강원,2017,2-3. 가사수행 격차,0.0,0,0,85.339636,2024,0.0,,1550142,0.0,,1.123,43.29676071055381,0.0,
강원,2018,2-3. 가사수행 격차,0.0,0,0,86.797969,2024,0.0,,1543052,0.0,0.1140000000000001,1.067,43.29676071055381,0.0,0.0
강원,2019,2-3. 가사수행 격차,0.0,0,0,87.068452,2024,0.0,,1541502,0.0,0.05600000000000005,1.082,43.29676071055381,0.0,0.0
강원,2020,2-3. 가사수행 격차,0.0,0,0,87.535014,2024,0.0,,1542840,0.0,-0.015000000000000124,1.036,43.29676071055381,0.0,0.0
강원,2021,2-3. 가사수행 격차,0.0,0,0,89.802171,2024,0.0,,1538492,0.0,0.04600000000000004,0.979,43.29676071055381,0.0,0.0
강원,2022,2-3. 가사수행 격차,0.0,0,0,94.590336,2024,0.0,,1536498,0.0,0.05700000000000005,0.968,55.343086032741205,0.0,0.0
강원,2023,2-3. 가사수행 격차,0.0,0,0,97.706583,2024,0.0,,1527807,0.0,0.01100000000000001,0.893,67.3894113549286,0.0,0.0
강원,2024,2-3. 가사수행 격차,3.0,1,0,100.0,2024,3.0,inf,1517766,1.9765892766078563,0.07499999999999996,0.889,79.43573667711597,0.0,0.0
강원,2016,3-1. 의료서비스 여건,6394.0,28,0,83.786765,2024,7631.27684903457,,1550806,4920.845579030884,,1.237,,,
강원,2017,3-1. 의료서비스 여건,7353.0,30,0,85.339636,2024,8616.160490771252,12.90588274046538,1550142,5558.304007485283,,1.123,27.689927173546273,4920.845579030884,
강원,2018,3-1. 의료서비스 여건,4051.0,8,0,86.797969,2024,4667.159896333519,-45.832486507969506,1543052,3024.629044473886,0.1140000000000001,1.067,29.602522458370306,5558.304007485283,4920.845579030884
강원,2019,3-1. 의료서비스 여건,7667.0,34,0,87.068452,2024,8805.715300876143,88.67395796303954,1541502,5712.425479095157,0.05600000000000005,1.082,29.56325256845751,3024.629044473886,5558.304007485283
강원,2020,3-1. 의료서비스 여건,7746.0,39,0,87.535014,2024,8849.030400566338,0.4918975711818207,1542840,5735.546395327019,-0.015000000000000124,1.036,28.607719605248487,5712.425479095157,3024.629044473886
강원,2021,3-1. 의료서비스 여건,9154.0,33,0,89.802171,2024,10193.517481888048,15.193609022245669,1538492,6625.655175254761,0.04600000000000004,0.979,29.507339394449595,5735.546395327019,5712.425479095157
강원,2022,3-1. 의료서비스 여건,66331.1,41,0,94.590336,2024,70124.60554109885,587.9333425944186,1536498,45639.24296751369,0.05700000000000005,0.968,32.89279545010279,6625.655175254761,5735.546395327019
강원,2023,3-1. 의료서비스 여건,12828.0,43,0,97.706583,2024,13129.105128975803,-81.2774631277162,1527807,8593.43171550844,0.01100000000000001,0.893,35.46888264691613,45639.24296751369,6625.655175254761
강원,2024,3-1. 의료서비스 여건,13078.0,41,0,100.0,2024,13078.0,-0.3892506646398508,1517766,8616.611519825849,0.07499999999999996,0.889,37.01474197408747,8593.43171550844,45639.24296751369
강원,2016,3-2. 산후조리 여건,1501.0,3,0,83.786765,2024,1791.4523851111808,,1550806,1155.1750413083137,,1.237,,,
강원,2017,3-2. 산후조리 여건,3155.0,4,0,85.339636,2024,3696.9925674395895,106.36845266809294,1550142,2384.9380040277533,,1.123,65.05247592857201,1155.1750413083137,
강원,2018,3-2. 산후조리 여건,0.0,0,0,86.797969,2024,0.0,-100.0,1543052,0.0,0.1140000000000001,1.067,66.07007518673791,2384.9380040277533,1155.1750413083137
강원,2019,3-2. 산후조리 여건,6772.0,8,0,87.068452,2024,7777.788446267542,inf,1541502,5045.590888800366,0.05600000000000005,1.082,66.9925700680166,0.0,2384.9380040277533
강원,2020,3-2. 산후조리 여건,3096.0,4,0,87.535014,2024,3536.87040022636,-54.52601437207183,1542840,2292.441471718623,-0.015000000000000124,1.036,67.16027166537927,5045.590888800366,0.0
강원,2021,3-2. 산후조리 여건,3068.0,4,0,89.802171,2024,3416.398474375413,-3.406173034873894,1538492,2220.615040166223,0.04600000000000004,0.979,67.44710812025322,2292.441471718623,5045.590888800366
강원,2022,3-2. 산후조리 여건,4938.5,9,0,94.590336,2024,5220.935043512268,52.819850572810026,1536498,3397.944574943975,0.05700000000000005,0.968,68.79849769837942,2220.615040166223,2292.441471718623
강원,2023,3-2. 산후조리 여건,11857.0,12,0,97.706583,2024,12135.313339122707,132.43563151015465,1527807,7942.962258402212,0.01100000000000001,0.893,71.4397088030497,3397.944574943975,2220.615040166223
강원,2024,3-2. 산후조리 여건,9086.0,13,0,100.0,2024,9086.0,-25.127602838998055,1517766,5986.430055752995,0.07499999999999996,0.889,73.01960622653623,7942.962258402212,3397.944574943975
강원,2016,3-3. 아동안전 수준,2479.0,4,0,83.786765,2024,2958.7011743441817,,1550806,1907.8473866777545,,1.237,,,
강원,2017,3-3. 아동안전 수준,4045.0,5,0,85.339636,2024,4739.88429010876,60.20152123539111,1550142,3057.7097389198925,,1.123,5.763878670002088,1907.8473866777545,
강원,2018,3-3. 아동안전 수준,1616.0,1,0,86.797969,2024,1861.7947154961655,-60.72067161256703,1543052,1206.5664122117505,0.1140000000000001,1.067,24.946309772771023,3057.7097389198925,1907.8473866777545
강원,2019,3-3. 아동안전 수준,66.0,4,0,87.068452,2024,75.80242726722648,-95.92852924995948,1541502,49.174394368107514,0.05600000000000005,1.082,46.601395488479774,1206.5664122117505,3057.7097389198925
강원,2020,3-3. 아동안전 수준,72.0,5,0,87.535014,2024,82.25280000526418,8.509454077635525,1542840,53.31259236554936,-0.015000000000000124,1.036,49.779847027866246,49.174394368107514,1206.5664122117505
강원,2021,3-3. 아동안전 수준,735.0,6,0,89.802171,2024,818.4657362014109,895.0612455126501,1538492,531.9921950854543,0.04600000000000004,0.979,53.26297963915507,53.31259236554936,49.174394368107514
강원,2022,3-3. 아동안전 수준,1889.0,5,0,94.590336,2024,1997.03276241666,143.99711241243983,1536498,1299.7301411499786,0.05700000000000005,0.968,59.332718658733015,531.9921950854543,53.31259236554936
강원,2023,3-3. 아동안전 수준,1837.0,5,0,97.706583,2024,1880.1189680330956,-5.854375380506216,1527807,1230.599786513019,0.01100000000000001,0.893,58.54926671652524,1299.7301411499786,531.9921950854543
강원,2024,3-3. 아동안전 수준,15.0,4,0,100.0,2024,15.0,-99.2021781464344,1517766,9.882946383039284,0.07499999999999996,0.889,62.80560162449132,1230.599786513019,1299.7301411499786
강원,2016,4-1. 일·가정 양립 여건,29.0,6,0,83.786765,2024,34.61167166437325,,1550806,22.318505128541705,,1.237,,,
강원,2017,4-1. 일·가정 양립 여건,113.0,3,0,85.339636,2024,132.4120951254116,282.5648654286382,1550142,85.41933263237279,,1.123,18.862932732901783,22.318505128541705,
강원,2018,4-1. 일·가정 양립 여건,120.0,1,0,86.797969,2024,138.2520828338737,4.410463940571918,1543052,89.59651575829828,0.1140000000000001,1.067,32.77511961722488,85.41933263237279,22.318505128541705
강원,2019,4-1. 일·가정 양립 여건,296.0,8,0,87.068452,2024,339.96240107725816,145.9003829155785,1541502,220.5397080751489,0.05600000000000005,1.082,27.903828503036024,89.59651575829828,85.41933263237279
강원,2020,4-1. 일·가정 양립 여건,273.0,12,0,87.535014,2024,311.87520001996,-8.26185512524228,1542840,202.14357938604132,-0.015000000000000124,1.036,33.15331877049661,220.5397080751489,89.59651575829828
강원,2021,4-1. 일·가정 양립 여건,292.0,4,0,89.802171,2024,325.15917683103675,4.2593886305248185,1538492,211.34928022442543,0.04600000000000004,0.979,50.00614610844014,202.14357938604132,220.5397080751489
강원,2022,4-1. 일·가정 양립 여건,1429.2,8,0,94.590336,2024,1510.936592930593,364.67598044010447,1536498,983.3638526900738,0.05700000000000005,0.968,48.68214740304379,211.34928022442543,202.14357938604132
강원,2023,4-1. 일·가정 양립 여건,179.0,6,0,97.706583,2024,183.2015760903234,-87.87496596829467,1527807,119.9114653161842,0.01100000000000001,0.893,63.02686467919045,983.3638526900738,211.34928022442543
강원,2024,4-1. 일·가정 양립 여건,310.0,8,0,100.0,2024,310.0,69.21251804469273,1517766,204.24755858281185,0.07499999999999996,0.889,72.3133317161858,119.9114653161842,983.3638526900738
강원,2016,4-2. 사회적 가치관,558.0,6,0,83.786765,2024,665.9763030593197,,1550806,429.4388228181472,,1.237,,,
강원,2017,4-2. 사회적 가치관,291.0,8,0,85.339636,2024,340.9904396592458,-48.798412482122025,1550142,219.97367961080067,,1.123,52.59750797948196,429.4388228181472,
강원,2018,4-2. 사회적 가치관,34.0,1,0,86.797969,2024,39.17142346959755,-88.51245697423604,1543052,25.385679464851183,0.1140000000000001,1.067,54.68770029737093,219.97367961080067,429.4388228181472
강원,2019,4-2. 사회적 가치관,962.0,16,0,87.068452,2024,1104.8778035010891,2720.622039325753,1541502,716.7540512442339,0.05600000000000005,1.082,56.77789261525989,25.385679464851183,219.97367961080067
강원,2020,4-2. 사회적 가치관,1042.0,16,0,87.535014,2024,1190.3808000761844,7.738683527187984,1542840,771.5516839569784,-0.015000000000000124,1.036,59.90181111698443,716.7540512442339,25.385679464851183
강원,2021,4-2. 사회적 가치관,500.0,12,0,89.802171,2024,556.7794123819122,-53.22678151846214,1538492,361.8994524390846,0.04600000000000004,0.979,63.025729618708944,771.5516839569784,716.7540512442339
강원,2022,4-2. 사회적 가치관,1167.4,14,0,94.590336,2024,1234.1641327925934,121.6612369902144,1536498,803.2318511267789,0.05700000000000005,0.968,60.47996702925007,361.8994524390846,771.5516839569784
강원,2023,4-2. 사회적 가치관,725.0,11,0,97.706583,2024,742.017556790416,-39.87691449828292,1527807,485.6749293532599,0.01100000000000001,0.893,57.93420443979114,803.2318511267789,361.8994524390846
강원,2024,4-2. 사회적 가치관,10647.0,13,0,100.0,2024,10647.0,1334.8717092427587,1517766,7014.915342681283,0.07499999999999996,0.889,66.3905043666236,485.6749293532599,803.2318511267789
경기,2016,1-1. 고용여건,20498.0,8,0,83.786765,2024,24464.48433711458,,12716780,1923.7955156190935,,1.194,,,
경기,2017,1-1. 고용여건,18981.0,13,3,85.339636,2024,22241.716615711837,-9.085692102778664,12873895,1727.6602470124103,,1.069,55.37239738486059,1923.7955156190935,
경기,2018,1-1. 고용여건,36204.0,60,1,86.797969,2024,41710.65339097969,87.53342699058915,13077153,3189.5821201281115,0.125,1.002,61.85685981908782,1727.6602470124103,1923.7955156190935
경기,2019,1-1. 고용여건,18297.0,56,0,87.068452,2024,21014.500177400652,-49.61838650567571,13239666,1587.237939189754,0.06699999999999995,0.943,64.24411321518893,3189.5821201281115,1727.6602470124103
경기,2020,1-1. 고용여건,48120.0,63,1,87.535014,2024,54972.288003518224,161.59217463871136,13427014,4094.1558565082473,0.05900000000000005,0.878,60.98292079828625,1587.237939189754,3189.5821201281115
경기,2021,1-1. 고용여건,74362.0,90,0,89.802171,2024,82806.46132708751,50.63309957516759,13565450,6104.2177979416465,0.06499999999999995,0.853,36.4286269524752,4094.1558565082473,1587.237939189754
경기,2022,1-1. 고용여건,77981.3,105,0,94.590336,2024,82441.08573628495,-0.4412404357666211,13589432,6066.558612330887,0.025000000000000022,0.839,52.49267219702812,6104.2177979416465,4094.1558565082473
경기,2023,1-1. 고용여건,101510.0,103,0,97.706583,2024,103892.6926755795,26.020529384965396,13630821,7621.895458503894,0.014000000000000012,0.766,54.33577944983982,6066.558612330887,6104.2177979416465
경기,2024,1-1. 고용여건,96881.0,115,0,100.0,2024,96881.0,-6.748975789350808,13694685,7074.350377536979,0.07299999999999995,0.789,79.47527573542267,7621.895458503894,6066.558612330887
경기,2016,1-2. 주거안정성,0.0,0,0,83.786765,2024,0.0,,12716780,0.0,,1.194,,,
경기,2017,1-2. 주거안정성,985.0,2,0,85.339636,2024,1154.2116256507118,inf,12873895,89.65519958417494,,1.069,55.007375001252235,0.0,
경기,2018,1-2. 주거안정성,10010.0,7,2,86.797969,2024,11532.527909725632,899.1692730719049,13077153,881.8836875064192,0.125,1.002,55.07922527867567,89.65519958417494,0.0
경기,2019,1-2. 주거안정성,19566.0,10,0,87.068452,2024,22471.97411985687,94.85731398842545,13239666,1697.3218297090627,0.06699999999999995,0.943,55.47926092463627,881.8836875064192,89.65519958417494
경기,2020,1-2. 주거안정성,14262.0,12,0,87.535014,2024,16292.908801042746,-27.49676234876992,13427014,1213.44245273318,0.05900000000000005,0.878,55.682748661292074,1697.3218297090627,881.8836875064192
경기,2021,1-2. 주거안정성,6979.0,24,0,89.802171,2024,7771.52703802673,-52.30116897524552,13565450,572.8912080341405,0.06499999999999995,0.853,50.864946035119026,1213.44245273318,1697.3218297090627
경기,2022,1-2. 주거안정성,11881.0,34,0,94.590336,2024,12560.479751335277,61.62177252779022,13589432,924.2829097886708,0.025000000000000022,0.839,41.315325404904094,572.8912080341405,1213.44245273318
경기,2023,1-2. 주거안정성,10014.0,41,0,97.706583,2024,10249.053536136864,-18.40237205073866,13630821,751.9028777603978,0.014000000000000012,0.766,43.68215837782596,924.2829097886708,572.8912080341405
경기,2024,1-2. 주거안정성,33635.0,44,0,100.0,2024,33635.0,228.17664461803471,13694685,2456.062333671786,0.07299999999999995,0.789,39.6000765326914,751.9028777603978,924.2829097886708
경기,2016,1-3. 경제적 여건,1140.0,4,0,83.786765,2024,1360.596748185707,,12716780,106.99223767224932,,1.194,,,
경기,2017,1-3. 경제적 여건,40411.0,5,0,85.339636,2024,47353.14315144255,3380.321646702874,12873895,3678.2297161381657,,1.069,12.363093533354093,106.99223767224932,
경기,2018,1-3. 경제적 여건,223650.0,85,11,86.797969,2024,257667.31938163209,444.1398442286562,13077153,19703.625046035027,0.125,1.002,15.447152547682286,3678.2297161381657,106.99223767224932
경기,2019,1-3. 경제적 여건,721198.0,92,0,87.068452,2024,828311.499094988,221.465485449543,13239666,62562.86972005095,0.06699999999999995,0.943,23.0456911682334,19703.625046035027,3678.2297161381657
경기,2020,1-3. 경제적 여건,1069035.0,107,3,87.535014,2024,1221265.584078161,47.4403754399781,13427014,90955.85839697203,0.05900000000000005,0.878,30.603327149337197,62562.86972005095,19703.625046035027
경기,2021,1-3. 경제적 여건,393958.0,113,0,89.802171,2024,438695.40748630674,-64.07862358477546,13565450,32339.17101801317,0.06499999999999995,0.853,36.51794387238758,90955.85839697203,62562.86972005095
경기,2022,1-3. 경제적 여건,1685309.6,134,0,94.590336,2024,1781693.2165247835,306.13445824148425,13589432,131108.7333543288,0.025000000000000022,0.839,41.434536192923325,32339.17101801317,90955.85839697203
경기,2023,1-3. 경제적 여건,2177906.0,141,0,97.706583,2024,2229026.8814333626,25.107221645099443,13630821,163528.4390744595,0.014000000000000012,0.766,49.64188927903311,131108.7333543288,32339.17101801317
경기,2024,1-3. 경제적 여건,2789903.0,147,3,100.0,2024,2789903.0,25.16237570925881,13694685,203721.58979925423,0.07299999999999995,0.789,57.66109022368519,163528.4390744595,131108.7333543288
경기,2016,2-1. 돌봄 여건,2354075.0,37,0,83.786765,2024,2809602.447355498,,12716780,220936.62447219327,,1.194,,,
경기,2017,2-1. 돌봄 여건,2902669.0,32,0,85.339636,2024,3401314.0154476403,21.060330747116307,12873895,264202.40459065733,,1.069,26.029077802165713,220936.62447219327,
경기,2018,2-1. 돌봄 여건,3826541.0,248,12,86.797969,2024,4408560.527493449,29.61345255013883,13077153,337119.28945799207,0.125,1.002,28.35840181749932,264202.40459065733,220936.62447219327
경기,2019,2-1. 돌봄 여건,4015632.0,263,0,87.068452,2024,4612040.19109011,4.615557897587763,13239666,348350.19184699294,0.06699999999999995,0.943,28.4021959306173,337119.28945799207,264202.40459065733
경기,2020,2-1. 돌봄 여건,4409976.0,252,0,87.535014,2024,5037956.582722429,9.234880312949944,13427014,375210.49599877,0.05900000000000005,0.878,29.425662033375566,348350.19184699294,337119.28945799207
경기,2021,2-1. 돌봄 여건,4636276.75,298,0,89.802171,2024,5162766.889009844,2.477399402675462,13565450,380582.058760295,0.06499999999999995,0.853,35.76447945791318,375210.49599877,348350.19184699294
경기,2022,2-1. 돌봄 여건,2008651.7,314,0,94.590336,2024,2123527.397132832,-58.86842379706787,13589432,156263.14603383216,0.025000000000000022,0.839,35.87430429784227,380582.058760295,375210.49599877
경기,2023,2-1. 돌봄 여건,2805795.0,297,0,97.706583,2024,2871654.0010410557,35.23037211190858,13630821,210673.59046392405,0.014000000000000012,0.766,35.98743183778373,156263.14603383216,380582.058760295
경기,2024,2-1. 돌봄 여건,3666436.0,318,2,100.0,2024,3666436.0,27.676802242568694,13694685,267726.9320177865,0.07299999999999995,0.789,38.36836388403562,210673.59046392405,156263.14603383216
경기,2016,2-2. 여가 인프라,685.0,5,0,83.786765,2024,817.5515548308853,,12716780,64.28919544341298,,1.194,,,
경기,2017,2-2. 여가 인프라,1451.0,7,1,85.339636,2024,1700.2650444864798,107.97037623372736,12873895,132.0707559356729,,1.069,14.323308536748865,64.28919544341298,
경기,2018,2-2. 여가 인프라,17079.0,98,4,86.797969,2024,19676.727689331074,1057.2741410603962,13077153,1504.6644854068063,0.125,1.002,14.574613141277426,132.0707559356729,64.28919544341298
경기,2019,2-2. 여가 인프라,26855.0,113,0,87.068452,2024,30843.54824638435,56.751410769932264,13239666,2329.6318990512564,0.06699999999999995,0.943,18.36350936622008,1504.6644854068063,132.0707559356729
경기,2020,2-2. 여가 인프라,26551.0,88,1,87.535014,2024,30331.86240194124,-1.6589720493753402,13427014,2259.01770877287,0.05900000000000005,0.878,22.52047056880382,2329.6318990512564,1504.6644854068063
경기,2021,2-2. 여가 인프라,46546.7,99,0,89.802171,2024,51832.488548634305,70.88462245337439,13565450,3820.9192137846,0.06499999999999995,0.853,19.750589618345725,2259.01770877287,2329.6318990512564
경기,2022,2-2. 여가 인프라,57068.1,120,0,94.590336,2024,60331.850391143555,16.397749906478666,13589432,4439.615312188438,0.025000000000000022,0.839,17.667350365765323,3820.9192137846,2259.01770877287
경기,2023,2-2. 여가 인프라,64189.0,128,0,97.706583,2024,65695.67579699312,8.890536874096867,13630821,4819.64188341943,0.014000000000000012,0.766,26.50080554728511,4439.615312188438,3820.9192137846
경기,2024,2-2. 여가 인프라,56919.0,127,6,100.0,2024,56919.0,-13.359594357646944,13694685,4156.283989007414,0.07299999999999995,0.789,35.15486842025014,4819.64188341943,4439.615312188438
경기,2016,2-3. 가사수행 격차,0.0,0,0,83.786765,2024,0.0,,12716780,0.0,,1.194,,,
경기,2017,2-3. 가사수행 격차,0.0,0,0,85.339636,2024,0.0,,12873895,0.0,,1.069,44.9982584465343,0.0,
경기,2018,2-3. 가사수행 격차,22.0,4,1,86.797969,2024,25.346215186210177,inf,13077153,1.9382059066075144,0.125,1.002,44.9982584465343,0.0,0.0
경기,2019,2-3. 가사수행 격차,41.0,6,0,87.068452,2024,47.0893866357013,85.78468733793707,13239666,3.556689922215659,0.06699999999999995,0.943,44.9982584465343,1.9382059066075144,0.0
경기,2020,2-3. 가사수행 격차,599.0,7,0,87.535014,2024,684.297600043795,1353.1886034909355,13427014,50.964242685960926,0.05900000000000005,0.878,44.9982584465343,3.556689922215659,1.9382059066075144
경기,2021,2-3. 가사수행 격차,458.0,6,0,89.802171,2024,510.0099417418316,-25.469570299648726,13565450,37.59624205181779,0.06499999999999995,0.853,44.9982584465343,50.964242685960926,3.556689922215659
경기,2022,2-3. 가사수행 격차,514.4,5,0,94.590336,2024,543.8187681244731,6.62905241948315,13589432,40.01777028829999,0.025000000000000022,0.839,44.89194075400972,37.59624205181779,50.964242685960926
경기,2023,2-3. 가사수행 격차,493.0,3,0,97.706583,2024,504.57193861748294,-7.2168950038898,13630821,37.01698809026125,0.014000000000000012,0.766,44.785623061485126,40.01777028829999,37.59624205181779
경기,2024,2-3. 가사수행 격차,633.0,4,0,100.0,2024,633.0,25.45287431845842,13694685,46.22231179468531,0.07299999999999995,0.789,44.67930536896055,37.01698809026125,40.01777028829999
경기,2016,3-1. 의료서비스 여건,205501.0,5,0,83.786765,2024,245266.65995518505,,12716780,19286.85248586396,,1.194,,,
경기,2017,3-1. 의료서비스 여건,67242.0,4,0,85.339636,2024,78793.39911878697,-67.8743946962934,12873895,6120.400944608215,,1.069,29.26124558617447,19286.85248586396,
경기,2018,3-1. 의료서비스 여건,54386.0,75,7,86.797969,2024,62658.14814169212,-20.477922208648135,13077153,4791.42120167074,0.125,1.002,30.40432278682049,6120.400944608215,19286.85248586396
경기,2019,3-1. 의료서비스 여건,20448.0,77,0,87.068452,2024,23484.97019333708,-62.51888878006848,13239666,1773.8340373040437,0.06699999999999995,0.943,31.273649930033148,4791.42120167074,6120.400944608215
경기,2020,3-1. 의료서비스 여건,174787.0,80,2,87.535014,2024,199676.6688127793,750.2317319075397,13427014,14871.26391711361,0.05900000000000005,0.878,31.088683960367693,1773.8340373040437,4791.42120167074
경기,2021,3-1. 의료서비스 여건,37987.0,73,0,89.802171,2024,42300.759076303395,-78.81537220757353,13565450,3118.271717952843,0.06499999999999995,0.853,32.86464674556255,14871.26391711361,1773.8340373040437
경기,2022,3-1. 의료서비스 여건,36648.0,79,0,94.590336,2024,38743.91565751495,-8.408462392772897,13589432,2851.0327479113885,0.025000000000000022,0.839,32.417330946117225,3118.271717952843,14871.26391711361
경기,2023,3-1. 의료서비스 여건,43199.0,81,0,97.706583,2024,44212.98818729543,14.115951981016828,13630821,3243.6041957630746,0.014000000000000012,0.766,32.95051032721774,2851.0327479113885,3118.271717952843
경기,2024,3-1. 의료서비스 여건,110197.0,79,0,100.0,2024,110197.0,149.2412400021065,13694685,8046.698408908273,0.07299999999999995,0.789,29.289311239467207,3243.6041957630746,2851.0327479113885
경기,2016,3-2. 산후조리 여건,13363.0,2,0,83.786765,2024,15948.819601759298,,12716780,1254.1555017669016,,1.194,,,
경기,2017,3-2. 산후조리 여건,13790.0,2,0,85.339636,2024,16158.962759109963,1.3176094695276808,12873895,1255.172794178449,,1.069,43.19113088339466,1254.1555017669016,
경기,2018,3-2. 산후조리 여건,2917.0,10,0,86.797969,2024,3360.677713553413,-79.20239211109786,13077153,256.98848316246,0.125,1.002,44.57471059621409,1255.172794178449,1254.1555017669016
경기,2019,3-2. 산후조리 여건,85544.0,19,0,87.068452,2024,98249.1339113276,2823.4916967817144,13239666,7420.816651366251,0.06699999999999995,0.943,45.82898156061854,256.98848316246,1255.172794178449
경기,2020,3-2. 산후조리 여건,92142.0,16,0,87.535014,2024,105263.02080673684,7.138879108837171,13427014,7839.64482398967,0.05900000000000005,0.878,46.05699718273743,7420.816651366251,256.98848316246
경기,2021,3-2. 산후조리 여건,88300.0,16,0,89.802171,2024,98327.2442266457,-6.588996332173713,13565450,7248.358456715088,0.06499999999999995,0.853,46.44699461706726,7839.64482398967,7420.816651366251
경기,2022,3-2. 산후조리 여건,85843.5,18,0,94.590336,2024,90752.9285021252,-7.703170961510497,13589432,6678.198801990047,0.025000000000000022,0.839,48.28441262755308,7248.358456715088,7839.64482398967
경기,2023,3-2. 산후조리 여건,88039.0,22,0,97.706583,2024,90105.4947341675,-0.7134026181232822,13630821,6610.423153100425,0.014000000000000012,0.766,51.8755375938603,6678.198801990047,7248.358456715088
경기,2024,3-2. 산후조리 여건,105316.0,14,0,100.0,2024,105316.0,16.88077437531095,13694685,7690.282762984326,0.07299999999999995,0.789,54.02364649422601,6610.423153100425,6678.198801990047
경기,2016,3-3. 아동안전 수준,2696.0,5,0,83.786765,2024,3217.691958867251,,12716780,253.02725681086335,,1.194,,,
경기,2017,3-3. 아동안전 수준,1260.0,5,0,85.339636,2024,1476.4534500709613,-54.11451845158203,12873895,114.68583906199028,,1.069,27.18004069255953,253.02725681086335,
경기,2018,3-3. 아동안전 수준,2591.0,26,2,86.797969,2024,2985.0928885213893,102.1799528036539,13077153,228.2677956372759,0.125,1.002,38.988982402810805,114.68583906199028,253.02725681086335
경기,2019,3-3. 아동안전 수준,4345.0,24,0,87.068452,2024,4990.326461759077,67.17491375053801,13239666,376.9223832201717,0.06699999999999995,0.943,49.28158093469103,228.2677956372759,114.68583906199028
경기,2020,3-3. 아동안전 수준,2731.0,20,0,87.535014,2024,3119.8944001996733,-37.4811563109657,13427014,232.35951047639284,0.05900000000000005,0.878,58.91004847919341,376.9223832201717,228.2677956372759
경기,2021,3-3. 아동안전 수준,4866.0,25,0,89.802171,2024,5418.57724130077,73.67822580642411,13565450,399.4395498343785,0.06499999999999995,0.853,74.25428824790757,232.35951047639284,376.9223832201717
경기,2022,3-3. 아동안전 수준,6120.5,36,0,94.590336,2024,6470.534156893153,19.413895359362865,13589432,476.1445626935072,0.025000000000000022,0.839,70.4425400577412,399.4395498343785,232.35951047639284
경기,2023,3-3. 아동안전 수준,6785.0,33,0,97.706583,2024,6944.260859066169,7.321292039983263,13630821,509.4528685444677,0.014000000000000012,0.766,68.83975568278068,476.1445626935072,399.4395498343785
경기,2024,3-3. 아동안전 수준,8022.0,23,0,100.0,2024,8022.0,15.51985391687547,13694685,585.7747001847797,0.07299999999999995,0.789,66.59623429450001,509.4528685444677,476.1445626935072
경기,2016,4-1. 일·가정 양립 여건,836.0,5,0,83.786765,2024,997.7709486695184,,12716780,78.46097429298284,,1.194,,,
경기,2017,4-1. 일·가정 양립 여건,916.0,5,0,85.339636,2024,1073.35822243254,7.575613808340864,12873895,83.37478458792309,,1.069,22.541514213340836,78.46097429298284,
경기,2018,4-1. 일·가정 양립 여건,7536.0,36,12,86.797969,2024,8682.230801967267,708.8847339605618,13077153,663.9236232815558,0.125,1.002,29.361103292991828,83.37478458792309,78.46097429298284
경기,2019,4-1. 일·가정 양립 여건,2682.0,36,0,87.068452,2024,3080.3349989500216,-64.52138777222943,13239666,232.659570033717,0.06699999999999995,0.943,23.029136006012884,663.9236232815558,83.37478458792309
경기,2020,4-1. 일·가정 양립 여건,2595.0,31,0,87.535014,2024,2964.52800018973,-3.759558580471478,13427014,220.78833016705948,0.05900000000000005,0.878,23.899338852291045,232.659570033717,663.9236232815558
경기,2021,4-1. 일·가정 양립 여건,7095.0,32,0,89.802171,2024,7900.699861699334,166.50785086845826,13565450,582.4134003442078,0.06499999999999995,0.853,37.81813085297097,220.78833016705948,232.659570033717
경기,2022,4-1. 일·가정 양립 여건,2889.0,30,0,94.590336,2024,3054.2232136695234,-61.34237134515573,13589432,224.74988017670813,0.025000000000000022,0.839,34.54718703428592,582.4134003442078,220.78833016705948
경기,2023,4-1. 일·가정 양립 여건,6328.0,31,0,97.706583,2024,6476.533930165177,112.05175512970736,13630821,475.1389465216495,0.014000000000000012,0.766,49.73883723656126,224.74988017670813,582.4134003442078
경기,2024,4-1. 일·가정 양립 여건,6412.0,29,0,100.0,2024,6412.0,-0.9964269601769992,13694685,468.2108423815517,0.07299999999999995,0.789,59.99254886917265,475.1389465216495,224.74988017670813
경기,2016,4-2. 사회적 가치관,463.0,8,0,83.786765,2024,552.5932407105107,,12716780,43.45386494934337,,1.194,,,
경기,2017,4-2. 사회적 가치관,178.0,5,0,85.339636,2024,208.5783445338342,-62.25463339623023,12873895,16.201650280185927,,1.069,40.303856711320385,43.45386494934337,
경기,2018,4-2. 사회적 가치관,1385.0,34,2,86.797969,2024,1595.659456040959,665.0168379690642,13077153,122.01887184779125,0.125,1.002,40.64678584999992,16.201650280185927,43.45386494934337
경기,2019,4-2. 사회적 가치관,1222.0,60,0,87.068452,2024,1403.4934260689508,-12.043047734558431,13239666,106.00670938896424,0.06699999999999995,0.943,40.98971498867945,122.01887184779125,16.201650280185927
경기,2020,4-2. 사회적 가치관,41053.0,72,0,87.535014,2024,46898.94720300153,3241.586524873219,13427014,3492.8798914636964,0.05900000000000005,0.878,44.48384555603792,106.00670938896424,122.01887184779125
경기,2021,4-2. 사회적 가치관,1697.0,74,0,89.802171,2024,1889.70932562421,-95.97067857953266,13565450,139.3031064671065,0.06499999999999995,0.853,47.97797612339636,3492.8798914636964,106.00670938896424
경기,2022,4-2. 사회적 가치관,3434.2,80,0,94.590336,2024,3630.6034476925847,92.12496855797237,13589432,267.16373779953307,0.025000000000000022,0.839,43.257337031313575,139.3031064671065,3492.8798914636964
경기,2023,4-2. 사회적 가치관,1919.0,74,0,97.706583,2024,1964.043712387322,-45.90310562186124,13630821,144.08843842842057,0.014000000000000012,0.766,38.53669793923081,267.16373779953307,139.3031064671065
경기,2024,4-2. 사회적 가치관,3064.0,60,2,100.0,2024,3064.0,56.0046744721209,13694685,223.7364349745905,0.07299999999999995,0.789,43.11733700180166,144.08843842842057,267.16373779953307
경남,2016,1-1. 고용여건,7543.0,17,0,83.786765,2024,9002.615150495427,,3373871,2668.3341332538876,,1.358,,,
경남,2017,1-1. 고용여건,5779.0,10,0,85.339636,2024,6771.765466634988,-24.78001832320548,3380404,2003.241466592451,,1.227,56.58125152364736,2668.3341332538876,
경남,2018,1-1. 고용여건,121092.0,7,0,86.797969,2024,139510.17678766194,1960.174373655428,3373988,41348.74717623831,0.131,1.122,63.31837975092025,2003.241466592451,2668.3341332538876
경남,2019,1-1. 고용여건,56873.0,51,0,87.068452,2024,65319.87039346927,-53.17913581825089,3362553,19425.67757102097,0.10499999999999998,1.046,62.62292498277899,41348.74717623831,2003.241466592451
경남,2020,1-1. 고용여건,45354.0,46,0,87.535014,2024,51812.409603315995,-20.678946098312768,3340216,15511.694334532856,0.07600000000000007,0.945,61.28970695891622,19425.67757102097,41348.74717623831
경남,2021,1-1. 고용여건,90949.0,53,0,89.802171,2024,101277.06155344506,95.468734862629,3314183,30558.68114508012,0.10100000000000009,0.903,40.94228636433678,15511.694334532856,19425.67757102097
경남,2022,1-1. 고용여건,35399.0,57,0,94.590336,2024,37423.48478390012,-63.048409768335034,3280493,11407.8843588144,0.041999999999999926,0.838,49.6961236300129,30558.68114508012,15511.694334532856
경남,2023,1-1. 고용여건,100776.0,55,0,97.706583,2024,103141.46386635996,175.60625222890044,3251158,31724.531341251317,0.06500000000000006,0.799,53.19943112669535,11407.8843588144,30558.68114508012
경남,2024,1-1. 고용여건,86037.0,62,0,100.0,2024,86037.0,-16.583499230263165,3228380,26650.20846368767,0.038999999999999924,0.82,59.12706142095571,31724.531341251317,11407.8843588144
경남,2016,1-2. 주거안정성,0.0,0,0,83.786765,2024,0.0,,3373871,0.0,,1.358,,,
경남,2017,1-2. 주거안정성,0.0,0,0,85.339636,2024,0.0,,3380404,0.0,,1.227,80.30541135600616,0.0,
경남,2018,1-2. 주거안정성,0.0,0,0,86.797969,2024,0.0,,3373988,0.0,0.131,1.122,79.6420842314167,0.0,0.0
경남,2019,1-2. 주거안정성,7141.0,7,0,87.068452,2024,8201.592925988853,inf,3362553,2439.096997426911,0.10499999999999998,1.046,81.65561183954429,0.0,0.0
경남,2020,1-2. 주거안정성,113933.0,13,0,87.535014,2024,130157.05920833006,1486.972925660502,3340216,38966.659404161306,0.07600000000000007,0.945,84.02422102121884,2439.096997426911,0.0
경남,2021,1-2. 주거안정성,8080.0,20,0,89.802171,2024,8997.5553040917,-93.0871553499913,3314183,2714.8637549862815,0.10100000000000009,0.903,80.2175650951705,38966.659404161306,2439.096997426911
경남,2022,1-2. 주거안정성,4912.0,28,0,94.590336,2024,5192.919496554067,-42.285217250150694,3280493,1582.9692355856475,0.041999999999999926,0.838,77.49671282681227,2714.8637549862815,38966.659404161306
경남,2023,1-2. 주거안정성,5696.0,28,0,97.706583,2024,5829.6993151423585,12.262462743950644,3251158,1793.114734855199,0.06500000000000006,0.799,78.64947932146569,1582.9692355856475,2714.8637549862815
경남,2024,1-2. 주거안정성,4804.0,27,0,100.0,2024,4804.0,-17.594377680477525,3228380,1488.0528314510684,0.038999999999999924,0.82,81.9056177580957,1793.114734855199,1582.9692355856475
경남,2016,1-3. 경제적 여건,21322.0,32,0,83.786765,2024,25447.933214750563,,3373871,7542.651516537107,,1.358,,,
경남,2017,1-3. 경제적 여건,24201.5,34,0,85.339636,2024,28359.03823166061,11.439455583067405,3380404,8389.245259341962,,1.227,7.902766257954007,7542.651516537107,
경남,2018,1-3. 경제적 여건,12798.0,4,0,86.797969,2024,14744.58463423263,-48.00745880806537,3373988,4370.076192989611,0.131,1.122,9.330268374665598,8389.245259341962,7542.651516537107
경남,2019,1-3. 경제적 여건,221663.0,47,0,87.068452,2024,254584.7490202307,1626.6322201383623,3362553,75711.7431369054,0.10499999999999998,1.046,16.03592370463648,4370.076192989611,8389.245259341962
경남,2020,1-3. 경제적 여건,277691.0,66,2,87.535014,2024,317234.198420303,24.608484852756774,3340216,94974.15688695072,0.07600000000000007,0.945,22.561607421039135,75711.7431369054,4370.076192989611
경남,2021,1-3. 경제적 여건,260939.2,58,0,89.802171,2024,290571.14888681256,-8.404847165362861,3314183,87675.04657612828,0.10100000000000009,0.903,27.37810411530469,94974.15688695072,75711.7431369054
경남,2022,1-3. 경제적 여건,317881.9,65,0,94.590336,2024,336061.70930611773,15.655566835723713,3280493,102442.4406045426,0.041999999999999926,0.838,31.69558860831294,87675.04657612828,94974.15688695072
경남,2023,1-3. 경제적 여건,466116.0,66,0,97.706583,2024,477056.90413920215,41.955150178877496,3251158,146734.45711934092,0.06500000000000006,0.799,41.58219621547669,102442.4406045426,87675.04657612828
경남,2024,1-3. 경제적 여건,475572.0,69,0,100.0,2024,475572.0,-0.3112635256545593,3228380,147309.79624455608,0.038999999999999924,0.82,51.62832411648504,146734.45711934092,102442.4406045426
경남,2016,2-1. 돌봄 여건,400961.0,59,0,83.786765,2024,478549.3269730607,,3373871,141839.84123075858,,1.358,,,
경남,2017,2-1. 돌봄 여건,714179.7000000001,63,0,85.339636,2024,836867.5254251144,74.87591733092643,3380404,247564.35190146335,,1.227,36.41082518762009,141839.84123075858,
경남,2018,2-1. 돌봄 여건,710429.0,23,0,86.797969,2024,818485.7412965505,-2.1964986775208306,3373988,242587.0338888433,0.131,1.122,38.76005816415305,247564.35190146335,141839.84123075858
경남,2019,2-1. 돌봄 여건,1185292.0,147,0,87.068452,2024,1361333.4942488698,66.32342209070163,3362553,404851.1634608792,0.10499999999999998,1.046,41.74794360151962,242587.0338888433,247564.35190146335
경남,2020,2-1. 돌봄 여건,1161466.0,159,1,87.535014,2024,1326858.7584849189,-2.532423973228748,3340216,397237.41173771967,0.07600000000000007,0.945,43.38447383461921,404851.1634608792,242587.0338888433
경남,2021,2-1. 돌봄 여건,1447812.5,192,0,89.802171,2024,1612224.3859783744,21.506857882846695,3314183,486462.0891418411,0.10100000000000009,0.903,48.30416710897746,397237.41173771967,404851.1634608792
경남,2022,2-1. 돌봄 여건,1051717.4,178,0,94.590336,2024,1111865.5926964886,-31.035307345152475,3280493,338932.4692040155,0.041999999999999926,0.838,51.41301583588502,486462.0891418411,397237.41173771967
경남,2023,2-1. 돌봄 여건,1215179.0,189,0,97.706583,2024,1243702.2795076151,11.857250343667625,3251158,382541.3220482103,0.06500000000000006,0.799,52.33740808764714,338932.4692040155,486462.0891418411
경남,2024,2-1. 돌봄 여건,1203237.0,180,0,100.0,2024,1203237.0,-3.253614645109071,3228380,372706.1250534323,0.038999999999999924,0.82,53.916018209742745,382541.3220482103,338932.4692040155
경남,2016,2-2. 여가 인프라,10751.0,28,0,83.786765,2024,12831.382140126783,,3373871,3803.1632330124016,,1.358,,,
경남,2017,2-2. 여가 인프라,18974.05,27,0,85.339636,2024,22233.572685967396,73.27496323593796,3380404,6577.193934798147,,1.227,27.50080983854428,3803.1632330124016,
경남,2018,2-2. 여가 인프라,83002.0,6,0,86.797969,2024,95626.66149480989,330.1002940259086,3373988,28342.324126466923,0.131,1.122,27.86423463591957,6577.193934798147,3803.1632330124016
경남,2019,2-2. 여가 인프라,13336.0,41,0,87.068452,2024,15316.684394480792,-83.98283056727635,3362553,4555.075977830176,0.10499999999999998,1.046,28.592910621796364,28342.324126466923,6577.193934798147
경남,2020,2-2. 여가 인프라,8141.0,46,1,87.535014,2024,9300.278400595218,-39.280080720691245,3340216,2784.334426454822,0.07600000000000007,0.945,29.599955431036825,4555.075977830176,28342.324126466923
경남,2021,2-2. 여가 인프라,13100.5,46,0,89.802171,2024,14588.177383818482,56.85742679364134,3314183,4401.741661163092,0.10100000000000009,0.903,29.419184348013967,2784.334426454822,4555.075977830176
경남,2022,2-2. 여가 인프라,17582.6,53,0,94.590336,2024,18588.1568281986,27.419322778573974,3280493,5666.269316288314,0.041999999999999926,0.838,28.85256442904647,4401.741661163092,2784.334426454822
경남,2023,2-2. 여가 인프라,14593.0,54,0,97.706583,2024,14935.53407757592,-19.65026863277579,3251158,4593.912100727162,0.06500000000000006,0.799,35.394849842435264,5666.269316288314,4401.741661163092
경남,2024,2-2. 여가 인프라,20079.0,56,0,100.0,2024,20079.0,34.4377770202837,3228380,6219.528060513322,0.038999999999999924,0.82,41.272917596515754,4593.912100727162,5666.269316288314
경남,2016,2-3. 가사수행 격차,0.0,0,0,83.786765,2024,0.0,,3373871,0.0,,1.358,,,
경남,2017,2-3. 가사수행 격차,0.0,0,0,85.339636,2024,0.0,,3380404,0.0,,1.227,27.965367965367964,0.0,
경남,2018,2-3. 가사수행 격차,0.0,0,0,86.797969,2024,0.0,,3373988,0.0,0.131,1.122,27.965367965367964,0.0,0.0
경남,2019,2-3. 가사수행 격차,0.0,0,0,87.068452,2024,0.0,,3362553,0.0,0.10499999999999998,1.046,27.965367965367964,0.0,0.0
경남,2020,2-3. 가사수행 격차,52.0,2,0,87.535014,2024,59.40480000380191,inf,3340216,17.784718115176357,0.07600000000000007,0.945,27.965367965367964,0.0,0.0
경남,2021,2-3. 가사수행 격차,0.0,0,0,89.802171,2024,0.0,-100.0,3314183,0.0,0.10100000000000009,0.903,27.965367965367964,17.784718115176357,0.0
경남,2022,2-3. 가사수행 격차,0.0,0,0,94.590336,2024,0.0,,3280493,0.0,0.041999999999999926,0.838,26.993746993746985,0.0,17.784718115176357
경남,2023,2-3. 가사수행 격차,0.0,0,0,97.706583,2024,0.0,,3251158,0.0,0.06500000000000006,0.799,26.022126022126024,0.0,0.0
경남,2024,2-3. 가사수행 격차,3.0,1,0,100.0,2024,3.0,inf,3228380,0.9292586374590353,0.038999999999999924,0.82,25.050505050505052,0.0,0.0
경남,2016,3-1. 의료서비스 여건,40071.0,53,0,83.786765,2024,47824.9756987276,,3373871,14175.10500511952,,1.358,,,
경남,2017,3-1. 의료서비스 여건,49611.0,52,1,85.339636,2024,58133.59691386544,21.55489064976588,3380404,17197.233500453036,,1.227,33.260437248978945,14175.10500511952,
경남,2018,3-1. 의료서비스 여건,6256.0,11,0,86.797969,2024,7207.541918405948,-87.6017616300517,3373988,2136.2085219052196,0.131,1.122,34.608792308836584,17197.233500453036,14175.10500511952
경남,2019,3-1. 의료서비스 여건,11535.0,51,0,87.068452,2024,13248.19694738572,83.81019628278136,3362553,3939.922120896152,0.10499999999999998,1.046,35.1418723973094,2136.2085219052196,17197.233500453036
경남,2020,3-1. 의료서비스 여건,12750.0,55,0,87.535014,2024,14565.600000932198,9.944017731457745,3340216,4360.67607631728,0.07600000000000007,0.945,32.74518990164722,3939.922120896152,2136.2085219052196
경남,2021,3-1. 의료서비스 여건,14424.7,54,0,89.802171,2024,16062.75197957074,10.27868387531392,3314183,4846.670198830523,0.10100000000000009,0.903,32.60108642839666,4360.67607631728,3939.922120896152
경남,2022,3-1. 의료서비스 여건,14985.2,56,0,94.590336,2024,15842.210350114416,-1.3730002787618043,3280493,4829.21632514211,0.041999999999999926,0.838,34.97129476397165,4846.670198830523,4360.67607631728
경남,2023,3-1. 의료서비스 여건,17587.0,56,0,97.706583,2024,17999.810718997305,13.619313979550252,3251158,5536.430625333283,0.06500000000000006,0.799,36.615009454469224,4829.21632514211,4846.670198830523
경남,2024,3-1. 의료서비스 여건,20837.0,56,0,100.0,2024,20837.0,15.762328422755443,3228380,6454.320742911305,0.038999999999999924,0.82,34.195707089294174,5536.430625333283,4829.21632514211
경남,2016,3-2. 산후조리 여건,3609.0,4,0,83.786765,2024,4307.362863335277,,3373871,1276.6827372283285,,1.358,,,
경남,2017,3-2. 산후조리 여건,4941.0,5,0,85.339636,2024,5789.806743492555,34.41650790036741,3380404,1712.7558550671918,,1.227,46.5020023693559,1276.6827372283285,
경남,2018,3-2. 산후조리 여건,4406.0,1,0,86.797969,2024,5076.155641383729,-12.32599175975836,3373988,1504.497242249744,0.131,1.122,47.63367831669369,1712.7558550671918,1276.6827372283285
경남,2019,3-2. 산후조리 여건,8946.0,12,0,87.068452,2024,10274.674459584972,102.4105481679864,3362553,3055.617103904377,0.10499999999999998,1.046,48.65958833019642,1504.497242249744,1712.7558550671918
경남,2020,3-2. 산후조리 여건,10676.0,14,0,87.535014,2024,12196.26240078056,18.702178339119936,3340216,3651.339434569669,0.07600000000000007,0.945,48.84608990490033,3055.617103904377,1504.497242249744
경남,2021,3-2. 산후조리 여건,14105.0,14,0,89.802171,2024,15706.747223293743,28.78328382216926,3314183,4739.251641594246,0.10100000000000009,0.903,49.16508180096907,3651.339434569669,3055.617103904377
경남,2022,3-2. 산후조리 여건,15165.0,18,0,94.590336,2024,16032.29319324968,2.0726504687943237,3280493,4887.1597022916,0.041999999999999926,0.838,50.667967213646016,4739.251641594246,3651.339434569669
경남,2023,3-2. 산후조리 여건,19947.0,21,0,97.706583,2024,20415.205800411622,27.33802678338837,3251158,6279.364398903906,0.06500000000000006,0.799,53.60526797817702,4887.1597022916,4739.251641594246
경남,2024,3-2. 산후조리 여건,19537.0,19,0,100.0,2024,19537.0,-4.301723964957138,3228380,6051.64200001239,0.038999999999999924,0.82,55.36227782176046,6279.364398903906,4887.1597022916
경남,2016,3-3. 아동안전 수준,48.0,2,0,83.786765,2024,57.288284134135026,,3373871,16.979986530052578,,1.358,,,
경남,2017,3-3. 아동안전 수준,98.0,3,0,85.339636,2024,114.83526833885254,100.45157587540376,3380404,33.970871037560165,,1.227,36.57153219808241,16.979986530052578,
경남,2018,3-3. 아동안전 수준,46.0,1,0,86.797969,2024,52.99663175298492,-53.8498646630023,3373988,15.707415602244264,0.131,1.122,45.69395954197174,33.970871037560165,16.979986530052578
경남,2019,3-3. 아동안전 수준,797.0,7,0,87.068452,2024,915.3717353330228,1627.226250150259,3362553,272.2252215304927,0.10499999999999998,1.046,57.4265547685345,15.707415602244264,33.970871037560165
경남,2020,3-3. 아동안전 수준,1188.0,8,0,87.535014,2024,1357.171200086859,48.26448618638028,3340216,406.3124061697983,0.07600000000000007,0.945,62.54589844085686,272.2252215304927,15.707415602244264
경남,2021,3-3. 아동안전 수준,837.0,9,0,89.802171,2024,932.048736327321,-31.32415893678927,3314183,281.2303171935047,0.10100000000000009,0.903,73.366165664526,406.3124061697983,272.2252215304927
경남,2022,3-3. 아동안전 수준,3062.0,7,0,94.590336,2024,3237.117161736269,247.3120058605437,3280493,986.7776464501736,0.041999999999999926,0.838,76.97777393769881,281.2303171935047,406.3124061697983
경남,2023,3-3. 아동안전 수준,930.0,8,0,97.706583,2024,951.829417675982,-70.59638653407725,3251158,292.76627517825403,0.06500000000000006,0.799,80.09553277880957,986.7776464501736,281.2303171935047
경남,2024,3-3. 아동안전 수준,1103.0,11,0,100.0,2024,1103.0,15.8821086548387,3228380,341.6574257057719,0.038999999999999924,0.82,76.24847795327372,292.76627517825403,986.7776464501736
경남,2016,4-1. 일·가정 양립 여건,1959.0,12,0,83.786765,2024,2338.0780962243857,,3373871,692.9957002577709,,1.358,,,
경남,2017,4-1. 일·가정 양립 여건,2134.0,12,1,85.339636,2024,2500.596557501136,6.950942380376035,3380404,739.7330489199326,,1.227,8.789755136504379,692.9957002577709,
경남,2018,4-1. 일·가정 양립 여건,0.0,0,0,86.797969,2024,0.0,-100.0,3373988,0.0,0.131,1.122,19.589079650999167,739.7330489199326,692.9957002577709
경남,2019,4-1. 일·가정 양립 여건,3068.0,15,0,87.068452,2024,3523.6643463007704,inf,3362553,1047.91339981876,0.10499999999999998,1.046,16.792269854332247,0.0,739.7330489199326
경남,2020,4-1. 일·가정 양립 여건,2157.0,12,0,87.535014,2024,2464.156800157706,-30.06834482561772,3340216,737.7237879699117,0.07600000000000007,0.945,16.88671434391443,1047.91339981876,0.0
경남,2021,4-1. 일·가정 양립 여건,3020.0,13,0,89.802171,2024,3362.94765078675,36.47458029340995,3314183,1014.7139282250708,0.10100000000000009,0.903,32.93303852230283,737.7237879699117,1047.91339981876
경남,2022,4-1. 일·가정 양립 여건,3553.0,14,0,94.590336,2024,3756.1976733014258,11.693611181330056,3280493,1145.010116863967,0.041999999999999926,0.838,31.113255454279106,1014.7139282250708,737.7237879699117
경남,2023,4-1. 일·가정 양립 여건,2409.0,14,0,97.706583,2024,2465.545233528431,-34.36061017093929,3251158,758.3590934456064,0.06500000000000006,0.799,44.5366208107849,1145.010116863967,1014.7139282250708
경남,2024,4-1. 일·가정 양립 여건,1958.0,12,0,100.0,2024,1958.0,-20.585517013698627,3228380,606.496137381597,0.038999999999999924,0.82,51.657888975747454,758.3590934456064,1145.010116863967
경남,2016,4-2. 사회적 가치관,25397.0,13,0,83.786765,2024,30311.469836554737,,3373871,8984.181622994694,,1.358,,,
경남,2017,4-2. 사회적 가치관,273.5,15,1,85.339636,2024,320.4841417415936,-98.9426967960653,3380404,94.80646151808884,,1.227,48.83458094317528,8984.181622994694,
경남,2018,4-2. 사회적 가치관,3.0,1,0,86.797969,2024,3.456302070846842,-98.92153725545845,3373988,1.0243966697115825,0.131,1.122,49.65667955250468,94.80646151808884,8984.181622994694
경남,2019,4-2. 사회적 가치관,1118.0,31,0,87.068452,2024,1284.0471770418062,37050.8956891374,3362553,381.866747391582,0.10499999999999998,1.046,50.47877816183404,1.0243966697115825,94.80646151808884
경남,2020,4-2. 사회적 가치관,1084.0,36,0,87.535014,2024,1238.3616000792551,-3.55793601507709,3340216,370.7429699394456,0.07600000000000007,0.945,57.49043830791197,381.866747391582,1.0243966697115825
경남,2021,4-2. 사회적 가치관,467.5,29,0,89.802171,2024,520.5887505770879,-57.961491171579425,3314183,157.0790600811989,0.10100000000000009,0.903,64.5020984539899,370.7429699394456,381.866747391582
경남,2022,4-2. 사회적 가치관,489.0,26,0,94.590336,2024,516.9661306626504,-0.6958698032605959,3280493,157.5879389660793,0.041999999999999926,0.838,54.55779833089615,157.0790600811989,370.7429699394456
경남,2023,4-2. 사회적 가치관,600.0,28,0,97.706583,2024,614.0834952748271,18.78602075685134,3251158,188.8814678569381,0.06500000000000006,0.799,44.61349820780233,157.5879389660793,157.0790600811989
경남,2024,4-2. 사회적 가치관,499.0,24,0,100.0,2024,499.0,-18.740691804999997,3228380,154.56668669735285,0.038999999999999924,0.82,50.555589592771696,188.8814678569381,157.5879389660793
경북,2016,1-1. 고용여건,14503.0,9,0,83.786765,2024,17309.416349945004,,2700398,6409.9500703026015,,1.396,,,
경북,2017,1-1. 고용여건,10526.0,10,0,85.339636,2024,12334.245250354712,-28.742569934231778,2691706,4582.315174968853,,1.256,59.240492990672905,6409.9500703026015,
경북,2018,1-1. 고용여건,12958.0,20,0,86.797969,2024,14928.920744677796,21.036354001866982,2676831,5577.087513062198,0.1399999999999999,1.167,66.35533187676613,4582.315174968853,6409.9500703026015
경북,2019,1-1. 고용여건,11394.0,17,0,87.068452,2024,13086.255398223915,-12.342924032943191,2665836,4908.874888861849,0.08899999999999997,1.089,59.13290707805685,5577.087513062198,4582.315174968853
경북,2020,1-1. 고용여건,9672.0,24,0,87.535014,2024,11049.292800707157,-15.56566439772542,2639422,4186.2547181569125,0.07800000000000007,1.003,54.63965938969621,4908.874888861849,5577.087513062198
경북,2021,1-1. 고용여건,15109.0,10,0,89.802171,2024,16824.760283356623,52.2700193290184,2626609,6405.5062186098585,0.08600000000000008,0.966,42.018043356963815,4186.2547181569125,4908.874888861849
경북,2022,1-1. 고용여건,28332.0,55,0,94.590336,2024,29952.319864896137,78.02523994666093,2600492,11517.9434756562,0.03699999999999992,0.93,53.52767616797878,6405.5062186098585,4186.2547181569125
경북,2023,1-1. 고용여건,27399.0,26,0,97.706583,2024,28042.122811724978,-6.377459448174139,2554324,10978.295162134866,0.03599999999999992,0.86,58.85469485332767,11517.9434756562,6405.5062186098585
경북,2024,1-1. 고용여건,13795.0,48,0,100.0,2024,13795.0,-50.806149403810366,2531384,5449.588051437475,0.07000000000000006,0.897,65.767847095847,10978.295162134866,11517.9434756562
경북,2016,1-2. 주거안정성,0.0,0,0,83.786765,2024,0.0,,2700398,0.0,,1.396,,,
경북,2017,1-2. 주거안정성,0.0,0,0,85.339636,2024,0.0,,2691706,0.0,,1.256,89.99840691826384,0.0,
경북,2018,1-2. 주거안정성,0.0,2,0,86.797969,2024,0.0,,2676831,0.0,0.1399999999999999,1.167,91.18696414170492,0.0,0.0
경북,2019,1-2. 주거안정성,910.0,3,0,87.068452,2024,1045.1546789875167,inf,2665836,392.05512979324936,0.08899999999999997,1.089,89.9930336169655,0.0,0.0
경북,2020,1-2. 주거안정성,6220.0,5,0,87.535014,2024,7105.7280004547665,579.8733377281887,2639422,2692.153054894127,0.07800000000000007,1.003,89.6363499880756,392.05512979324936,0.0
경북,2021,1-2. 주거안정성,2440.0,3,0,89.802171,2024,2717.0835324237314,-61.76206671223782,2626609,1034.445375167652,0.08600000000000008,0.966,88.59256623537671,2692.153054894127,392.05512979324936
경북,2022,1-2. 주거안정성,7445.0,6,0,94.590336,2024,7870.782909577571,189.6776199794109,2600492,3026.6514604073277,0.03699999999999992,0.93,85.20718851714483,1034.445375167652,2692.153054894127
경북,2023,1-2. 주거안정성,154.0,2,0,97.706583,2024,157.61476378720562,-97.9974703203234,2554324,61.70507883385413,0.03599999999999992,0.86,81.50998041717651,3026.6514604073277,1034.445375167652
경북,2024,1-2. 주거안정성,4804.0,10,0,100.0,2024,4804.0,2947.937822935065,2531384,1897.7760782244025,0.07000000000000006,0.897,88.45988281360324,61.70507883385413,3026.6514604073277
경북,2016,1-3. 경제적 여건,32841.0,35,0,83.786765,2024,39195.92790102351,,2700398,14514.870734248623,,1.396,,,
경북,2017,1-3. 경제적 여건,33668.0,31,0,85.339636,2024,39451.77361665803,0.652735448132713,2691706,14656.791498275828,,1.256,7.369497968030257,14514.870734248623,
경북,2018,1-3. 경제적 여건,31994.0,43,0,86.797969,2024,36860.309484891295,-6.568688538435008,2676831,13770.129487028242,0.1399999999999999,1.167,9.32464413361232,14656.791498275828,14514.870734248623
경북,2019,1-3. 경제적 여건,162219.0,45,0,87.068452,2024,186312.02952821535,405.4543277901206,2665836,69888.78142849574,0.08899999999999997,1.089,13.784358375011788,13770.129487028242,14656.791498275828
경북,2020,1-3. 경제적 여건,192543.0,49,0,87.535014,2024,219961.12321407752,18.060612495644747,2639422,83336.8529981479,0.07800000000000007,1.003,18.444495549703134,69888.78142849574,13770.129487028242
경북,2021,1-3. 경제적 여건,177865.9,33,0,89.802171,2024,198064.14256955992,-9.954932182814114,2626609,75406.78592419348,0.08600000000000008,0.966,27.705849323761697,83336.8529981479,69888.78142849574
경북,2022,1-3. 경제적 여건,222337.0,50,1,94.590336,2024,235052.553360208,18.67496575138925,2600492,90387.72407690852,0.03699999999999992,0.93,35.511069133495525,75406.78592419348,83336.8529981479
경북,2023,1-3. 경제적 여건,207412.0,9,0,97.706583,2024,212280.47653657073,-9.688078898994146,2554324,83106.32344861918,0.03599999999999992,0.86,41.16182697432952,90387.72407690852,75406.78592419348
경북,2024,1-3. 경제적 여건,205504.0,50,0,100.0,2024,205504.0,-3.192227870942854,2531384,81182.46777257026,0.07000000000000006,0.897,47.12344487496318,83106.32344861918,90387.72407690852
경북,2016,2-1. 돌봄 여건,561265.0,76,1,83.786765,2024,669873.0998863603,,2700398,248064.58154922363,,1.396,,,
경북,2017,2-1. 돌봄 여건,717677.0,79,0,85.339636,2024,840965.6211798232,25.54103476053713,2691706,312428.4825979595,,1.256,42.65501507246496,248064.58154922363,
경북,2018,2-1. 돌봄 여건,1167002.0,113,0,86.797969,2024,1344503.8097608022,59.87619183225894,2676831,502274.4468219332,0.1399999999999999,1.167,45.59739169593266,312428.4825979595,248064.58154922363
경북,2019,2-1. 돌봄 여건,696627.0,144,0,87.068452,2024,800091.1742406997,-40.491713862600186,2665836,300127.6801126175,0.08899999999999997,1.089,47.2181616190911,502274.4468219332,312428.4825979595
경북,2020,2-1. 돌봄 여건,721429.0,124,0,87.535014,2024,824160.4896527462,3.0083215747116254,2639422,312250.36756257474,0.07800000000000007,1.003,49.1826172875443,300127.6801126175,502274.4468219332
경북,2021,2-1. 돌봄 여건,955124.9,118,0,89.802171,2024,1063587.761146665,29.051049461834783,2626609,404928.0883247812,0.08600000000000008,0.966,55.57075496113739,312250.36756257474,300127.6801126175
경북,2022,2-1. 돌봄 여건,1009512.7,163,1,94.590336,2024,1067247.1868584969,0.3440642930947479,2600492,410402.0265620878,0.03699999999999992,0.93,56.76401294929774,404928.0883247812,312250.36756257474
경북,2023,2-1. 돌봄 여건,889652.0,60,0,97.706583,2024,910534.349563734,-14.683836999004509,2554324,356467.8363291948,0.03599999999999992,0.86,58.7149995264576,410402.0265620878,404928.0883247812
경북,2024,2-1. 돌봄 여건,1394583.0,172,0,100.0,2024,1394583.0,53.1609434249448,2531384,550917.2057656997,0.07000000000000006,0.897,59.74114690179071,356467.8363291948,410402.0265620878
경북,2016,2-2. 여가 인프라,6041.0,12,0,83.786765,2024,7209.969259464785,,2700398,2669.9654123076616,,1.396,,,
경북,2017,2-2. 여가 인프라,469.0,15,0,85.339636,2024,549.56878419308,-92.37765426708802,2691706,204.1711777560699,,1.256,25.054352160560867,2669.9654123076616,
경북,2018,2-2. 여가 인프라,1569.0,40,0,86.797969,2024,1807.6459830528984,228.92078936161312,2676831,675.2932789006474,0.1399999999999999,1.167,25.66908156246473,204.1711777560699,2669.9654123076616
경북,2019,2-2. 여가 인프라,2580.0,51,0,87.068452,2024,2963.185793173399,63.9251170281103,2665836,1111.5409174358058,0.08899999999999997,1.089,27.52500678158145,675.2932789006474,204.1711777560699
경북,2020,2-2. 여가 인프라,3010.0,41,0,87.535014,2024,3438.624000220072,16.044832833026867,2639422,1302.7943239921742,0.07800000000000007,1.003,29.84333331288233,1111.5409174358058,675.2932789006474
경북,2021,2-2. 여가 인프라,769.3,19,0,89.802171,2024,856.66080389081,-75.0871044977298,2626609,326.14706029363714,0.08600000000000008,0.966,29.073489922283812,1302.7943239921742,1111.5409174358058
경북,2022,2-2. 여가 인프라,13150.0,39,0,94.590336,2024,13902.05443397516,1522.8190166789882,2600492,5345.932398167408,0.03699999999999992,0.93,26.742467329603173,326.14706029363714,1302.7943239921742
경북,2023,2-2. 여가 인프라,14125.0,16,0,97.706583,2024,14456.548951261557,3.988579673024928,2554324,5659.637912520712,0.03599999999999992,0.86,34.43986945846231,5345.932398167408,326.14706029363714
경북,2024,2-2. 여가 인프라,8020.0,35,0,100.0,2024,8020.0,-44.523412696637166,2531384,3168.227341248898,0.07000000000000006,0.897,40.71914011442741,5659.637912520712,5345.932398167408
경북,2016,2-3. 가사수행 격차,26.0,4,0,83.786765,2024,31.031153905989804,,2700398,11.491326058599435,,1.396,,,
경북,2017,2-3. 가사수행 격차,12.0,2,0,85.339636,2024,14.061461429247249,-54.68598598734986,2691706,5.223996019345073,,1.256,33.102950689157595,11.491326058599435,
경북,2018,2-3. 가사수행 격차,14.0,3,0,86.797969,2024,16.129409663951932,14.706495801378349,2676831,6.025561443345483,0.1399999999999999,1.167,33.102950689157595,5.223996019345073,11.491326058599435
경북,2019,2-3. 가사수행 격차,10.0,2,0,87.068452,2024,11.485216252610073,-28.793325410546775,2665836,4.308298129596146,0.08899999999999997,1.089,33.102950689157595,6.025561443345483,5.223996019345073
경북,2020,2-3. 가사수행 격차,40.0,2,0,87.535014,2024,45.69600000292454,297.86799828466354,2639422,17.312881381955798,0.07800000000000007,1.003,33.102950689157595,4.308298129596146,6.025561443345483
경북,2021,2-3. 가사수행 격차,48.0,2,0,89.802171,2024,53.45082358866357,16.97046477862989,2626609,20.349745085265287,0.08600000000000008,0.966,33.102950689157595,17.312881381955798,4.308298129596146
경북,2022,2-3. 가사수행 격차,35.0,2,0,94.590336,2024,37.00166579385024,-30.77437668949604,2600492,14.228717409571049,0.03699999999999992,0.93,39.93050372360718,20.349745085265287,17.312881381955798
경북,2023,2-3. 가사수행 격차,37.0,1,0,97.706583,2024,37.86848220861434,2.342641597795758,2554324,14.825246213328592,0.03599999999999992,0.86,46.75805675805675,14.228717409571049,20.349745085265287
경북,2024,2-3. 가사수행 격차,72.0,3,0,100.0,2024,72.0,90.13172908108106,2531384,28.44293872442901,0.07000000000000006,0.897,53.58560979250634,14.825246213328592,14.228717409571049
경북,2016,3-1. 의료서비스 여건,18138.0,82,0,83.786765,2024,21647.810367186274,,2700398,8016.525848110639,,1.396,,,
경북,2017,3-1. 의료서비스 여건,20876.0,79,0,85.339636,2024,24462.255733080467,13.00106254700164,2691706,9088.01174165398,,1.256,23.171366410012286,8016.525848110639,
경북,2018,3-1. 의료서비스 여건,17083.0,95,0,86.797969,2024,19681.3360920922,-19.54406696240607,2676831,7352.476152619348,0.1399999999999999,1.167,23.39722858204287,9088.01174165398,8016.525848110639
경북,2019,3-1. 의료서비스 여건,15596.0,91,0,87.068452,2024,17912.34326757067,-8.9881744625676,2665836,6719.2217629181505,0.08899999999999997,1.089,23.72369534347041,7352.476152619348,9088.01174165398
경북,2020,3-1. 의료서비스 여건,12185.0,82,0,87.535014,2024,13920.144000890888,-22.287420506882786,2639422,5273.936490978285,0.07800000000000007,1.003,21.743477550484265,6719.2217629181505,7352.476152619348
경북,2021,3-1. 의료서비스 여건,14686.2,76,0,89.802171,2024,16353.947612246478,17.48404047544212,2626609,6226.258880650481,0.08600000000000008,0.966,22.80914137869747,5273.936490978285,6719.2217629181505
경북,2022,3-1. 의료서비스 여건,14292.0,85,0,94.590336,2024,15109.36592930593,-7.610282926481659,2600492,5810.195120502554,0.03699999999999992,0.93,19.301334896287617,6226.258880650481,5273.936490978285
경북,2023,3-1. 의료서비스 여건,19944.0,20,0,97.706583,2024,20412.135382935252,35.09590990409557,2554324,7991.2083913142,0.03599999999999992,0.86,14.892547612462208,5810.195120502554,6226.258880650481
경북,2024,3-1. 의료서비스 여건,18317.0,82,0,100.0,2024,18317.0,-10.264165623194945,2531384,7235.962619657863,0.07000000000000006,0.897,11.467178439410892,7991.2083913142,5810.195120502554
경북,2016,3-2. 산후조리 여건,3164.0,4,0,83.786765,2024,3776.252729175067,,2700398,1398.4059865157162,,1.396,,,
경북,2017,3-2. 산후조리 여건,3245.0,4,0,85.339636,2024,3802.453528158944,0.6938306533736727,2691706,1412.6555902312302,,1.256,49.035401414541305,1398.4059865157162,
경북,2018,3-2. 산후조리 여건,4003.0,5,0,86.797969,2024,4611.85906319997,21.286401767884858,2676831,1722.8801755508543,0.1399999999999999,1.167,49.95194005030454,1412.6555902312302,1398.4059865157162
경북,2019,3-2. 산후조리 여건,8098.0,9,0,87.068452,2024,9300.728121363638,101.66982541982246,2665836,3488.85982534696,0.08899999999999997,1.089,50.782819390281354,1722.8801755508543,1412.6555902312302
경북,2020,3-2. 산후조리 여건,10699.0,14,0,87.535014,2024,12222.53760078224,31.4148466796621,2639422,4630.762947638627,0.07800000000000007,1.003,50.93386607396225,3488.85982534696,1722.8801755508543
경북,2021,3-2. 산후조리 여건,19649.0,12,0,89.802171,2024,21880.317347784385,79.01615902072616,2626609,8330.252941257868,0.08600000000000008,0.966,51.1922159999549,4630.762947638627,3488.85982534696
경북,2022,3-2. 산후조리 여건,32202.0,14,0,94.590336,2024,34043.64691124472,55.59027947413207,2600492,13091.233086371629,0.03699999999999992,0.93,52.40939530740928,8330.252941257868,4630.762947638627
경북,2023,3-2. 산후조리 여건,19547.0,4,0,97.706583,2024,20005.816803561745,-41.2348011488929,2554324,7832.137506268485,0.03599999999999992,0.86,54.78830036577224,13091.233086371629,8330.252941257868
경북,2024,3-2. 산후조리 여건,27354.0,8,0,100.0,2024,27354.0,36.73023335458125,2531384,10805.94647038932,0.07000000000000006,0.897,56.211293766709026,7832.137506268485,13091.233086371629
경북,2016,3-3. 아동안전 수준,663.0,3,0,83.786765,2024,791.29442460274,,2700398,293.02881449428565,,1.396,,,
경북,2017,3-3. 아동안전 수준,490.0,2,0,85.339636,2024,574.1763416942626,-27.4383435745145,2691706,213.3131707899238,,1.256,28.491117731389902,293.02881449428565,
경북,2018,3-3. 아동안전 수준,528.0,5,0,86.797969,2024,608.3091644690443,5.944658512759937,2676831,227.24974586331535,0.1399999999999999,1.167,32.406780115598615,213.3131707899238,293.02881449428565
경북,2019,3-3. 아동안전 수준,661.0,7,0,87.068452,2024,759.1727942975258,24.80048610810608,2665836,284.7785063663053,0.08899999999999997,1.089,40.24487562417128,227.24974586331535,213.3131707899238
경북,2020,3-3. 아동안전 수준,679.0,7,0,87.535014,2024,775.6896000496441,2.1756319346772246,2639422,293.8861614586997,0.07800000000000007,1.003,44.01383965386506,284.7785063663053,227.24974586331535
경북,2021,3-3. 아동안전 수준,2362.0,11,0,89.802171,2024,2630.2259440921534,239.0822751682914,2626609,1001.377039404096,0.08600000000000008,0.966,57.33494865228164,293.8861614586997,284.7785063663053
경북,2022,3-3. 아동안전 수준,3264.0,12,0,94.590336,2024,3450.6696328893477,31.19289772956664,2600492,1326.9295321382829,0.03699999999999992,0.93,59.6006854408693,1001.377039404096,293.8861614586997
경북,2023,3-3. 아동안전 수준,1336.0,6,0,97.706583,2024,1367.359249478615,-60.3740898159038,2554324,535.3115930001891,0.03599999999999992,0.86,62.39776815924101,1326.9295321382829,1001.377039404096
경북,2024,3-3. 아동안전 수준,1457.0,9,0,100.0,2024,1457.0,6.555757059131717,2531384,575.5744683540703,0.07000000000000006,0.897,60.853061172473296,535.3115930001891,1326.9295321382829
경북,2016,4-1. 일·가정 양립 여건,468.0,9,0,83.786765,2024,558.5607703078165,,2700398,206.84386905478988,,1.396,,,
경북,2017,4-1. 일·가정 양립 여건,927.0,13,0,85.339636,2024,1086.24789540935,94.47264347095684,2691706,403.55369249440696,,1.256,12.0349000844357,206.84386905478988,
경북,2018,4-1. 일·가정 양립 여건,941.0,19,0,86.797969,2024,1084.1267495556262,-0.1952727239047491,2676831,405.003808442007,0.1399999999999999,1.167,18.173374613003087,403.55369249440696,206.84386905478988
경북,2019,4-1. 일·가정 양립 여건,4745.0,19,0,87.068452,2024,5449.73511186348,402.68431381268624,2665836,2044.2874624933715,0.08899999999999997,1.089,16.59984982011859,405.003808442007,403.55369249440696
경북,2020,4-1. 일·가정 양립 여건,3546.0,19,0,87.535014,2024,4050.9504002592607,-25.66702202753336,2639422,1534.7869345103818,0.07800000000000007,1.003,18.438546912618975,2044.2874624933715,405.003808442007
경북,2021,4-1. 일·가정 양립 여건,2302.0,17,0,89.802171,2024,2563.4124146063236,-36.720715848748355,2626609,975.9398580475143,0.08600000000000008,0.966,36.173990559761705,1534.7869345103818,2044.2874624933715
경북,2022,4-1. 일·가정 양립 여건,2552.0,19,1,94.590336,2024,2697.9500315973087,5.248379707626816,2600492,1037.4767665492948,0.03699999999999992,0.93,33.42337582934511,975.9398580475143,1534.7869345103818
경북,2023,4-1. 일·가정 양립 여건,3208.0,5,0,97.706583,2024,3283.2997547360756,21.69609208040868,2554324,1285.3889149285976,0.03599999999999992,0.86,48.300995385854854,1037.4767665492948,975.9398580475143
경북,2024,4-1. 일·가정 양립 여건,3136.0,17,0,100.0,2024,3136.0,-4.486332827930173,2531384,1238.84799777513,0.07000000000000006,0.897,58.00841453277414,1285.3889149285976,1037.4767665492948
경북,2016,4-2. 사회적 가치관,1456.0,53,0,83.786765,2024,1737.7446187354292,,2700398,643.5142592815686,,1.396,,,
경북,2017,4-2. 사회적 가치관,1241.0,45,0,85.339636,2024,1454.1894694746532,-16.31742352723391,2691706,540.2482550006031,,1.256,60.070866111372666,643.5142592815686,
경북,2018,4-2. 사회적 가치관,1618.0,51,0,86.797969,2024,1864.0989168767303,28.1881732749834,2676831,696.3827439523565,0.1399999999999999,1.167,57.49659176312784,540.2482550006031,643.5142592815686
경북,2019,4-2. 사회적 가치관,1793.0,57,0,87.068452,2024,2059.2992740929863,10.471566473699331,2665836,772.4778546365892,0.08899999999999997,1.089,54.92231741488304,696.3827439523565,540.2482550006031
경북,2020,4-2. 사회적 가치관,3541.0,70,0,87.535014,2024,4045.238400258895,96.43761599637388,2639422,1532.6228243376372,0.07800000000000007,1.003,49.71995961107984,772.4778546365892,696.3827439523565
경북,2021,4-2. 사회적 가치관,502.0,20,0,89.802171,2024,559.0065300314399,-86.18112272454293,2626609,212.82441735006617,0.08600000000000008,0.966,44.517601807276584,1532.6228243376372,772.4778546365892
경북,2022,4-2. 사회적 가치관,2604.0,41,0,94.590336,2024,2752.9239350624575,392.4672230407803,2600492,1058.616575272086,0.03699999999999992,0.93,49.60700285980926,212.82441735006617,1532.6228243376372
경북,2023,4-2. 사회적 가치관,760.0,10,0,97.706583,2024,777.8390940147809,-71.74498415637723,2554324,304.518570868371,0.03599999999999992,0.86,54.69640391234197,1058.616575272086,212.82441735006617
경북,2024,4-2. 사회적 가치관,2028.0,35,0,100.0,2024,2028.0,160.72230305789478,2531384,801.1427740714171,0.07000000000000006,0.897,58.35332270862362,304.518570868371,1058.616575272086
광주,2016,1-1. 고용여건,21118.0,27,0,83.786765,2024,25204.45800718049,,1469214,17155.06250769492,,1.168,,,
광주,2017,1-1. 고용여건,19888.0,18,0,85.339636,2024,23304.52874207244,-7.538068323336988,1463770,15920.895183035887,,1.053,45.139930320521344,17155.06250769492,
광주,2018,1-1. 고용여건,5005.0,8,0,86.797969,2024,5766.263954862816,-75.25689526408321,1459336,3951.292885848643,0.11499999999999999,0.972,43.30903830219649,15920.895183035887,17155.06250769492
광주,2019,1-1. 고용여건,37322.0,33,0,87.068452,2024,42865.12409799131,643.3777647629574,1456468,29430.872561560784,0.08099999999999996,0.913,44.137161393860424,3951.292885848643,15920.895183035887
광주,2020,1-1. 고용여건,55584.0,15,0,87.535014,2024,63499.16160406395,48.137122988148676,1450062,43790.65281626851,0.05899999999999994,0.811,50.35357623956299,29430.872561560784,3951.292885848643
광주,2021,1-1. 고용여건,24452.0,15,0,89.802171,2024,27228.74038312503,-57.11952773029621,1441611,18887.716855049686,0.10199999999999998,0.896,32.551209901850314,43790.65281626851,29430.872561560784
광주,2022,1-1. 고용여건,12569.5,9,0,94.590336,2024,13288.355377022872,-51.19731875199667,1431050,9285.738008471311,-0.08499999999999996,0.844,41.966403114875035,18887.716855049686,43790.65281626851
광주,2023,1-1. 고용여건,21178.0,13,0,97.706583,2024,21675.100438217145,63.11349164920694,1419237,15272.361443661026,0.052000000000000046,0.706,41.49283031064778,9285.738008471311,18887.716855049686
광주,2024,1-1. 고용여건,11101.0,9,0,100.0,2024,11101.0,-48.78455104906034,1408422,7881.870632523491,0.138,0.699,55.55338563369463,15272.361443661026,9285.738008471311
광주,2016,1-2. 주거안정성,9470.0,2,0,83.786765,2024,11302.501057297057,,1469214,7692.889570407753,,1.168,,,
광주,2017,1-2. 주거안정성,11231.0,2,0,85.339636,2024,13160.35610932299,16.43755698502214,1463770,8990.726759889183,,1.053,80.05117098779796,7692.889570407753,
광주,2018,1-2. 주거안정성,1616.0,1,0,86.797969,2024,1861.7947154961655,-85.85300655977505,1459336,1275.7820786276538,0.11499999999999999,0.972,82.58646072840226,8990.726759889183,7692.889570407753
광주,2019,1-2. 주거안정성,36504.0,3,0,87.068452,2024,41925.633408527814,2151.893458476956,1456468,28785.82530376762,0.08099999999999996,0.913,82.36208118676946,1275.7820786276538,8990.726759889183
광주,2020,1-2. 주거안정성,6748.0,4,0,87.535014,2024,7708.91520049337,-81.6128831605789,1450062,5316.265925521371,0.05899999999999994,0.811,78.16075933317184,28785.82530376762,1275.7820786276538
광주,2021,1-2. 주거안정성,7056.0,5,0,89.802171,2024,7857.271067533545,1.924471383868376,1441611,5450.34067271514,0.10199999999999998,0.896,79.3983129602208,5316.265925521371,28785.82530376762
광주,2022,1-2. 주거안정성,2451.0,3,0,94.590336,2024,2591.1737960207693,-67.02196253954418,1431050,1810.680127193857,-0.08499999999999996,0.844,77.71111136759416,5450.34067271514,5316.265925521371
광주,2023,1-2. 주거안정성,2021.0,1,0,97.706583,2024,2068.4379065840426,-20.173710086119467,1419237,1457.429524867265,0.052000000000000046,0.706,75.64522650528646,1810.680127193857,5450.34067271514
광주,2024,1-2. 주거안정성,11226.0,3,0,100.0,2024,11226.0,442.72840215635824,1408422,7970.6224412853535,0.138,0.699,78.17041094393763,1457.429524867265,1810.680127193857
광주,2016,1-3. 경제적 여건,2996.0,15,0,83.786765,2024,3575.7437347055943,,1469214,2433.780058388767,,1.168,,,
광주,2017,1-3. 경제적 여건,2570.0,11,0,85.339636,2024,3011.496322763786,-15.77986158418775,1463770,2057.356225885068,,1.053,15.554021832171136,2433.780058388767,
광주,2018,1-3. 경제적 여건,31276.0,13,0,86.797969,2024,36033.101189268615,1096.518186553833,1459336,24691.435823736698,0.11499999999999999,0.972,18.19633234046824,2057.356225885068,2433.780058388767
광주,2019,1-3. 경제적 여건,91007.0,14,0,87.068452,2024,104523.50755012847,190.0763578497032,1456468,71765.05597797445,0.08099999999999996,0.913,23.999710364181652,24691.435823736698,2057.356225885068
광주,2020,1-3. 경제적 여건,2621.0,8,0,87.535014,2024,2994.230400191631,-97.13535216108625,1450062,2064.8981906922813,0.05899999999999994,0.811,29.36133988186401,71765.05597797445,24691.435823736698
광주,2021,1-3. 경제적 여건,129806.8,12,0,89.802171,2024,144547.5076543528,4727.534569320443,1441611,100268.03878047048,0.10199999999999998,0.896,38.87031776233325,2064.8981906922813,71765.05597797445
광주,2022,1-3. 경제적 여건,165594.0,14,2,94.590336,2024,175064.39558476672,21.112012531815495,1431050,122332.82945024052,-0.08499999999999996,0.844,47.87210291365569,100268.03878047048,2064.8981906922813
광주,2023,1-3. 경제적 여건,186678.0,13,0,97.706583,2024,191059.79788485696,9.136867748956544,1419237,134621.48878929802,0.052000000000000046,0.706,57.10882381708844,122332.82945024052,100268.03878047048
광주,2024,1-3. 경제적 여건,101236.0,14,0,100.0,2024,101236.0,-47.0134475589625,1408422,71879.02489452735,0.138,0.699,63.830032394510816,134621.48878929802,122332.82945024052
광주,2016,2-1. 돌봄 여건,315438.0,57,0,83.786765,2024,376477.1202229851,,1469214,256243.89654807613,,1.168,,,
광주,2017,2-1. 돌봄 여건,315056.7,62,0,85.339636,2024,369179.8029229935,-1.9383162768747964,1463770,252211.6199423362,,1.053,57.5116723164539,256243.89654807613,
광주,2018,2-1. 돌봄 여건,320027.54000000004,75,0,86.797969,2024,368703.94974334026,-0.1288946946408353,1459336,252651.85655896948,0.11499999999999999,0.972,62.355591768400465,252211.6199423362,256243.89654807613
광주,2019,2-1. 돌봄 여건,426217.0,81,0,87.068452,2024,489519.44155387074,32.76761528989092,1456468,336100.375397105,0.08099999999999996,0.913,63.16562278650138,252651.85655896948,252211.6199423362
광주,2020,2-1. 돌봄 여건,37576.0,37,0,87.535014,2024,42926.82240274732,-91.23082379190382,1450062,29603.43930311071,0.05899999999999994,0.811,64.14246531149992,336100.375397105,252651.85655896948
광주,2021,2-1. 돌봄 여건,74892.7,49,0,89.802171,2024,83397.42699538967,94.27812804996309,1441611,57850.159991419096,0.10199999999999998,0.896,67.56876358715141,29603.43930311071,336100.375397105
광주,2022,2-1. 돌봄 여건,82538.0,50,1,94.590336,2024,87258.38546550888,4.62958943605376,1431050,60975.07806541272,-0.08499999999999996,0.844,65.99964859116675,57850.159991419096,29603.43930311071
광주,2023,2-1. 돌봄 여건,81766.0,55,0,97.706583,2024,83685.25179106918,-4.0948885948068225,1419237,58964.95919361543,0.052000000000000046,0.706,65.96673400953738,60975.07806541272,57850.159991419096
광주,2024,2-1. 돌봄 여건,207724.0,46,0,100.0,2024,207724.0,148.22055924335297,1408422,147487.0457859931,0.138,0.699,67.62951359343437,58964.95919361543,60975.07806541272
광주,2016,2-2. 여가 인프라,1960.0,22,0,83.786765,2024,2339.271602143847,,1469214,1592.1925615627451,,1.168,,,
광주,2017,2-2. 여가 인프라,1458.0,17,1,85.339636,2024,1708.4675636535408,-26.96583149695828,1463770,1167.1694075254588,,1.053,17.45133048423646,1592.1925615627451,
광주,2018,2-2. 여가 인프라,2169.52,19,0,86.797969,2024,2499.5054895812136,46.30102102939819,1459336,1712.769019321947,0.11499999999999999,0.972,18.115548143544768,1167.1694075254588,1592.1925615627451
광주,2019,2-2. 여가 인프라,9032.0,18,0,87.068452,2024,10373.447319357418,315.01998545702196,1456468,7122.3310909387765,0.08099999999999996,0.913,19.796665856216837,1712.769019321947,1167.1694075254588
광주,2020,2-2. 여가 인프라,3927.0,14,0,87.535014,2024,4486.204800287117,-56.75299963286443,1450062,3093.8020583168973,0.05899999999999994,0.811,22.21855370443669,7122.3310909387765,1712.769019321947
광주,2021,2-2. 여가 인프라,3195.8,9,0,89.802171,2024,3558.7112921802304,-20.674346120969044,1441611,2468.5655784953296,0.10199999999999998,0.896,21.76896795112929,3093.8020583168973,7122.3310909387765
광주,2022,2-2. 여가 인프라,5026.0,14,0,94.590336,2024,5313.439207996894,49.307959307416496,1431050,3712.9654505411368,-0.08499999999999996,0.844,19.673147021728077,2468.5655784953296,3093.8020583168973
광주,2023,2-2. 여가 인프라,2428.0,9,0,97.706583,2024,2484.9912108788003,-53.231963073204824,1419237,1750.9346295782875,0.052000000000000046,0.706,27.89164566302058,3712.9654505411368,2468.5655784953296
광주,2024,2-2. 여가 인프라,4328.0,13,0,100.0,2024,4328.0,74.16560594069193,1408422,3072.9426265707293,0.138,0.699,36.95375427217617,1750.9346295782875,3712.9654505411368
광주,2016,2-3. 가사수행 격차,11.0,3,0,83.786765,2024,13.128565114072613,,1469214,8.93577458019908,,1.168,,,
광주,2017,2-3. 가사수행 격차,19.0,4,0,85.339636,2024,22.263980596308144,69.58426456249367,1463770,15.210026572691165,,1.053,41.35841170323929,8.93577458019908,
광주,2018,2-3. 가사수행 격차,22.8,3,0,86.797969,2024,26.267895738436003,17.983824252846304,1459336,17.999895663806008,0.11499999999999999,0.972,41.35841170323929,15.210026572691165,8.93577458019908
광주,2019,2-3. 가사수행 격차,11.0,1,0,87.068452,2024,12.63373787787108,-51.90426365449212,1456468,8.674229628025525,0.08099999999999996,0.913,41.35841170323929,17.999895663806008,15.210026572691165
광주,2020,2-3. 가사수행 격차,16.0,2,0,87.535014,2024,18.278400001169818,44.67927210351401,1450062,12.605254120975392,0.05899999999999994,0.811,41.35841170323929,8.674229628025525,17.999895663806008
광주,2021,2-3. 가사수행 격차,3.0,1,0,89.802171,2024,3.340676474291473,-81.72336487833908,1441611,2.31732171458977,0.10199999999999998,0.896,41.35841170323929,12.605254120975392,8.674229628025525
광주,2022,2-3. 가사수행 격차,5.0,1,0,94.590336,2024,5.285952256264319,58.22999613829476,1431050,3.693757909412193,-0.08499999999999996,0.844,53.63976381217761,2.31732171458977,12.605254120975392
광주,2023,2-3. 가사수행 격차,8.0,2,0,97.706583,2024,8.187779936997694,54.89697106693414,1419237,5.7691421073419695,0.052000000000000046,0.706,65.92111592111591,3.693757909412193,2.31732171458977
광주,2024,2-3. 가사수행 격차,8.0,2,0,100.0,2024,8.0,-2.2934169999999976,1408422,5.680115760759204,0.138,0.699,78.20246803005422,5.7691421073419695,3.693757909412193
광주,2016,3-1. 의료서비스 여건,4562.0,15,0,83.786765,2024,5444.77400458175,,1469214,3705.9094213516546,,1.168,,,
광주,2017,3-1. 의료서비스 여건,3957.0,15,1,85.339636,2024,4636.7669062942805,-14.840048413534436,1463770,3167.6881656915225,,1.053,50.41863927011695,3705.9094213516546,
광주,2018,3-1. 의료서비스 여건,56078.6,15,0,86.797969,2024,64608.19377006391,1293.3888650378371,1459336,44272.322323347,0.11499999999999999,0.972,53.00822586442532,3167.6881656915225,3705.9094213516546
광주,2019,3-1. 의료서비스 여건,2315.0,17,0,87.068452,2024,2658.827562479232,-95.88468983989584,1456468,1825.531053534463,0.08099999999999996,0.913,52.926918952921945,44272.322323347,3167.6881656915225
광주,2020,3-1. 의료서비스 여건,2549.0,15,0,87.535014,2024,2911.9776001863665,9.521115294558037,1450062,2008.174547147892,0.05899999999999994,0.811,52.83179260252096,1825.531053534463,44272.322323347
광주,2021,3-1. 의료서비스 여건,2290.0,17,0,89.802171,2024,2550.049708709158,-12.42893803352214,1441611,1768.8889088035246,0.10199999999999998,0.896,51.271556978930555,2008.174547147892,1825.531053534463
광주,2022,3-1. 의료서비스 여건,2386.0,18,1,94.590336,2024,2522.456416689333,-1.0820687897018622,1431050,1762.6612743714986,-0.08499999999999996,0.844,53.267036525193575,1768.8889088035246,2008.174547147892
광주,2023,3-1. 의료서비스 여건,3359.0,18,0,97.706583,2024,3437.844101046907,36.28953421359802,1419237,2422.3185423202094,0.052000000000000046,0.706,52.74465192790742,1762.6612743714986,1768.8889088035246
광주,2024,3-1. 의료서비스 여건,6942.0,19,0,100.0,2024,6942.0,101.9288773998214,1408422,4928.9204513988,0.138,0.699,50.61601808188683,2422.3185423202094,1762.6612743714986
광주,2016,3-2. 산후조리 여건,2263.0,2,0,83.786765,2024,2700.903895740574,,1469214,1838.332534090047,,1.168,,,
광주,2017,3-2. 산후조리 여건,1900.0,1,0,85.339636,2024,2226.3980596308147,-17.568408741165243,1463770,1521.0026572691163,,1.053,14.3674025975917,1838.332534090047,
광주,2018,3-2. 산후조리 여건,2038.0,2,0,86.797969,2024,2347.9812067952885,5.460979748816119,1459336,1608.9380422296774,0.11499999999999999,0.972,15.9045542147539,1521.0026572691163,1838.332534090047
광주,2019,3-2. 산후조리 여건,4477.0,4,0,87.068452,2024,5141.93131629353,118.99371687525756,1456468,3530.4114586063884,0.08099999999999996,0.913,17.29804432120034,1608.9380422296774,1521.0026572691163
광주,2020,3-2. 산후조리 여건,277.0,3,0,87.535014,2024,316.44480002025244,-93.84579877569512,1450062,218.22846196938644,0.05899999999999994,0.811,17.55136878023282,3530.4114586063884,1608.9380422296774
광주,2021,3-2. 산후조리 여건,311.0,3,0,89.802171,2024,346.3167945015494,9.43987528927166,1441611,240.2290177458062,0.10199999999999998,0.896,17.984654395304183,218.22846196938644,3530.4114586063884
광주,2022,3-2. 산후조리 여건,663.0,4,0,94.590336,2024,700.9172691806488,102.39193718268056,1431050,489.7922987880569,-0.08499999999999996,0.844,20.02601857551881,240.2290177458062,218.22846196938644
광주,2023,3-2. 산후조리 여건,466.0,3,0,97.706583,2024,476.9381813301157,-31.95513902979704,1419237,336.0525277526697,0.052000000000000046,0.706,24.015744283582222,489.7922987880569,240.2290177458062
광주,2024,3-2. 산후조리 여건,4127.0,4,0,100.0,2024,4127.0,765.3113048090129,1408422,2930.2297180816545,0.138,0.699,26.402284820020817,336.0525277526697,489.7922987880569
광주,2016,3-3. 아동안전 수준,454.0,5,0,83.786765,2024,541.8516874353604,,1469214,368.8037872191256,,1.168,,,
광주,2017,3-3. 아동안전 수준,1215.0,6,0,85.339636,2024,1423.722969711284,162.75141385088438,1463770,972.6411729378824,,1.053,14.268004034439883,368.8037872191256,
광주,2018,3-3. 아동안전 수준,1279.0,5,0,86.797969,2024,1473.536782871037,3.4988417142595374,1459336,1009.730989210872,0.11499999999999999,0.972,23.581363745677297,972.6411729378824,368.8037872191256
광주,2019,3-3. 아동안전 수준,2416.0,6,0,87.068452,2024,2774.8282466305936,88.310755380271,1456468,1905.1762528463337,0.08099999999999996,0.913,34.97665275709039,1009.730989210872,972.6411729378824
광주,2020,3-3. 아동안전 수준,670.0,4,0,87.535014,2024,765.4080000489861,-72.41602246991674,1450062,527.8450163158445,0.05899999999999994,0.811,50.68073407067701,1905.1762528463337,1009.730989210872
광주,2021,3-3. 아동안전 수준,71.0,3,0,89.802171,2024,79.06267655823153,-89.67051865760855,1441611,54.84328057862456,0.10199999999999998,0.896,72.98206087498771,527.8450163158445,1905.1762528463337
광주,2022,3-3. 아동안전 수준,144.0,7,0,94.590336,2024,152.2354249804124,92.5503051598404,1431050,106.38022779107116,-0.08499999999999996,0.844,65.14442950335754,54.84328057862456,527.8450163158445
광주,2023,3-3. 아동안전 수준,75.0,4,0,97.706583,2024,76.76043690935339,-49.57780889748238,1419237,54.08570725633096,0.052000000000000046,0.706,59.33611490540024,106.38022779107116,54.84328057862456
광주,2024,3-3. 아동안전 수준,35.0,3,0,100.0,2024,35.0,-54.40359459999999,1408422,24.85050645332152,0.138,0.699,55.30498885806403,54.08570725633096,106.38022779107116
광주,2016,4-1. 일·가정 양립 여건,7424.0,15,0,83.786765,2024,8860.587946079551,,1469214,6030.835498490725,,1.168,,,
광주,2017,4-1. 일·가정 양립 여건,4264.0,12,1,85.339636,2024,4996.505961192523,-43.60976955932961,1463770,3413.450173997638,,1.053,24.514494793132567,6030.835498490725,
광주,2018,4-1. 일·가정 양립 여건,5446.7,17,0,86.797969,2024,6275.146829760499,25.590700351387177,1459336,4300.001390879482,0.11499999999999999,0.972,28.90796509991557,3413.450173997638,6030.835498490725
광주,2019,4-1. 일·가정 양립 여건,907.0,15,0,87.068452,2024,1041.7091141117337,-83.39944638153602,1456468,715.2296611471955,0.08099999999999996,0.913,25.352284454451645,4300.001390879482,3413.450173997638
광주,2020,4-1. 일·가정 양립 여건,383.0,7,0,87.535014,2024,437.5392000280025,-57.997948361900185,1450062,301.7382705208484,0.05899999999999994,0.811,25.840701695316593,715.2296611471955,4300.001390879482
광주,2021,4-1. 일·가정 양립 여건,766.0,13,0,89.802171,2024,852.9860597690895,94.95077463104984,1441611,591.6894777919213,0.10199999999999998,0.896,41.822147125262184,301.7382705208484,715.2296611471955
광주,2022,4-1. 일·가정 양립 여건,508.0,11,2,94.590336,2024,537.0527492364548,-37.03850806403102,1431050,375.28580359627887,-0.08499999999999996,0.844,41.7550636977134,591.6894777919213,301.7382705208484
광주,2023,4-1. 일·가정 양립 여건,165.0,6,0,97.706583,2024,168.87296120057744,-68.555609958115,1419237,118.9885559639281,0.052000000000000046,0.706,56.98350036937628,375.28580359627887,591.6894777919213
광주,2024,4-1. 일·가정 양립 여건,528.0,7,0,100.0,2024,528.0,212.66106560000003,1408422,374.88764021010746,0.138,0.699,57.88811215147627,118.9885559639281,375.28580359627887
광주,2016,4-2. 사회적 가치관,73.0,6,0,83.786765,2024,87.12593212066369,,1469214,59.30104948677571,,1.168,,,
광주,2017,4-2. 사회적 가치관,135.0,9,0,85.339636,2024,158.19144107903156,81.56642600959128,1463770,108.07124143754248,,1.053,45.21020957484512,59.30104948677571,
광주,2018,4-2. 사회적 가치관,168.8,9,0,86.797969,2024,194.474596519649,22.93623169062009,1459336,133.26238544080937,0.11499999999999999,0.972,47.68582284818604,108.07124143754248,59.30104948677571
광주,2019,4-2. 사회적 가치관,123.0,8,0,87.068452,2024,141.2681599071039,-27.359067747015132,1456468,96.99365856792178,0.08099999999999996,0.913,50.16143612152694,133.26238544080937,108.07124143754248
광주,2020,4-2. 사회적 가치관,103.0,8,0,87.535014,2024,117.6672000075307,-16.706496294064344,1450062,81.14632340377908,0.05899999999999994,0.811,59.27243146350169,96.99365856792178,133.26238544080937
광주,2021,4-2. 사회적 가치관,317.4,6,0,89.802171,2024,353.44357098003786,200.3756110092001,1441611,245.1726374035977,0.10199999999999998,0.896,68.38342680547647,81.14632340377908,96.99365856792178
광주,2022,4-2. 사회적 가치관,135.0,5,0,94.590336,2024,142.72071091913662,-59.6199442747263,1431050,99.73146355412922,-0.08499999999999996,0.844,69.87579580723205,245.1726374035977,81.14632340377908
광주,2023,4-2. 사회적 가치관,36.0,4,0,97.706583,2024,36.84500971648963,-74.18383815551097,1419237,25.961139483038863,0.052000000000000046,0.706,71.36816480898761,99.73146355412922,245.1726374035977
광주,2024,4-2. 사회적 가치관,46.0,4,0,100.0,2024,46.0,24.847300499999992,1408422,32.66066562436542,0.138,0.699,72.77532076253135,25.961139483038863,99.73146355412922
대구,2016,1-1. 고용여건,16886.0,17,1,83.786765,2024,20153.54095602092,,2484557,8111.522881552292,,1.186,,,
대구,2017,1-1. 고용여건,26512.0,14,0,85.339636,2024,31066.45545101693,54.14886901914746,2475231,12550.931792231482,,1.067,40.87100996500598,8111.522881552292,
대구,2018,1-1. 고용여건,15046.0,12,0,86.797969,2024,17334.5069859872,-44.20185137207285,2461769,7041.4839840729155,0.119,0.987,43.8237068441426,12550.931792231482,8111.522881552292
대구,2019,1-1. 고용여건,23530.0,13,0,87.068452,2024,27024.713842391506,55.901254441430815,2438031,11084.647341396194,0.07999999999999996,0.932,34.854586514359895,7041.4839840729155,12550.931792231482
대구,2020,1-1. 고용여건,24179.0,14,0,87.535014,2024,27622.089601767813,2.210479499839346,2418346,11421.89314588062,0.05499999999999994,0.807,43.762554712648466,11084.647341396194,7041.4839840729155
대구,2021,1-1. 고용여건,19819.0,21,0,89.802171,2024,22069.622347994235,-20.1015467469131,2385412,9251.912184559413,0.125,0.785,28.074666220261825,11421.89314588062,11084.647341396194
대구,2022,1-1. 고용여건,94274.0,31,0,94.590336,2024,99665.57260141248,351.5961851538907,2363691,42165.229127416605,0.02200000000000002,0.757,47.01627168834379,9251.912184559413,11421.89314588062
대구,2023,1-1. 고용여건,164862.0,29,0,97.706583,2024,168731.72199666424,69.29790056137493,2374960,71046.13214397895,0.028000000000000025,0.702,44.52673850806789,42165.229127416605,9251.912184559413
대구,2024,1-1. 고용여건,103581.0,28,0,100.0,2024,103581.0,-38.61201748296757,2363629,43822.86729431734,0.05500000000000005,0.754,61.36710279775647,71046.13214397895,42165.229127416605
대구,2016,1-2. 주거안정성,0.0,0,0,83.786765,2024,0.0,,2484557,0.0,,1.186,,,
대구,2017,1-2. 주거안정성,0.0,0,0,85.339636,2024,0.0,,2475231,0.0,,1.067,75.31960441996247,0.0,
대구,2018,1-2. 주거안정성,330.0,2,0,86.797969,2024,380.1932277931527,inf,2461769,154.43903461013306,0.119,0.987,74.82782332094489,0.0,0.0
대구,2019,1-2. 주거안정성,312.0,2,0,87.068452,2024,358.3387470814343,-5.748256179778277,2438031,146.97874927818157,0.07999999999999996,0.932,74.0670840482319,154.43903461013306,0.0
대구,2020,1-2. 주거안정성,622.0,3,0,87.535014,2024,710.5728000454767,98.29639017072174,2418346,293.8259455203998,0.05499999999999994,0.807,71.72376784548727,146.97874927818157,154.43903461013306
대구,2021,1-2. 주거안정성,715.0,4,0,89.802171,2024,796.1945597061344,12.049681560450654,2385412,333.77653826933647,0.125,0.785,67.73489830982449,293.8259455203998,146.97874927818157
대구,2022,1-2. 주거안정성,19616.0,11,0,94.590336,2024,20737.847891776175,2504.620646922061,2363691,8773.502074415046,0.02200000000000002,0.757,62.4342812327859,333.77653826933647,293.8259455203998
대구,2023,1-2. 주거안정성,11416.0,10,0,97.706583,2024,11683.96197009571,-43.65875364179368,2374960,4919.645791969428,0.028000000000000025,0.702,67.49563499401324,8773.502074415046,333.77653826933647
대구,2024,1-2. 주거안정성,18934.0,11,0,100.0,2024,18934.0,62.05119503521372,2363629,8010.563417524493,0.05500000000000005,0.754,73.33252108265344,4919.645791969428,8773.502074415046
대구,2016,1-3. 경제적 여건,18796.0,3,0,83.786765,2024,22433.137262191707,,2484557,9029.029022957297,,1.186,,,
대구,2017,1-3. 경제적 여건,17413.0,3,0,85.339636,2024,20404.352322290197,-9.043696903334064,2475231,8243.413371232906,,1.067,5.392832840641009,9029.029022957297,
대구,2018,1-3. 경제적 여건,12280.0,3,0,86.797969,2024,14147.796476666408,-30.66284950779339,2461769,5747.004075795255,0.119,0.987,7.384791381725664,8243.413371232906,9029.029022957297
대구,2019,1-3. 경제적 여건,138426.0,5,0,87.068452,2024,158985.2544983802,1023.745699626019,2438031,65210.51393455629,0.07999999999999996,0.932,14.674031072364736,5747.004075795255,8243.413371232906
대구,2020,1-3. 경제적 여건,139547.0,6,0,87.535014,2024,159418.4928102028,0.2725021972569186,2418346,65920.46498317561,0.05499999999999994,0.807,21.6892230787067,65210.51393455629,5747.004075795255
대구,2021,1-3. 경제적 여건,161191.0,11,0,89.802171,2024,179495.6605225056,12.594001711084978,2385412,75247.23633590575,0.125,0.785,27.46074938040547,65920.46498317561,65210.51393455629
대구,2022,1-3. 경제적 여건,222782.8,15,0,94.590336,2024,235523.8488633765,31.214230014126688,2363691,99642.402015905,0.02200000000000002,0.757,32.39377157343411,75247.23633590575,65920.46498317561
대구,2023,1-3. 경제적 여건,284074.0,15,0,97.706583,2024,290741.9247278354,23.4447917401732,2374960,122419.71432269824,0.028000000000000025,0.702,40.42200614667585,99642.402015905,75247.23633590575
대구,2024,1-3. 경제적 여건,369340.0,16,0,100.0,2024,369340.0,27.03362280680386,2363629,156259.71757835092,0.05500000000000005,0.754,48.245727522681,122419.71432269824,99642.402015905
대구,2016,2-1. 돌봄 여건,74275.0,20,0,83.786765,2024,88647.65216797664,,2484557,35679.4600276736,,1.186,,,
대구,2017,2-1. 돌봄 여건,168436.9,32,0,85.339636,2024,197372.41438433132,122.648214089567,2475231,79738.98774875207,,1.067,29.275657682027507,35679.4600276736,
대구,2018,2-1. 돌봄 여건,588230.0,49,0,86.797969,2024,677700.189044746,243.3611485975449,2461769,275289.91917793505,0.119,0.987,30.147152786984684,79738.98774875207,35679.4600276736
대구,2019,2-1. 돌봄 여건,662514.0,59,0,87.068452,2024,760911.656038171,12.278507271883154,2438031,312100.894548991,0.07999999999999996,0.932,31.473156980264957,275289.91917793505,79738.98774875207
대구,2020,2-1. 돌봄 여건,641706.0,62,0,87.535014,2024,733084.9344469174,-3.657023962037675,2418346,303134.8427590251,0.05499999999999994,0.807,31.78916125883729,312100.894548991,275289.91917793505
대구,2021,2-1. 돌봄 여건,699980.0,72,0,89.802171,2024,779468.9061581818,6.3272302473736275,2385412,326764.8968640142,0.125,0.785,38.28803558637625,303134.8427590251,312100.894548991
대구,2022,2-1. 돌봄 여건,809018.1,67,0,94.590336,2024,855286.2102107345,9.726790055839206,2363691,361843.4940145453,0.02200000000000002,0.757,35.794464969952,326764.8968640142,303134.8427590251
대구,2023,2-1. 돌봄 여건,793366.0,66,0,97.706583,2024,811988.2771870141,-5.062391104499653,2374960,341895.5591618445,0.028000000000000025,0.702,37.50454121578501,361843.4940145453,326764.8968640142
대구,2024,2-1. 돌봄 여건,784679.0,59,0,100.0,2024,784679.0,-3.3632600314898786,2363629,331980.6111703656,0.05500000000000005,0.754,38.95874592718405,341895.5591618445,361843.4940145453
대구,2016,2-2. 여가 인프라,11595.0,12,0,83.786765,2024,13838.701136151993,,2484557,5569.8867589481715,,1.186,,,
대구,2017,2-2. 여가 인프라,7393.9,13,0,85.339636,2024,8664.086638475936,-37.39234229257239,2475231,3500.3143700430123,,1.067,0.632513260207452,5569.8867589481715,
대구,2018,2-2. 여가 인프라,7276.0,18,0,86.797969,2024,8382.684622493874,-3.247913227603194,2461769,3405.146714616146,0.119,0.987,0.8613938261666699,3500.3143700430123,5569.8867589481715
대구,2019,2-2. 여가 인프라,3156.0,14,0,87.068452,2024,3624.7342493237393,-56.759267316377105,2438031,1486.7465792369906,0.07999999999999996,0.932,5.032142153175838,3405.146714616146,3500.3143700430123
대구,2020,2-2. 여가 인프라,3694.0,11,0,87.535014,2024,4220.025600270082,16.423034352308854,2418346,1745.004891884818,0.05499999999999994,0.807,9.889532178062618,1486.7465792369906,3405.146714616146
대구,2021,2-2. 여가 인프라,9852.0,16,0,89.802171,2024,10970.781541573198,159.9695494944644,2385412,4599.113923118186,0.125,0.785,14.129804439162934,1745.004891884818,1486.7465792369906
대구,2022,2-2. 여가 인프라,6763.0,16,0,94.590336,2024,7149.779021823118,-34.82889988530529,2363691,3024.8365889717047,0.02200000000000002,0.757,18.0832043791275,4599.113923118186,1745.004891884818
대구,2023,2-2. 여가 인프라,4203.0,13,0,97.706583,2024,4301.654884400164,-39.83513516613151,2374960,1811.253614545156,0.028000000000000025,0.702,22.713518039780176,3024.8365889717047,4599.113923118186
대구,2024,2-2. 여가 인프라,7468.0,14,0,100.0,2024,7468.0,73.60760453104926,2363629,3159.548304746642,0.05500000000000005,0.754,28.65834647825216,1811.253614545156,3024.8365889717047
대구,2016,2-3. 가사수행 격차,1505.0,2,0,83.786765,2024,1796.2264087890253,,2484557,722.9564098505389,,1.186,,,
대구,2017,2-3. 가사수행 격차,1060.0,1,0,85.339636,2024,1242.095759583507,-30.849710620784187,2475231,501.8100369555436,,1.067,7.679255610290101,722.9564098505389,
대구,2018,2-3. 가사수행 격차,2.0,1,0,86.797969,2024,2.3042013805645616,-99.81449084236974,2461769,0.9359941491523216,0.119,0.987,7.679255610290101,501.8100369555436,722.9564098505389
대구,2019,2-3. 가사수행 격차,2.0,1,0,87.068452,2024,2.297043250522014,-0.3106555747654838,2438031,0.9421714697319332,0.07999999999999996,0.932,7.679255610290101,0.9359941491523216,501.8100369555436
대구,2020,2-3. 가사수행 격차,2.0,1,0,87.535014,2024,2.284800000146227,-0.5330004288341184,2418346,0.944777959872668,0.05499999999999994,0.807,7.679255610290101,0.9421714697319332,0.9359941491523216
대구,2021,2-3. 가사수행 격차,2.0,1,0,89.802171,2024,2.227117649527649,-2.5246126844750805,2385412,0.9336406664876544,0.125,0.785,7.679255610290101,0.944777959872668,0.9421714697319332
대구,2022,2-3. 가사수행 격차,2.0,1,0,94.590336,2024,2.1143809025057276,-5.0620023170231505,2363691,0.894525089153247,0.02200000000000002,0.757,15.952712676850611,0.9336406664876544,0.944777959872668
대구,2023,2-3. 가사수행 격차,0.0,0,0,97.706583,2024,0.0,-100.0,2374960,0.0,0.028000000000000025,0.702,24.226169743411123,0.894525089153247,0.9336406664876544
대구,2024,2-3. 가사수행 격차,40.0,1,0,100.0,2024,40.0,inf,2363629,16.923129645134665,0.05500000000000005,0.754,32.49962680997164,0.0,0.894525089153247
대구,2016,3-1. 의료서비스 여건,11987.0,13,1,83.786765,2024,14306.555456580762,,2484557,5758.191684304591,,1.186,,,
대구,2017,3-1. 의료서비스 여건,9429.4,13,0,85.339636,2024,11049.262033412,-22.767838373495163,2475231,4463.931662706228,,1.067,39.6024853076292,5758.191684304591,
대구,2018,3-1. 의료서비스 여건,2822.0,14,0,86.797969,2024,3251.2281479765966,-70.5751557149684,2461769,1320.6877444539257,0.119,0.987,42.68340294647537,4463.931662706228,5758.191684304591
대구,2019,3-1. 의료서비스 여건,4186.0,13,0,87.068452,2024,4807.711523342577,47.87370509001831,2438031,1971.964886148936,0.07999999999999996,0.932,41.876961496521,1320.6877444539257,4463.931662706228
대구,2020,3-1. 의료서비스 여건,6103.0,15,0,87.535014,2024,6972.067200446212,45.018418151654416,2418346,2882.989944551446,0.05499999999999994,0.807,43.49185261469125,1971.964886148936,1320.6877444539257
대구,2021,3-1. 의료서비스 여건,3964.0,18,0,89.802171,2024,4414.1471813638,-36.688114809316595,2385412,1850.4758009785312,0.125,0.785,45.463199566856545,2882.989944551446,1971.964886148936
대구,2022,3-1. 의료서비스 여건,4219.0,17,0,94.590336,2024,4460.286513835832,1.045260399717285,2363691,1887.0006755687743,0.02200000000000002,0.757,47.66976965516236,1850.4758009785312,2882.989944551446
대구,2023,3-1. 의료서비스 여건,4875.0,17,0,97.706583,2024,4989.42839910797,11.86340571689144,2374960,2100.847340211191,0.028000000000000025,0.702,48.36904525896621,1887.0006755687743,1850.4758009785312
대구,2024,3-1. 의료서비스 여건,9188.0,22,0,100.0,2024,9188.0,84.149350688,2363629,3887.242879487432,0.05500000000000005,0.754,45.16807553351409,2100.847340211191,1887.0006755687743
대구,2016,3-2. 산후조리 여건,2642.0,1,0,83.786765,2024,3153.242639216349,,2484557,1269.1367673256636,,1.186,,,
대구,2017,3-2. 산후조리 여건,2585.0,1,0,85.339636,2024,3029.073149550345,-3.937834917038374,2475231,1223.7537221981888,,1.067,49.549709674906325,1269.1367673256636,
대구,2018,3-2. 산후조리 여건,3681.0,2,0,86.797969,2024,4240.882640929076,40.00595005632728,2461769,1722.697231514848,0.119,0.987,50.6734921409668,1223.7537221981888,1269.1367673256636
대구,2019,3-2. 산후조리 여건,5756.0,2,0,87.068452,2024,6610.8904750023585,55.88477764510999,2438031,2711.5694898885035,0.07999999999999996,0.932,51.69224639446345,1722.697231514848,1223.7537221981888
대구,2020,3-2. 산후조리 여건,7760.0,2,0,87.535014,2024,8865.024000567362,34.097275307895636,2418346,3665.738484305952,0.05499999999999994,0.807,51.877447113837206,2711.5694898885035,1722.697231514848
대구,2021,3-2. 산후조리 여건,6907.0,2,0,89.802171,2024,7691.350802643735,-13.23936853243164,2385412,3224.3280417151145,0.125,0.785,52.19421402972045,3665.738484305952,2711.5694898885035
대구,2022,3-2. 산후조리 여건,6944.0,3,0,94.590336,2024,7341.130493499886,-4.553430445838824,2363691,3105.7911095400736,0.02200000000000002,0.757,53.68661676147195,3224.3280417151145,3665.738484305952
대구,2023,3-2. 산후조리 여건,8150.0,3,0,97.706583,2024,8341.300810816401,13.624200226410688,2374960,3512.1858097889653,0.028000000000000025,0.702,56.60342974533994,3105.7911095400736,3224.3280417151145
대구,2024,3-2. 산후조리 여건,9385.0,3,0,100.0,2024,9385.0,12.512427172392629,2363629,3970.58929298972,0.05500000000000005,0.754,58.34818438076327,3512.1858097889653,3105.7911095400736
대구,2016,3-3. 아동안전 수준,188.0,6,0,83.786765,2024,224.37911285869552,,2484557,90.3095050178746,,1.186,,,
대구,2017,3-3. 아동안전 수준,36531.8,7,0,85.339636,2024,42807.54138674789,18978.220268080957,2475231,17294.362177408046,,1.067,31.21134023927024,90.3095050178746,
대구,2018,3-3. 아동안전 수준,1115.0,17,0,86.797969,2024,1284.592269664743,-96.9991449449082,2461769,521.8167381524194,0.119,0.987,28.821809417907797,17294.362177408046,90.3095050178746
대구,2019,3-3. 아동안전 수준,2039.0,13,0,87.068452,2024,2341.835593907194,82.30185944668446,2438031,960.543813391706,0.07999999999999996,0.932,31.99576473487752,521.8167381524194,17294.362177408046
대구,2020,3-3. 아동안전 수준,945.0,12,0,87.535014,2024,1079.5680000690922,-53.90077754058276,2418346,446.4075860398356,0.05499999999999994,0.807,29.734984346735075,960.543813391706,521.8167381524194
대구,2021,3-3. 아동안전 수준,4139.0,12,0,89.802171,2024,4609.019975697469,326.93188158619853,2385412,1932.1693592962008,0.125,0.785,49.2124287968931,446.4075860398356,960.543813391706
대구,2022,3-3. 아동안전 수준,569.0,7,0,94.590336,2024,601.5413667628795,-86.9486057787838,2363691,254.49238786409876,0.02200000000000002,0.757,55.14785959431295,1932.1693592962008,446.4075860398356
대구,2023,3-3. 아동안전 수준,1158.0,7,0,97.706583,2024,1185.1811458804164,97.02404711721194,2374960,499.03204512093527,0.028000000000000025,0.702,62.45604898969756,254.49238786409876,1932.1693592962008
대구,2024,3-3. 아동안전 수준,1296.0,3,0,100.0,2024,1296.0,9.350372683937811,2363629,548.3094005023631,0.05500000000000005,0.754,58.14655319227636,499.03204512093527,254.49238786409876
대구,2016,4-1. 일·가정 양립 여건,191.0,1,0,83.786765,2024,227.95963061707897,,2484557,91.75061414050028,,1.186,,,
대구,2017,4-1. 일·가정 양립 여건,201.0,1,0,85.339636,2024,235.52947893989145,3.3206968717755636,2475231,95.15454474345684,,1.067,22.580917534477923,91.75061414050028,
대구,2018,4-1. 일·가정 양립 여건,453.0,3,0,86.797969,2024,521.9016126978732,121.58653559925116,2461769,212.00267478300088,0.119,0.987,26.194764987334647,95.15454474345684,91.75061414050028
대구,2019,4-1. 일·가정 양립 여건,502.0,3,0,87.068452,2024,576.5578558810257,10.47251854628637,2438031,236.4850389027152,0.07999999999999996,0.932,19.762053647026963,212.00267478300088,95.15454474345684
대구,2020,4-1. 일·가정 양립 여건,632.0,3,0,87.535014,2024,721.9968000462078,25.22538591429648,2418346,298.5498353197631,0.05499999999999994,0.807,23.545930761924705,236.4850389027152,212.00267478300088
대구,2021,4-1. 일·가정 양립 여건,490.0,3,0,89.802171,2024,545.6438241342739,-24.425728188912643,2385412,228.7419632894753,0.125,0.785,40.931496379835664,298.5498353197631,236.4850389027152
대구,2022,4-1. 일·가정 양립 여건,435.0,3,0,94.590336,2024,459.8778462949958,-15.7183081793981,2363691,194.55920689083123,0.02200000000000002,0.757,35.22610024767871,228.7419632894753,298.5498353197631
대구,2023,4-1. 일·가정 양립 여건,367.0,2,0,97.706583,2024,375.6144046097692,-18.32300519890111,2374960,158.15609720153992,0.028000000000000025,0.702,48.94576980203338,194.55920689083123,228.7419632894753
대구,2024,4-1. 일·가정 양립 여건,411.0,2,0,100.0,2024,411.0,9.42072374114442,2363629,173.88515710375867,0.05500000000000005,0.754,59.064811538668664,158.15609720153992,194.55920689083123
대구,2016,4-2. 사회적 가치관,421.0,8,0,83.786765,2024,502.46599209314263,,2484557,202.23564687513417,,1.186,,,
대구,2017,4-2. 사회적 가치관,370.0,5,0,85.339636,2024,433.5617274017902,-13.713219556275869,2475231,175.16010723919916,,1.067,41.84296720109421,202.23564687513417,
대구,2018,4-2. 사회적 가치관,400.0,6,0,86.797969,2024,460.8402761129123,6.291733561122781,2461769,187.19882983046432,0.119,0.987,41.42472875592035,175.16010723919916,202.23564687513417
대구,2019,4-2. 사회적 가치관,498.0,9,0,87.068452,2024,571.9637693799816,24.11323380941697,2438031,234.60069596325135,0.07999999999999996,0.932,41.00649031074651,187.19882983046432,175.16010723919916
대구,2020,4-2. 사회적 가치관,535.0,9,0,87.535014,2024,611.1840000391157,6.857118013200303,2418346,252.7281042659387,0.05499999999999994,0.807,44.101948107884574,234.60069596325135,187.19882983046432
대구,2021,4-2. 사회적 가치관,434.0,7,0,89.802171,2024,483.2845299474998,-20.926508233761098,2385412,202.600024627821,0.125,0.785,47.1974059050227,252.7281042659387,234.60069596325135
대구,2022,4-2. 사회적 가치관,406.5,6,0,94.590336,2024,429.74791843428915,-11.077658852234816,2363691,181.81222437039747,0.02200000000000002,0.757,43.26395930182932,202.600024627821,252.7281042659387
대구,2023,4-2. 사회적 가치관,180.0,5,0,97.706583,2024,184.22504858244812,-57.13183457557174,2374960,77.56974794625935,0.028000000000000025,0.702,39.33051269863595,181.81222437039747,202.600024627821
대구,2024,4-2. 사회적 가치관,146.0,3,0,100.0,2024,146.0,-20.749104900000003,2363629,61.76942320474152,0.05500000000000005,0.754,41.871011725824445,77.56974794625935,181.81222437039747
대전,2016,1-1. 고용여건,15400.0,10,0,83.786765,2024,18379.991159701654,,1514370,12137.054458092574,,1.192,,,
대전,2017,1-1. 고용여건,8926.3,12,0,85.339636,2024,10459.73526299081,-43.091728542699734,1502227,6962.819376160067,,1.075,50.47160005615186,12137.054458092574,
대전,2018,1-1. 고용여건,25090.7,17,0,86.797969,2024,28907.012789665623,176.36466949546949,1489936,19401.513078189684,0.11699999999999999,0.952,63.4871989489427,6962.819376160067,12137.054458092574
대전,2019,1-1. 고용여건,128.0,3,0,87.068452,2024,147.01076803340894,-99.49143562808412,1474870,99.67710241133724,0.123,0.883,52.007516544713525,19401.513078189684,6962.819376160067
대전,2020,1-1. 고용여건,23828.0,18,0,87.535014,2024,27221.10720174215,18416.403638919848,1463882,18595.15124971968,0.06899999999999995,0.805,62.0470591022824,99.67710241133724,19401.513078189684
대전,2021,1-1. 고용여건,24349.0,20,0,89.802171,2024,27114.04382417436,-0.3933101500035119,1452251,18670.35644952172,0.07799999999999996,0.81,43.694723102326115,18595.15124971968,99.67710241133724
대전,2022,1-1. 고용여건,13696.0,18,0,94.590336,2024,14479.280420359222,-46.598594756825705,1446072,10012.83505963688,-0.0050000000000000044,0.842,44.59335849451741,18670.35644952172,18595.15124971968
대전,2023,1-1. 고용여건,7896.0,12,0,97.706583,2024,8081.338797816725,-44.18687556839077,1442216,5603.417794433514,-0.03199999999999992,0.787,50.48485037391577,10012.83505963688,18670.35644952172
대전,2024,1-1. 고용여건,7750.0,12,0,100.0,2024,7750.0,-4.1000483472644405,1439157,5385.0969699622765,0.05499999999999994,0.792,84.26858265713666,5603.417794433514,10012.83505963688
대전,2016,1-2. 주거안정성,46295.0,1,0,83.786765,2024,55253.35654145377,,1514370,36486.03481411661,,1.192,,,
대전,2017,1-2. 주거안정성,1746.0,3,0,85.339636,2024,2045.9426379554748,-96.2971613563051,1502227,1361.9397321147037,,1.075,70.98380199029039,36486.03481411661,
대전,2018,1-2. 주거안정성,1893.0,4,0,86.797969,2024,2180.9266067043577,6.597641900839091,1489936,1463.772005444769,0.11699999999999999,0.952,74.46581326449808,1361.9397321147037,36486.03481411661
대전,2019,1-2. 주거안정성,2914.0,2,0,87.068452,2024,3346.7920160105755,53.45734265986973,1474870,2269.211534583099,0.123,0.883,72.08575718213372,1463.772005444769,1361.9397321147037
대전,2020,1-2. 주거안정성,3040.0,2,0,87.535014,2024,3472.8960002222652,3.7679062101387384,1463882,2372.3879385239147,0.06899999999999995,0.805,72.57402023826289,2269.211534583099,1463.772005444769
대전,2021,1-2. 주거안정성,3473.0,2,0,89.802171,2024,3867.389798404762,11.359217153558564,1452251,2663.0312517634775,0.07799999999999996,0.81,69.34322570488463,2372.3879385239147,2269.211534583099
대전,2022,1-2. 주거안정성,3517.0,2,0,94.590336,2024,3718.138817056322,-3.8592174341982255,1446072,2571.198956245831,-0.0050000000000000044,0.842,64.44560313202976,2663.0312517634775,2372.3879385239147
대전,2023,1-2. 주거안정성,3979.0,2,0,97.706583,2024,4072.397046164229,9.52783762356606,1442216,2823.708131212127,-0.03199999999999992,0.787,64.31863363312482,2571.198956245831,2663.0312517634775
대전,2024,1-2. 주거안정성,11165.0,4,0,100.0,2024,11165.0,174.1628547863785,1439157,7758.0138928553315,0.05499999999999994,0.792,67.03894808283975,2823.708131212127,2571.198956245831
대전,2016,1-3. 경제적 여건,66725.0,11,0,83.786765,2024,79636.682476045,,1514370,52587.33498157319,,1.192,,,
대전,2017,1-3. 경제적 여건,61002.4,13,0,85.339636,2024,71481.90789095937,-10.2399727506713,1502227,47583.95894292898,,1.075,16.328609378408892,52587.33498157319,
대전,2018,1-3. 경제적 여건,8065.0,14,0,86.797969,2024,9291.692067126594,-87.00133734356892,1489936,6236.30281242053,0.11699999999999999,0.952,19.199974667611,47583.95894292898,52587.33498157319
대전,2019,1-3. 경제적 여건,14992.0,14,0,87.068452,2024,17218.636205913022,85.31217007106213,1474870,11674.680619927873,0.123,0.883,25.71758974873419,6236.30281242053,47583.95894292898
대전,2020,1-3. 경제적 여건,110524.0,18,0,87.535014,2024,126262.6176080808,633.2904656219009,1463882,86251.90938072932,0.06899999999999995,0.805,32.582877265159674,11674.680619927873,6236.30281242053
대전,2021,1-3. 경제적 여건,133851.0,19,0,89.802171,2024,149050.96225346267,18.04837019624992,1452251,102634.43595732604,0.07799999999999996,0.81,42.248180867835785,86251.90938072932,11674.680619927873
대전,2022,1-3. 경제적 여건,237825.0,23,0,94.590336,2024,251426.31906921233,68.68480100226347,1446072,173868.46510354418,-0.0050000000000000044,0.842,51.586263354933315,102634.43595732604,86251.90938072932
대전,2023,1-3. 경제적 여건,138619.0,16,0,97.706583,2024,141872.73338583542,-43.57283918761867,1442216,98371.34894206932,-0.03199999999999992,0.787,61.884407569567074,173868.46510354418,102634.43595732604
대전,2024,1-3. 경제적 여건,310670.0,10,0,100.0,2024,310670.0,118.97794776048016,1439157,215869.42911718457,0.05499999999999994,0.792,71.67535905505406,98371.34894206932,173868.46510354418
대전,2016,2-1. 돌봄 여건,303707.0,61,0,83.786765,2024,362476.1022817864,,1514370,239357.68820155336,,1.192,,,
대전,2017,2-1. 돌봄 여건,466962.1,69,0,85.339636,2024,547180.7965058581,50.95637838228673,1502227,364246.4131624968,,1.075,33.19797697614131,239357.68820155336,
대전,2018,2-1. 돌봄 여건,495773.4,79,0,86.797969,2024,571180.8763635934,4.3861334335914215,1489936,383359.3364839788,0.11699999999999999,0.952,35.99520810330737,364246.4131624968,239357.68820155336
대전,2019,2-1. 돌봄 여건,184087.0,54,0,87.068452,2024,211427.90042942305,-62.98407226525637,1474870,143353.58399684247,0.123,0.883,37.86641099136974,383359.3364839788,364246.4131624968
대전,2020,2-1. 돌봄 여건,520577.0,93,0,87.535014,2024,594707.1648380612,181.28130848869728,1463882,406253.48548452754,0.06899999999999995,0.805,37.86548542041528,143353.58399684247,383359.3364839788
대전,2021,2-1. 돌봄 여건,543642.0,93,0,89.802171,2024,605377.346612255,1.7941908900827253,1452251,416854.4876968616,0.07799999999999996,0.81,42.32425872608473,406253.48548452754,143353.58399684247
대전,2022,2-1. 돌봄 여건,519777.4,98,0,94.590336,2024,549503.7040570403,-9.229556221072444,1446072,379997.47181125166,-0.0050000000000000044,0.842,41.617015504181715,416854.4876968616,406253.48548452754
대전,2023,2-1. 돌봄 여건,298865.0,65,0,97.706583,2024,305880.106358852,-44.33520573191612,1442216,212090.35703310184,-0.03199999999999992,0.787,40.869648149125126,379997.47181125166,416854.4876968616
대전,2024,2-1. 돌봄 여건,538267.0,48,0,100.0,2024,538267.0,75.97319629819819,1439157,374015.48267492704,0.05499999999999994,0.792,39.85565568179582,212090.35703310184,379997.47181125166
대전,2016,2-2. 여가 인프라,12012.0,23,0,83.786765,2024,14336.39310456729,,1514370,9466.90247731221,,1.192,,,
대전,2017,2-2. 여가 인프라,7884.8,22,0,85.339636,2024,9239.317589777393,-35.55340229311982,1502227,6150.413745577328,,1.075,16.246661431605556,9466.90247731221,
대전,2018,2-2. 여가 인프라,9320.2,24,0,86.797969,2024,10737.808853568917,16.218635729650522,1489936,7206.892681007046,0.11699999999999999,0.952,16.398989521325227,6150.413745577328,9466.90247731221
대전,2019,2-2. 여가 인프라,3833.0,14,0,87.068452,2024,4402.2833896254415,-59.00203244759512,1474870,2984.861980801997,0.123,0.883,17.22580180446707,7206.892681007046,6150.413745577328
대전,2020,2-2. 여가 인프라,7521.0,21,0,87.535014,2024,8591.990400549887,95.17122456945954,1463882,5869.318975538935,0.06899999999999995,0.805,18.47944768318588,2984.861980801997,7206.892681007046
대전,2021,2-2. 여가 인프라,6817.0,26,0,89.802171,2024,7591.130508414991,-11.648754775969492,1452251,5227.147723372193,0.07799999999999996,0.81,22.065741693484096,5869.318975538935,2984.861980801997
대전,2022,2-2. 여가 인프라,7740.4,30,0,94.590336,2024,8183.076968877666,7.797869629648524,1446072,5658.830935719429,-0.0050000000000000044,0.842,25.634251845478715,5227.147723372193,5869.318975538935
대전,2023,2-2. 여가 인프라,9217.0,29,0,97.706583,2024,9433.34595991347,15.278714788958926,1442216,6540.8690237200735,-0.03199999999999992,0.787,33.821877201645115,5658.830935719429,5227.147723372193
대전,2024,2-2. 여가 인프라,9050.0,13,0,100.0,2024,9050.0,-4.06373265162201,1439157,6288.403558472078,0.05499999999999994,0.792,42.51211176686868,6540.8690237200735,5658.830935719429
대전,2016,2-3. 가사수행 격차,0.0,0,0,83.786765,2024,0.0,,1514370,0.0,,1.192,,,
대전,2017,2-3. 가사수행 격차,0.0,0,0,85.339636,2024,0.0,,1502227,0.0,,1.075,17.371747026919444,0.0,
대전,2018,2-3. 가사수행 격차,0.0,0,0,86.797969,2024,0.0,,1489936,0.0,0.11699999999999999,0.952,17.371747026919444,0.0,0.0
대전,2019,2-3. 가사수행 격차,0.0,0,0,87.068452,2024,0.0,,1474870,0.0,0.123,0.883,17.371747026919444,0.0,0.0
대전,2020,2-3. 가사수행 격차,9.0,2,0,87.535014,2024,10.281600000658022,inf,1463882,7.02351692326159,0.06899999999999995,0.805,17.371747026919444,0.0,0.0
대전,2021,2-3. 가사수행 격차,8.0,1,0,89.802171,2024,8.908470598110595,-13.355211275088962,1452251,6.1342499320782675,0.07799999999999996,0.81,17.371747026919444,7.02351692326159,0.0
대전,2022,2-3. 가사수행 격차,8.0,1,0,94.590336,2024,8.45752361002291,-5.0620023170231505,1446072,5.848618609600981,-0.0050000000000000044,0.842,43.05062115406942,6.1342499320782675,7.02351692326159
대전,2023,2-3. 가사수행 격차,0.0,0,0,97.706583,2024,0.0,-100.0,1442216,0.0,-0.03199999999999992,0.787,68.72949528121941,5.848618609600981,6.1342499320782675
대전,2024,2-3. 가사수행 격차,0.0,0,0,100.0,2024,0.0,,1439157,0.0,0.05499999999999994,0.792,94.4083694083694,0.0,5.848618609600981
대전,2016,3-1. 의료서비스 여건,29283.0,13,0,83.786765,2024,34949.43383958075,,1514370,23078.530240021097,,1.192,,,
대전,2017,3-1. 의료서비스 여건,26331.3,11,0,85.339636,2024,30854.713277661507,-11.716128452077845,1502227,20539.314815711277,,1.075,69.55170209512754,23078.530240021097,
대전,2018,3-1. 의료서비스 여건,22791.6,11,0,86.797969,2024,26258.218092637628,-14.897222163952806,1489936,17623.722154936604,0.11699999999999999,0.952,72.17487740045905,20539.314815711277,23078.530240021097
대전,2019,3-1. 의료서비스 여건,23316.0,14,0,87.068452,2024,26778.930214585645,1.98304439437198,1474870,18156.807186115144,0.123,0.883,76.4521638203912,17623.722154936604,20539.314815711277
대전,2020,3-1. 의료서비스 여건,5394.0,14,0,87.535014,2024,6162.105600394375,-76.98897771114818,1463882,4209.427809341446,0.06899999999999995,0.805,75.75274470246913,18156.807186115144,17623.722154936604
대전,2021,3-1. 의료서비스 여건,5718.0,15,0,89.802171,2024,6367.329359999548,3.3304161420414147,1452251,4384.4551389529415,0.07799999999999996,0.81,71.81256466741875,4209.427809341446,18156.807186115144
대전,2022,3-1. 의료서비스 여건,6128.799999999999,23,0,94.590336,2024,6479.308837638551,1.758656907909839,1446072,4480.626716815312,-0.0050000000000000044,0.842,74.00180524559265,4384.4551389529415,4209.427809341446
대전,2023,3-1. 의료서비스 여건,632.0,1,0,97.706583,2024,646.8346150228178,-90.01691953213697,1442216,448.5005124217301,-0.03199999999999992,0.787,72.67566589857492,4480.626716815312,4384.4551389529415
대전,2024,3-1. 의료서비스 여건,5194.0,13,0,100.0,2024,5194.0,702.9873292753164,1439157,3609.0572467076217,0.05499999999999994,0.792,64.29671553642048,448.5005124217301,4480.626716815312
대전,2016,3-2. 산후조리 여건,1881.0,2,0,83.786765,2024,2244.984634506416,,1514370,1482.454508809879,,1.192,,,
대전,2017,3-2. 산후조리 여건,2402.0,1,0,85.339636,2024,2814.6358627543245,25.37439319147734,1502227,1873.642174421259,,1.075,36.29145812938113,1482.454508809879,
대전,2018,3-2. 산후조리 여건,2137.0,1,0,86.797969,2024,2462.039175133234,-12.52725769208558,1489936,1652.4462628819183,0.11699999999999999,0.952,37.5147169238195,1873.642174421259,1482.454508809879
대전,2019,3-2. 산후조리 여건,5609.0,2,0,87.068452,2024,6442.0577960889905,161.65537336506338,1474870,4367.881776759301,0.123,0.883,38.62365049201263,1652.4462628819183,1873.642174421259
대전,2020,3-2. 산후조리 여건,6167.0,2,0,87.535014,2024,7045.180800450891,9.362272482684952,1463882,4812.669873972692,0.06899999999999995,0.805,38.825245031482915,4367.881776759301,1652.4462628819183
대전,2021,3-2. 산후조리 여건,7429.0,2,0,89.802171,2024,8272.628509170452,17.422515383011962,1452251,5696.417843176181,0.07799999999999996,0.81,39.17005190233549,4812.669873972692,4367.881776759301
대전,2022,3-2. 산후조리 여건,6696.0,3,0,94.590336,2024,7078.947261589176,-14.42928624509181,1446072,4895.293776236022,-0.0050000000000000044,0.842,40.794560934638426,5696.417843176181,4812.669873972692
대전,2023,3-2. 산후조리 여건,1100.0,1,0,97.706583,2024,1125.819741337183,-84.09622646228834,1442216,780.6179804808593,-0.03199999999999992,0.787,43.969567879493695,4895.293776236022,5696.417843176181
대전,2024,3-2. 산후조리 여건,5076.0,2,0,100.0,2024,5076.0,350.8714684618182,1439157,3527.0648025198084,0.05499999999999994,0.792,45.86876680488777,780.6179804808593,4895.293776236022
대전,2016,3-3. 아동안전 수준,1993.0,15,0,83.786765,2024,2378.6572974860646,,1514370,1570.7239957778247,,1.192,,,
대전,2017,3-3. 아동안전 수준,2836.9,13,0,85.339636,2024,3324.2466607192937,39.7530726360874,1502227,2212.8790527126016,,1.075,25.29983198650653,1570.7239957778247,
대전,2018,3-3. 아동안전 수준,2843.2,13,0,86.797969,2024,3275.6526826105805,-1.461804224184693,1489936,2198.519052234848,0.11699999999999999,0.952,36.11323419538222,2212.8790527126016,1570.7239957778247
대전,2019,3-3. 아동안전 수준,239.0,6,0,87.068452,2024,274.4966684373808,-91.62009238969084,1474870,186.11583965866876,0.123,0.883,51.237761468625685,2198.519052234848,2212.8790527126016
대전,2020,3-3. 아동안전 수준,3609.0,13,0,87.535014,2024,4122.921600263867,1401.993311516057,1463882,2816.4302862278973,0.06899999999999995,0.805,56.26026059820642,186.11583965866876,2198.519052234848
대전,2021,3-3. 아동안전 수준,5017.0,11,0,89.802171,2024,5586.724623840107,35.50402276585993,1452251,3846.9414886545833,0.07799999999999996,0.81,76.71817449806296,2816.4302862278973,186.11583965866876
대전,2022,3-3. 아동안전 수준,4557.4,10,0,94.590336,2024,4818.039762539801,-13.759132820331144,1446072,3331.8118064244386,-0.0050000000000000044,0.842,76.12148905518136,3846.9414886545833,2816.4302862278973
대전,2023,3-3. 아동안전 수준,1459.0,7,0,97.706583,2024,1493.2463660099545,-69.00718052142436,1442216,1035.3833032014306,-0.03199999999999992,0.787,78.30994593895394,3331.8118064244386,3846.9414886545833
대전,2024,3-3. 아동안전 수준,2676.0,3,0,100.0,2024,2676.0,79.20686505003427,1439157,1859.4218698863292,0.05499999999999994,0.792,68.07538669435954,1035.3833032014306,3331.8118064244386
대전,2016,4-1. 일·가정 양립 여건,8485.0,10,0,83.786765,2024,10126.897726627829,,1514370,6687.201758241266,,1.192,,,
대전,2017,4-1. 일·가정 양립 여건,1723.0,8,3,85.339636,2024,2018.9915035494175,-80.06307994756727,1502227,1343.998945265541,,1.075,25.930199831128615,6687.201758241266,
대전,2018,4-1. 일·가정 양립 여건,2485.0,12,2,86.797969,2024,2862.9702153514677,41.80199422921409,1489936,1921.5390562758855,0.11699999999999999,0.952,34.39909935265973,1343.998945265541,6687.201758241266
대전,2019,4-1. 일·가정 양립 여건,2812.0,11,0,87.068452,2024,3229.642810233953,12.807419124249297,1474870,2189.781343599065,0.123,0.883,43.771271282057626,1921.5390562758855,1343.998945265541
대전,2020,4-1. 일·가정 양립 여건,4886.0,10,0,87.535014,2024,5581.766400357233,72.8292176048067,1463882,3812.989298561792,0.06899999999999995,0.805,42.12756824524415,2189.781343599065,1921.5390562758855
대전,2021,4-1. 일·가정 양립 여건,4628.0,8,0,89.802171,2024,5153.550241006979,-7.671696173506071,1452251,3548.663585707277,0.07799999999999996,0.81,58.88866395513767,3812.989298561792,2189.781343599065
대전,2022,4-1. 일·가정 양립 여건,317.0,7,0,94.590336,2024,335.12937304715786,-93.49711640762668,1446072,231.75151240543892,-0.0050000000000000044,0.842,56.37789711223377,3548.663585707277,3812.989298561792
대전,2023,4-1. 일·가정 양립 여건,394.0,5,0,97.706583,2024,403.24816189713647,20.326117114298192,1442216,279.60316755405324,-0.03199999999999992,0.787,70.90102661355255,231.75151240543892,3548.663585707277
대전,2024,4-1. 일·가정 양립 여건,463.0,4,0,100.0,2024,463.0,14.817634337563446,1439157,321.7161157538754,0.05499999999999994,0.792,78.58410161893411,279.60316755405324,231.75151240543892
대전,2016,4-2. 사회적 가치관,15855.0,12,0,83.786765,2024,18923.036353056475,,1514370,12495.649248899856,,1.192,,,
대전,2017,4-2. 사회적 가치관,103.0,11,0,85.339636,2024,120.69421060103888,-99.36218369848692,1502227,80.34352371581585,,1.075,47.661077300812465,12495.649248899856,
대전,2018,4-2. 사회적 가치관,110.5,12,0,86.797969,2024,127.30712627619202,5.479066180740411,1489936,85.44469445411885,0.11699999999999999,0.952,45.21278403942595,80.34352371581585,12495.649248899856
대전,2019,4-2. 사회적 가치관,484.0,19,0,87.068452,2024,555.8844666263276,336.64835024265625,1474870,376.90404349286894,0.123,0.883,42.76449077803942,85.44469445411885,80.34352371581585
대전,2020,4-2. 사회적 가치관,663.0,23,0,87.535014,2024,757.4112000484744,36.25334858612186,1463882,517.3990800136038,0.06899999999999995,0.805,48.21386094562168,376.90404349286894,85.44469445411885
대전,2021,4-2. 사회적 가치관,522.0,18,0,89.802171,2024,581.2777065267163,-23.25467243031071,1452251,400.2598080681069,0.07799999999999996,0.81,53.663231113204,517.3990800136038,376.90404349286894
대전,2022,4-2. 사회적 가치관,219.1,16,0,94.590336,2024,231.63042786950243,-60.15150327137888,1446072,160.17904217044688,-0.0050000000000000044,0.842,57.98912634102812,400.2598080681069,517.3990800136038
대전,2023,4-2. 사회적 가치관,1698.0,12,0,97.706583,2024,1737.8562916277606,650.2711572103325,1442216,1204.9903007786356,-0.03199999999999992,0.787,62.315021568852266,160.17904217044688,400.2598080681069
대전,2024,4-2. 사회적 가치관,1041.0,8,0,100.0,2024,1041.0,-40.09861430918728,1439157,723.3401220297716,0.05499999999999994,0.792,66.85201152617208,1204.9903007786356,160.17904217044688
부산,2016,1-1. 고용여건,5250.3,16,0,83.786765,2024,6266.264128946857,,3498529,1791.1139593088574,,1.095,,,
부산,2017,1-1. 고용여건,5240.0,11,0,85.339636,2024,6140.171490771299,-2.0122458227235573,3470653,1769.1689404764174,,0.976,41.82288304187412,1791.1139593088574,
부산,2018,1-1. 고용여건,4228.0,11,0,86.797969,2024,4871.081718513483,-20.668637254924604,3441453,1415.4142795248065,0.119,0.899,50.71485361236361,1769.1689404764174,1791.1139593088574
부산,2019,1-1. 고용여건,1961.0,11,0,87.068452,2024,2252.2509071368354,-53.76281825499411,3413841,659.741009360669,0.07699999999999996,0.827,53.0279180803099,1415.4142795248065,1769.1689404764174
부산,2020,1-1. 고용여건,6962.0,8,0,87.535014,2024,7953.388800509017,253.13067364327225,3391946,2344.786385310679,0.07200000000000006,0.747,57.14759518905328,659.741009360669,1415.4142795248065
부산,2021,1-1. 고용여건,80698.29999999999,57,0,89.802171,2024,89862.30410843852,1029.8618282396471,3350380,26821.525948829243,0.07999999999999996,0.728,28.03034654147526,2344.786385310679,659.741009360669
부산,2022,1-1. 고용여건,91009.8,60,0,94.590336,2024,96214.69153043289,7.069023529965168,3317812,28999.44045365828,0.019000000000000017,0.723,49.54690374883625,26821.525948829243,2344.786385310679
부산,2023,1-1. 고용여건,69163.0,64,0,97.706583,2024,70786.42797282145,-26.42867025101716,3293362,21493.667556989316,0.0050000000000000044,0.664,17.91692799418812,28999.44045365828,26821.525948829243
부산,2024,1-1. 고용여건,38143.0,59,0,100.0,2024,38143.0,-46.11537678572358,3266598,11676.67401988246,0.05899999999999994,0.683,55.19772297898096,21493.667556989316,28999.44045365828
부산,2016,1-2. 주거안정성,13016.0,4,0,83.786765,2024,15534.67304770628,,3498529,4440.344226875433,,1.095,,,
부산,2017,1-2. 주거안정성,152810.0,4,0,85.339636,2024,179060.99341693934,1052.653762760575,3470653,51592.88278515292,,0.976,79.64133253057524,4440.344226875433,
부산,2018,1-2. 주거안정성,592.0,4,0,86.797969,2024,682.0436086471102,-99.61909984099162,3441453,198.1847808606162,0.119,0.899,73.77280913319944,51592.88278515292,4440.344226875433
부산,2019,1-2. 주거안정성,27707.0,4,0,87.068452,2024,31822.08867110673,4565.697070929009,3413841,9321.491150615018,0.07699999999999996,0.827,74.36303464801738,198.1847808606162,51592.88278515292
부산,2020,1-2. 주거안정성,25852.0,7,0,87.535014,2024,29533.324801890132,-7.192374745956598,3391946,8706.897103282345,0.07200000000000006,0.747,75.46201657004897,9321.491150615018,198.1847808606162
부산,2021,1-2. 주거안정성,20960.0,9,0,89.802171,2024,23340.19296704976,-20.96997841043624,3350380,6966.43155912158,0.07999999999999996,0.728,72.50203260843242,8706.897103282345,9321.491150615018
부산,2022,1-2. 주거안정성,35130.0,10,0,94.590336,2024,37139.100552513104,59.12079478067635,3317812,11193.853223905728,0.019000000000000017,0.723,68.8016074066189,6966.43155912158,8706.897103282345
부산,2023,1-2. 주거안정성,57347.0,9,0,97.706583,2024,58693.07700587585,58.03580628692486,3293362,17821.629388410944,0.0050000000000000044,0.664,65.94497877435974,11193.853223905728,6966.43155912158
부산,2024,1-2. 주거안정성,30030.0,10,0,100.0,2024,30030.0,-48.835533027185384,3266598,9193.050384528491,0.05899999999999994,0.683,69.87797504181495,17821.629388410944,11193.853223905728
부산,2016,1-3. 경제적 여건,106571.8,48,0,83.786765,2024,127194.0741476294,,3498529,36356.444136272534,,1.095,,,
부산,2017,1-3. 경제적 여건,16879.0,43,1,85.339636,2024,19778.617288688692,-84.45004814789375,3470653,5698.81727982852,,0.976,4.127076320234944,36356.444136272534,
부산,2018,1-3. 경제적 여건,83242.0,49,0,86.797969,2024,95903.16566047762,384.8830646787642,3441453,27867.056635809822,0.119,0.899,6.270374627274697,5698.81727982852,36356.444136272534
부산,2019,1-3. 경제적 여건,188642.0,46,0,87.068452,2024,216659.41643248693,125.91477032105294,3413841,63464.99922887063,0.07699999999999996,0.827,12.910799736740175,27867.056635809822,5698.81727982852
부산,2020,1-3. 경제적 여건,185351.0,45,0,87.535014,2024,211744.98241355168,-2.2682762188952155,3391946,62425.81173566787,0.07200000000000006,0.747,20.42245106643373,63464.99922887063,27867.056635809822
부산,2021,1-3. 경제적 여건,190380.5,48,0,89.802171,2024,211999.8858379493,0.1203822737578352,3350380,63276.37039319398,0.07999999999999996,0.728,26.00525111625939,62425.81173566787,63464.99922887063
부산,2022,1-3. 경제적 여건,267496.3,54,0,94.590336,2024,282794.53410547145,33.39371999550838,3317812,85235.24964810285,0.019000000000000017,0.723,31.604412221863942,63276.37039319398,62425.81173566787
부산,2023,1-3. 경제적 여건,358864.0,42,0,97.706583,2024,367287.4324138426,29.877839957422413,3293362,111523.55326072342,0.0050000000000000044,0.664,44.49278222322601,85235.24964810285,63276.37039319398
부산,2024,1-3. 경제적 여건,523397.0,58,0,100.0,2024,523397.0,42.50337850118986,3266598,160226.93946423772,0.05899999999999994,0.683,56.28087122345508,111523.55326072342,85235.24964810285
부산,2016,2-1. 돌봄 여건,645784.92,137,0,83.786765,2024,770748.1247187429,,3498529,220306.3415277515,,1.095,,,
부산,2017,2-1. 돌봄 여건,2216392.0,136,0,85.339636,2024,2597142.5516743474,236.96384958731903,3470653,748315.2454809936,,0.976,22.734512611968015,220306.3415277515,
부산,2018,2-1. 돌봄 여건,998179.0,150,0,86.797969,2024,1150002.7149252768,-55.720462314096565,3441453,334161.9702274815,0.119,0.899,24.76947307770482,748315.2454809936,220306.3415277515
부산,2019,2-1. 돌봄 여건,897080.0,148,0,87.068452,2024,1030315.7795891444,-10.40753502428986,3413841,301805.4383871845,0.07699999999999996,0.827,27.29930645417582,334161.9702274815,748315.2454809936
부산,2020,2-1. 돌봄 여건,1569188.0,143,0,87.535014,2024,1792640.3713147289,73.98941245271173,3391946,528499.0891113033,0.07200000000000006,0.747,28.597744571047397,301805.4383871845,334161.9702274815
부산,2021,2-1. 돌봄 여건,987713.5,184,0,89.802171,2024,1099877.0842633636,-38.64485583035766,3350380,328284.27947378013,0.07999999999999996,0.728,35.4358127304756,528499.0891113033,301805.4383871845
부산,2022,2-1. 돌봄 여건,1473428.7999999998,212,0,94.590336,2024,1557694.8579609655,41.624448790495784,3317812,469494.6121000725,0.019000000000000017,0.723,35.371803145349084,328284.27947378013,528499.0891113033
부산,2023,2-1. 돌봄 여건,1305799.0,188,0,97.706583,2024,1336449.3567439565,-14.20339163901594,3293362,405800.9282744978,0.0050000000000000044,0.664,36.843435367313845,469494.6121000725,328284.27947378013
부산,2024,2-1. 돌봄 여건,1048558.0,170,0,100.0,2024,1048558.0,-21.54150887133931,3266598,320993.89027973445,0.05899999999999994,0.683,37.50493862190869,405800.9282744978,469494.6121000725
부산,2016,2-2. 여가 인프라,5057.5,41,0,83.786765,2024,6036.156187674747,,3498529,1725.34118987573,,1.095,,,
부산,2017,2-2. 여가 인프라,5415.0,36,0,85.339636,2024,6345.234469947822,5.120448720398962,3470653,1828.2537810457632,,0.976,7.3445794094280865,1725.34118987573,
부산,2018,2-2. 여가 인프라,9024.0,42,1,86.797969,2024,10396.5566291073,63.84826562906814,3441453,3020.978821767231,0.119,0.899,8.00415688847064,1828.2537810457632,1725.34118987573
부산,2019,2-2. 여가 인프라,3390.0,41,0,87.068452,2024,3893.488309634815,-62.55021303174368,3413841,1140.5007759983007,0.07699999999999996,0.827,7.096130111010664,3020.978821767231,1828.2537810457632
부산,2020,2-2. 여가 인프라,1222.0,33,0,87.535014,2024,1396.0128000893449,-64.14493407788652,3391946,411.5669294526932,0.07200000000000006,0.747,8.224827525854876,1140.5007759983007,3020.978821767231
부산,2021,2-2. 여가 인프라,38432.3,48,0,89.802171,2024,42796.626820970734,2965.63283791035,3350380,12773.663530993716,0.07999999999999996,0.728,10.424475588093909,411.5669294526932,1140.5007759983007
부산,2022,2-2. 여가 인프라,71754.70000000001,66,0,94.590336,2024,75858.38367251388,77.2531839713652,3317812,22863.978933258993,0.019000000000000017,0.723,12.955844048607384,12773.663530993716,411.5669294526932
부산,2023,2-2. 여가 인프라,60990.0,71,0,97.706583,2024,62421.58729468617,-17.713001157308238,3293362,18953.758285510725,0.0050000000000000044,0.664,23.616681487060088,22863.978933258993,12773.663530993716
부산,2024,2-2. 여가 인프라,28925.0,66,0,100.0,2024,28925.0,-53.66186402238071,3266598,8854.777967781773,0.05899999999999994,0.683,33.24137297105711,18953.758285510725,22863.978933258993
부산,2016,2-3. 가사수행 격차,6.5,3,0,83.786765,2024,7.757788476497451,,3498529,2.217442952880325,,1.095,,,
부산,2017,2-3. 가사수행 격차,4.0,2,0,85.339636,2024,4.687153809749083,-39.581314649799815,3470653,1.3505106415850514,,0.976,22.33965268448028,2.217442952880325,
부산,2018,2-3. 가사수행 격차,4.0,2,0,86.797969,2024,4.608402761129123,-1.6801464559614288,3441453,1.3390863571663256,0.119,0.899,22.33965268448028,1.3505106415850514,2.217442952880325
부산,2019,2-3. 가사수행 격차,2.0,2,0,87.068452,2024,2.297043250522014,-50.155327787382745,3413841,0.67286181474826,0.07699999999999996,0.827,22.33965268448028,1.3390863571663256,1.3505106415850514
부산,2020,2-3. 가사수행 격차,3.0,2,0,87.535014,2024,3.427200000219341,49.20049935674883,3391946,1.0103934438282156,0.07200000000000006,0.747,22.33965268448028,0.67286181474826,1.3390863571663256
부산,2021,2-3. 가사수행 격차,69.8,3,0,89.802171,2024,77.72640596851494,2167.927344874546,3350380,23.19928066921213,0.07999999999999996,0.728,22.33965268448028,1.0103934438282156,0.67286181474826
부산,2022,2-3. 가사수행 격차,129.1,5,0,94.590336,2024,136.48328725674472,75.59449141650876,3317812,41.13653433550325,0.019000000000000017,0.723,21.908079149458462,23.19928066921213,1.0103934438282156
부산,2023,2-3. 가사수행 격차,21.0,2,0,97.706583,2024,21.49292233461895,-84.2523412451316,3293362,6.5261341858620305,0.0050000000000000044,0.664,21.476505614436668,41.13653433550325,23.19928066921213
부산,2024,2-3. 가사수행 격차,21.0,2,0,100.0,2024,21.0,-2.2934170000000087,3266598,6.428706562607337,0.05899999999999994,0.683,21.044932079414853,6.5261341858620305,41.13653433550325
부산,2016,3-1. 의료서비스 여건,21010.8,35,0,83.786765,2024,25076.514172614257,,3498529,7167.730829904298,,1.095,,,
부산,2017,3-1. 의료서비스 여건,17175.0,33,1,85.339636,2024,20125.466670610127,-19.743762900710916,3470653,5798.755067305814,,0.976,59.70059638162357,7167.730829904298,
부산,2018,3-1. 의료서비스 여건,8701.0,37,0,86.797969,2024,10024.428106146126,-50.19033212886872,3441453,2912.8475984260504,0.119,0.899,59.99859561537828,5798.755067305814,7167.730829904298
부산,2019,3-1. 의료서비스 여건,9355.0,36,0,87.068452,2024,10744.419804316723,7.182371807616228,3413841,3147.311138484986,0.07699999999999996,0.827,60.37196651206336,2912.8475984260504,5798.755067305814
부산,2020,3-1. 의료서비스 여건,9990.0,32,0,87.535014,2024,11412.576000730403,6.2186344966271845,3391946,3364.6101679479584,0.07200000000000006,0.747,56.17812764180724,3147.311138484986,2912.8475984260504
부산,2021,3-1. 의료서비스 여건,16095.100000000002,36,0,89.802171,2024,17922.840640456234,57.04465529350404,3350380,5349.49487534436,0.07999999999999996,0.728,53.73503966338807,3364.6101679479584,3147.311138484986
부산,2022,3-1. 의료서비스 여건,16204.0,34,0,94.590336,2024,17130.714072101404,-4.419648560434142,3317812,5163.2564087722285,0.019000000000000017,0.723,57.575785140463545,5349.49487534436,3364.6101679479584
부산,2023,3-1. 의료서비스 여건,27005.0,39,0,97.706583,2024,27638.87464982784,61.34105404771031,3293362,8392.297794724007,0.0050000000000000044,0.664,59.15050023797479,5163.2564087722285,5349.49487534436
부산,2024,3-1. 의료서비스 여건,33044.0,39,0,100.0,2024,33044.0,19.55624249775967,3266598,10115.722840704611,0.05899999999999994,0.683,58.97027639415184,8392.297794724007,5163.2564087722285
부산,2016,3-2. 산후조리 여건,5247.0,3,0,83.786765,2024,6262.325559412635,,3498529,1789.9881805789332,,1.095,,,
부산,2017,3-2. 산후조리 여건,4430.0,3,0,85.339636,2024,5191.022844297109,-17.107106696254338,3470653,1495.6905355554445,,0.976,41.616896144528695,1789.9881805789332,
부산,2018,3-2. 산후조리 여건,4431.0,3,0,86.797969,2024,5104.958158640786,-1.6579523580959488,3441453,1483.3729121509973,0.119,0.899,42.771837089315426,1495.6905355554445,1789.9881805789332
부산,2019,3-2. 산후조리 여건,6391.0,4,0,87.068452,2024,7340.2017070430975,43.785736904011245,3413841,2150.129929028065,0.07699999999999996,0.827,43.8188377638887,1483.3729121509973,1495.6905355554445
부산,2020,3-2. 산후조리 여건,10240.0,5,0,87.535014,2024,11698.176000748685,59.371315225901846,3391946,3448.809621600309,0.07200000000000006,0.747,44.00917343851311,2150.129929028065,1483.3729121509973
부산,2021,3-2. 산후조리 여건,10319.0,5,0,89.802171,2024,11490.813512737905,-1.7726053018650711,3350380,3429.70454477937,0.07999999999999996,0.728,44.334723170918075,3448.809621600309,2150.129929028065
부산,2022,3-2. 산후조리 여건,11033.0,6,0,94.590336,2024,11663.982248672846,1.5070189394595923,3317812,3515.564549369538,0.019000000000000017,0.723,45.86850490632257,3429.70454477937,3448.809621600309
부산,2023,3-2. 산후조리 여건,10853.0,7,0,97.706583,2024,11107.746957029498,-4.768828345110332,3293362,3372.7683009124103,0.0050000000000000044,0.664,48.86619070859725,3515.564549369538,3429.70454477937
부산,2024,3-2. 산후조리 여건,11403.0,7,0,100.0,2024,11403.0,2.6580821845572533,3266598,3490.787663495784,0.05899999999999994,0.683,50.659321165705165,3372.7683009124103,3515.564549369538
부산,2016,3-3. 아동안전 수준,1096.4,11,0,83.786765,2024,1308.5598900972009,,3498529,374.03145439045977,,1.095,,,
부산,2017,3-3. 아동안전 수준,16964.0,16,0,85.339636,2024,19878.21930714586,1419.091289407418,3470653,5727.515630962202,,0.976,49.79965049226258,374.03145439045977,
부산,2018,3-3. 아동안전 수준,22463.0,23,0,86.797969,2024,25879.637805810875,30.190926088171356,3441453,7519.974210256794,0.119,0.899,58.31289805154502,5727.515630962202,374.03145439045977
부산,2019,3-3. 아동안전 수준,10285.0,18,0,87.068452,2024,11812.54491580946,-54.35583370816289,3413841,3460.191882342927,0.07699999999999996,0.827,69.85074099300735,7519.974210256794,5727.515630962202
부산,2020,3-3. 아동안전 수준,7904.0,20,0,87.535014,2024,9029.52960057789,-23.559828428731635,3391946,2662.0499266727384,0.07200000000000006,0.747,73.16651412487433,3460.191882342927,7519.974210256794
부산,2021,3-3. 아동안전 수준,5984.7,20,0,89.802171,2024,6664.315498564059,-26.194211732385885,3350380,1989.122278238307,0.07999999999999996,0.728,81.77348553019358,2662.0499266727384,3460.191882342927
부산,2022,3-3. 아동안전 수준,7260.9,22,0,94.590336,2024,7676.1541475019185,15.18293437872016,3317812,2313.619381538773,0.019000000000000017,0.723,80.07519617750934,1989.122278238307,2662.0499266727384
부산,2023,3-3. 아동안전 수준,7222.0,25,0,97.706583,2024,7391.518338124669,-3.7080522864418985,3293362,2244.3686233474086,0.0050000000000000044,0.664,80.18694119747813,2313.619381538773,1989.122278238307
부산,2024,3-3. 아동안전 수준,14110.0,15,0,100.0,2024,14110.0,90.89447329410136,3266598,4319.478552304263,0.05899999999999994,0.683,75.16321056360458,2244.3686233474086,2313.619381538773
부산,2016,4-1. 일·가정 양립 여건,1300.7,31,0,83.786765,2024,1552.393149443113,,3498529,443.7273921248368,,1.095,,,
부산,2017,4-1. 일·가정 양립 여건,1429.0,29,3,85.339636,2024,1674.48569853286,7.864795662976531,3470653,482.4699267062596,,0.976,24.565156206023076,443.7273921248368,
부산,2018,4-1. 일·가정 양립 여건,798.0,33,0,86.797969,2024,919.37635084526,-45.09500130990707,3441453,267.14772825468197,0.119,0.899,29.84238671545172,482.4699267062596,443.7273921248368
부산,2019,4-1. 일·가정 양립 여건,1519.0,39,0,87.068452,2024,1744.60434877147,89.75954158136747,3413841,511.0385483013034,0.07699999999999996,0.827,26.473090397079904,267.14772825468197,482.4699267062596
부산,2020,4-1. 일·가정 양립 여건,1535.0,34,0,87.535014,2024,1753.5840001122294,0.5147099023960822,3391946,516.984645425437,0.07200000000000006,0.747,28.08202826726422,511.0385483013034,267.14772825468197
부산,2021,4-1. 일·가정 양립 여건,1706.9,34,0,89.802171,2024,1900.733557989372,8.391360657243974,3350380,567.3187990584269,0.07999999999999996,0.728,45.74721316218803,516.984645425437,511.0385483013034
부산,2022,4-1. 일·가정 양립 여건,1742.2,35,0,94.590336,2024,1841.8372041727391,-3.0986117738108554,3317812,555.1360969737705,0.019000000000000017,0.723,41.97717239653847,567.3187990584269,516.984645425437
부산,2023,4-1. 일·가정 양립 여건,1313.0,33,0,97.706583,2024,1343.8193821597465,-27.0391878763616,3293362,408.0387707636593,0.0050000000000000044,0.664,55.08511827467339,555.1360969737705,567.3187990584269
부산,2024,4-1. 일·가정 양립 여건,1200.0,34,0,100.0,2024,1200.0,-10.702285148514845,3266598,367.3546607204193,0.05899999999999994,0.683,65.35485286980223,408.0387707636593,555.1360969737705
부산,2016,4-2. 사회적 가치관,2422.41,62,1,83.786765,2024,2891.1606743618754,,3498529,826.3932282287428,,1.095,,,
부산,2017,4-2. 사회적 가치관,1000.0,43,1,85.339636,2024,1171.7884524372707,-59.46996433548604,3470653,337.6276603962628,,0.976,53.08654522860261,826.3932282287428,
부산,2018,4-2. 사회적 가치관,34572.0,57,0,86.797969,2024,39830.42506443901,3299.1139767245018,3441453,11573.723384988552,0.119,0.899,52.50486387025011,337.6276603962628,826.3932282287428
부산,2019,4-2. 사회적 가치관,623.0,57,0,87.068452,2024,715.5289725376076,-98.20356179634037,3413841,209.59645529408303,0.07699999999999996,0.827,51.92318251189765,11573.723384988552,337.6276603962628
부산,2020,4-2. 사회적 가치관,393.0,55,0,87.535014,2024,448.9632000287336,-37.25436463648766,3391946,132.36154114149625,0.07200000000000006,0.747,54.71143270244337,209.59645529408303,11573.723384988552
부산,2021,4-2. 사회적 가치관,1048.8,46,0,89.802171,2024,1167.900495412299,160.13278935501916,3350380,348.58747229039665,0.07999999999999996,0.728,57.499682892989114,132.36154114149625,209.59645529408303
부산,2022,4-2. 사회적 가치관,1129.5,47,0,94.590336,2024,1194.0966146901096,2.243009518423289,3317812,359.90484532882203,0.019000000000000017,0.723,48.22730183085562,348.58747229039665,132.36154114149625
부산,2023,4-2. 사회적 가치관,1646.0,44,0,97.706583,2024,1684.6357220372756,41.0803532404679,3293362,511.5246128537572,0.0050000000000000044,0.664,38.95492076872214,359.90484532882203,348.58747229039665
부산,2024,4-2. 사회적 가치관,659.0,38,0,100.0,2024,659.0,-60.88175079161604,3266598,201.73893451229688,0.05899999999999994,0.683,42.496847192680704,511.5246128537572,359.90484532882203
서울,2016,1-1. 고용여건,55557.0,5,0,83.786765,2024,66307.60836750291,,9930616,6677.089152123383,,0.94,,,
서울,2017,1-1. 고용여건,100100.0,6,0,85.339636,2024,117296.0240889708,76.89677998770519,9857426,11899.254844923087,,0.836,49.087115722773895,6677.089152123383,
서울,2018,1-1. 고용여건,190543.0,10,0,86.797969,2024,219524.72182845665,87.1544440943231,9765623,22479.336119001993,0.10399999999999998,0.761,58.35028758255264,11899.254844923087,6677.089152123383
서울,2019,1-1. 고용여건,131198.0,6,0,87.068452,2024,150683.74019099365,-31.359102092955816,9729107,15487.9312346954,0.07499999999999996,0.717,58.751202275825506,22479.336119001993,11899.254844923087
서울,2020,1-1. 고용여건,61112.0,7,0,87.535014,2024,69814.34880446811,-53.66829313104553,9668465,7220.83069075268,0.04400000000000004,0.642,63.94418440830728,15487.9312346954,22479.336119001993
서울,2021,1-1. 고용여건,156146.0,10,0,89.802171,2024,173877.75625157214,149.05733452955155,9509458,18284.717830561127,0.07499999999999996,0.626,38.81939133648364,7220.83069075268,15487.9312346954
서울,2022,1-1. 고용여건,158889.0,9,0,94.590336,2024,167975.93360911627,-3.3942367153144692,9428372,17816.00615770318,0.016000000000000014,0.593,52.70250497765867,18284.717830561127,7220.83069075268
서울,2023,1-1. 고용여건,248946.0,11,0,97.706583,2024,254789.3830244785,51.68207584866238,9386034,27145.58492164833,0.03300000000000003,0.552,55.11131292942669,17816.00615770318,18284.717830561127
서울,2024,1-1. 고용여건,229595.0,10,0,100.0,2024,229595.0,-9.888317450832709,9331828,24603.432467893752,0.040999999999999925,0.581,83.81991873219037,27145.58492164833,17816.00615770318
서울,2016,1-2. 주거안정성,0.0,2,0,83.786765,2024,0.0,,9930616,0.0,,0.94,,,
서울,2017,1-2. 주거안정성,25232.0,3,1,85.339636,2024,29566.566231897217,inf,9857426,2999.4205619090844,,0.836,29.359514535810344,0.0,
서울,2018,1-2. 주거안정성,229500.0,4,0,86.797969,2024,264407.1084197834,794.2773616184547,9765623,27075.29344720592,0.10399999999999998,0.761,27.073185303562425,2999.4205619090844,0.0
서울,2019,1-2. 주거안정성,38965.0,4,0,87.068452,2024,44752.14512829515,-83.07453025913175,9729107,4599.820428359473,0.07499999999999996,0.717,26.61206447690597,27075.29344720592,2999.4205619090844
서울,2020,1-2. 주거안정성,63139.0,4,0,87.535014,2024,72129.99360461632,61.17661711597184,9668465,7460.335596665687,0.04400000000000004,0.642,24.001627298898757,4599.820428359473,27075.29344720592
서울,2021,1-2. 주거안정성,699296.0,7,0,89.802171,2024,778707.2319220434,979.588660704118,9509458,81887.65668054303,0.07499999999999996,0.626,22.223662376868432,7460.335596665687,4599.820428359473
서울,2022,1-2. 주거안정성,926599.0,7,0,94.590336,2024,979591.6149404524,25.797164169462803,9428372,103898.2779784731,0.016000000000000014,0.593,2.2364196527922076,81887.65668054303,7460.335596665687
서울,2023,1-2. 주거안정성,709912.0,7,0,97.706583,2024,726575.4038292384,-25.828744065617016,9386034,77410.26761987421,0.03300000000000003,0.552,9.984973176126177,103898.2779784731,81887.65668054303
서울,2024,1-2. 주거안정성,727205.0,8,0,100.0,2024,727205.0,0.0866525576620702,9331828,77927.39000333054,0.040999999999999925,0.581,7.012952679796019,77410.26761987421,103898.2779784731
서울,2016,1-3. 경제적 여건,12758.0,4,0,83.786765,2024,15226.748520485306,,9930616,1533.31359509675,,0.94,,,
서울,2017,1-3. 경제적 여건,13716.0,6,0,85.339636,2024,16072.250413629608,5.552740902017295,9857426,1630.471323206444,,0.836,32.93169792129281,1533.31359509675,
서울,2018,1-3. 경제적 여건,201269.0,8,0,86.797969,2024,231882.15383242437,1342.7485129013637,9765623,23744.73741536248,0.10399999999999998,0.761,35.38994655207695,1630.471323206444,1533.31359509675
서울,2019,1-3. 경제적 여건,536438.0,8,0,87.068452,2024,616110.6436117642,165.6998968782274,9729107,63326.535889857536,0.07499999999999996,0.717,39.040378658297186,23744.73741536248,1630.471323206444
서울,2020,1-3. 경제적 여건,579220.0,8,0,87.535014,2024,661700.9280423488,7.399691094983396,9668465,68439.08811195457,0.04400000000000004,0.642,43.09574689504588,63326.535889857536,23744.73741536248
서울,2021,1-3. 경제적 여건,472212.0,9,0,89.802171,2024,525835.8397593751,-20.532703299197784,9509458,55296.089404819395,0.07499999999999996,0.626,47.62434581248869,68439.08811195457,63326.535889857536
서울,2022,1-3. 경제적 여건,659031.0,9,0,94.590336,2024,696721.2802796261,32.49786865011883,9428372,73896.24425930862,0.016000000000000014,0.593,54.16535459073976,55296.089404819395,68439.08811195457
서울,2023,1-3. 경제적 여건,951581.0,15,0,97.706583,2024,973916.9775285254,39.78573715125335,9386034,103762.3534635103,0.03300000000000003,0.552,63.553339905234665,73896.24425930862,55296.089404819395
서울,2024,1-3. 경제적 여건,1337778.0,14,0,100.0,2024,1337778.0,37.36057907059305,9331828,143356.47849488867,0.040999999999999925,0.581,77.55105268544295,103762.3534635103,73896.24425930862
서울,2016,2-1. 돌봄 여건,2040695.0,34,0,83.786765,2024,2435581.562314764,,9930616,245259.8672947141,,0.94,,,
서울,2017,2-1. 돌봄 여건,2446260.0,36,1,85.339636,2024,2866499.219659198,17.69259810518897,9857426,290795.91565376177,,0.836,17.094449252531902,245259.8672947141,
서울,2018,2-1. 돌봄 여건,2879751.0,42,0,86.797969,2024,3317763.1149410885,15.742683346536612,9765623,339739.0125485172,0.10399999999999998,0.761,19.19247870149951,290795.91565376177,245259.8672947141
서울,2019,2-1. 돌봄 여건,2475589.0,38,0,87.068452,2024,2843267.501758272,-14.301672444484993,9729107,292243.4198491467,0.07499999999999996,0.717,21.60613892209027,339739.0125485172,290795.91565376177
서울,2020,2-1. 돌봄 여건,2461507.0,42,0,87.535014,2024,2812025.5969799696,-1.0988028653294957,9668465,290845.0924712423,0.04400000000000004,0.642,22.93771967257124,292243.4198491467,339739.0125485172
서울,2021,2-1. 돌봄 여건,2296946.0,33,0,89.802171,2024,2557784.4883059673,-9.041208904607757,9509458,268972.68890676706,0.07499999999999996,0.626,28.74301683053852,290845.0924712423,292243.4198491467
서울,2022,2-1. 돌봄 여건,2125053.0,33,0,94.590336,2024,2246585.740006252,-12.166730610905518,9428372,238279.28512008773,0.016000000000000014,0.593,30.746143687045983,268972.68890676706,290845.0924712423
서울,2023,2-1. 돌봄 여건,2017023.0,46,0,97.706583,2024,2064367.556482863,-8.110893801136765,9386034,219940.34503634472,0.03300000000000003,0.552,30.61479702646165,238279.28512008773,268972.68890676706
서울,2024,2-1. 돌봄 여건,2055963.0,53,0,100.0,2024,2055963.0,-0.4071250033197526,9331828,220317.28403052432,0.040999999999999925,0.581,31.417319148391897,219940.34503634472,238279.28512008773
서울,2016,2-2. 여가 인프라,5099.0,7,1,83.786765,2024,6085.686683332386,,9930616,612.8206632229446,,0.94,,,
서울,2017,2-2. 여가 인프라,15900.0,9,0,85.339636,2024,18631.436393752607,206.151751860325,9857426,1890.091428913857,,0.836,16.063668006459366,612.8206632229446,
서울,2018,2-2. 여가 인프라,10782.0,7,0,86.797969,2024,12421.949642623553,-33.32800874768404,9765623,1272.0079039118702,0.10399999999999998,0.761,16.54385317694715,1890.091428913857,612.8206632229446
서울,2019,2-2. 여가 인프라,8606.0,8,0,87.068452,2024,9884.177106996229,-20.42974419184119,9729107,1015.938781123101,0.07499999999999996,0.717,19.587121530535793,1272.0079039118702,1890.091428913857
서울,2020,2-2. 여가 인프라,52501.0,10,0,87.535014,2024,59977.14240383854,506.7995519969533,9668465,6203.377930606207,0.04400000000000004,0.642,22.37908527959588,1015.938781123101,1272.0079039118702
서울,2021,2-2. 여가 인프라,7341.0,7,0,89.802171,2024,8174.635332591235,-86.37041545335768,9509458,859.6320981270684,0.07499999999999996,0.626,22.073603771084137,6203.377930606207,1015.938781123101
서울,2022,2-2. 여가 인프라,7454.3,13,0,94.590336,2024,7880.614780774223,-3.596742115758844,9428372,835.8404590712184,0.016000000000000014,0.593,22.70993188248497,859.6320981270684,6203.377930606207
서울,2023,2-2. 여가 인프라,36974.0,12,0,97.706583,2024,37841.8719238191,380.18933771689024,9386034,4031.721163999523,0.03300000000000003,0.552,30.48894047256969,835.8404590712184,859.6320981270684
서울,2024,2-2. 여가 인프라,41904.0,13,0,100.0,2024,41904.0,10.734479743387237,9331828,4490.43852929994,0.040999999999999925,0.581,38.22310098551572,4031.721163999523,835.8404590712184
서울,2016,2-3. 가사수행 격차,0.0,0,0,83.786765,2024,0.0,,9930616,0.0,,0.94,,,
서울,2017,2-3. 가사수행 격차,77.0,1,0,85.339636,2024,90.22771083766985,inf,9857426,9.153272957633144,,0.836,33.00144300144299,0.0,
서울,2018,2-3. 가사수행 격차,77.0,1,0,86.797969,2024,88.71175315173562,-1.6801464559614177,9765623,9.084085383158412,0.10399999999999998,0.761,33.00144300144299,9.153272957633144,0.0
서울,2019,2-3. 가사수행 격차,0.0,0,0,87.068452,2024,0.0,-100.0,9729107,0.0,0.07499999999999996,0.717,33.00144300144299,9.084085383158412,9.153272957633144
서울,2020,2-3. 가사수행 격차,44.0,1,0,87.535014,2024,50.26560000321699,inf,9668465,5.198922476651361,0.04400000000000004,0.642,33.00144300144299,0.0,9.084085383158412
서울,2021,2-3. 가사수행 격차,0.0,0,0,89.802171,2024,0.0,-100.0,9509458,0.0,0.07499999999999996,0.626,33.00144300144299,5.198922476651361,0.0
서울,2022,2-3. 가사수행 격차,0.0,0,0,94.590336,2024,0.0,,9428372,0.0,0.016000000000000014,0.593,31.643528884908186,0.0,5.198922476651361
서울,2023,2-3. 가사수행 격차,0.0,0,0,97.706583,2024,0.0,,9386034,0.0,0.03300000000000003,0.552,30.28561476837339,0.0,0.0
서울,2024,2-3. 가사수행 격차,54.0,1,0,100.0,2024,54.0,inf,9331828,5.786647589304046,0.040999999999999925,0.581,28.927700651838585,0.0,0.0
서울,2016,3-1. 의료서비스 여건,158155.0,8,0,83.786765,2024,188758.9286923776,,9930616,19007.77642518627,,0.94,,,
서울,2017,3-1. 의료서비스 여건,153550.0,9,0,85.339636,2024,179928.11687174294,-4.678354492584735,9857426,18253.052761617782,,0.836,53.30263819936584,19007.77642518627,
서울,2018,3-1. 의료서비스 여건,135032.0,10,0,86.797969,2024,155570.46041019697,-13.537437552858243,9765623,15930.418408553858,0.10399999999999998,0.761,54.46359514285852,18253.052761617782,19007.77642518627
서울,2019,3-1. 의료서비스 여건,117100.0,10,0,87.068452,2024,134491.88231806396,-13.549216243594389,9729107,13823.661546539057,0.07499999999999996,0.717,54.58336356258721,15930.418408553858,18253.052761617782
서울,2020,3-1. 의료서비스 여건,118420.0,12,0,87.535014,2024,135283.0080086581,0.5882330419937132,9668465,13992.190901933049,0.04400000000000004,0.642,55.52561631721004,13823.661546539057,15930.418408553858
서울,2021,3-1. 의료서비스 여건,111214.0,17,0,89.802171,2024,123843.33113728397,-8.456107710616545,9509458,13023.174521332758,0.07499999999999996,0.626,56.31693522044944,13992.190901933049,13823.661546539057
서울,2022,3-1. 의료서비스 여건,114211.0,23,0,94.590336,2024,120742.77862804085,-2.503608777937405,9428372,12806.323151869785,0.016000000000000014,0.593,56.3567676746562,13023.174521332758,13992.190901933049
서울,2023,3-1. 의료서비스 여건,112527.0,23,0,97.706583,2024,115168.28912131744,-4.616830563338381,9386034,12270.175999928984,0.03300000000000003,0.552,53.08158358368327,12806.323151869785,13023.174521332758
서울,2024,3-1. 의료서비스 여건,160619.0,26,0,100.0,2024,160619.0,39.46460542693752,9331828,17211.954613822716,0.040999999999999925,0.581,51.516026415520024,12270.175999928984,12806.323151869785
서울,2016,3-2. 산후조리 여건,8589.0,1,0,83.786765,2024,10251.022342251788,,9930616,1032.2644982196257,,0.94,,,
서울,2017,3-2. 산후조리 여건,9800.0,1,0,85.339636,2024,11483.526833885257,12.02323485876562,9857426,1164.9620127896728,,0.836,25.01060153350078,1032.2644982196257,
서울,2018,3-2. 산후조리 여건,22191.0,2,0,86.797969,2024,25566.266418054092,122.63427244854692,9765623,2617.9862173723163,0.10399999999999998,0.761,26.809187624547103,1164.9620127896728,1032.2644982196257
서울,2019,3-2. 산후조리 여건,32536.0,1,0,87.068452,2024,37368.29959949214,46.162521302304114,9729107,3840.876618942739,0.07499999999999996,0.717,28.43967865450308,2617.9862173723163,1164.9620127896728
서울,2020,3-2. 산후조리 여건,36160.0,1,0,87.535014,2024,41309.184002643786,10.546062960823631,9668465,4272.569017175299,0.04400000000000004,0.642,28.73608783330537,3840.876618942739,2617.9862173723163
서울,2021,3-2. 산후조리 여건,35798.0,1,0,89.802171,2024,39863.17880889538,-3.5004448251891307,9509458,4191.950667314098,0.07499999999999996,0.626,29.24306546128751,4272.569017175299,3840.876618942739
서울,2022,3-2. 산후조리 여건,40836.0,1,0,94.590336,2024,43171.42926736195,8.299013167831815,9428372,4578.884802950281,0.016000000000000014,0.593,31.631619186438257,4191.950667314098,4272.569017175299
서울,2023,3-2. 산후조리 여건,52914.0,1,0,97.706583,2024,54156.023448287,25.44412906252682,9386034,5769.851616591949,0.03300000000000003,0.552,36.29990635179972,4578.884802950281,4191.950667314098
서울,2024,3-2. 산후조리 여건,64100.0,2,0,100.0,2024,64100.0,18.361718454473294,9331828,6868.965008784989,0.040999999999999925,0.581,39.09234306827738,5769.851616591949,4578.884802950281
서울,2016,3-3. 아동안전 수준,35832.0,3,0,83.786765,2024,42765.704106131794,,9930616,4306.4502852725145,,0.94,,,
서울,2017,3-3. 아동안전 수준,18098.0,5,0,85.339636,2024,21207.02741220973,-50.41113468030323,9857426,2151.375766068112,,0.836,34.876316392172484,4306.4502852725145,
서울,2018,3-3. 아동안전 수준,33287.0,6,0,86.797969,2024,38349.97567742628,80.8361678042,9765623,3927.0383136258974,0.10399999999999998,0.761,48.35173880013909,2151.375766068112,4306.4502852725145
서울,2019,3-3. 아동안전 수준,22849.0,6,0,87.068452,2024,26242.570615588756,-31.57082852848909,9729107,2697.325727385746,0.07499999999999996,0.717,62.93178796380554,3927.0383136258974,2151.375766068112
서울,2020,3-3. 아동안전 수준,39385.0,7,1,87.535014,2024,44993.424002879576,71.45204508338956,9668465,4653.626403248042,0.04400000000000004,0.642,65.18833330511109,2697.325727385746,3927.0383136258974
서울,2021,3-3. 아동안전 수준,54919.0,13,0,89.802171,2024,61155.53709720447,35.921056137649174,9509458,6431.022367121708,0.07499999999999996,0.626,77.07890536786002,4653.626403248042,2697.325727385746
서울,2022,3-3. 아동안전 수준,77755.0,9,0,94.590336,2024,82201.84353716642,34.41439228390657,9428372,8718.561755642058,0.016000000000000014,0.593,78.94968082956616,6431.022367121708,4653.626403248042
서울,2023,3-3. 아동안전 수준,28204.0,7,0,97.706583,2024,28866.018167885373,-64.88397713996036,9386034,3075.42228889064,0.03300000000000003,0.552,80.14796232556252,8718.561755642058,6431.022367121708
서울,2024,3-3. 아동안전 수준,20528.0,5,0,100.0,2024,20528.0,-28.88523841214013,9331828,2199.783365059879,0.040999999999999925,0.581,75.51866170550649,3075.42228889064,8718.561755642058
서울,2016,4-1. 일·가정 양립 여건,1245.0,2,0,83.786765,2024,1485.9148697291273,,9930616,149.62967752746934,,0.94,,,
서울,2017,4-1. 일·가정 양립 여건,2065.0,4,0,85.339636,2024,2419.743154282964,62.845342191377874,9857426,245.4741384092525,,0.836,40.58260624824093,149.62967752746934,
서울,2018,4-1. 일·가정 양립 여건,3993.0,11,0,86.797969,2024,4600.338056297147,90.11679186505862,9765623,471.07471344092914,0.10399999999999998,0.761,46.97438784126091,245.4741384092525,149.62967752746934
서울,2019,4-1. 일·가정 양립 여건,5112.0,5,0,87.068452,2024,5871.2425483342695,27.626328249887024,9729107,603.4718857891346,0.07499999999999996,0.717,39.074502162562936,471.07471344092914,245.4741384092525
서울,2020,4-1. 일·가정 양립 여건,11942.0,6,0,87.535014,2024,13642.540800873125,132.36207137692938,9668465,1411.0348230947852,0.04400000000000004,0.642,39.46528539012872,603.4718857891346,471.07471344092914
서울,2021,4-1. 일·가정 양립 여건,5706.0,12,0,89.802171,2024,6353.966654102382,-53.42534248682087,9509458,668.1733758225108,0.07499999999999996,0.626,54.40673070828132,1411.0348230947852,603.4718857891346
서울,2022,4-1. 일·가정 양립 여건,6248.0,11,0,94.590336,2024,6605.325939427893,3.955942783603117,9428372,700.5796906855068,0.016000000000000014,0.593,49.369600861791106,668.1733758225108,1411.0348230947852
서울,2023,4-1. 일·가정 양립 여건,9643.0,12,0,97.706583,2024,9869.345241558596,49.41496198768065,9386034,1051.492594375707,0.03300000000000003,0.552,62.37409149204299,700.5796906855068,668.1733758225108
서울,2024,4-1. 일·가정 양립 여건,3773.0,13,0,100.0,2024,3773.0,-61.770513568495275,9331828,404.3152102674846,0.040999999999999925,0.581,70.22766602954114,1051.492594375707,700.5796906855068
서울,2016,4-2. 사회적 가치관,167.0,4,0,83.786765,2024,199.31548855001145,,9930616,20.070808150270985,,0.94,,,
서울,2017,4-2. 사회적 가치관,191.0,4,0,85.339636,2024,223.81159441551873,12.290116560289688,9857426,22.704871881921175,,0.836,34.135093628135934,20.070808150270985,
서울,2018,4-2. 사회적 가치관,737.0,6,0,86.797969,2024,849.098208738041,279.3807961358976,9765623,86.9476743816591,0.10399999999999998,0.761,35.81402270555238,22.704871881921175,20.070808150270985
서울,2019,4-2. 사회적 가치관,307.0,4,0,87.068452,2024,352.5961389551292,-58.47404513087247,9729107,36.24136716300162,0.07499999999999996,0.717,37.492951782968824,86.9476743816591,22.704871881921175
서울,2020,4-2. 사회적 가치관,420.0,2,0,87.535014,2024,479.8080000307077,36.07863133514553,9668465,49.62607818621753,0.04400000000000004,0.642,40.733286462066246,36.24136716300162,86.9476743816591
서울,2021,4-2. 사회적 가치관,245.0,4,0,89.802171,2024,272.82191206713696,-43.13935739927713,9509458,28.689533311692102,0.07499999999999996,0.626,43.97362114116368,49.62607818621753,36.24136716300162
서울,2022,4-2. 사회적 가치관,180.0,4,0,94.590336,2024,190.29428122551548,-30.249634355363952,9428372,20.18315370092689,0.016000000000000014,0.593,36.56485899665679,28.689533311692102,49.62607818621753
서울,2023,4-2. 사회적 가치관,5926.0,7,0,97.706583,2024,6065.097988331042,3087.220314384207,9386034,646.1832535798445,0.03300000000000003,0.552,29.156096852149886,20.18315370092689,28.689533311692102
서울,2024,4-2. 사회적 가치관,2745.0,9,0,100.0,2024,2745.0,-54.74104449291259,9331828,294.15458578962233,0.040999999999999925,0.581,34.69533646376487,646.1832535798445,20.18315370092689
세종,2016,1-1. 고용여건,309.0,2,0,83.786765,2024,368.7933291134942,,243048,1517.3682939727717,,1.821,,,
세종,2017,1-1. 고용여건,317.0,2,0,85.339636,2024,371.4569394226148,0.7222501327568409,280100,1326.1582985455725,,1.668,63.25544561978312,1517.3682939727717,
세종,2018,1-1. 고용여건,71.0,1,0,86.797969,2024,81.79914901004193,-77.97883406426897,314126,260.4023513177576,0.15300000000000002,1.566,63.25544561978312,1326.1582985455725,1517.3682939727717
세종,2019,1-1. 고용여건,368.0,1,0,87.068452,2024,422.6559580960507,416.69970068290576,340575,1241.006997272409,0.10199999999999987,1.472,67.20698280712473,260.4023513177576,1326.1582985455725
세종,2020,1-1. 고용여건,393.0,1,0,87.535014,2024,448.9632000287336,6.224268563772251,355831,1261.7315524187989,0.09400000000000008,1.277,68.9567020168363,1241.006997272409,260.4023513177576
세종,2021,1-1. 고용여건,1167.0,4,0,89.802171,2024,1299.523148499383,189.4498142422839,371895,3494.3280993274525,0.19500000000000006,1.277,42.096361147250725,1261.7315524187989,1241.006997272409
세종,2022,1-1. 고용여건,3643.0,4,0,94.590336,2024,3851.344813914183,196.36600304977264,383591,10040.23768522771,0.0,1.121,67.39463520493493,3494.3280993274525,1261.7315524187989
세종,2023,1-1. 고용여건,3280.0,5,0,97.706583,2024,3356.9897741690547,-12.83590703068488,386525,8685.052129018963,0.15599999999999992,0.971,60.98034326904357,10040.23768522771,3494.3280993274525
세종,2024,1-1. 고용여건,1704.0,5,0,100.0,2024,1704.0,-49.240238587804875,390685,4361.570062838348,0.15000000000000002,1.028,87.86124102785965,8685.052129018963,10040.23768522771
세종,2016,1-2. 주거안정성,0.0,0,0,83.786765,2024,0.0,,243048,0.0,,1.821,,,
세종,2017,1-2. 주거안정성,0.0,0,0,85.339636,2024,0.0,,280100,0.0,,1.668,62.51824306255938,0.0,
세종,2018,1-2. 주거안정성,15343.0,1,0,86.797969,2024,17676.680891001033,inf,314126,56272.581355892326,0.15300000000000002,1.566,63.42708080948416,0.0,0.0
세종,2019,1-2. 주거안정성,130.0,2,0,87.068452,2024,149.30781128393096,-99.15534023494229,340575,438.3992109929706,0.10199999999999987,1.472,68.20612630240582,56272.581355892326,0.0
세종,2020,1-2. 주거안정성,43.0,1,0,87.535014,2024,49.123200003143886,-67.09937706492207,355831,138.05205280918156,0.09400000000000008,1.277,63.67437818487245,438.3992109929706,56272.581355892326
세종,2021,1-2. 주거안정성,19.0,1,0,89.802171,2024,21.157617670512664,-56.92948002337271,371895,56.89137436779915,0.19500000000000006,1.277,58.518707156096795,138.05205280918156,438.3992109929706
세종,2022,1-2. 주거안정성,957.0,3,0,94.590336,2024,1011.7312618489908,4681.8770411899395,383591,2637.5260677361844,0.0,1.121,45.630992024150885,56.89137436779915,138.05205280918156
세종,2023,1-2. 주거안정성,978.0,3,0,97.706583,2024,1000.9560972979682,-1.0650223984707496,386525,2589.6283482257763,0.15599999999999992,0.971,49.358111066051706,2637.5260677361844,56.89137436779915
세종,2024,1-2. 주거안정성,517.0,3,0,100.0,2024,517.0,-48.34938301533742,390685,1323.316738548959,0.15000000000000002,1.028,47.85196360277034,2589.6283482257763,2637.5260677361844
세종,2016,1-3. 경제적 여건,3331.0,4,0,83.786765,2024,3975.5682177250783,,243048,16357.131997486416,,1.821,,,
세종,2017,1-3. 경제적 여건,4835.0,3,0,85.339636,2024,5665.597167534204,42.51037480061663,280100,20227.051651318117,,1.668,42.64770046981454,16357.131997486416,
세종,2018,1-3. 경제적 여건,4803.0,4,0,86.797969,2024,5533.539615425795,-2.330867306718243,314126,17615.668920833665,0.15300000000000002,1.566,42.94628973778,20227.051651318117,16357.131997486416
세종,2019,1-3. 경제적 여건,41136.0,5,0,87.068452,2024,47245.5855767368,753.8040541903907,340575,138722.999564668,0.10199999999999987,1.472,44.25744143475362,17615.668920833665,20227.051651318117
세종,2020,1-3. 경제적 여건,39884.0,6,0,87.535014,2024,45563.481602916065,-3.560341041997761,355831,128048.09474979994,0.09400000000000008,1.277,48.07592492984822,138722.999564668,17615.668920833665
세종,2021,1-3. 경제적 여건,41968.0,7,0,89.802171,2024,46733.83675768818,2.568625385065415,371895,125664.06312988391,0.19500000000000006,1.277,56.077096012315266,128048.09474979994,138722.999564668
세종,2022,1-3. 경제적 여건,53894.0,9,0,94.590336,2024,56976.222179821845,21.916423158748444,383591,148533.7825439644,0.0,1.121,64.58136955998445,125664.06312988391,128048.09474979994
세종,2023,1-3. 경제적 여건,81251.0,9,0,97.706583,2024,83158.16345762496,45.95239957323016,386525,215143.03979723167,0.15599999999999992,0.971,65.96870494470052,148533.7825439644,125664.06312988391
세종,2024,1-3. 경제적 여건,90681.0,11,0,100.0,2024,90681.0,9.046419773578162,390685,232107.7082560119,0.15000000000000002,1.028,68.32134262037344,215143.03979723167,148533.7825439644
세종,2016,2-1. 돌봄 여건,36344.0,25,0,83.786765,2024,43376.7791368959,,243048,178470.01060241557,,1.821,,,
세종,2017,2-1. 돌봄 여건,36766.0,25,0,85.339636,2024,43081.9742423087,-0.679637585946169,280100,153809.26184330133,,1.668,22.57255227082832,178470.01060241557,
세종,2018,2-1. 돌봄 여건,66637.0,29,0,86.797969,2024,76772.53369834034,78.20105751547892,314126,244400.44344734383,0.15300000000000002,1.566,22.35164950845801,153809.26184330133,178470.01060241557
세종,2019,2-1. 돌봄 여건,44406.0,26,0,87.068452,2024,51001.25129134029,-33.568362493104964,340575,149750.4258719527,0.10199999999999987,1.472,26.433569711686264,244400.44344734383,153809.26184330133
세종,2020,2-1. 돌봄 여건,55949.0,24,0,87.535014,2024,63916.13760409063,25.32268520035941,355831,179624.98378188137,0.09400000000000008,1.277,26.23024622155572,149750.4258719527,244400.44344734383
세종,2021,2-1. 돌봄 여건,52978.0,20,0,89.802171,2024,58994.11941833789,-7.700744084757916,371895,158631.1174345928,0.19500000000000006,1.277,32.18257088272893,179624.98378188137,149750.4258719527
세종,2022,2-1. 돌봄 여건,56695.0,24,0,94.590336,2024,59937.41263378112,1.5989614299590782,383591,156253.43825528002,0.0,1.121,32.12534778476271,158631.1174345928,179624.98378188137
세종,2023,2-1. 돌봄 여건,110711.0,24,0,97.706583,2024,113309.66307561896,89.04663731139588,386525,293149.6360536032,0.15599999999999992,0.971,31.795104234652428,156253.43825528002,158631.1174345928
세종,2024,2-1. 돌봄 여건,106751.0,25,0,100.0,2024,106751.0,-5.788264564198675,390685,273240.59024533833,0.15000000000000002,1.028,36.502441809403074,293149.6360536032,156253.43825528002
세종,2016,2-2. 여가 인프라,637.0,13,0,83.786765,2024,760.2632706967503,,243048,3128.037551005358,,1.821,,,
세종,2017,2-2. 여가 인프라,726.0,10,0,85.339636,2024,850.7184164694586,11.897871337360533,280100,3037.1953461958537,,1.668,50.10878965176204,3128.037551005358,
세종,2018,2-2. 여가 인프라,57.0,3,0,86.797969,2024,65.66973934609001,-92.28067265563334,314126,209.055408804397,0.15300000000000002,1.566,45.363396972832696,3037.1953461958537,3128.037551005358
세종,2019,2-2. 여가 인프라,191.0,4,0,87.068452,2024,219.3676304248524,234.04675061789104,340575,644.1096099973645,0.10199999999999987,1.472,52.159207207193106,209.055408804397,3037.1953461958537
세종,2020,2-2. 여가 인프라,14845.0,12,0,87.535014,2024,16958.928001085373,7630.825176094019,355831,47660.06334772792,0.09400000000000008,1.277,57.967582881742835,644.1096099973645,209.055408804397
세종,2021,2-2. 여가 인프라,3761.0,10,0,89.802171,2024,4188.094739936743,-75.30448422406944,371895,11261.497841962768,0.19500000000000006,1.277,49.59109588856163,47660.06334772792,644.1096099973645
세종,2022,2-2. 여가 인프라,8701.0,10,0,94.590336,2024,9198.614116351167,119.6372022971501,383591,23980.265742291052,0.0,1.121,40.74370408542411,11261.497841962768,47660.06334772792
세종,2023,2-2. 여가 인프라,4973.0,10,0,97.706583,2024,5089.728703336192,-44.66852681330713,386525,13167.915926101008,0.15599999999999992,0.971,50.336697953033536,23980.265742291052,11261.497841962768
세종,2024,2-2. 여가 인프라,4709.0,9,0,100.0,2024,4709.0,-7.480333933842753,390685,12053.188630226396,0.15000000000000002,1.028,59.35053013534629,13167.915926101008,23980.265742291052
세종,2016,2-3. 가사수행 격차,7.0,1,0,83.786765,2024,8.354541436228025,,243048,34.374039022036904,,1.821,,,
세종,2017,2-3. 가사수행 격차,0.0,0,0,85.339636,2024,0.0,-100.0,280100,0.0,,1.668,32.44563865253521,34.374039022036904,
세종,2018,2-3. 가사수행 격차,0.0,0,0,86.797969,2024,0.0,,314126,0.0,0.15300000000000002,1.566,32.44563865253521,0.0,34.374039022036904
세종,2019,2-3. 가사수행 격차,0.0,0,0,87.068452,2024,0.0,,340575,0.0,0.10199999999999987,1.472,32.44563865253521,0.0,0.0
세종,2020,2-3. 가사수행 격차,0.0,1,0,87.535014,2024,0.0,,355831,0.0,0.09400000000000008,1.277,32.44563865253521,0.0,0.0
세종,2021,2-3. 가사수행 격차,0.0,0,0,89.802171,2024,0.0,,371895,0.0,0.19500000000000006,1.277,32.44563865253521,0.0,0.0
세종,2022,2-3. 가사수행 격차,0.0,0,0,94.590336,2024,0.0,,383591,0.0,0.0,1.121,33.47133071271003,0.0,0.0
세종,2023,2-3. 가사수행 격차,0.0,0,0,97.706583,2024,0.0,,386525,0.0,0.15599999999999992,0.971,34.497022772884854,0.0,0.0
세종,2024,2-3. 가사수행 격차,0.0,0,0,100.0,2024,0.0,,390685,0.0,0.15000000000000002,1.028,35.522714833059666,0.0,0.0
세종,2016,3-1. 의료서비스 여건,773.0,12,0,83.786765,2024,922.5800757434662,,243048,3795.876023433504,,1.821,,,
세종,2017,3-1. 의료서비스 여건,1270.0,10,0,85.339636,2024,1488.171334595334,61.30538407694128,280100,5313.000123510654,,1.668,13.598146847710444,3795.876023433504,
세종,2018,3-1. 의료서비스 여건,459.0,8,0,86.797969,2024,528.8142168395669,-64.46550175061913,314126,1683.446186688039,0.15300000000000002,1.566,9.567778576811095,5313.000123510654,3795.876023433504
세종,2019,3-1. 의료서비스 여건,6001.0,12,0,87.068452,2024,6892.278273191305,1203.3458734113997,340575,20237.18203976013,0.10199999999999987,1.472,28.121551057856287,1683.446186688039,5313.000123510654
세종,2020,3-1. 의료서비스 여건,5922.0,9,0,87.535014,2024,6765.292800432979,-1.842431018089585,355831,19012.657133394725,0.09400000000000008,1.277,23.06200177904267,20237.18203976013,1683.446186688039
세종,2021,3-1. 의료서비스 여건,583.0,9,0,89.802171,2024,649.2047948373096,-90.40389213020076,371895,1745.6669082329947,0.19500000000000006,1.277,32.550155673636176,19012.657133394725,20237.18203976013
세종,2022,3-1. 의료서비스 여건,1055.4,9,0,94.590336,2024,1115.7588022522723,71.86545927034953,383591,2908.7199706256733,0.0,1.121,52.4773081508897,1745.6669082329947,19012.657133394725
세종,2023,3-1. 의료서비스 여건,1465.0,9,0,97.706583,2024,1499.3872009627028,34.382735581923015,386525,3879.14675884536,0.15599999999999992,0.971,53.688520034371145,2908.7199706256733,1745.6669082329947
세종,2024,3-1. 의료서비스 여건,2282.0,13,0,100.0,2024,2282.0,52.19551017474402,390685,5841.022818895018,0.15000000000000002,1.028,56.95431524308717,3879.14675884536,2908.7199706256733
세종,2016,3-2. 산후조리 여건,980.0,2,0,83.786765,2024,1169.6358010719234,,243048,4812.365463085166,,1.821,,,
세종,2017,3-2. 산후조리 여건,1500.0,2,0,85.339636,2024,1757.6826786559063,50.27606687868669,280100,6275.196996272426,,1.668,57.53254067971248,4812.365463085166,
세종,2018,3-2. 산후조리 여건,1895.0,2,0,86.797969,2024,2183.230808084922,24.21074831063539,314126,6950.17543305846,0.15300000000000002,1.566,58.97275480750409,6275.196996272426,4812.365463085166
세종,2019,3-2. 산후조리 여건,2831.0,2,0,87.068452,2024,3251.464721113912,48.92904172445327,340575,9546.98589477769,0.10199999999999987,1.472,60.27836715948995,6950.17543305846,6275.196996272426
세종,2020,3-2. 산후조리 여건,1380.0,2,0,87.535014,2024,1576.5120001008968,-51.51379038918795,355831,4430.50774131792,0.09400000000000008,1.277,60.51571620218706,9546.98589477769,6950.17543305846
세종,2021,3-2. 산후조리 여건,1652.0,2,0,89.802171,2024,1839.599178509838,16.687927424092152,371895,4946.555287137063,0.19500000000000006,1.277,60.92167749919085,4430.50774131792,9546.98589477769
세종,2022,3-2. 산후조리 여건,2398.0,2,0,94.590336,2024,2535.1427021043673,37.80951479647607,383591,6608.973365132048,0.0,1.121,62.834307001373936,4946.555287137063,4430.50774131792
세종,2023,3-2. 산후조리 여건,2388.0,2,0,97.706583,2024,2444.052311193812,-3.593107040283894,386525,6323.14161100527,0.15599999999999992,0.971,66.57242838550542,6608.973365132048,4946.555287137063
세종,2024,3-2. 산후조리 여건,1674.0,2,0,100.0,2024,1674.0,-31.50719432914573,390685,4284.781857506687,0.15000000000000002,1.028,68.80846636559203,6323.14161100527,6608.973365132048
세종,2016,3-3. 아동안전 수준,671.0,2,0,83.786765,2024,800.8424719584292,,243048,3294.997169112394,,1.821,,,
세종,2017,3-3. 아동안전 수준,30.0,1,0,85.339636,2024,35.15365357311813,-95.6104159302202,280100,125.5039399254485,,1.668,51.32466938765263,3294.997169112394,
세종,2018,3-3. 아동안전 수준,1530.0,1,0,86.797969,2024,1762.7140561318895,4914.312530745967,314126,5611.48728896013,0.15300000000000002,1.566,58.0307182763494,125.5039399254485,3294.997169112394
세종,2019,3-3. 아동안전 수준,0.0,0,0,87.068452,2024,0.0,-100.0,340575,0.0,0.10199999999999987,1.472,71.9592380829598,5611.48728896013,125.5039399254485
세종,2020,3-3. 아동안전 수준,56.0,2,0,87.535014,2024,63.97440000409436,inf,355831,179.7887199375388,0.09400000000000008,1.277,81.52257717631197,0.0,5611.48728896013
세종,2021,3-3. 아동안전 수준,56.0,1,0,89.802171,2024,62.35929418677416,-2.5246126844750916,371895,167.67984024193433,0.19500000000000006,1.277,100.0,179.7887199375388,0.0
세종,2022,3-3. 아동안전 수준,0.0,0,0,94.590336,2024,0.0,-100.0,383591,0.0,0.0,1.121,93.12061631169352,167.67984024193433,179.7887199375388
세종,2023,3-3. 아동안전 수준,0.0,0,0,97.706583,2024,0.0,,386525,0.0,0.15599999999999992,0.971,82.45456136985874,0.0,167.67984024193433
세종,2024,3-3. 아동안전 수준,871.0,2,0,100.0,2024,871.0,inf,390685,2229.417561462559,0.15000000000000002,1.028,80.50857622705207,0.0,0.0
세종,2016,4-1. 일·가정 양립 여건,6.0,2,0,83.786765,2024,7.161035516766878,,243048,29.46346201888877,,1.821,,,
세종,2017,4-1. 일·가정 양립 여건,5.0,2,0,85.339636,2024,5.858942262186354,-18.18303025493726,280100,20.91732332090808,,1.668,38.5280045032367,29.46346201888877,
세종,2018,4-1. 일·가정 양립 여건,0.0,1,1,86.797969,2024,0.0,-100.0,314126,0.0,0.15300000000000002,1.566,41.933577258654665,20.91732332090808,29.46346201888877
세종,2019,4-1. 일·가정 양립 여건,0.0,1,0,87.068452,2024,0.0,,340575,0.0,0.10199999999999987,1.472,62.84620948636736,0.0,20.91732332090808
세종,2020,4-1. 일·가정 양립 여건,0.0,1,0,87.535014,2024,0.0,,355831,0.0,0.09400000000000008,1.277,63.77542559792893,0.0,0.0
세종,2021,4-1. 일·가정 양립 여건,1593.0,3,0,89.802171,2024,1773.8992078487722,inf,371895,4769.892598310739,0.19500000000000006,1.277,70.71582700065672,0.0,0.0
세종,2022,4-1. 일·가정 양립 여건,1581.0,4,0,94.590336,2024,1671.4181034307776,-5.777166141377032,383591,4357.292281181721,0.0,1.121,66.31524750228262,4769.892598310739,0.0
세종,2023,4-1. 일·가정 양립 여건,2218.0,5,0,97.706583,2024,2270.0619875326106,35.816525073711226,386525,5873.001714074408,0.15599999999999992,0.971,78.74561750505313,4357.292281181721,4769.892598310739
세종,2024,4-1. 일·가정 양립 여건,2001.0,5,0,100.0,2024,2001.0,-11.852627329576194,390685,5121.773295621792,0.15000000000000002,1.028,89.51699267832306,5873.001714074408,4357.292281181721
세종,2016,4-2. 사회적 가치관,27.0,3,0,83.786765,2024,32.22465982545095,,243048,132.58557908499947,,1.821,,,
세종,2017,4-2. 사회적 가치관,35.0,4,0,85.339636,2024,41.01259583530448,27.27084182565318,280100,146.4212632463566,,1.668,46.23525764621661,132.58557908499947,
세종,2018,4-2. 사회적 가치관,37.0,4,1,86.797969,2024,42.62772554044439,3.9381308894121942,314126,135.70263378531033,0.15300000000000002,1.566,48.4564703162554,146.4212632463566,132.58557908499947
세종,2019,4-2. 사회적 가치관,103.0,6,0,87.068452,2024,118.29772740188376,177.51358042700417,340575,347.3470671713536,0.10199999999999987,1.472,50.67768298629413,135.70263378531033,146.4212632463566
세종,2020,4-2. 사회적 가치관,57.0,5,0,87.535014,2024,65.11680000416747,-44.955155577121786,355831,182.99923279356625,0.09400000000000008,1.277,53.109597777250976,347.3470671713536,135.70263378531033
세종,2021,4-2. 사회적 가치관,56.0,8,0,89.802171,2024,62.35929418677416,-4.234707198782539,371895,167.67984024193433,0.19500000000000006,1.277,55.541512568207786,182.99923279356625,347.3470671713536
세종,2022,4-2. 사회적 가치관,39.0,4,0,94.590336,2024,41.23042759886169,-33.88246589935541,383591,107.48538834034606,0.0,1.121,49.11828546925655,167.67984024193433,182.99923279356625
세종,2023,4-2. 사회적 가치관,40.0,4,0,97.706583,2024,40.93889968498847,-0.7070698288883737,386525,105.91526986608493,0.15599999999999992,0.971,42.69505837030536,107.48538834034606,167.67984024193433
세종,2024,4-2. 사회적 가치관,40.0,3,0,100.0,2024,40.0,-2.2934169999999976,390685,102.38427377554808,0.15000000000000002,1.028,47.549403784241534,105.91526986608493,107.48538834034606
울산,2016,1-1. 고용여건,0.0,0,0,83.786765,2024,0.0,,1172304,0.0,,1.418,,,
울산,2017,1-1. 고용여건,6820.0,7,0,85.339636,2024,7991.597245622187,inf,1165132,6858.962972111474,,1.261,56.82488108913273,0.0,
울산,2018,1-1. 고용여건,17858.0,20,0,86.797969,2024,20574.21412706097,157.44808571692684,1155623,17803.569267019582,0.15700000000000003,1.131,61.32604617463638,6858.962972111474,0.0
울산,2019,1-1. 고용여건,8674.0,4,0,87.068452,2024,9962.276577513978,-51.57882329799058,1148019,8677.797647524978,0.1299999999999999,1.084,56.79554768228354,17803.569267019582,6858.962972111474
울산,2020,1-1. 고용여건,5365.0,11,0,87.535014,2024,6128.976000392255,-38.478158554380336,1136017,5395.144615258623,0.04699999999999993,0.984,56.34786275481655,8677.797647524978,17803.569267019582
울산,2021,1-1. 고용여건,9005.0,20,0,89.802171,2024,10027.597216998238,63.60966687349521,1121592,8940.503513753876,0.10000000000000009,0.94,31.720440056670853,5395.144615258623,8677.797647524978
울산,2022,1-1. 고용여건,9621.0,21,0,94.590336,2024,10171.229331503802,1.432368207431467,1110663,9157.799738988157,0.04400000000000004,0.848,53.06368129622833,8940.503513753876,5395.144615258623
울산,2023,1-1. 고용여건,11671.0,18,0,97.706583,2024,11944.947455587511,17.438581574302848,1103661,10823.022155886192,0.09199999999999997,0.814,57.96781516516896,9157.799738988157,8940.503513753876
울산,2024,1-1. 고용여건,12933.0,25,0,100.0,2024,12933.0,8.271719470396711,1098049,11778.162905298395,0.03400000000000003,0.859,67.82833841523944,10823.022155886192,9157.799738988157
울산,2016,1-2. 주거안정성,0.0,0,0,83.786765,2024,0.0,,1172304,0.0,,1.418,,,
울산,2017,1-2. 주거안정성,0.0,0,0,85.339636,2024,0.0,,1165132,0.0,,1.261,70.96327267839769,0.0,
울산,2018,1-2. 주거안정성,1049.0,2,0,86.797969,2024,1208.5536241061125,inf,1155623,1045.8026744934225,0.15700000000000003,1.131,76.54332027592987,0.0,0.0
울산,2019,1-2. 주거안정성,2271.0,4,0,87.068452,2024,2608.292610967748,115.81935289771938,1148019,2271.994288393962,0.1299999999999999,1.084,71.90842977407229,1045.8026744934225,0.0
울산,2020,1-2. 주거안정성,3185.0,3,0,87.535014,2024,3638.544000232867,39.49907249412741,1136017,3202.8957315188654,0.04699999999999993,0.984,75.97077880652063,2271.994288393962,1045.8026744934225
울산,2021,1-2. 주거안정성,5006.0,6,0,89.802171,2024,5574.475476767705,53.206213155892534,1121592,4970.145540238968,0.10000000000000009,0.94,76.63701850741349,3202.8957315188654,2271.994288393962
울산,2022,1-2. 주거안정성,5302.0,7,0,94.590336,2024,5605.223772542684,0.5515908340278042,1110663,5046.736744217358,0.04400000000000004,0.848,76.62435130201375,4970.145540238968,3202.8957315188654
울산,2023,1-2. 주거안정성,10024.0,9,0,97.706583,2024,10259.288261058113,83.03084189633012,1103661,9295.68795224087,0.09199999999999997,0.814,72.83375995175973,5046.736744217358,4970.145540238968
울산,2024,1-2. 주거안정성,14337.0,9,0,100.0,2024,14337.0,39.746536359836405,1098049,13056.794368921606,0.03400000000000003,0.859,74.37285598202419,9295.68795224087,5046.736744217358
울산,2016,1-3. 경제적 여건,7916.0,15,0,83.786765,2024,9447.792858454435,,1172304,8059.1662729585805,,1.418,,,
울산,2017,1-3. 경제적 여건,13424.4,13,0,85.339636,2024,15730.5569008989,66.49980727321176,1165132,13501.0942115562,,1.261,27.05322205005367,8059.1662729585805,
울산,2018,1-3. 경제적 여건,103296.0,14,0,86.797969,2024,119007.39290339848,656.5364255895987,1155623,102981.15640083182,0.15700000000000003,1.131,27.42134580507958,13501.0942115562,8059.1662729585805
울산,2019,1-3. 경제적 여건,91466.0,15,0,87.068452,2024,105050.6789761233,-11.727602451222696,1148019,91506.04561085076,0.1299999999999999,1.084,29.357156977727417,102981.15640083182,13501.0942115562
울산,2020,1-3. 경제적 여건,99421.0,17,0,87.535014,2024,113578.55040726902,8.117864172095457,1136017,99979.62214233504,0.04699999999999993,0.984,33.53443279208862,91506.04561085076,102981.15640083182
울산,2021,1-3. 경제적 여건,88980.0,20,0,89.802171,2024,99084.46422748508,-12.761288225471413,1121592,88342.69879553803,0.10000000000000009,0.94,43.24166407551659,99979.62214233504,91506.04561085076
울산,2022,1-3. 경제적 여건,112426.0,22,0,94.590336,2024,118855.69367255448,19.95391467190779,1110663,107013.28276223702,0.04400000000000004,0.848,54.621813312340144,88342.69879553803,99979.62214233504
울산,2023,1-3. 경제적 여건,159154.0,24,0,97.706583,2024,162889.7410116164,37.048328084622526,1103661,147590.3751347709,0.09199999999999997,0.814,62.334872096392935,107013.28276223702,88342.69879553803
울산,2024,1-3. 경제적 여건,203711.0,25,0,100.0,2024,203711.0,25.060669097308264,1098049,185520.86473372317,0.03400000000000003,0.859,73.69644631914697,147590.3751347709,107013.28276223702
울산,2016,2-1. 돌봄 여건,365990.0,41,0,83.786765,2024,436811.23146358493,,1172304,372609.1794138593,,1.418,,,
울산,2017,2-1. 돌봄 여건,1787681.0,44,0,85.339636,2024,2094783.9524415128,379.56274966252687,1165132,1797894.103364694,,1.261,21.48662580152669,372609.1794138593,
울산,2018,2-1. 돌봄 여건,497786.0,57,0,86.797969,2024,573499.5942128554,-72.62249438447195,1155623,496268.7608440256,0.15700000000000003,1.131,24.790217929675396,1797894.103364694,372609.1794138593
울산,2019,2-1. 돌봄 여건,170674.0,50,0,87.068452,2024,196022.77986979717,-65.81989214153778,1148019,170748.7244286002,0.1299999999999999,1.084,26.540092274579855,496268.7608440256,1797894.103364694
울산,2020,2-1. 돌봄 여건,314216.0,46,0,87.535014,2024,358960.3584229735,83.12175690060266,1136017,315981.5024097118,0.04699999999999993,0.984,30.77981558800482,170748.7244286002,496268.7608440256
울산,2021,2-1. 돌봄 여건,464438.0,68,0,89.802171,2024,517179.0334556611,44.07692139817119,1121592,461111.5570150831,0.10000000000000009,0.94,36.79125129603463,315981.5024097118,170748.7244286002
울산,2022,2-1. 돌봄 여건,399851.8,68,0,94.590336,2024,422719.50487626984,-18.26437702786138,1110663,380601.05079242744,0.04400000000000004,0.848,38.22960934171101,461111.5570150831,315981.5024097118
울산,2023,2-1. 돌봄 여건,412914.0,75,0,97.706583,2024,422606.1206131832,-0.0268225766208218,1103661,382912.9783630872,0.09199999999999997,0.814,37.01620334590769,380601.05079242744,461111.5570150831
울산,2024,2-1. 돌봄 여건,389419.0,82,0,100.0,2024,389419.0,-7.852967336353334,1098049,354646.28627684194,0.03400000000000003,0.859,39.9722192823438,382912.9783630872,380601.05079242744
울산,2016,2-2. 여가 인프라,1926.0,12,0,83.786765,2024,2298.692400882168,,1172304,1960.8330269982596,,1.418,,,
울산,2017,2-2. 여가 인프라,786.0,11,0,85.339636,2024,921.0257236156948,-59.93262416223095,1165132,790.4904539706185,,1.261,13.662123581396578,1960.8330269982596,
울산,2018,2-2. 여가 인프라,11307.0,10,0,86.797969,2024,13026.80250502175,1314.3798778911505,1155623,11272.536549568284,0.15700000000000003,1.131,13.958276263063835,790.4904539706185,1960.8330269982596
울산,2019,2-2. 여가 인프라,8231.0,8,0,87.068452,2024,9453.481497523351,-27.430530294144752,1148019,8234.603693426112,0.1299999999999999,1.084,19.487025264308816,11272.536549568284,790.4904539706185
울산,2020,2-2. 여가 인프라,3022.0,15,0,87.535014,2024,3452.332800220949,-63.480831891135544,1136017,3038.979874615388,0.04699999999999993,0.984,25.51374329434517,8234.603693426112,11272.536549568284
울산,2021,2-2. 여가 인프라,3002.0,13,0,89.802171,2024,3342.9035919410007,-3.169717828853147,1121592,2980.498783818894,0.10000000000000009,0.94,27.774074751942216,3038.979874615388,8234.603693426112
울산,2022,2-2. 여가 인프라,2407.0,15,0,94.590336,2024,2544.657416165643,-23.87882730748658,1110663,2291.115681503429,0.04400000000000004,0.848,29.325340473092268,2980.498783818894,3038.979874615388
울산,2023,2-2. 여가 인프라,2807.0,13,0,97.706583,2024,2872.887285394066,12.89878421917432,1103661,2603.0522827154955,0.09199999999999997,0.814,29.06337982533183,2291.115681503429,2980.498783818894
울산,2024,2-2. 여가 인프라,3360.0,15,0,100.0,2024,3360.0,16.955510822942642,1098049,3059.97273345725,0.03400000000000003,0.859,29.371300502336545,2603.0522827154955,2291.115681503429
울산,2016,2-3. 가사수행 격차,0.0,0,0,83.786765,2024,0.0,,1172304,0.0,,1.418,,,
울산,2017,2-3. 가사수행 격차,0.0,0,0,85.339636,2024,0.0,,1165132,0.0,,1.261,4.514106583072101,0.0,
울산,2018,2-3. 가사수행 격차,0.0,0,0,86.797969,2024,0.0,,1155623,0.0,0.15700000000000003,1.131,4.514106583072101,0.0,0.0
울산,2019,2-3. 가사수행 격차,0.0,0,0,87.068452,2024,0.0,,1148019,0.0,0.1299999999999999,1.084,4.514106583072101,0.0,0.0
울산,2020,2-3. 가사수행 격차,0.0,0,0,87.535014,2024,0.0,,1136017,0.0,0.04699999999999993,0.984,4.514106583072101,0.0,0.0
울산,2021,2-3. 가사수행 격차,0.0,0,0,89.802171,2024,0.0,,1121592,0.0,0.10000000000000009,0.94,4.514106583072101,0.0,0.0
울산,2022,2-3. 가사수행 격차,0.0,0,0,94.590336,2024,0.0,,1110663,0.0,0.04400000000000004,0.848,22.314939211490938,0.0,0.0
울산,2023,2-3. 가사수행 격차,0.0,0,0,97.706583,2024,0.0,,1103661,0.0,0.09199999999999997,0.814,40.11577183990975,0.0,0.0
울산,2024,2-3. 가사수행 격차,0.0,0,0,100.0,2024,0.0,,1098049,0.0,0.03400000000000003,0.859,57.91660446832859,0.0,0.0
울산,2016,3-1. 의료서비스 여건,2292.0,10,0,83.786765,2024,2735.515567404947,,1172304,2333.452387268957,,1.418,,,
울산,2017,3-1. 의료서비스 여건,4797.0,10,0,85.339636,2024,5621.069206341588,105.4848187785686,1165132,4824.405480530608,,1.261,34.98520637290057,2333.452387268957,
울산,2018,3-1. 의료서비스 여건,1363.0,11,0,86.797969,2024,1570.3132408547488,-72.0637981278873,1155623,1358.8456104237705,0.15700000000000003,1.131,35.13000027860628,4824.405480530608,2333.452387268957
울산,2019,3-1. 의료서비스 여건,13849.0,13,0,87.068452,2024,15905.87598823969,912.9110278393784,1148019,13855.06336414266,0.1299999999999999,1.084,34.47442845945281,1358.8456104237705,4824.405480530608
울산,2020,3-1. 의료서비스 여건,18285.0,11,0,87.535014,2024,20888.78400133688,31.327466759965915,1136017,18387.73891705571,0.04699999999999993,0.984,34.64175305250671,13855.06336414266,1358.8456104237705
울산,2021,3-1. 의료서비스 여건,10093.0,21,0,89.802171,2024,11239.14921834128,-46.195292087744434,1121592,10020.710934405097,0.10000000000000009,0.94,34.55801912304294,18387.73891705571,13855.06336414266
울산,2022,3-1. 의료서비스 여건,36223.2,21,0,94.590336,2024,38294.82115382273,240.7270462369966,1110663,34479.244517754465,0.04400000000000004,0.848,36.623736297612645,10020.710934405097,18387.73891705571
울산,2023,3-1. 의료서비스 여건,46782.0,23,0,97.706583,2024,47880.09012657827,25.03019647030966,1103661,43382.96825436277,0.09199999999999997,0.814,36.93851692007106,34479.244517754465,10020.710934405097
울산,2024,3-1. 의료서비스 여건,50633.0,24,0,100.0,2024,50633.0,5.749592087533673,1098049,46111.78553962528,0.03400000000000003,0.859,37.13046885459942,43382.96825436277,34479.244517754465
울산,2016,3-2. 산후조리 여건,874.0,2,0,83.786765,2024,1043.124173609042,,1172304,889.8068876409549,,1.418,,,
울산,2017,3-2. 산후조리 여건,899.0,1,0,85.339636,2024,1053.4378187411064,0.988726499969883,1165132,904.1360281419672,,1.261,36.14463347230961,889.8068876409549,
울산,2018,3-2. 산후조리 여건,1602.0,1,0,86.797969,2024,1845.6653058322136,75.20401043108988,1155623,1597.1171444599267,0.15700000000000003,1.131,37.37720354123721,904.1360281419672,889.8068876409549
울산,2019,3-2. 산후조리 여건,4021.0,2,0,87.068452,2024,4618.2054551745105,150.2190099462347,1148019,4022.760472757428,0.1299999999999999,1.084,38.49457815632136,1597.1171444599267,904.1360281419672
울산,2020,3-2. 산후조리 여건,10212.0,5,0,87.535014,2024,11666.188800746637,152.61303148986474,1136017,10269.378715940553,0.04699999999999993,0.984,38.69770720517026,4022.760472757428,1597.1171444599267
울산,2021,3-2. 산후조리 여건,4067.0,2,0,89.802171,2024,4528.8437403144735,-61.17974929374855,1121592,4037.8709373056095,0.10000000000000009,0.94,39.04513869759504,10269.378715940553,4022.760472757428
울산,2022,3-2. 산후조리 여건,5569.0,4,0,94.590336,2024,5887.493623027199,29.999928472214933,1110663,5300.882106478021,0.04400000000000004,0.848,40.68201326495789,4037.8709373056095,10269.378715940553
울산,2023,3-2. 산후조리 여건,8842.0,7,0,97.706583,2024,9049.5437753667,53.70791638689973,1103661,8199.568323395228,0.09199999999999997,0.814,43.881187917662935,5300.882106478021,4037.8709373056095
울산,2024,3-2. 산후조리 여건,8819.0,6,0,100.0,2024,8819.0,-2.547573458832842,1098049,8031.51771915461,0.03400000000000003,0.859,45.79484327908212,8199.568323395228,5300.882106478021
울산,2016,3-3. 아동안전 수준,5929.0,4,0,83.786765,2024,7076.296596485136,,1172304,6036.230019248536,,1.418,,,
울산,2017,3-3. 아동안전 수준,277.0,3,0,85.339636,2024,324.585401325124,-95.41306109912988,1165132,278.58251367666844,,1.261,32.07508779862313,6036.230019248536,
울산,2018,3-3. 아동안전 수준,154.0,3,0,86.797969,2024,177.42350630347124,-45.33842077335039,1155623,153.53061188940617,0.15700000000000003,1.131,50.546219430663974,278.58251367666844,6036.230019248536
울산,2019,3-3. 아동안전 수준,69.0,4,0,87.068452,2024,79.24799214300951,-55.33399503025207,1148019,69.03020955490241,0.1299999999999999,1.084,65.71525333809902,153.53061188940617,278.58251367666844
울산,2020,3-3. 아동안전 수준,72.0,2,0,87.535014,2024,82.25280000526418,3.791651726433965,1136017,72.40455028865253,0.04699999999999993,0.984,70.89346558149279,69.03020955490241,153.53061188940617
울산,2021,3-3. 아동안전 수준,12.0,1,0,89.802171,2024,13.362705897165892,-83.75410211407919,1121592,11.91405243365314,0.10000000000000009,0.94,87.17973323297979,72.40455028865253,69.03020955490241
울산,2022,3-3. 아동안전 수준,18.0,2,0,94.590336,2024,19.02942812255155,42.40699652446529,1110663,17.133395208584016,0.04400000000000004,0.848,85.64213661714149,11.91405243365314,72.40455028865253
울산,2023,3-3. 아동안전 수준,68.0,6,0,97.706583,2024,69.5961294644804,265.72895946359444,1103661,63.059335669630805,0.09199999999999997,0.814,82.47352616617002,17.133395208584016,11.91405243365314
울산,2024,3-3. 아동안전 수준,58.0,5,0,100.0,2024,58.0,-16.662032147058813,1098049,52.82095789896444,0.03400000000000003,0.859,74.9976180207646,63.059335669630805,17.133395208584016
울산,2016,4-1. 일·가정 양립 여건,1566.0,9,0,83.786765,2024,1869.0302698761552,,1172304,1594.3221808303606,,1.418,,,
울산,2017,4-1. 일·가정 양립 여건,1242.0,11,0,85.339636,2024,1455.3612579270905,-22.13281500125064,1165132,1249.095602839069,,1.261,4.064171122994646,1594.3221808303606,
울산,2018,4-1. 일·가정 양립 여건,101.0,2,0,86.797969,2024,116.36216971851036,-92.00458517878592,1155623,100.69215455084432,0.15700000000000003,1.131,15.826062482409236,1249.095602839069,1594.3221808303606
울산,2019,4-1. 일·가정 양립 여건,242.0,4,0,87.068452,2024,277.9422333131638,138.85961733571042,1148019,242.10595235197655,0.1299999999999999,1.084,14.764674953133609,100.69215455084432,1249.095602839069
울산,2020,4-1. 일·가정 양립 여건,3578.6,18,0,87.535014,2024,4088.192640261644,1370.8785316751,1136017,3598.707273096832,0.04699999999999993,0.984,14.933294921236069,242.10595235197655,100.69215455084432
울산,2021,4-1. 일·가정 양립 여건,93.0,19,0,89.802171,2024,103.56097070303566,-97.46682752463428,1121592,92.33390636081184,0.10000000000000009,0.94,27.988592075814463,3598.707273096832,242.10595235197655
울산,2022,4-1. 일·가정 양립 여건,298.0,19,0,94.590336,2024,315.0427544733534,204.2099280594312,1110663,283.652876231002,0.04400000000000004,0.848,27.42530380202843,92.33390636081184,3598.707273096832
울산,2023,4-1. 일·가정 양립 여건,134.0,20,0,97.706583,2024,137.14531394471138,-56.46771366826935,1103661,124.26398499603718,0.09199999999999997,0.814,42.850936857922854,283.652876231002,92.33390636081184
울산,2024,4-1. 일·가정 양립 여건,1042.0,21,0,100.0,2024,1042.0,659.7780558656717,1098049,948.9558298400162,0.03400000000000003,0.859,50.20359804008786,124.26398499603718,283.652876231002
울산,2016,4-2. 사회적 가치관,400.0,7,0,83.786765,2024,477.40236778445853,,1172304,407.2342735198878,,1.418,,,
울산,2017,4-2. 사회적 가치관,332.0,7,0,85.339636,2024,389.0337662091739,-18.510298133917512,1165132,333.89673119369644,,1.261,35.30196041712811,407.2342735198878,
울산,2018,4-2. 사회적 가치관,464.0,12,0,86.797969,2024,534.5747202909782,37.410879651909326,1155623,462.5857397187303,0.15700000000000003,1.131,30.855066623460843,333.89673119369644,407.2342735198878
울산,2019,4-2. 사회적 가치관,293.0,9,0,87.068452,2024,336.51683620147514,-37.04961655906527,1148019,293.12828115342614,0.1299999999999999,1.084,26.408172829793585,462.5857397187303,333.89673119369644
울산,2020,4-2. 사회적 가치관,440.0,9,0,87.535014,2024,502.65600003217,49.37023826386686,1136017,442.4722517639877,0.04699999999999993,0.984,33.51657413772688,293.12828115342614,462.5857397187303
울산,2021,4-2. 사회적 가치관,127.0,4,0,89.802171,2024,141.4219707450057,-71.86505866120076,1121592,126.0903882561624,0.10000000000000009,0.94,40.62497544566017,442.4722517639877,293.12828115342614
울산,2022,4-2. 사회적 가치관,335.0,7,0,94.590336,2024,354.15880116970936,150.427001762183,1110663,318.8715219375359,0.04400000000000004,0.848,41.19868883600374,126.0903882561624,442.4722517639877
울산,2023,4-2. 사회적 가치관,134.0,8,0,97.706583,2024,137.14531394471138,-61.27575723326646,1103661,124.26398499603718,0.09199999999999997,0.814,41.77240222634732,318.8715219375359,126.0903882561624
울산,2024,4-2. 사회적 가치관,155.0,8,0,100.0,2024,155.0,13.018808694029849,1098049,141.1594564541291,0.03400000000000003,0.859,43.3705015412154,124.26398499603718,318.8715219375359
인천,2016,1-1. 고용여건,0.0,0,0,83.786765,2024,0.0,,2943069,0.0,,1.144,,,
인천,2017,1-1. 고용여건,523.0,3,0,85.339636,2024,612.8453606246926,inf,2948542,207.8469157382505,,1.007,45.2163088033422,0.0,
인천,2018,1-1. 고용여건,10242.0,13,0,86.797969,2024,11799.81526987112,1825.41479923144,2954642,3993.653129506424,0.137,1.006,49.25765213940235,207.8469157382505,0.0
인천,2019,1-1. 고용여건,8211.0,11,0,87.068452,2024,9430.51106501813,-20.07916353489547,2957026,3189.187739647244,0.0009999999999998899,0.94,56.60203659825561,3993.653129506424,207.8469157382505
인천,2020,1-1. 고용여건,14168.0,23,0,87.535014,2024,16185.523201035874,71.62933259338429,2942828,5499.9895342289365,0.06600000000000006,0.829,51.77890835789267,3189.187739647244,3993.653129506424
인천,2021,1-1. 고용여건,33955.0,31,0,89.802171,2024,37810.88989485566,133.60931509730722,2948375,12824.31505315832,0.11099999999999999,0.778,31.612206263804257,5499.9895342289365,3189.187739647244
인천,2022,1-1. 고용여건,42719.5,31,1,94.590336,2024,45162.647482296714,19.443492623116732,2967314,15220.043272230952,0.050999999999999934,0.747,54.19027562379388,12824.31505315832,5499.9895342289365
인천,2023,1-1. 고용여건,29833.0,30,0,97.706583,2024,30533.254857556527,-32.39268165240923,2997410,10186.546003902213,0.031000000000000028,0.694,59.63763180599904,15220.043272230952,12824.31505315832
인천,2024,1-1. 고용여건,25707.0,27,0,100.0,2024,25707.0,-15.806552167700191,3021010,8509.405794750763,0.05300000000000005,0.762,74.42738575426795,10186.546003902213,15220.043272230952
인천,2016,1-2. 주거안정성,0.0,0,0,83.786765,2024,0.0,,2943069,0.0,,1.144,,,
인천,2017,1-2. 주거안정성,0.0,0,0,85.339636,2024,0.0,,2948542,0.0,,1.007,75.60841975077088,0.0,
인천,2018,1-2. 주거안정성,7413.0,2,0,86.797969,2024,8540.522417062548,inf,2954642,2890.5439024634957,0.137,1.006,71.90506000674462,0.0,0.0
인천,2019,1-2. 주거안정성,12624.0,3,0,87.068452,2024,14498.936997294955,69.76639471525165,2957026,4903.215932932262,0.0009999999999998899,0.94,71.35634659075347,2890.5439024634957,0.0
인천,2020,1-2. 주거안정성,83636.0,2,0,87.535014,2024,95545.76640611493,558.9846305556107,2942828,32467.329523205204,0.06600000000000006,0.829,71.46854557493884,4903.215932932262,2890.5439024634957
인천,2021,1-2. 주거안정성,377208.0,4,0,89.802171,2024,420043.2971715127,339.62523193976904,2948375,142466.0354166321,0.11099999999999999,0.778,67.2230896469717,32467.329523205204,4903.215932932262
인천,2022,1-2. 주거안정성,666604.0,4,0,94.590336,2024,704727.3835669641,67.7749385152571,2967314,237496.7339374815,0.050999999999999934,0.747,63.70120891643926,142466.0354166321,32467.329523205204
인천,2023,1-2. 주거안정성,6748.0,6,0,97.706583,2024,6906.392376857555,-99.0199909159339,2997410,2304.1200158995784,0.031000000000000028,0.694,62.414162741051335,237496.7339374815,142466.0354166321
인천,2024,1-2. 주거안정성,45571.0,5,0,100.0,2024,45571.0,559.8379807191761,3021010,15084.69021949613,0.05300000000000005,0.762,57.860378629087506,2304.1200158995784,237496.7339374815
인천,2016,1-3. 경제적 여건,2988.0,9,0,83.786765,2024,3566.1956873499053,,2943069,1211.726835949108,,1.144,,,
인천,2017,1-3. 경제적 여건,2859.0,9,0,85.339636,2024,3350.143185518157,-6.058346786693026,2948542,1136.2033118463828,,1.007,5.886668146885915,1211.726835949108,
인천,2018,1-3. 경제적 여건,41457.0,16,0,86.797969,2024,47762.63831703251,1325.6894607818144,2954642,16165.287813898442,0.137,1.006,8.69258921297231,1136.2033118463828,1211.726835949108
인천,2019,1-3. 경제적 여건,237120.0,22,0,87.068452,2024,272337.44778189005,470.18928890444585,2957026,92098.42855013451,0.0009999999999998899,0.94,18.803219064972005,16165.287813898442,1136.2033118463828
인천,2020,1-3. 경제적 여건,241731.0,28,0,87.535014,2024,276153.49441767385,1.401219944911869,2942828,93839.49534858095,0.06600000000000006,0.829,27.97308820968322,92098.42855013451,16165.287813898442
인천,2021,1-3. 경제적 여건,228599.0,32,0,89.802171,2024,254558.4337821855,-7.819948351921447,2948375,86338.5538753332,0.11099999999999999,0.778,33.21355575040184,93839.49534858095,92098.42855013451
인천,2022,1-3. 경제적 여건,309175.0,34,2,94.590336,2024,326856.85776610416,28.40150409071942,2967314,110152.43340142102,0.050999999999999934,0.747,38.0204553129788,86338.5538753332,93839.49534858095
인천,2023,1-3. 경제적 여건,431707.0,22,0,97.706583,2024,441840.239157683,35.17851275247219,2997410,147407.34139062825,0.031000000000000028,0.694,46.01151980897216,110152.43340142102,86338.5538753332
인천,2024,1-3. 경제적 여건,568484.0,26,0,100.0,2024,568484.0,28.662794743129005,3021010,188176.80179807416,0.05300000000000005,0.762,52.77550512154581,147407.34139062825,110152.43340142102
인천,2016,2-1. 돌봄 여건,494060.2,51,0,83.786765,2024,589663.7732701579,,2943069,200356.76135019527,,1.144,,,
인천,2017,2-1. 돌봄 여건,524692.0,39,0,85.339636,2024,614828.0266862165,4.267559676678578,2948542,208519.3382648836,,1.007,25.785504567641823,200356.76135019527,
인천,2018,2-1. 돌봄 여건,689330.0,76,0,86.797969,2024,794177.5688322847,29.170684217621236,2954642,268789.7785357023,0.137,1.006,28.037054926506613,208519.3382648836,200356.76135019527
인천,2019,2-1. 돌봄 여건,943795.0,82,0,87.068452,2024,1083968.9673132123,36.4894967893668,2957026,366574.04003658146,0.0009999999999998899,0.94,29.46541549722989,268789.7785357023,208519.3382648836
인천,2020,2-1. 돌봄 여건,1275456.0,90,0,87.535014,2024,1457080.9344932532,34.42090857129034,2942828,495129.4926150129,0.06600000000000006,0.829,30.17129332301156,366574.04003658146,268789.7785357023
인천,2021,2-1. 돌봄 여건,1203811.0,91,0,89.802171,2024,1340514.362397764,-8.000006680207427,2948375,454662.09773104306,0.11099999999999999,0.778,35.76025939142389,495129.4926150129,366574.04003658146
인천,2022,2-1. 돌봄 여건,1086093.5,106,0,94.590336,2024,1148207.6773678022,-14.345738503389471,2967314,386951.8619761179,0.050999999999999934,0.747,37.381776166670235,454662.09773104306,495129.4926150129
인천,2023,2-1. 돌봄 여건,1334732.0,94,0,97.706583,2024,1366061.486358601,18.97338027648583,2997410,455747.2906137635,0.031000000000000028,0.694,35.52426390932854,386951.8619761179,454662.09773104306
인천,2024,2-1. 돌봄 여건,1279411.0,88,0,100.0,2024,1279411.0,-6.343088303409983,3021010,423504.39091562096,0.05300000000000005,0.762,35.215327087427845,455747.2906137635,386951.8619761179
인천,2016,2-2. 여가 인프라,5075.0,7,0,83.786765,2024,6057.042541265318,,2943069,2058.0701781933476,,1.144,,,
인천,2017,2-2. 여가 인프라,5935.0,7,0,85.339636,2024,6954.564465215202,14.817824339770812,2948542,2358.6452101463037,,1.007,11.34614917962405,2058.0701781933476,
인천,2018,2-2. 여가 인프라,4439.0,10,0,86.797969,2024,5114.174964163044,-26.463044670263315,2954642,1730.8949660104486,0.137,1.006,11.55260570701392,2358.6452101463037,2058.0701781933476
인천,2019,2-2. 여가 인프라,7725.0,9,0,87.068452,2024,8872.329555141281,73.4850609788098,2957026,3000.423247932646,0.0009999999999998899,0.94,17.10231652227083,1730.8949660104486,2358.6452101463037
인천,2020,2-2. 여가 인프라,4910.0,7,0,87.535014,2024,5609.184000358988,-36.77890383243696,2942828,1906.0522736493565,0.06600000000000006,0.829,23.02473249543451,3000.423247932646,1730.8949660104486
인천,2021,2-2. 여가 인프라,9802.0,8,0,89.802171,2024,10915.103600335007,94.59343105229638,2948375,3702.0743970271783,0.11099999999999999,0.778,23.77920728052283,1906.0522736493565,3000.423247932646
인천,2022,2-2. 여가 인프라,11488.0,8,0,94.590336,2024,12145.0039039929,11.26787567660048,2967314,4092.928454485403,0.050999999999999934,0.747,24.107625332793493,3702.0743970271783,1906.0522736493565
인천,2023,2-2. 여가 인프라,11759.0,7,0,97.706583,2024,12035.013034894486,-0.9056470460437782,2997410,4015.137413598568,0.031000000000000028,0.694,28.587896335536364,4092.928454485403,3702.0743970271783
인천,2024,2-2. 여가 인프라,13184.0,7,0,100.0,2024,13184.0,9.54703548533038,3021010,4364.103395884158,0.05300000000000005,0.762,33.29704790423841,4015.137413598568,4092.928454485403
인천,2016,2-3. 가사수행 격차,0.0,0,0,83.786765,2024,0.0,,2943069,0.0,,1.144,,,
인천,2017,2-3. 가사수행 격차,0.0,0,0,85.339636,2024,0.0,,2948542,0.0,,1.007,27.138627655869023,0.0,
인천,2018,2-3. 가사수행 격차,5.0,1,0,86.797969,2024,5.760503451411404,inf,2954642,1.949645152073045,0.137,1.006,27.138627655869023,0.0,0.0
인천,2019,2-3. 가사수행 격차,15.0,2,0,87.068452,2024,17.22782437891511,199.06803327570356,2957026,5.826064559092517,0.0009999999999998899,0.94,27.138627655869023,1.949645152073045,0.0
인천,2020,2-3. 가사수행 격차,47.0,2,0,87.535014,2024,53.69280000343634,211.6632653229865,2942828,18.245306896439867,0.06600000000000006,0.829,27.138627655869023,5.826064559092517,1.949645152073045
인천,2021,2-3. 가사수행 격차,232.0,2,0,89.802171,2024,258.3456473452073,381.1551033447188,2948375,87.62306265153084,0.11099999999999999,0.778,27.138627655869023,18.245306896439867,5.826064559092517
인천,2022,2-3. 가사수행 격차,232.0,2,0,94.590336,2024,245.2681846906644,-5.062002317023162,2967314,82.65663313375815,0.050999999999999934,0.747,28.884908195253026,87.62306265153084,18.245306896439867
인천,2023,2-3. 가사수행 격차,198.0,2,0,97.706583,2024,202.64755344069297,-17.377154441667674,2997410,67.60755233374577,0.031000000000000028,0.694,30.631188734637004,82.65663313375815,87.62306265153084
인천,2024,2-3. 가사수행 격차,197.0,3,0,100.0,2024,197.0,-2.7868845909091,3021010,65.20997944396079,0.05300000000000005,0.762,32.377469274020996,67.60755233374577,82.65663313375815
인천,2016,3-1. 의료서비스 여건,6818.0,16,0,83.786765,2024,8137.323358886096,,2943069,2764.9108324969943,,1.144,,,
인천,2017,3-1. 의료서비스 여건,17677.0,17,0,85.339636,2024,20713.704473733636,154.55181710474756,2948542,7025.066786816547,,1.007,27.206997589852172,2764.9108324969943,
인천,2018,3-1. 의료서비스 여건,9401.0,27,0,86.797969,2024,10830.898589343722,-47.711436150505925,2954642,3665.722814927738,0.137,1.006,28.111294756724693,7025.066786816547,2764.9108324969943
인천,2019,3-1. 의료서비스 여건,4148.0,30,0,87.068452,2024,4764.067701582659,-56.0141048105656,2957026,1611.1010527410508,0.0009999999999998899,0.94,30.12625127838598,3665.722814927738,7025.066786816547
인천,2020,3-1. 의료서비스 여건,8261.0,35,0,87.535014,2024,9437.36640060399,98.09471635906492,2942828,3206.903835563611,0.06600000000000006,0.829,32.240289234019734,1611.1010527410508,3665.722814927738
인천,2021,3-1. 의료서비스 여건,11803.0,36,0,89.802171,2024,13143.33480868742,39.26909532564346,2948375,4457.823312396632,0.11099999999999999,0.778,27.851461563233535,3206.903835563611,1611.1010527410508
인천,2022,3-1. 의료서비스 여건,707913.0,38,2,94.590336,2024,748398.8639177686,5594.132233648156,2967314,252214.24625697467,0.050999999999999934,0.747,28.479950721469123,4457.823312396632,3206.903835563611
인천,2023,3-1. 의료서비스 여건,797657.0,37,0,97.706583,2024,816379.9976507212,9.083543149314854,2997410,272361.80490847805,0.031000000000000028,0.694,28.16011827164385,252214.24625697467,4457.823312396632
인천,2024,3-1. 의료서비스 여건,792974.0,36,0,100.0,2024,792974.0,-2.867046928890482,3021010,262486.3870030222,0.05300000000000005,0.762,30.493772369965757,272361.80490847805,252214.24625697467
인천,2016,3-2. 산후조리 여건,3258.0,3,0,83.786765,2024,3888.442285604415,,2943069,1321.22022473969,,1.144,,,
인천,2017,3-2. 산후조리 여건,406.0,3,0,85.339636,2024,475.746111689532,-87.7651234930035,2948542,161.34961336468396,,1.007,38.06835445828668,1321.22022473969,
인천,2018,3-2. 산후조리 여건,1380.0,5,0,86.797969,2024,1589.8989525895474,234.19063519894885,2954642,538.1020619721602,0.137,1.006,39.33074494486276,161.34961336468396,1321.22022473969
인천,2019,3-2. 산후조리 여건,7582.0,6,0,87.068452,2024,8708.090962728957,447.713485095745,2957026,2944.881432469297,0.0009999999999998899,0.94,40.475152974542674,538.1020619721602,161.34961336468396
인천,2020,3-2. 산후조리 여건,11298.0,6,0,87.535014,2024,12906.835200826035,48.21658680493699,2942828,4385.861219488885,0.06600000000000006,0.829,40.683196464546626,2944.881432469297,538.1020619721602
인천,2021,3-2. 산후조리 여건,12159.0,7,0,89.802171,2024,13539.761750303342,4.903809025444117,2948375,4592.2793912929465,0.11099999999999999,0.778,41.039033606653746,4385.861219488885,2944.881432469297
인천,2022,3-2. 산후조리 여건,11570.0,6,0,94.590336,2024,12231.693520995634,-9.6609397818865,2967314,4122.143298955093,0.050999999999999934,0.747,42.71551020920103,4592.2793912929465,4385.861219488885
인천,2023,3-2. 산후조리 여건,11359.0,5,0,97.706583,2024,11625.624038044602,-4.954910633680587,2997410,3878.556499793022,0.031000000000000028,0.694,45.992084700405435,4122.143298955093,4592.2793912929465
인천,2024,3-2. 산후조리 여건,10399.0,5,0,100.0,2024,10399.0,-10.551038241306454,3021010,3442.226275318519,0.05300000000000005,0.762,47.952038445625575,3878.556499793022,4122.143298955093
인천,2016,3-3. 아동안전 수준,176.0,2,0,83.786765,2024,210.05704182516175,,2943069,71.37346824867572,,1.144,,,
인천,2017,3-3. 아동안전 수준,295.0,2,0,85.339636,2024,345.67759346899487,64.56367778268299,2948542,117.23678803591568,,1.007,34.85373034569501,71.37346824867572,
인천,2018,3-3. 아동안전 수준,805.0,5,0,86.797969,2024,927.441055677236,168.296549501529,2954642,313.89286948376014,0.137,1.006,44.17363022908483,117.23678803591568,71.37346824867572
인천,2019,3-3. 아동안전 수준,9424.0,7,0,87.068452,2024,10823.667796459731,1067.046437097404,2957026,3660.3221603258585,0.0009999999999998899,0.94,53.96834469192585,313.89286948376014,117.23678803591568
인천,2020,3-3. 아동안전 수준,8991.0,8,0,87.535014,2024,10271.318400657365,-5.103162866685851,2942828,3490.288389487039,0.06600000000000006,0.829,62.91573269904093,3660.3221603258585,313.89286948376014
인천,2021,3-3. 아동안전 수준,8823.0,10,0,89.802171,2024,9824.929510891225,-4.3459746096233705,2948375,3332.320180062313,0.11099999999999999,0.778,77.390922964171,3490.288389487039,3660.3221603258585
인천,2022,3-3. 아동안전 수준,11601.0,8,0,94.590336,2024,12264.466424984474,24.830070397848168,2967314,4133.187935279001,0.050999999999999934,0.747,79.42607290747648,3332.320180062313,3490.288389487039
인천,2023,3-3. 아동안전 수준,12997.0,7,0,97.706583,2024,13302.07198014488,8.460258434452994,2997410,4437.8553418267375,0.031000000000000028,0.694,81.42646347154104,4133.187935279001,3332.320180062313
인천,2024,3-3. 아동안전 수준,20164.0,7,0,100.0,2024,20164.0,51.58540737185504,3021010,6674.588961969673,0.05300000000000005,0.762,72.9126270564664,4437.8553418267375,4133.187935279001
인천,2016,4-1. 일·가정 양립 여건,0.0,1,0,83.786765,2024,0.0,,2943069,0.0,,1.144,,,
인천,2017,4-1. 일·가정 양립 여건,0.0,0,0,85.339636,2024,0.0,,2948542,0.0,,1.007,16.642274134534194,0.0,
인천,2018,4-1. 일·가정 양립 여건,304.0,9,2,86.797969,2024,350.23860984581336,inf,2954642,118.53842524604109,0.137,1.006,25.29974669293555,0.0,0.0
인천,2019,4-1. 일·가정 양립 여건,1530.0,12,0,87.068452,2024,1757.238086649341,401.72597687700267,2957026,594.2585850274368,0.0009999999999998899,0.94,22.22425795453089,118.53842524604109,0.0
인천,2020,4-1. 일·가정 양립 여건,764.0,5,0,87.535014,2024,872.7936000558587,-50.33151132524789,2942828,296.5832865719161,0.06600000000000006,0.829,26.39480316923069,594.2585850274368,118.53842524604109
인천,2021,4-1. 일·가정 양립 여건,1272.0,7,0,89.802171,2024,1416.4468250995849,62.288864745219506,2948375,480.4161021239105,0.11099999999999999,0.778,41.07351551305128,296.5832865719161,594.2585850274368
인천,2022,4-1. 일·가정 양립 여건,1385.0,6,0,94.590336,2024,1464.2087749852165,3.371955024310491,2967314,493.4458486648924,0.050999999999999934,0.747,34.86107443605722,480.4161021239105,296.5832865719161
인천,2023,4-1. 일·가정 양립 여건,2677.0,2,0,97.706583,2024,2739.8358614178537,87.120573802429,2997410,914.0677656436236,0.031000000000000028,0.694,51.802461371305185,493.4458486648924,480.4161021239105
인천,2024,4-1. 일·가정 양립 여건,2315.0,6,0,100.0,2024,2315.0,-15.505887319760935,3021010,766.3000122475596,0.05300000000000005,0.762,59.091342691228945,914.0677656436236,493.4458486648924
인천,2016,4-2. 사회적 가치관,31.0,7,0,83.786765,2024,36.99868350329554,,2943069,12.5714631574372,,1.144,,,
인천,2017,4-2. 사회적 가치관,66.0,7,0,85.339636,2024,77.33803786085987,109.02916141319254,2948542,26.229247492781138,,1.007,41.91312571441239,12.5714631574372,
인천,2018,4-2. 사회적 가치관,88.0,15,1,86.797969,2024,101.38486074484072,31.093138058718097,2954642,34.31375467648558,0.137,1.006,42.389869197313,26.229247492781138,12.5714631574372
인천,2019,4-2. 사회적 가치관,138.0,18,0,87.068452,2024,158.49598428601902,56.33101739411779,2957026,53.59979394365117,0.0009999999999998899,0.94,42.8666126802136,34.31375467648558,26.229247492781138
인천,2020,4-2. 사회적 가치관,92.0,11,0,87.535014,2024,105.10080000672644,-33.68866695255609,2942828,35.714217754733355,0.06600000000000006,0.829,47.30791670210839,53.59979394365117,34.31375467648558
인천,2021,4-2. 사회적 가치관,87.0,11,0,89.802171,2024,96.87961775445272,-7.822188082057957,2948375,32.858648494324065,0.11099999999999999,0.778,51.74922072400319,35.714217754733355,53.59979394365117
인천,2022,4-2. 사회적 가치관,88.0,11,1,94.590336,2024,93.032759710252,-3.9707609643452657,2967314,31.352516016253084,0.050999999999999934,0.747,46.32109733377644,32.858648494324065,35.714217754733355
인천,2023,4-2. 사회적 가치관,93.0,10,0,97.706583,2024,95.1829417675982,2.311209582563034,2997410,31.755062459789684,0.031000000000000028,0.694,40.89297394354965,31.352516016253084,32.858648494324065
인천,2024,4-2. 사회적 가치관,45.0,10,0,100.0,2024,45.0,-52.722621129032255,3021010,14.895680583645866,0.05300000000000005,0.762,44.03724947841074,31.755062459789684,31.352516016253084
전남,2016,1-1. 고용여건,5363.0,1,0,83.786765,2024,6400.772246070128,,1903914,3361.9019798531485,,1.466,,,
전남,2017,1-1. 고용여건,18649.0,2,0,85.339636,2024,21852.682849502664,241.40697418064704,1896424,11523.099712671145,,1.325,34.359471316463186,3361.9019798531485,
전남,2018,1-1. 고용여건,996.0,9,0,86.797969,2024,1147.4922875211516,-94.74896379806626,1882970,609.4055070028473,0.14100000000000001,1.24,34.117370892018776,11523.099712671145,3361.9019798531485
전남,2019,1-1. 고용여건,21877.0,12,0,87.068452,2024,25126.207595835054,2089.662437741823,1868745,13445.498233218046,0.08499999999999996,1.234,35.59390696098424,609.4055070028473,11523.099712671145
전남,2020,1-1. 고용여건,33911.0,19,0,87.535014,2024,38739.92640247935,54.18135130309485,1851549,20922.982001815428,0.006000000000000005,1.145,39.45009124717041,13445.498233218046,609.4055070028473
전남,2021,1-1. 고용여건,28971.0,28,0,89.802171,2024,32260.912712232755,-16.724383063959415,1832803,17601.953244420023,0.08899999999999997,1.017,21.18397408830136,20922.982001815428,13445.498233218046
전남,2022,1-1. 고용여건,6581.8,31,0,94.590336,2024,6958.2161120560995,-78.43143442926316,1817697,3828.039608392433,0.1280000000000001,0.969,31.603016743557134,17601.953244420023,20922.982001815428
전남,2023,1-1. 고용여건,34682.0,43,0,97.706583,2024,35496.07297186925,410.1317981539443,1804217,19673.948849761007,0.04799999999999993,0.972,31.114019053499728,3828.039608392433,17601.953244420023
전남,2024,1-1. 고용여건,39105.0,39,0,100.0,2024,39105.0,10.167116320137248,1788819,21860.791952679392,-0.0030000000000000027,1.028,45.56772286755516,19673.948849761007,3828.039608392433
전남,2016,1-2. 주거안정성,7.5,1,0,83.786765,2024,8.951294395958598,,1903914,4.7015224405926945,,1.466,,,
전남,2017,1-2. 주거안정성,309.0,1,0,85.339636,2024,362.0826318031166,3945.030984195902,1896424,190.92915497964415,,1.325,98.29760773669004,4.7015224405926945,
전남,2018,1-2. 주거안정성,4128.0,7,0,86.797969,2024,4755.871649485255,1213.476878413564,1882970,2525.7288483009584,0.14100000000000001,1.24,92.36484775426337,190.92915497964415,4.7015224405926945
전남,2019,1-2. 주거안정성,5334.0,11,0,87.068452,2024,6126.214349142213,28.81370231690914,1868745,3278.2505634220897,0.08499999999999996,1.234,90.54817640294044,2525.7288483009584,190.92915497964415
전남,2020,1-2. 주거안정성,3079.0,15,0,87.535014,2024,3517.4496002251167,-42.58363485571434,1851549,1899.73346653268,0.006000000000000005,1.145,93.43116626409568,3278.2505634220897,2525.7288483009584
전남,2021,1-2. 주거안정성,5417.0,19,0,89.802171,2024,6032.148153745637,71.49209908678091,1832803,3291.21468796463,0.08899999999999997,1.017,91.77530160427916,1899.73346653268,3278.2505634220897
전남,2022,1-2. 주거안정성,9082.0,23,0,94.590336,2024,9601.40367827851,59.17055472711756,1817697,5282.1805164879015,0.1280000000000001,0.969,87.0554365668962,3291.21468796463,1899.73346653268
전남,2023,1-2. 주거안정성,6828.0,24,0,97.706583,2024,6988.270176227532,-27.216161194875433,1804217,3873.298043543284,0.04799999999999993,0.972,89.10601460613866,5282.1805164879015,3291.21468796463
전남,2024,1-2. 주거안정성,8448.0,18,0,100.0,2024,8448.0,20.888285469244284,1788819,4722.668978806688,-0.0030000000000000027,1.028,91.25205673743253,3873.298043543284,5282.1805164879015
전남,2016,1-3. 경제적 여건,22531.0,28,1,83.786765,2024,26890.88187137909,,1903914,14124.000281199198,,1.466,,,
전남,2017,1-3. 경제적 여건,38008.0,32,1,85.339636,2024,44537.335500235786,65.62244300228188,1896424,23484.903956201662,,1.325,16.396943956148885,14124.000281199198,
전남,2018,1-3. 경제적 여건,30641.0,29,1,86.797969,2024,35301.51725093937,-20.73724919904003,1882970,18747.785281199045,0.14100000000000001,1.24,18.728394404646327,23484.903956201662,14124.000281199198
전남,2019,1-3. 경제적 여건,45435.0,47,0,87.068452,2024,52183.08004373387,47.82106863224212,1868745,27924.130924087487,0.08499999999999996,1.234,24.485220392049335,18747.785281199045,23484.903956201662
전남,2020,1-3. 경제적 여건,36117.0,46,0,87.535014,2024,41260.06080264064,-20.932109089648996,1851549,22284.077171406556,0.006000000000000005,1.145,30.323851658347,27924.130924087487,18747.785281199045
전남,2021,1-3. 경제적 여건,60084.5,56,0,89.802171,2024,66907.625206522,62.16075280780953,1832803,36505.62837714801,0.08899999999999997,1.017,41.051102274132035,22284.077171406556,27924.130924087487
전남,2022,1-3. 경제적 여건,75822.0,57,1,94.590336,2024,80158.29439489463,19.804423109432044,1817697,44098.82086777644,0.1280000000000001,0.969,51.103459339036235,36505.62837714801,22284.077171406556
전남,2023,1-3. 경제적 여건,57092.0,57,0,97.706583,2024,58432.09152038405,-27.104123208358025,1804217,32386.398931161853,0.04799999999999993,0.972,59.05415761845569,44098.82086777644,36505.62837714801
전남,2024,1-3. 경제적 여건,51371.0,44,0,100.0,2024,51371.0,-12.084269682389824,1788819,28717.830031993177,-0.0030000000000000027,1.028,67.89653343782675,32386.398931161853,44098.82086777644
전남,2016,2-1. 돌봄 여건,946694.0,81,3,83.786765,2024,1129884.8929183504,,1903914,593453.7447165946,,1.466,,,
전남,2017,2-1. 돌봄 여건,89551.0,72,0,85.339636,2024,104934.82770421004,-90.7127860225499,1896424,55332.99921547609,,1.325,65.09287157300902,593453.7447165946,
전남,2018,2-1. 돌봄 여건,317129.0,68,0,86.797969,2024,365364.53980852943,248.18234117505563,1882970,194036.3042472952,0.14100000000000001,1.24,69.03746208959289,55332.99921547609,593453.7447165946
전남,2019,2-1. 돌봄 여건,119384.0,98,0,87.068452,2024,137115.1057101601,-62.47169859942736,1868745,73372.8281334051,0.08499999999999996,1.234,70.07629235811095,194036.3042472952,55332.99921547609
전남,2020,2-1. 돌봄 여건,117428.0,87,0,87.535014,2024,134149.74720858558,-2.162678201074963,1851549,72452.71240922362,0.006000000000000005,1.145,73.3652877851943,73372.8281334051,194036.3042472952
전남,2021,2-1. 돌봄 여건,128578.68,92,0,89.802171,2024,143179.92379048385,6.731415280162634,1832803,78120.73844842236,0.08899999999999997,1.017,77.05055700725485,72452.71240922362,73372.8281334051
전남,2022,2-1. 돌봄 여건,368603.9,101,0,94.590336,2024,389684.5233745655,172.16422041458378,1817697,214383.65325715207,0.1280000000000001,0.969,81.326213752611,78120.73844842236,72452.71240922362
전남,2023,2-1. 돌봄 여건,536687.0,119,0,97.706583,2024,549284.3813809352,40.95617055157255,1804217,304444.7432769646,0.04799999999999993,0.972,82.56733096599756,214383.65325715207,78120.73844842236
전남,2024,2-1. 돌봄 여건,402666.0,94,0,100.0,2024,402666.0,-26.692617949982026,1788819,225101.5893726531,-0.0030000000000000027,1.028,83.62346095092954,304444.7432769646,214383.65325715207
전남,2016,2-2. 여가 인프라,9600.0,10,0,83.786765,2024,11457.656826827006,,1903914,6017.948723958648,,1.466,,,
전남,2017,2-2. 여가 인프라,4072.0,10,0,85.339636,2024,4771.522578324567,-58.35516239976306,1896424,2516.0631685343396,,1.325,32.22990087599185,6017.948723958648,
전남,2018,2-2. 여가 인프라,8287.0,15,0,86.797969,2024,9547.45842036926,100.0924917287445,1882970,5070.425137080921,0.14100000000000001,1.24,33.84520851574421,2516.0631685343396,6017.948723958648
전남,2019,2-2. 여가 인프라,6235.0,8,0,87.068452,2024,7161.03233350238,-24.995406963758025,1868745,3832.000799200736,0.08499999999999996,1.234,37.12425219628652,5070.425137080921,2516.0631685343396
전남,2020,2-2. 여가 인프라,1190.0,10,0,87.535014,2024,1359.4560000870051,-81.01592149323378,1851549,734.2263154186063,0.006000000000000005,1.145,41.28325042405855,3832.000799200736,5070.425137080921
전남,2021,2-2. 여가 인프라,1376.0,11,0,89.802171,2024,1532.2569428750223,12.711036089212,1832803,836.0183516040853,0.08899999999999997,1.017,46.12334537268314,734.2263154186063,3832.000799200736
전남,2022,2-2. 여가 인프라,6933.4,17,1,94.590336,2024,7329.924274716605,378.3743554761276,1817697,4032.533626185555,0.1280000000000001,0.969,50.03477437943307,836.0183516040853,734.2263154186063
전남,2023,2-2. 여가 인프라,13535.0,18,0,97.706583,2024,13852.700180907974,88.98831231709494,1804217,7677.956798382886,0.04799999999999993,0.972,53.476358432593514,4032.533626185555,836.0183516040853
전남,2024,2-2. 여가 인프라,9882.0,15,0,100.0,2024,9882.0,-28.663727136608784,1788819,5524.315204612652,-0.0030000000000000027,1.028,54.40489644046834,7677.956798382886,4032.533626185555
전남,2016,2-3. 가사수행 격차,13.0,1,0,83.786765,2024,15.515576952994902,,1903914,8.149305563694002,,1.466,,,
전남,2017,2-3. 가사수행 격차,13.0,1,0,85.339636,2024,15.23324988168452,-1.81963630592471,1896424,8.032618170664641,,1.325,19.330248295765543,8.149305563694002,
전남,2018,2-3. 가사수행 격차,32.0,4,0,86.797969,2024,36.867222089032985,142.0181010314796,1882970,19.579293397681845,0.14100000000000001,1.24,19.330248295765543,8.032618170664641,8.149305563694002
전남,2019,2-3. 가사수행 격차,24.0,5,0,87.068452,2024,27.564519006264177,-25.2329916810741,1868745,14.750283749930665,0.08499999999999996,1.234,19.330248295765543,19.579293397681845,8.032618170664641
전남,2020,2-3. 가사수행 격차,85.0,5,0,87.535014,2024,97.10400000621466,252.27895681454584,1851549,52.444736815614746,0.006000000000000005,1.145,19.330248295765543,14.750283749930665,19.579293397681845
전남,2021,2-3. 가사수행 격차,44.0,3,0,89.802171,2024,48.99658828960827,-49.542152448434166,1832803,26.73314496408413,0.08899999999999997,1.017,19.330248295765543,52.444736815614746,14.750283749930665
전남,2022,2-3. 가사수행 격차,23.0,3,0,94.590336,2024,24.315380378815867,-50.37331939298938,1817697,13.377026192382926,0.1280000000000001,0.969,26.087724536000405,26.73314496408413,52.444736815614746
전남,2023,2-3. 가사수행 격차,18.0,1,0,97.706583,2024,18.422504858244817,-24.23517719552134,1804217,10.210803278233612,0.04799999999999993,0.972,32.84520077623526,13.377026192382926,26.73314496408413
전남,2024,2-3. 가사수행 격차,0.0,0,0,100.0,2024,0.0,-100.0,1788819,0.0,-0.0030000000000000027,1.028,39.602677016470125,10.210803278233612,13.377026192382926
전남,2016,3-1. 의료서비스 여건,15088.2,130,2,83.786765,2024,18007.85601401367,,1903914,9458.334785086758,,1.466,,,
전남,2017,3-1. 의료서비스 여건,141389.0,126,1,85.339636,2024,165677.99750165327,820.0317759800114,1896424,87363.37311785406,,1.325,9.032364077706614,9458.334785086758,
전남,2018,3-1. 의료서비스 여건,113169.0,66,1,86.797969,2024,130382.08301855544,-21.303923885696182,1882970,69242.78295382053,0.14100000000000001,1.24,10.16253438977978,87363.37311785406,9458.334785086758
전남,2019,3-1. 의료서비스 여건,7393.0,81,0,87.068452,2024,8491.020375554626,-93.4875865004042,1868745,4543.70199013489,0.08499999999999996,1.234,9.93097807328394,69242.78295382053,87363.37311785406
전남,2020,3-1. 의료서비스 여건,8992.0,75,0,87.535014,2024,10272.460800657438,20.980286777211376,1851549,5548.036158188327,0.006000000000000005,1.145,11.917822185015226,4543.70199013489,69242.78295382053
전남,2021,3-1. 의료서비스 여건,6214.889999999999,84,0,89.802171,2024,6920.645604436444,-32.62913591265764,1832803,3775.989893314472,0.08899999999999997,1.017,9.396500834406178,5548.036158188327,4543.70199013489
전남,2022,3-1. 의료서비스 여건,5872.1,86,1,94.590336,2024,6207.928048801942,-10.298425845958914,1817697,3415.2711088822516,0.1280000000000001,0.969,10.3472577905818,3775.989893314472,5548.036158188327
전남,2023,3-1. 의료서비스 여건,5634.0,99,0,97.706583,2024,5766.244020630626,-7.1148380699508245,1804217,3195.981426087121,0.04799999999999993,0.972,8.407393057652016,3415.2711088822516,3775.989893314472
전남,2024,3-1. 의료서비스 여건,3391.0,71,0,100.0,2024,3391.0,-41.19222169808307,1788819,1895.6641225300043,-0.0030000000000000027,1.028,4.396385045168519,3195.981426087121,3415.2711088822516
전남,2016,3-2. 산후조리 여건,6049.0,25,0,83.786765,2024,7219.517306820474,,1903914,3791.9345657526937,,1.466,,,
전남,2017,3-2. 산후조리 여건,28737.0,24,0,85.339636,2024,33673.68475768985,366.425708625664,1896424,17756.411413106904,,1.325,62.88246669012002,3791.9345657526937,
전남,2018,3-2. 산후조리 여건,7145.0,12,0,86.797969,2024,8231.759432066896,-75.55432530980424,1882970,4371.689103951149,0.14100000000000001,1.24,63.68459778348325,17756.411413106904,3791.9345657526937
전남,2019,3-2. 산후조리 여건,8924.0,18,0,87.068452,2024,10249.406983829227,24.510526193253025,1868745,5484.647174349218,0.08499999999999996,1.234,64.41176205940437,4371.689103951149,17756.411413106904
전남,2020,3-2. 산후조리 여건,11152.0,22,0,87.535014,2024,12740.044800815363,24.300311431829,1851549,6880.749470208654,0.006000000000000005,1.145,64.54395424072901,5484.647174349218,4371.689103951149
전남,2021,3-2. 산후조리 여건,8700.0,27,0,89.802171,2024,9687.961775445272,-23.956611401984695,1832803,5285.871845171179,0.08899999999999997,1.017,64.77005546605731,6880.749470208654,5484.647174349218
전남,2022,3-2. 산후조리 여건,11844.7,29,0,94.590336,2024,12522.103737954796,29.254264500638616,1817697,6888.994006126872,0.1280000000000001,0.969,65.83529956009862,5285.871845171179,6880.749470208654
전남,2023,3-2. 산후조리 여건,3769.0,31,0,97.706583,2024,3857.4678228180383,-69.19473034610022,1804217,2138.02875309236,0.04799999999999993,0.972,67.91725621856828,6888.994006126872,5285.871845171179
전남,2024,3-2. 산후조리 여건,4636.0,22,0,100.0,2024,4636.0,20.182467176439367,1788819,2591.6540466084048,-0.0030000000000000027,1.028,69.16262352552482,2138.02875309236,6888.994006126872
전남,2016,3-3. 아동안전 수준,4.0,1,0,83.786765,2024,4.7740236778445855,,1903914,2.5074786349827702,,1.466,,,
전남,2017,3-3. 아동안전 수준,0.0,0,0,85.339636,2024,0.0,-100.0,1896424,0.0,,1.325,19.787885108451835,2.5074786349827702,
전남,2018,3-3. 아동안전 수준,689.0,3,0,86.797969,2024,793.7973756044914,inf,1882970,421.56666096883725,0.14100000000000001,1.24,31.23110753550664,0.0,2.5074786349827702
전남,2019,3-3. 아동안전 수준,83.0,4,0,87.068452,2024,95.3272948966636,-87.99097882830992,1868745,51.01139796851021,0.08499999999999996,1.234,51.92523606383272,421.56666096883725,0.0
전남,2020,3-3. 아동안전 수준,38.0,3,0,87.535014,2024,43.411200002778315,-54.46089176259875,1851549,23.44588234109835,0.006000000000000005,1.145,52.53166316752857,51.01139796851021,421.56666096883725
전남,2021,3-3. 아동안전 수준,582.25,3,0,89.802171,2024,648.3696257187368,1393.5537964332732,1832803,353.75849216677227,0.08899999999999997,1.017,60.64034266210704,23.44588234109835,51.01139796851021
전남,2022,3-3. 아동안전 수준,4554.2,5,0,94.590336,2024,4814.656753095792,642.5790108163385,1817697,2648.767508058709,0.1280000000000001,0.969,59.116283152208645,353.75849216677227,23.44588234109835
전남,2023,3-3. 아동안전 수준,51.0,3,0,97.706583,2024,52.1970970983603,-98.91587085486836,1804217,28.930609288328565,0.04799999999999993,0.972,55.83913099662709,2648.767508058709,353.75849216677227
전남,2024,3-3. 아동안전 수준,14.0,1,0,100.0,2024,14.0,-73.17858505882353,1788819,7.826392720560325,-0.0030000000000000027,1.028,55.134877227511375,28.930609288328565,2648.767508058709
전남,2016,4-1. 일·가정 양립 여건,476.0,7,1,83.786765,2024,568.1088176635056,,1903914,298.38995756294963,,1.466,,,
전남,2017,4-1. 일·가정 양립 여건,125.0,4,0,85.339636,2024,146.47355655465884,-74.217341466892,1896424,77.23671317946769,,1.325,12.077117928511129,298.38995756294963,
전남,2018,4-1. 일·가정 양립 여건,74194.0,8,0,86.797969,2024,85478.95861480355,58257.94571077119,1882970,45395.815448362715,0.14100000000000001,1.24,18.916408668730657,77.23671317946769,298.38995756294963
전남,2019,4-1. 일·가정 양립 여건,760.0,8,0,87.068452,2024,872.8764351983656,-98.97884058329274,1868745,467.0923187478043,0.08499999999999996,1.234,20.57565955630652,45395.815448362715,77.23671317946769
전남,2020,4-1. 일·가정 양립 여건,185.0,7,0,87.535014,2024,211.34400001352603,-75.78763826228199,1851549,114.1444271869262,0.006000000000000005,1.145,24.4989548389018,467.0923187478043,45395.815448362715
전남,2021,4-1. 일·가정 양립 여건,182.6,6,0,89.802171,2024,203.33584140187432,-3.7891582496494713,1832803,110.94255160094912,0.08899999999999997,1.017,40.71688521141061,114.1444271869262,467.0923187478043
전남,2022,4-1. 일·가정 양립 여건,199.6,8,2,94.590336,2024,211.0152140700716,3.776694071862985,1817697,116.08932295650574,0.1280000000000001,0.969,36.86383984560074,110.94255160094912,114.1444271869262
전남,2023,4-1. 일·가정 양립 여건,475.0,10,0,97.706583,2024,486.1494337592381,130.38596335418876,1804217,269.45175317560916,0.04799999999999993,0.972,52.01799717025247,116.08932295650574,110.94255160094912
전남,2024,4-1. 일·가정 양립 여건,268.0,8,0,100.0,2024,268.0,-44.87291738105264,1788819,149.81951779358337,-0.0030000000000000027,1.028,65.24299513420524,269.45175317560916,116.08932295650574
전남,2016,4-2. 사회적 가치관,369.0,17,1,83.786765,2024,440.403684281163,,1903914,231.31490407716055,,1.466,,,
전남,2017,4-2. 사회적 가치관,8405.0,21,0,85.339636,2024,9848.88194273526,2136.330506365048,1896424,5193.3965941874085,,1.325,73.54920886054998,231.31490407716055,
전남,2018,4-2. 사회적 가치관,249.0,22,1,86.797969,2024,286.8730718802879,-97.08725240541752,1882970,152.35137675071184,0.14100000000000001,1.24,70.14390324643676,5193.3965941874085,231.31490407716055
전남,2019,4-2. 사회적 가치관,495.0,36,0,87.068452,2024,568.5182045041986,98.17761241161078,1868745,304.2246023423199,0.08499999999999996,1.234,66.73859763232352,152.35137675071184,5193.3965941874085
전남,2020,4-2. 사회적 가치관,616.0,27,0,87.535014,2024,703.7184000450379,23.78115502189533,1851549,380.07009268727853,0.006000000000000005,1.145,69.12689049512286,304.2246023423199,152.35137675071184
전남,2021,4-2. 사회적 가치관,289.4,27,0,89.802171,2024,322.26392388665073,-54.205556673518,1832803,175.83118528649874,0.08899999999999997,1.017,71.51518335792217,380.07009268727853,304.2246023423199
전남,2022,4-2. 사회적 가치관,1224.8,23,0,94.590336,2024,1294.8468646945075,301.7970268213893,1817697,712.3557252361134,0.1280000000000001,0.969,70.8136499407579,175.83118528649874,380.07009268727853
전남,2023,4-2. 사회적 가치관,263.0,19,0,97.706583,2024,269.1732654287992,-79.21196144747935,1804217,149.1911812319689,0.04799999999999993,0.972,70.11211652359364,712.3557252361134,175.83118528649874
전남,2024,4-2. 사회적 가치관,561.0,8,1,100.0,2024,561.0,108.4159432053232,1788819,313.6147368738816,-0.0030000000000000027,1.028,74.21515855683157,149.1911812319689,712.3557252361134
전북,2016,1-1. 고용여건,3900.0,1,0,83.786765,2024,4654.673085898471,,1864791,2496.082985116547,,1.251,,,
전북,2017,1-1. 고용여건,3900.0,1,0,85.339636,2024,4569.974964505356,-1.81963630592471,1854607,2464.120411766674,,1.151,44.60891934686857,2496.082985116547,
전북,2018,1-1. 고용여건,327.0,3,0,86.797969,2024,376.73692572230584,-91.75625843361524,1836832,205.1014604069974,0.09999999999999987,1.044,38.96284001900104,2464.120411766674,2496.082985116547
전북,2019,1-1. 고용여건,3307.0,3,0,87.068452,2024,3798.161014738151,908.1732783310416,1818917,2088.1442169918423,0.10699999999999998,0.971,33.85894673231954,205.1014604069974,2464.120411766674
전북,2020,1-1. 고용여건,1742.0,3,0,87.535014,2024,1990.060800127364,-47.60462254219203,1804104,1103.0743239454953,0.07300000000000006,0.909,35.05819993737266,2088.1442169918423,205.1014604069974
전북,2021,1-1. 고용여건,64140.4,42,0,89.802171,2024,71424.1084438816,3489.041522716817,1786855,39971.96663628644,0.061999999999999944,0.85,25.313380504572745,1103.0743239454953,2088.1442169918423
전북,2022,1-1. 고용여건,68859.4,42,0,94.590336,2024,72797.50015900144,1.9228685454280692,1769607,41137.665119431294,0.05900000000000005,0.817,47.86505723723836,39971.96663628644,1103.0743239454953
전북,2023,1-1. 고용여건,59234.0,40,0,97.706583,2024,60624.36959851518,-16.72190739228434,1754757,34548.58399112537,0.03300000000000003,0.78,33.040973014917476,41137.665119431294,39971.96663628644
전북,2024,1-1. 고용여건,41860.0,44,0,100.0,2024,41860.0,-30.951859331127395,1738690,24075.597144976964,0.03699999999999992,0.808,67.99693552348305,34548.58399112537,41137.665119431294
전북,2016,1-2. 주거안정성,2231.0,2,0,83.786765,2024,2662.7117063178175,,1864791,1427.887471742312,,1.251,,,
전북,2017,1-2. 주거안정성,2300.0,2,0,85.339636,2024,2695.113440605722,1.216869787706476,1854607,1453.1992171957306,,1.151,85.2941963436094,1427.887471742312,
전북,2018,1-2. 주거안정성,2914.0,3,0,86.797969,2024,3357.221411482566,24.566979664055832,1836832,1827.723717510674,0.09999999999999987,1.044,92.45000292516876,1453.1992171957306,1427.887471742312
전북,2019,1-2. 주거안정성,5467.0,4,0,87.068452,2024,6278.967725301927,87.02870486367782,1818917,3452.036417990446,0.10699999999999998,0.971,90.13797793082568,1827.723717510674,1453.1992171957306
전북,2020,1-2. 주거안정성,103446.0,6,0,87.535014,2024,118176.71040756333,1782.1041224874384,1804104,65504.37802231097,0.07300000000000006,0.909,88.57186392600019,3452.036417990446,1827.723717510674
전북,2021,1-2. 주거안정성,4242.0,8,0,89.802171,2024,4723.716534648143,-96.00283633013883,1786855,2643.5925324932036,0.061999999999999944,0.85,89.40775720472303,65504.37802231097,3452.036417990446
전북,2022,1-2. 주거안정성,13449.0,14,0,94.590336,2024,14218.154378899766,200.99508034850436,1769607,8034.639543638654,0.05900000000000005,0.817,82.97241336471453,2643.5925324932036,65504.37802231097
전북,2023,1-2. 주거안정성,27928.0,16,0,97.706583,2024,28583.539760058953,101.03551416263925,1754757,16289.172666106448,0.03300000000000003,0.78,87.79070800887051,8034.639543638654,2643.5925324932036
전북,2024,1-2. 주거안정성,26060.0,18,0,100.0,2024,26060.0,-8.828646770982528,1738690,14988.29578590778,0.03699999999999992,0.808,85.83690822458775,16289.172666106448,8034.639543638654
전북,2016,1-3. 경제적 여건,15603.0,24,2,83.786765,2024,18622.272861352267,,1864791,9986.252004300894,,1.251,,,
전북,2017,1-3. 경제적 여건,17367.0,24,0,85.339636,2024,20350.45005347808,9.280162550471417,1854607,10972.917741320982,,1.151,9.194892961388687,9986.252004300894,
전북,2018,1-3. 경제적 여건,19789.0,26,1,86.797969,2024,22798.920559996055,12.031530015718284,1836832,12412.088073376366,0.09999999999999987,1.044,11.763578718680602,10972.917741320982,9986.252004300894
전북,2019,1-3. 경제적 여건,116769.0,32,0,87.068452,2024,134111.72166010257,488.2371549441715,1818917,73731.63352703975,0.10699999999999998,0.971,18.21133058631292,12412.088073376366,10972.917741320982
전북,2020,1-3. 경제적 여건,130195.0,41,0,87.535014,2024,148734.76800951903,10.903630322842028,1804104,82442.45786801595,0.07300000000000006,0.909,24.515923215879596,73731.63352703975,12412.088073376366
전북,2021,1-3. 경제적 여건,144098.5,44,0,89.802171,2024,160462.15631022994,7.88476592101206,1786855,89801.44237234132,0.061999999999999944,0.85,36.96388760260443,82442.45786801595,73731.63352703975
전북,2022,1-3. 경제적 여건,203208.3,51,0,94.590336,2024,214829.87437532732,33.881956540572354,1769607,121399.76524467143,0.05900000000000005,0.817,47.00677678982668,89801.44237234132,82442.45786801595
전북,2023,1-3. 경제적 여건,259056.0,30,0,97.706583,2024,265136.68991985935,23.417048346191116,1754757,151095.9579701687,0.03300000000000003,0.78,56.70390711977544,121399.76524467143,89801.44237234132
전북,2024,1-3. 경제적 여건,302911.0,49,0,100.0,2024,302911.0,14.247107818822949,1738690,174217.9456947472,0.03699999999999992,0.808,65.14532641869135,151095.9579701687,121399.76524467143
전북,2016,2-1. 돌봄 여건,570128.0,54,0,83.786765,2024,680451.1428505444,,1864791,364894.05131757096,,1.251,,,
전북,2017,2-1. 돌봄 여건,597104.4,85,0,85.339636,2024,699680.0408194852,2.8259042799733125,1854607,377265.933332229,,1.151,57.62389456970619,364894.05131757096,
전북,2018,2-1. 돌봄 여건,585952.0,99,4,86.797969,2024,675075.703672283,-3.5165126503229893,1836832,367521.7459584126,0.09999999999999987,1.044,60.20299125831348,377265.933332229,364894.05131757096
전북,2019,2-1. 돌봄 여건,578414.0,90,0,87.068452,2024,664320.9873537202,-1.593112633154936,1818917,365228.8627538915,0.10699999999999998,0.971,61.53363622572945,367521.7459584126,377265.933332229
전북,2020,2-1. 돌봄 여건,468384.0,98,0,87.535014,2024,535081.8816342453,-19.454316238643997,1804104,296591.4834367893,0.07300000000000006,0.909,63.39526579859515,365228.8627538915,367521.7459584126
전북,2021,2-1. 돌봄 여건,421123.4,89,0,89.802171,2024,468945.6783845459,-12.360015451785875,1786855,262441.93198919104,0.061999999999999944,0.85,70.61454557578035,296591.4834367893,365228.8627538915
전북,2022,2-1. 돌봄 여건,599679.4,100,0,94.590336,2024,633975.3354930467,35.191636199102085,1769607,358257.70099973987,0.05900000000000005,0.817,73.48157830630365,262441.93198919104,296591.4834367893
전북,2023,2-1. 돌봄 여건,548536.0,104,0,97.706583,2024,561411.506940121,-11.445844103145175,1754757,319936.8955018393,0.03300000000000003,0.78,76.76889609791387,358257.70099973987,262441.93198919104
전북,2024,2-1. 돌봄 여건,578772.0,103,0,100.0,2024,578772.0,3.0922937711945986,1738690,332878.2014045057,0.03699999999999992,0.808,77.8448705660099,319936.8955018393,358257.70099973987
전북,2016,2-2. 여가 인프라,2294.0,6,2,83.786765,2024,2737.9025792438697,,1864791,1468.2088122711175,,1.251,,,
전북,2017,2-2. 여가 인프라,11278.0,2,0,85.339636,2024,13215.43016658754,382.6844558595385,1854607,7125.730770231937,,1.151,23.842047717866443,1468.2088122711175,
전북,2018,2-2. 여가 인프라,19347.2,16,0,86.797969,2024,22289.922475029343,68.66588672523702,1836832,12134.981574269908,0.09999999999999987,1.044,24.730505762868216,7125.730770231937,1468.2088122711175
전북,2019,2-2. 여가 인프라,1587.0,14,0,87.068452,2024,1822.7038192892187,-91.82274491384555,1818917,1002.0819087892512,0.10699999999999998,0.971,26.48425764059371,12134.981574269908,7125.730770231937
전북,2020,2-2. 여가 인프라,785.0,14,0,87.535014,2024,896.7840000573942,-50.79924721905154,1804104,497.0799909857715,0.07300000000000006,0.909,30.665999589593216,1002.0819087892512,12134.981574269908
전북,2021,2-2. 여가 인프라,1060.0,11,0,89.802171,2024,1180.372354249654,31.6228159929381,1786855,660.5865357008005,0.061999999999999944,0.85,33.35734739494906,497.0799909857715,1002.0819087892512
전북,2022,2-2. 여가 인프라,4889.6,18,0,94.590336,2024,5169.238430446003,337.93286176479586,1769607,2921.122277684256,0.05900000000000005,0.817,33.142073684062005,660.5865357008005,497.0799909857715
전북,2023,2-2. 여가 인프라,2000.0,15,0,97.706583,2024,2046.9449842494237,-60.40142060011705,1754757,1166.511935412951,0.03300000000000003,0.78,42.62495348351989,2921.122277684256,660.5865357008005
전북,2024,2-2. 여가 인프라,3331.0,17,0,100.0,2024,3331.0,62.73031398649999,1738690,1915.8101789278137,0.03699999999999992,0.808,50.299212793873394,1166.511935412951,2921.122277684256
전북,2016,2-3. 가사수행 격차,0.0,0,0,83.786765,2024,0.0,,1864791,0.0,,1.251,,,
전북,2017,2-3. 가사수행 격차,5.0,1,0,85.339636,2024,5.858942262186354,inf,1854607,3.1591287330341977,,1.151,24.766134248892875,0.0,
전북,2018,2-3. 가사수행 격차,15.0,1,0,86.797969,2024,17.28151035423421,194.95956063211568,1836832,9.408323871880611,0.09999999999999987,1.044,24.766134248892875,3.1591287330341977,0.0
전북,2019,2-3. 가사수행 격차,20.0,1,0,87.068452,2024,22.970432505220145,32.91912590031269,1818917,12.628631490727804,0.10699999999999998,0.971,24.766134248892875,9.408323871880611,3.1591287330341977
전북,2020,2-3. 가사수행 격차,40.0,2,0,87.535014,2024,45.69600000292454,98.93399914233176,1804104,25.328916738128477,0.07300000000000006,0.909,24.766134248892875,12.628631490727804,9.408323871880611
전북,2021,2-3. 가사수행 격차,30.0,2,0,89.802171,2024,33.40676474291473,-26.893459513356312,1786855,18.695845350022655,0.061999999999999944,0.85,24.766134248892875,25.328916738128477,12.628631490727804
전북,2022,2-3. 가사수행 격차,30.0,2,0,94.590336,2024,31.715713537585913,-5.062002317023162,1769607,17.922461618645222,0.05900000000000005,0.817,41.83941218423977,18.695845350022655,25.328916738128477
전북,2023,2-3. 가사수행 격차,20.0,1,0,97.706583,2024,20.469449842494235,-35.459595388777444,1754757,11.665119354129509,0.03300000000000003,0.78,58.91269011958668,17.922461618645222,18.695845350022655
전북,2024,2-3. 가사수행 격차,19.0,1,0,100.0,2024,19.0,-7.178746149999993,1738690,10.927767457108512,0.03699999999999992,0.808,75.98596805493356,11.665119354129509,17.922461618645222
전북,2016,3-1. 의료서비스 여건,30823.0,27,0,83.786765,2024,36787.43295555092,,1864791,19727.37585903778,,1.251,,,
전북,2017,3-1. 의료서비스 여건,32703.0,27,0,85.339636,2024,38320.99776005607,4.168719264424103,1854607,20662.59739128347,,1.151,44.36252484008675,19727.37585903778,
전북,2018,3-1. 의료서비스 여건,32308.0,33,0,86.797969,2024,37222.06910163993,-2.867693229954482,1836832,20264.27517684793,0.09999999999999987,1.044,46.35008563442698,20662.59739128347,19727.37585903778
전북,2019,3-1. 의료서비스 여건,36294.0,31,0,87.068452,2024,41684.443867223,11.988518836494432,1818917,22917.17756622375,0.10699999999999998,0.971,47.1237777347055,20264.27517684793,20662.59739128347
전북,2020,3-1. 의료서비스 여건,36351.0,34,0,87.535014,2024,41527.38240265775,-0.3767867578263417,1804104,23018.28630869271,0.07300000000000006,0.909,45.65825886859021,22917.17756622375,20264.27517684793
전북,2021,3-1. 의료서비스 여건,22859.0,35,0,89.802171,2024,25454.841175276262,-38.70347779578047,1786855,14245.610961872262,0.061999999999999944,0.85,45.12044369179129,23018.28630869271,22917.17756622375
전북,2022,3-1. 의료서비스 여건,39596.0,39,0,94.590336,2024,41860.513107808394,64.45010526511005,1769607,23655.259675062534,0.05900000000000005,0.817,44.16968881201424,14245.610961872262,23018.28630869271
전북,2023,3-1. 의료서비스 여건,39465.0,40,0,97.706583,2024,40391.34190170175,-3.5096827464176306,1754757,23018.196765536057,0.03300000000000003,0.78,41.51222734278776,23655.259675062534,14245.610961872262
전북,2024,3-1. 의료서비스 여건,43303.0,42,0,100.0,2024,43303.0,7.208619375370584,1738690,24905.532326061577,0.03699999999999992,0.808,37.82643026396246,23018.196765536057,23655.259675062534
전북,2016,3-2. 산후조리 여건,2785.0,4,0,83.786765,2024,3323.9139856992924,,1864791,1782.4592598845086,,1.251,,,
전북,2017,3-2. 산후조리 여건,3237.0,4,0,85.339636,2024,3793.0792205394455,14.114842828625385,1854607,2045.2199417663392,,1.151,53.75646363769341,1782.4592598845086,
전북,2018,3-2. 산후조리 여건,3588.0,7,0,86.797969,2024,4133.737276732823,8.981042482548784,1836832,2250.471070153843,0.09999999999999987,1.044,54.58966443918823,2045.2199417663392,1782.4592598845086
전북,2019,3-2. 산후조리 여건,6270.0,10,0,87.068452,2024,7201.230590386516,74.20629586015065,1818917,3959.075972343167,0.10699999999999998,0.971,55.34499466205184,2250.471070153843,2045.2199417663392
전북,2020,3-2. 산후조리 여건,7199.0,13,0,87.535014,2024,8224.137600526345,14.204614021183914,1804104,4558.571789944673,0.07300000000000006,0.909,55.48230716912501,3959.075972343167,2250.471070153843
전북,2021,3-2. 산후조리 여건,7603.4,14,0,89.802171,2024,8466.833168209261,2.951015406981816,1786855,4738.399684478741,0.061999999999999944,0.85,55.717166188705725,4558.571789944673,3959.075972343167
전북,2022,3-2. 산후조리 여건,7279.8,16,0,94.590336,2024,7696.135047030598,-9.10255470808652,1769607,4349.06453638045,0.05900000000000005,0.817,56.82367139750074,4738.399684478741,4558.571789944673
전북,2023,3-2. 산후조리 여건,7215.0,16,0,97.706583,2024,7384.354030679796,-4.051137544306693,1754757,4208.191807002221,0.03300000000000003,0.78,58.98627046748707,4349.06453638045,4738.399684478741
전북,2024,3-2. 산후조리 여건,10178.0,19,0,100.0,2024,10178.0,37.831961437837826,1738690,5853.8324830763395,0.03699999999999992,0.808,60.279875773274355,4208.191807002221,4349.06453638045
전북,2016,3-3. 아동안전 수준,4484.0,4,0,83.786765,2024,5351.68054286378,,1864791,2869.855411605794,,1.251,,,
전북,2017,3-3. 아동안전 수준,6852.0,3,0,85.339636,2024,8029.094476100179,50.02940500263245,1854607,4329.270015750064,,1.151,29.5794959849715,2869.855411605794,
전북,2018,3-3. 아동안전 수준,6055.0,3,0,86.797969,2024,6975.96967965921,-13.11635825902604,1836832,3797.8267362824745,0.09999999999999987,1.044,44.04325782269614,4329.270015750064,2869.855411605794
전북,2019,3-3. 아동안전 수준,0.0,1,0,87.068452,2024,0.0,-100.0,1818917,0.0,0.10699999999999998,0.971,61.471280453090195,3797.8267362824745,4329.270015750064
전북,2020,3-3. 아동안전 수준,0.0,1,0,87.535014,2024,0.0,,1804104,0.0,0.07300000000000006,0.909,62.740902839632874,0.0,3797.8267362824745
전북,2021,3-3. 아동안전 수준,5765.0,6,0,89.802171,2024,6419.6666247634475,inf,1786855,3592.7182814293537,0.061999999999999944,0.85,69.84865590787905,0.0,0.0
전북,2022,3-3. 아동안전 수준,837.0,6,0,94.590336,2024,884.868407698647,-86.21628724012982,1769607,500.0366791602017,0.05900000000000005,0.817,70.52573995757314,3592.7182814293537,0.0
전북,2023,3-3. 아동안전 수준,832.0,6,0,97.706583,2024,851.5291134477602,-3.7677121209011344,1754757,485.2689651317876,0.03300000000000003,0.78,68.99269906090923,500.0366791602017,3592.7182814293537
전북,2024,3-3. 아동안전 수준,784.0,4,0,100.0,2024,784.0,-7.930335249999998,1738690,450.9141940196355,0.03699999999999992,0.808,62.180691762178945,485.2689651317876,500.0366791602017
전북,2016,4-1. 일·가정 양립 여건,488.0,12,9,83.786765,2024,582.4308886970394,,1864791,312.3303837786859,,1.251,,,
전북,2017,4-1. 일·가정 양립 여건,985.0,15,0,85.339636,2024,1154.2116256507118,98.17143081693476,1854607,622.3483604077369,,1.151,16.251055446101887,312.3303837786859,
전북,2018,4-1. 일·가정 양립 여건,1267.0,16,9,86.797969,2024,1459.7115745876497,26.468278619590738,1836832,794.6897563781824,0.09999999999999987,1.044,22.74134534196454,622.3483604077369,312.3303837786859
전북,2019,4-1. 일·가정 양립 여건,1184.0,18,0,87.068452,2024,1359.8496043090329,-6.841212470814773,1818917,747.6149842510861,0.10699999999999998,0.971,21.50674527965577,794.6897563781824,622.3483604077369
전북,2020,4-1. 일·가정 양립 여건,1580.0,16,0,87.535014,2024,1804.9920001155192,32.7346784817923,1804104,1000.492211156075,0.07300000000000006,0.909,21.162689494794584,747.6149842510861,794.6897563781824
전북,2021,4-1. 일·가정 양립 여건,401.0,15,0,89.802171,2024,446.5370887302936,-75.26099347245221,1786855,249.9011328453028,0.061999999999999944,0.85,35.5858365485604,1000.492211156075,747.6149842510861
전북,2022,4-1. 일·가정 양립 여건,667.0,15,0,94.590336,2024,705.1460309856602,57.91432532305627,1769607,398.4760633212121,0.05900000000000005,0.817,37.13158046292696,249.9011328453028,1000.492211156075
전북,2023,4-1. 일·가정 양립 여건,588.0,14,0,97.706583,2024,601.8018253693306,-14.655716840932095,1754757,342.9545090114076,0.03300000000000003,0.78,50.58715721950986,398.4760633212121,249.9011328453028
전북,2024,4-1. 일·가정 양립 여건,678.0,13,0,100.0,2024,678.0,12.661672234693878,1738690,389.9487545220827,0.03699999999999992,0.808,59.393368834055735,342.9545090114076,398.4760633212121
전북,2016,4-2. 사회적 가치관,270.0,4,0,83.786765,2024,322.24659825450954,,1864791,172.80574512345325,,1.251,,,
전북,2017,4-2. 사회적 가치관,235.0,6,0,85.339636,2024,275.37028632275866,-14.546720488490028,1854607,148.4790504526073,,1.151,61.91340369444008,172.80574512345325,
전북,2018,4-2. 사회적 가치관,248.0,9,0,86.797969,2024,285.7209711900056,3.7588241656236754,1836832,155.55095468175946,0.09999999999999987,1.044,64.06476950503833,148.4790504526073,172.80574512345325
전북,2019,4-2. 사회적 가치관,331.0,25,0,87.068452,2024,380.16065796139344,33.0531169546477,1818917,209.00385117154516,0.10699999999999998,0.971,66.21613531563662,155.55095468175946,148.4790504526073
전북,2020,4-2. 사회적 가치관,395.0,37,0,87.535014,2024,451.24800002887986,18.69928951846078,1804104,250.12305278901871,0.07300000000000006,0.909,66.16251147756323,209.00385117154516,155.55095468175946
전북,2021,4-2. 사회적 가치관,561.4,33,0,89.802171,2024,625.151924222411,38.53843655426756,1786855,349.861585983424,0.061999999999999944,0.85,66.10888763948982,250.12305278901871,209.00385117154516
전북,2022,4-2. 사회적 가치관,320.0,24,0,94.590336,2024,338.3009444009164,-45.885003101972586,1769607,191.1729239322157,0.05900000000000005,0.817,62.68532939311024,349.861585983424,250.12305278901871
전북,2023,4-2. 사회적 가치관,403.0,22,0,97.706583,2024,412.45941432625887,21.920858085887616,1754757,235.0521549857096,0.03300000000000003,0.78,59.26177114673068,191.1729239322157,349.861585983424
전북,2024,4-2. 사회적 가치관,401.0,20,0,100.0,2024,401.0,-2.7783131935483873,1738690,230.63340791055336,0.03699999999999992,0.808,62.03548411836793,235.0521549857096,191.1729239322157
제주,2016,1-1. 고용여건,5439.0,9,0,83.786765,2024,6491.478695949175,,641597,10117.68866741767,,1.432,,,
제주,2017,1-1. 고용여건,4916.0,5,0,85.339636,2024,5760.512032181623,-11.260403029955112,657083,8766.795111396314,,1.305,43.39637532663992,10117.68866741767,
제주,2018,1-1. 고용여건,2790.0,4,0,86.797969,2024,3214.3609258875636,-44.20008311882269,667191,4817.752226705042,0.127,1.22,53.876566358163245,8766.795111396314,10117.68866741767
제주,2019,1-1. 고용여건,2861.0,4,0,87.068452,2024,3285.920369871742,2.226241720643718,670989,4897.130012372396,0.08499999999999996,1.145,51.332216167545056,4817.752226705042,8766.795111396314
제주,2020,1-1. 고용여건,1435.0,4,0,87.535014,2024,1639.344000104918,-50.110050896671424,674635,2429.971762664134,0.07499999999999996,1.021,47.16003071741051,4897.130012372396,4817.752226705042
제주,2021,1-1. 고용여건,8395.0,16,0,89.802171,2024,9348.326333892306,470.2479975706145,676759,13813.375712613066,0.12400000000000011,0.951,28.720146569471197,2429.971762664134,4897.130012372396
제주,2022,1-1. 고용여건,8511.0,14,0,94.590336,2024,8997.747930613124,-3.750172926764028,678159,13267.903147511312,0.06999999999999995,0.919,36.467242943008785,13813.375712613066,2429.971762664134
제주,2023,1-1. 고용여건,9964.0,14,0,97.706583,2024,10197.879911530628,13.338137389182505,675252,15102.332035344773,0.03199999999999992,0.827,44.6787394185243,13267.903147511312,13813.375712613066
제주,2024,1-1. 고용여건,6114.0,13,0,100.0,2024,6114.0,-40.04636205720594,670368,9120.363740512674,0.09200000000000008,0.826,68.7082446542402,15102.332035344773,13267.903147511312
제주,2016,1-2. 주거안정성,300.0,1,0,83.786765,2024,358.05177583834393,,641597,558.0633572762091,,1.432,,,
제주,2017,1-2. 주거안정성,300.0,1,0,85.339636,2024,351.53653573118123,-1.8196363059247211,657083,534.9956333236155,,1.305,83.30706068226566,558.0633572762091,
제주,2018,1-2. 주거안정성,300.0,1,0,86.797969,2024,345.63020708468423,-1.6801464559614177,667191,518.0378738392518,0.127,1.22,76.52453796522435,534.9956333236155,558.0633572762091
제주,2019,1-2. 주거안정성,550.0,1,0,87.068452,2024,631.686893893554,82.76379811292995,670989,941.4266014697024,0.08499999999999996,1.145,68.69965271894529,518.0378738392518,534.9956333236155
제주,2020,1-2. 주거안정성,710.0,1,0,87.535014,2024,811.1040000519107,28.40285399186868,674635,1202.2856804819062,0.07499999999999996,1.021,72.45033430129348,941.4266014697024,518.0378738392518
제주,2021,1-2. 주거안정성,15832.0,6,0,89.802171,2024,17629.86331366087,2073.563847858297,676759,26050.430527944023,0.12400000000000011,0.951,71.48322889123288,1202.2856804819062,941.4266014697024
제주,2022,1-2. 주거안정성,19665.1,7,0,94.590336,2024,20789.75594293269,17.923523132611653,678159,30656.167569747933,0.06999999999999995,0.919,70.44987318109007,26050.430527944023,1202.2856804819062
제주,2023,1-2. 주거안정성,38044.0,5,0,97.706583,2024,38936.98749039254,87.28929573427173,675252,57662.898429612265,0.03199999999999992,0.827,64.14510527509168,30656.167569747933,26050.430527944023
제주,2024,1-2. 주거안정성,10426.0,5,0,100.0,2024,10426.0,-73.2234035759121,670368,15552.651677884383,0.09200000000000008,0.826,71.26518502207891,57662.898429612265,30656.167569747933
제주,2016,1-3. 경제적 여건,3464.0,9,2,83.786765,2024,4134.3045050134115,,641597,6443.771565349295,,1.432,,,
제주,2017,1-3. 경제적 여건,3339.0,9,2,85.339636,2024,3912.6016426880474,-5.36251894500076,657083,5954.501398891841,,1.305,24.812225943456937,6443.771565349295,
제주,2018,1-3. 경제적 여건,6488.0,9,2,86.797969,2024,7474.829278551438,91.04498646113277,667191,11203.43241823022,0.127,1.22,26.59558102336024,5954.501398891841,6443.771565349295
제주,2019,1-3. 경제적 여건,8279.0,8,0,87.068452,2024,9508.61053553588,27.208397425480356,670989,14171.037879213936,0.08499999999999996,1.145,25.83385927298013,11203.43241823022,5954.501398891841
제주,2020,1-3. 경제적 여건,8898.0,10,0,87.535014,2024,10165.075200650565,6.903896869698523,674635,15067.518288630985,0.07499999999999996,1.021,24.687652711795224,14171.037879213936,11203.43241823022
제주,2021,1-3. 경제적 여건,4417.0,7,0,89.802171,2024,4918.589328981812,-51.61285842069301,676759,7267.859502395701,0.12400000000000011,0.951,37.25062621474326,15067.518288630985,14171.037879213936
제주,2022,1-3. 경제적 여건,80670.8,11,0,94.590336,2024,85284.39945492953,1633.919905701582,678159,125758.7076997128,0.06999999999999995,0.919,48.60697185399529,7267.859502395701,15067.518288630985
제주,2023,1-3. 경제적 여건,112489.0,10,0,97.706583,2024,115129.3971666167,34.99467417538589,675252,170498.41713407246,0.03199999999999992,0.827,54.59313967751101,125758.7076997128,7267.859502395701
제주,2024,1-3. 경제적 여건,147291.0,11,0,100.0,2024,147291.0,27.935178698832775,670368,219716.63325218388,0.09200000000000008,0.826,61.20102762062605,170498.41713407246,125758.7076997128
제주,2016,2-1. 돌봄 여건,318277.0,40,2,83.786765,2024,379865.4835283353,,641597,592062.4372126666,,1.432,,,
제주,2017,2-1. 돌봄 여건,284349.0,44,3,85.339636,2024,333196.8746620855,-12.285561834356196,657083,507084.91113312246,,1.305,49.68563796750998,592062.4372126666,
제주,2018,2-1. 돌봄 여건,1912717.0,44,3,86.797969,2024,2203642.5760146533,561.3635191655073,667191,3302866.1597873075,0.127,1.22,50.453032878268544,507084.91113312246,592062.4372126666
제주,2019,2-1. 돌봄 여건,353401.0,46,0,87.068452,2024,405888.69088886527,-81.58101067265973,670989,604911.0952472623,0.08499999999999996,1.145,50.401862489118145,3302866.1597873075,507084.91113312246
제주,2020,2-1. 돌봄 여건,443336.0,48,0,87.535014,2024,506467.0464324139,24.779787612039584,674635,750727.4992142625,0.07499999999999996,1.021,51.94072718163371,604911.0952472623,3302866.1597873075
제주,2021,2-1. 돌봄 여건,347492.0,53,0,89.802171,2024,386952.7831348309,-23.59763861033982,676759,571773.3833385753,0.12400000000000011,0.951,56.070108178562194,750727.4992142625,604911.0952472623
제주,2022,2-1. 돌봄 여건,385433.8,54,0,94.590336,2024,407476.9329501061,5.304045017844894,678159,600857.5171163488,0.06999999999999995,0.919,58.13142236704683,571773.3833385753,750727.4992142625
제주,2023,2-1. 돌봄 여건,368357.0,50,0,97.706583,2024,377003.2567815825,-7.478626077774797,675252,558314.9058152845,0.03199999999999992,0.827,60.67829413595753,600857.5171163488,571773.3833385753
제주,2024,2-1. 돌봄 여건,410417.0,57,0,100.0,2024,410417.0,8.862985297173665,670368,612226.4189221442,0.09200000000000008,0.826,62.60308975565147,558314.9058152845,600857.5171163488
제주,2016,2-2. 여가 인프라,1927.0,6,1,83.786765,2024,2299.885906801629,,641597,3584.626964904183,,1.432,,,
제주,2017,2-2. 여가 인프라,4951.0,7,1,85.339636,2024,5801.524628016928,152.25271440029408,657083,8829.2112686174,,1.305,60.93407237666027,3584.626964904183,
제주,2018,2-2. 여가 인프라,4927.0,7,0,86.797969,2024,5676.400101020798,-2.156752492127234,667191,8507.908681353312,0.127,1.22,60.76318356587757,8829.2112686174,3584.626964904183
제주,2019,2-2. 여가 인프라,2790.0,4,0,87.068452,2024,3204.3753344782103,-43.54916359926846,670989,4775.600396546308,0.08499999999999996,1.145,58.86057790339065,8507.908681353312,8829.2112686174
제주,2020,2-2. 여가 인프라,1075.0,3,0,87.535014,2024,1228.080000078597,-61.67490159892354,674635,1820.362121856407,0.07499999999999996,1.021,55.62953692228711,4775.600396546308,8507.908681353312
제주,2021,2-2. 여가 인프라,1669.0,4,0,89.802171,2024,1858.5296785308228,51.336205981033565,676759,2746.220853406933,0.12400000000000011,0.951,59.43679853287909,1820.362121856407,4775.600396546308
제주,2022,2-2. 여가 인프라,2522.0,5,0,94.590336,2024,2666.2343180597227,43.4593350248458,678159,3931.5769871958096,0.06999999999999995,0.919,62.47236247158173,2746.220853406933,1820.362121856407
제주,2023,2-2. 여가 인프라,3242.0,4,0,97.706583,2024,3318.0978194683157,24.448845211885526,675252,4913.865963326752,0.03199999999999992,0.827,69.33031304826538,3931.5769871958096,2746.220853406933
제주,2024,2-2. 여가 인프라,782.0,2,0,100.0,2024,782.0,-76.43228010302283,670368,1166.5234617404171,0.09200000000000008,0.826,74.60852370180388,4913.865963326752,3931.5769871958096
제주,2016,2-3. 가사수행 격차,100.0,1,0,83.786765,2024,119.35059194611463,,641597,186.02111909206968,,1.432,,,
제주,2017,2-3. 가사수행 격차,100.0,1,0,85.339636,2024,117.17884524372708,-1.81963630592471,657083,178.3318777745385,,1.305,46.03498034532516,186.02111909206968,
제주,2018,2-3. 가사수행 격차,100.0,1,0,86.797969,2024,115.21006902822808,-1.6801464559614288,667191,172.6792912797506,0.127,1.22,46.03498034532516,178.3318777745385,186.02111909206968
제주,2019,2-3. 가사수행 격차,90.0,1,0,87.068452,2024,103.36694627349064,-10.279590017288932,670989,154.05162569504216,0.08499999999999996,1.145,46.03498034532516,172.6792912797506,178.3318777745385
제주,2020,2-3. 가사수행 격차,90.0,1,0,87.535014,2024,102.81600000658024,-0.5330004288341073,674635,152.40241020193173,0.07499999999999996,1.021,46.03498034532516,154.05162569504216,172.6792912797506
제주,2021,2-3. 가사수행 격차,0.0,0,0,89.802171,2024,0.0,-100.0,676759,0.0,0.12400000000000011,0.951,46.03498034532516,152.40241020193173,154.05162569504216
제주,2022,2-3. 가사수행 격차,0.0,0,0,94.590336,2024,0.0,,678159,0.0,0.06999999999999995,0.919,47.82438506576437,0.0,152.40241020193173
제주,2023,2-3. 가사수행 격차,0.0,0,0,97.706583,2024,0.0,,675252,0.0,0.03199999999999992,0.827,49.61378978620357,0.0,0.0
제주,2024,2-3. 가사수행 격차,0.0,0,0,100.0,2024,0.0,,670368,0.0,0.09200000000000008,0.826,51.40319450664279,0.0,0.0
제주,2016,3-1. 의료서비스 여건,8915.0,8,0,83.786765,2024,10640.10527199612,,641597,16583.782767058015,,1.432,,,
제주,2017,3-1. 의료서비스 여건,9627.0,7,0,85.339636,2024,11280.807431613606,6.021577261117517,657083,17168.009873354822,,1.305,24.75351925788035,16583.782767058015,
제주,2018,3-1. 의료서비스 여건,9704.0,7,0,86.797969,2024,11179.985098499254,-0.8937510344499411,667191,16756.798425787,0.127,1.22,25.106713524446768,17168.009873354822,16583.782767058015
제주,2019,3-1. 의료서비스 여건,10861.0,7,0,87.068452,2024,12474.0933719598,11.575223598770812,670989,18590.607851931694,0.08499999999999996,1.145,27.22952052828397,16756.798425787,17168.009873354822
제주,2020,3-1. 의료서비스 여건,11363.0,7,0,87.535014,2024,12981.09120083079,4.064406235812346,674635,19241.65096805056,0.07499999999999996,1.021,26.758102239548418,18590.607851931694,16756.798425787
제주,2021,3-1. 의료서비스 여건,1073.0,5,0,89.802171,2024,1194.8486189715836,-90.79546857435903,676759,1765.5452221124265,0.12400000000000011,0.951,28.256499169615843,19241.65096805056,18590.607851931694
제주,2022,3-1. 의료서비스 여건,2208.0,7,0,94.590336,2024,2334.276516366323,95.361695138875,678159,3442.078504253904,0.06999999999999995,0.919,28.01253704667603,1765.5452221124265,19241.65096805056
제주,2023,3-1. 의료서비스 여건,2826.0,8,0,97.706583,2024,2892.3332627444356,23.90705396149113,675252,4283.339053782049,0.03199999999999992,0.827,28.066532331955617,3442.078504253904,1765.5452221124265
제주,2024,3-1. 의료서비스 여건,9257.0,8,0,100.0,2024,9257.0,220.05302152547773,670368,13808.83335720082,0.09200000000000008,0.826,25.25659927339126,4283.339053782049,3442.078504253904
제주,2016,3-2. 산후조리 여건,1162.0,2,0,83.786765,2024,1386.853878413852,,641597,2161.5654038498496,,1.432,,,
제주,2017,3-2. 산후조리 여건,827.0,2,0,85.339636,2024,969.0690501656228,-30.124646493115097,657083,1474.804629195433,,1.305,47.48142614500304,2161.5654038498496,
제주,2018,3-2. 산후조리 여건,1011.0,2,0,86.797969,2024,1164.773797875386,20.1951293023253,667191,1745.7876348382788,0.127,1.22,48.769309932355135,1474.804629195433,2161.5654038498496
제주,2019,3-2. 산후조리 여건,1888.0,2,0,87.068452,2024,2168.4088284927816,86.16566001468125,670989,3231.660770135996,0.08499999999999996,1.145,49.93682867018865,1745.7876348382788,1474.804629195433
제주,2020,3-2. 산후조리 여건,2151.0,2,0,87.535014,2024,2457.302400157267,13.322836905496738,674635,3642.417603826169,0.07499999999999996,1.021,50.14907348721585,3231.660770135996,1745.7876348382788
제주,2021,3-2. 산후조리 여건,2373.0,2,0,89.802171,2024,2642.475091164555,7.535608600530286,676759,3904.60280715078,0.12400000000000011,0.951,50.512096570113485,3642.417603826169,3231.660770135996
제주,2022,3-2. 산후조리 여건,2778.0,2,0,94.590336,2024,2936.8750735804556,11.141069348213106,678159,4330.658552906407,0.06999999999999995,0.919,52.22242872110411,3904.60280715078,3642.417603826169
제주,2023,3-2. 산후조리 여건,2854.0,2,0,97.706583,2024,2920.9904925239275,-0.5408667600274364,675252,4325.7783650014035,0.03199999999999992,0.827,55.565171881914,4330.658552906407,3904.60280715078
제주,2024,3-2. 산후조리 여건,3075.0,2,0,100.0,2024,3075.0,5.272509714435869,670368,4587.0327939281115,0.09200000000000008,0.826,57.564705844876066,4325.7783650014035,4330.658552906407
제주,2016,3-3. 아동안전 수준,3393.0,3,0,83.786765,2024,4049.56558473167,,641597,6311.696570793925,,1.432,,,
제주,2017,3-3. 아동안전 수준,6432.0,3,0,85.339636,2024,7536.943326076525,86.11732958452467,657083,11470.306378458316,,1.305,12.925374122793585,6311.696570793925,
제주,2018,3-3. 아동안전 수준,7535.0,3,0,86.797969,2024,8681.078701276985,15.18036325471559,667191,13011.384597929207,0.127,1.22,24.319403389974717,11470.306378458316,6311.696570793925
제주,2019,3-3. 아동안전 수준,5136.0,2,0,87.068452,2024,5898.807067340534,-32.04983769502262,670989,8791.212772997073,0.08499999999999996,1.145,39.36478130389047,13011.384597929207,11470.306378458316
제주,2020,3-3. 아동안전 수준,6182.0,2,0,87.535014,2024,7062.3168004519885,19.72449208507545,674635,10468.352220759356,0.07499999999999996,1.021,42.717582938133496,8791.212772997073,13011.384597929207
제주,2021,3-3. 아동안전 수준,10227.0,5,0,89.802171,2024,11388.366100859632,61.25538435391027,676759,16827.80147860558,0.12400000000000011,0.951,59.50079635926041,10468.352220759356,8791.212772997073
제주,2022,3-3. 아동안전 수준,6613.0,6,0,94.590336,2024,6991.200454135188,-38.611031712376466,678159,10309.087476735083,0.06999999999999995,0.919,48.46459017123534,16827.80147860558,10468.352220759356
제주,2023,3-3. 아동안전 수준,5840.0,6,0,97.706583,2024,5977.079354008317,-14.505679057264542,675252,8851.627768608338,0.03199999999999992,0.827,47.44567966364062,10309.087476735083,16827.80147860558
제주,2024,3-3. 아동안전 수준,5878.0,5,0,100.0,2024,5878.0,-1.6576549873287605,670368,8768.318296816076,0.09200000000000008,0.826,46.05776101949956,8851.627768608338,10309.087476735083
제주,2016,4-1. 일·가정 양립 여건,11723.0,9,4,83.786765,2024,13991.46989384302,,641597,21807.25579116333,,1.432,,,
제주,2017,4-1. 일·가정 양립 여건,12204.0,10,5,85.339636,2024,14300.506273544454,2.2087484878013264,657083,21763.62236360468,,1.305,34.59893048128344,21807.25579116333,
제주,2018,4-1. 일·가정 양립 여건,12525.0,9,3,86.797969,2024,14430.061145785568,0.9059460536777308,667191,21628.08123278876,0.127,1.22,39.09653813678582,21763.62236360468,21807.25579116333
제주,2019,4-1. 일·가정 양립 여건,16844.0,10,0,87.068452,2024,19345.69825589641,34.06525489011181,670989,28831.617591192116,0.08499999999999996,1.145,34.931254422777016,21628.08123278876,21763.62236360468
제주,2020,4-1. 일·가정 양립 여건,640.0,11,0,87.535014,2024,731.1360000467927,-96.22067918988684,674635,1083.75047254707,0.07499999999999996,1.021,39.46197309000668,28831.617591192116,21628.08123278876
제주,2021,4-1. 일·가정 양립 여건,620.0,7,0,89.802171,2024,690.4064713535711,-5.57071853808524,676759,1020.165925172138,0.12400000000000011,0.951,56.81823955440812,1083.75047254707,28831.617591192116
제주,2022,4-1. 일·가정 양립 여건,750.0,6,0,94.590336,2024,792.8928384396479,14.8443520358591,678159,1169.1842745427664,0.06999999999999995,0.919,56.68464322720748,1020.165925172138,1083.75047254707
제주,2023,4-1. 일·가정 양립 여건,795.0,6,0,97.706583,2024,813.6606312391459,2.619243331843868,675252,1204.973300692402,0.03199999999999992,0.827,70.62923753724533,1169.1842745427664,1020.165925172138
제주,2024,4-1. 일·가정 양립 여건,195.0,5,0,100.0,2024,195.0,-76.03423435849056,670368,290.8850064442217,0.09200000000000008,0.826,73.83122652940747,1204.973300692402,1169.1842745427664
제주,2016,4-2. 사회적 가치관,57.0,5,0,83.786765,2024,68.02983740928535,,641597,106.03203788247974,,1.432,,,
제주,2017,4-2. 사회적 가치관,53.0,3,0,85.339636,2024,62.10478797917536,-8.709486389719467,657083,94.5158952205054,,1.305,56.1762135952194,106.03203788247974,
제주,2018,4-2. 사회적 가치관,53.0,3,0,86.797969,2024,61.06133658496088,-1.6801464559614288,667191,91.52002437826782,0.127,1.22,60.59091850541982,94.5158952205054,106.03203788247974
제주,2019,4-2. 사회적 가치관,59.0,3,0,87.068452,2024,67.76277589039942,10.97493058658181,670989,100.98939906674988,0.08499999999999996,1.145,65.00562341562026,91.52002437826782,94.5158952205054
제주,2020,4-2. 사회적 가치관,58.0,3,0,87.535014,2024,66.25920000424058,-2.2188817774979386,674635,98.21488657457824,0.07499999999999996,1.021,64.02265364163142,100.98939906674988,91.52002437826782
제주,2021,4-2. 사회적 가치관,539.0,2,0,89.802171,2024,600.2082065477014,805.8488579839299,676759,886.8861833351331,0.12400000000000011,0.951,63.03968386764265,98.21488657457824,100.98939906674988
제주,2022,4-2. 사회적 가치관,499.0,2,0,94.590336,2024,527.5380351751791,-12.107493796279323,678159,777.8972706624539,0.06999999999999995,0.919,56.299808104507214,886.8861833351331,98.21488657457824
제주,2023,4-2. 사회적 가치관,539.0,3,0,97.706583,2024,551.6516732552196,4.570976208764388,675252,816.9567409725844,0.03199999999999992,0.827,49.55993234137183,777.8972706624539,886.8861833351331
제주,2024,4-2. 사회적 가치관,419.0,2,0,100.0,2024,419.0,-24.046274068645634,670368,625.0298343596353,0.09200000000000008,0.826,53.87646007706346,816.9567409725844,777.8972706624539
충남,2016,1-1. 고용여건,175.0,4,0,83.786765,2024,208.86353590570064,,2096727,99.61408228429389,,1.395,,,
충남,2017,1-1. 고용여건,1213.0,6,0,85.339636,2024,1421.3793928064094,580.5301780623619,2116770,671.4850422135656,,1.276,67.4923682557054,99.61408228429389,
충남,2018,1-1. 고용여건,2130.0,16,1,86.797969,2024,2453.974470301258,72.6473932801337,2126282,1154.1152444977938,0.119,1.186,71.7318048754237,671.4850422135656,99.61408228429389
충남,2019,1-1. 고용여건,907.0,9,0,87.068452,2024,1041.7091141117337,-57.550124228315624,2123709,490.51405541518807,0.09000000000000008,1.112,84.3077201389788,1154.1152444977938,671.4850422135656
충남,2020,1-1. 고용여건,3456.0,12,0,87.535014,2024,3948.1344002526807,279.0054581234281,2121029,1861.4240541985428,0.07399999999999984,1.029,80.79951873567651,490.51405541518807,1154.1152444977938
충남,2021,1-1. 고용여건,38843.0,39,0,89.802171,2024,43253.96543030123,995.5545339979554,2119257,20409.96699800979,0.08300000000000018,0.963,53.5951680486653,1861.4240541985428,490.51405541518807
충남,2022,1-1. 고용여건,50692.0,42,0,94.590336,2024,53591.09835491017,23.89869419317412,2123037,25242.65867948141,0.06599999999999995,0.909,71.0389194056404,20409.96699800979,1861.4240541985428
충남,2023,1-1. 고용여건,47876.0,49,0,97.706583,2024,48999.7690329627,-8.56733573837417,2130119,23003.301239490705,0.05399999999999994,0.842,75.58452438298386,25242.65867948141,20409.96699800979
충남,2024,1-1. 고용여건,10102.0,1,0,100.0,2024,10102.0,-79.38357629154483,2136574,4728.130174756409,0.06700000000000006,0.883,90.70356639908243,23003.301239490705,25242.65867948141
충남,2016,1-2. 주거안정성,0.0,0,0,83.786765,2024,0.0,,2096727,0.0,,1.395,,,
충남,2017,1-2. 주거안정성,0.0,0,0,85.339636,2024,0.0,,2116770,0.0,,1.276,80.92922256264319,0.0,
충남,2018,1-2. 주거안정성,3860.0,2,0,86.797969,2024,4447.108664489604,inf,2126282,2091.4952318129035,0.119,1.186,82.765483388621,0.0,0.0
충남,2019,1-2. 주거안정성,327.0,5,0,87.068452,2024,375.5665714603494,-91.55481460439076,2123709,176.84464842421883,0.09000000000000008,1.112,83.06721829426532,2091.4952318129035,0.0
충남,2020,1-2. 주거안정성,261.0,5,0,87.535014,2024,298.16640001908263,-20.60890859916118,2121029,140.57629575978575,0.07399999999999984,1.029,83.45732407622386,176.84464842421883,2091.4952318129035
충남,2021,1-2. 주거안정성,883.0,11,0,89.802171,2024,983.2724422664568,229.7730536383467,2119257,463.9703642675036,0.08300000000000018,0.963,82.72479779294063,140.57629575978575,176.84464842421883
충남,2022,1-2. 주거안정성,1436.0,11,0,94.590336,2024,1518.1254879991125,54.39520347990347,2123037,715.0725531392587,0.06599999999999995,0.909,77.17658919855958,463.9703642675036,140.57629575978575
충남,2023,1-2. 주거안정성,3824.0,13,0,97.706583,2024,3913.758809884898,157.80206187323995,2130119,1837.342800981963,0.05399999999999994,0.842,76.87568290630382,715.0725531392587,463.9703642675036
충남,2024,1-2. 주거안정성,0.0,0,0,100.0,2024,0.0,-100.0,2136574,0.0,0.06700000000000006,0.883,79.9001852121128,1837.342800981963,715.0725531392587
충남,2016,1-3. 경제적 여건,13646.0,25,1,83.786765,2024,16286.581776966805,,2096727,7767.621524865565,,1.395,,,
충남,2017,1-3. 경제적 여건,14860.5,32,0,85.339636,2024,17413.362297444062,6.918459231702023,2116770,8226.383734389688,,1.276,8.062851539412216,7767.621524865565,
충남,2018,1-3. 경제적 여건,82848.59999999999,35,0,86.797969,2024,95449.92924892055,448.1418672540381,2126282,44890.53157056333,0.119,1.186,10.06708087233107,8226.383734389688,7767.621524865565
충남,2019,1-3. 경제적 여건,14431.0,42,0,87.068452,2024,16574.315574141598,-82.63559155615714,2123709,7804.419331528754,0.09000000000000008,1.112,17.69200751383449,44890.53157056333,8226.383734389688
충남,2020,1-3. 경제적 여건,136821.0,51,1,87.535014,2024,156304.31041000347,843.0513719303226,2121029,73692.67954846608,0.07399999999999984,1.029,24.797470634356905,7804.419331528754,44890.53157056333
충남,2021,1-3. 경제적 여건,149652.0,54,0,89.802171,2024,166646.30524355583,6.616576859860213,2119257,78634.30685544785,0.08300000000000018,0.963,39.07168563139017,73692.67954846608,7804.419331528754
충남,2022,1-3. 경제적 여건,270844.0,57,0,94.590336,2024,286333.69057913066,71.82120549306515,2123037,134869.8541660511,0.06599999999999995,0.909,51.52982343696227,78634.30685544785,73692.67954846608
충남,2023,1-3. 경제적 여건,313813.0,72,0,97.706583,2024,321178.9731711322,12.169466513536854,2130119,150779.82646562572,0.05399999999999994,0.842,57.38909553606859,134869.8541660511,78634.30685544785
충남,2024,1-3. 경제적 여건,218266.0,16,0,100.0,2024,218266.0,-32.042251133388355,2136574,102157.0046251616,0.06700000000000006,0.883,63.837365643216366,150779.82646562572,134869.8541660511
충남,2016,2-1. 돌봄 여건,643404.0,102,0,83.786765,2024,767906.4826049794,,2096727,366240.56570310745,,1.395,,,
충남,2017,2-1. 돌봄 여건,619663.6,110,0,85.339636,2024,726114.650875708,-5.442307452269512,2116770,343029.545428038,,1.276,47.54307968277788,366240.56570310745,
충남,2018,2-1. 돌봄 여건,396875.4,108,0,86.797969,2024,457240.4222960563,-37.0291700154217,2126282,215042.22972120176,0.119,1.186,50.42994207942637,343029.545428038,366240.56570310745
충남,2019,2-1. 돌봄 여건,821397.0,106,0,87.068452,2024,943392.2174245156,106.3230133257298,2123709,444219.154989933,0.09000000000000008,1.112,52.500156307701594,215042.22972120176,343029.545428038
충남,2020,2-1. 돌봄 여건,846980.0,154,1,87.535014,2024,967589.9520619258,2.5649707714857417,2121029,456188.9309679056,0.07399999999999984,1.029,52.08238999841209,444219.154989933,215042.22972120176
충남,2021,2-1. 돌봄 여건,562142.0,171,0,89.802171,2024,625978.1848703858,-35.305427310770256,2119257,295376.2497282707,0.08300000000000018,0.963,59.98652702580572,456188.9309679056,444219.154989933
충남,2022,2-1. 돌봄 여건,639040.0,172,0,94.590336,2024,675586.9859686301,7.9250047840750515,2123037,318217.2453747297,0.06599999999999995,0.909,61.623564237272305,295376.2497282707,456188.9309679056
충남,2023,2-1. 돌봄 여건,659145.0,168,0,97.706583,2024,674616.7758215432,-0.1436099521212375,2130119,316703.79721580964,0.05399999999999994,0.842,63.99996507641852,318217.2453747297,295376.2497282707
충남,2024,2-1. 돌봄 여건,748705.0,27,0,100.0,2024,748705.0,10.982268279384645,2136574,350423.1540775091,0.06700000000000006,0.883,65.89843841594406,316703.79721580964,318217.2453747297
충남,2016,2-2. 여가 인프라,4093.0,33,0,83.786765,2024,4885.019728354472,,2096727,2329.831078797799,,1.395,,,
충남,2017,2-2. 여가 인프라,3381.1,32,0,85.339636,2024,3961.933936535656,-18.89625514633815,2116770,1871.6884387702285,,1.276,22.313905896733367,2329.831078797799,
충남,2018,2-2. 여가 인프라,4691.2,41,0,86.797969,2024,5404.734758252235,36.416579499510135,2126282,2541.871096238521,0.119,1.186,22.430666269845855,1871.6884387702285,2329.831078797799
충남,2019,2-2. 여가 인프라,5815.0,38,0,87.068452,2024,6678.653250892758,23.570416488902367,2123709,3144.8062097456655,0.09000000000000008,1.112,26.139959246813376,2541.871096238521,1871.6884387702285
충남,2020,2-2. 여가 인프라,9458.0,43,0,87.535014,2024,10804.819200691509,61.78140704111557,2121029,5094.140250176451,0.07399999999999984,1.029,30.244381420257056,3144.8062097456655,2541.871096238521
충남,2021,2-2. 여가 인프라,8211.0,23,0,89.802171,2024,9143.431510135762,-15.376358083339492,2119257,4314.451484711747,0.08300000000000018,0.963,29.75684230231171,5094.140250176451,3144.8062097456655
충남,2022,2-2. 여가 인프라,12316.0,28,0,94.590336,2024,13020.35759763027,42.401215377364856,2123037,6132.892454361498,0.06599999999999995,0.909,30.11291315222945,4314.451484711747,5094.140250176451
충남,2023,2-2. 여가 인프라,28710.0,32,0,97.706583,2024,29383.895248900477,125.67656094367484,2130119,13794.485307581632,0.05399999999999994,0.842,36.64425722345571,6132.892454361498,4314.451484711747
충남,2024,2-2. 여가 인프라,0.0,0,0,100.0,2024,0.0,-100.0,2136574,0.0,0.06700000000000006,0.883,42.30956728824951,13794.485307581632,6132.892454361498
충남,2016,2-3. 가사수행 격차,23.0,4,0,83.786765,2024,27.450636147606367,,2096727,13.092136528792908,,1.395,,,
충남,2017,2-3. 가사수행 격차,13.0,2,0,85.339636,2024,15.23324988168452,-44.50675095552267,2116770,7.196459644498231,,1.276,30.595113698561985,13.092136528792908,
충남,2018,2-3. 가사수행 격차,10.0,3,0,86.797969,2024,11.521006902822808,-24.369343427662628,2126282,5.418381429567108,0.119,1.186,30.595113698561985,7.196459644498231,13.092136528792908
충남,2019,2-3. 가사수행 격차,17.0,3,0,87.068452,2024,19.524867629437125,69.47188552289869,2123709,9.193758480769787,0.09000000000000008,1.112,30.595113698561985,5.418381429567108,7.196459644498231
충남,2020,2-3. 가사수행 격차,13.0,2,0,87.535014,2024,14.851200000950476,-23.93700032793197,2121029,7.001884463131092,0.07399999999999984,1.029,30.595113698561985,9.193758480769787,5.418381429567108
충남,2021,2-3. 가사수행 격차,3.0,1,0,89.802171,2024,3.340676474291473,-77.50567985026349,2119257,1.5763432534569772,0.08300000000000018,0.963,30.595113698561985,7.001884463131092,9.193758480769787
충남,2022,2-3. 가사수행 격차,13.0,2,0,94.590336,2024,13.74347586628723,311.3979899595664,2123037,6.4734980437398075,0.06599999999999995,0.909,36.3900913900914,1.5763432534569772,7.001884463131092
충남,2023,2-3. 가사수행 격차,10.0,1,0,97.706583,2024,10.234724921247118,-25.53030237166629,2130119,4.804766738969568,0.05399999999999994,0.842,42.1850690816208,6.4734980437398075,1.5763432534569772
충남,2024,2-3. 가사수행 격차,0.0,0,0,100.0,2024,0.0,-100.0,2136574,0.0,0.06700000000000006,0.883,47.98004677315021,4.804766738969568,6.4734980437398075
충남,2016,3-1. 의료서비스 여건,6670.0,47,0,83.786765,2024,7960.6844828058465,,2096727,3796.7195933499434,,1.395,,,
충남,2017,3-1. 의료서비스 여건,6947.2,42,0,85.339636,2024,8140.648736772208,2.260663066788582,2116770,3845.7880340198544,,1.276,38.31745197952167,3796.7195933499434,
충남,2018,3-1. 의료서비스 여건,3973.4,40,0,86.797969,2024,4577.756882767615,-43.76668210618912,2126282,2152.939677224195,0.119,1.186,38.59929561779702,3845.7880340198544,3796.7195933499434
충남,2019,3-1. 의료서비스 여건,4697.0,41,0,87.068452,2024,5394.606073850951,17.843874456467134,2123709,2540.1813873044525,0.09000000000000008,1.112,37.51157774553992,2152.939677224195,3845.7880340198544
충남,2020,3-1. 의료서비스 여건,6769.0,52,1,87.535014,2024,7732.905600494906,43.34513947141194,2121029,3645.8273793026433,0.07399999999999984,1.029,33.752694050006966,2540.1813873044525,2152.939677224195
충남,2021,3-1. 의료서비스 여건,9194.0,74,0,89.802171,2024,10238.0598348786,32.39602762282996,2119257,4830.9666240944825,0.08300000000000018,0.963,31.720782483254855,3645.8273793026433,2540.1813873044525
충남,2022,3-1. 의료서비스 여건,7859.0,49,0,94.590336,2024,8308.459756396256,-18.84732175434902,2123037,3913.478548134703,0.06599999999999995,0.909,33.00496871612401,4830.9666240944825,3645.8273793026433
충남,2023,3-1. 의료서비스 여건,12547.0,73,0,97.706583,2024,12841.50935868876,54.55944585640849,2130119,6028.540827385117,0.05399999999999994,0.842,30.494482183516936,3913.478548134703,4830.9666240944825
충남,2024,3-1. 의료서비스 여건,14786.0,18,0,100.0,2024,14786.0,15.14222812130388,2136574,6920.424941986564,0.06700000000000006,0.883,23.57741337166146,6028.540827385117,3913.478548134703
충남,2016,3-2. 산후조리 여건,2418.0,3,0,83.786765,2024,2885.897313257052,,2096727,1376.3820055052718,,1.395,,,
충남,2017,3-2. 산후조리 여건,3026.0,5,0,85.339636,2024,3545.8318570751817,22.86756846082376,2116770,1675.1143757116652,,1.276,45.28024263813373,1376.3820055052718,
충남,2018,3-2. 산후조리 여건,5590.6,7,0,86.797969,2024,6440.9341190921195,81.64804138245276,2126282,3029.200322013787,0.119,1.186,46.33100241302547,1675.1143757116652,1376.3820055052718
충남,2019,3-2. 산후조리 여건,9779.0,10,0,87.068452,2024,11231.39297342739,74.37521896296788,2123709,5288.57436373222,0.09000000000000008,1.112,47.28355864379386,3029.200322013787,1675.1143757116652
충남,2020,3-2. 산후조리 여건,14607.0,15,0,87.535014,2024,16687.03680106797,48.574952728910944,2121029,7867.425104073528,0.07399999999999984,1.029,47.45672513470837,5288.57436373222,3029.200322013787
충남,2021,3-2. 산후조리 여건,13510.0,17,0,89.802171,2024,15044.179722559267,-9.845109698586874,2119257,7098.799118067921,0.08300000000000018,0.963,47.75290873187149,7867.425104073528,5288.57436373222
충남,2022,3-2. 산후조리 여건,19168.0,18,0,94.590336,2024,20264.226569614893,34.69811543947448,2123037,9544.923884800355,0.06599999999999995,0.909,49.14833605506187,7098.799118067921,7867.425104073528
충남,2023,3-2. 산후조리 여건,23785.0,18,0,97.706583,2024,24343.29322518627,20.129397199337063,2130119,11428.137688639115,0.05399999999999994,0.842,51.87561633117674,9544.923884800355,7098.799118067921
충남,2024,3-2. 산후조리 여건,11715.0,7,0,100.0,2024,11715.0,-51.87586210447761,2136574,5483.077113172771,0.06700000000000006,0.883,53.5069978870624,11428.137688639115,9544.923884800355
충남,2016,3-3. 아동안전 수준,297.0,4,0,83.786765,2024,354.4712580799605,,2096727,169.05932821963015,,1.395,,,
충남,2017,3-3. 아동안전 수준,268.9,4,0,85.339636,2024,315.0939148603821,-11.10875489112174,2116770,148.85599987735185,,1.276,35.1089156276808,169.05932821963015,
충남,2018,3-3. 아동안전 수준,72.0,4,0,86.797969,2024,82.95124970032421,-73.67411879817487,2126282,39.012346292883166,0.119,1.186,46.36640218974969,148.85599987735185,169.05932821963015
충남,2019,3-3. 아동안전 수준,19.0,4,0,87.068452,2024,21.821910879959137,-73.69308966556312,2123709,10.275377125566232,0.09000000000000008,1.112,59.889757605938755,39.012346292883166,148.85599987735185
충남,2020,3-3. 아동안전 수준,94.0,4,0,87.535014,2024,107.38560000687268,392.0998926152418,2121029,50.62901073340944,0.07399999999999984,1.029,59.2959678055697,10.275377125566232,39.012346292883166
충남,2021,3-3. 아동안전 수준,616.0,9,0,89.802171,2024,685.9522360545159,538.7748785783335,2119257,323.67581470983265,0.08300000000000018,0.963,68.3883315611416,50.62901073340944,10.275377125566232
충남,2022,3-3. 아동안전 수준,1070.0,8,0,94.590336,2024,1131.1937828405644,64.90853493633966,2123037,532.8186851385842,0.06599999999999995,0.909,72.6546361110207,323.67581470983265,50.62901073340944
충남,2023,3-3. 아동안전 수준,1260.0,12,0,97.706583,2024,1289.5753400771368,14.001275434776272,2130119,605.4006091101655,0.05399999999999994,0.842,75.79849850265587,532.8186851385842,323.67581470983265
충남,2024,3-3. 아동안전 수준,72.0,1,0,100.0,2024,72.0,-94.41676668571428,2136574,33.698809402342256,0.06700000000000006,0.883,71.53090138170101,605.4006091101655,532.8186851385842
충남,2016,4-1. 일·가정 양립 여건,195.0,5,0,83.786765,2024,232.73365429492355,,2096727,110.99854883107032,,1.395,,,
충남,2017,4-1. 일·가정 양립 여건,412.8,4,0,85.339636,2024,483.7142731661054,107.8402776046886,2116770,228.5152724037592,,1.276,11.54798761609908,110.99854883107032,
충남,2018,4-1. 일·가정 양립 여건,356.0,5,1,86.797969,2024,410.147845740492,-15.2086534358582,2126282,192.89437889258903,0.119,1.186,18.936110329299183,228.5152724037592,110.99854883107032
충남,2019,4-1. 일·가정 양립 여건,200.0,5,0,87.068452,2024,229.70432505220143,-43.99475032290196,2123709,108.16186447964456,0.09000000000000008,1.112,19.095515238912004,192.89437889258903,228.5152724037592
충남,2020,4-1. 일·가정 양립 여건,277.0,5,1,87.535014,2024,316.44480002025244,37.76179440606475,2121029,149.19399971440865,0.07399999999999984,1.029,20.994397607168366,108.16186447964456,192.89437889258903
충남,2021,4-1. 일·가정 양립 여건,687.0,9,0,89.802171,2024,765.0149126127474,141.75303641070622,2119257,360.9826050416478,0.08300000000000018,0.963,38.34667507175422,149.19399971440865,108.16186447964456
충남,2022,4-1. 일·가정 양립 여건,772.0,7,0,94.590336,2024,816.1510283672109,6.684329274029288,2123037,384.42619152054857,0.06599999999999995,0.909,35.81779830269397,360.9826050416478,149.19399971440865
충남,2023,4-1. 일·가정 양립 여건,802.0,8,0,97.706583,2024,820.8249386840189,0.5726771338092407,2130119,385.3422924653594,0.05399999999999994,0.842,49.439076924878954,384.42619152054857,360.9826050416478
충남,2024,4-1. 일·가정 양립 여건,0.0,0,0,100.0,2024,0.0,-100.0,2136574,0.0,0.06700000000000006,0.883,56.47061529210315,385.3422924653594,384.42619152054857
충남,2016,4-2. 사회적 가치관,193.0,28,0,83.786765,2024,230.3466424560013,,2096727,109.86010217639266,,1.395,,,
충남,2017,4-2. 사회적 가치관,240.5,31,0,85.339636,2024,281.81512281116363,22.343924706865835,2116770,133.13450342321727,,1.276,50.03602775172641,109.86010217639266,
충남,2018,4-2. 사회적 가치관,448.5,28,0,86.797969,2024,516.7171595916029,83.35324039293678,2126282,243.01440711608475,0.119,1.186,53.49276351750264,133.13450342321727,109.86010217639266
충남,2019,4-2. 사회적 가치관,433.0,32,0,87.068452,2024,497.3098637380162,-3.7558837544558465,2123709,234.17043659843048,0.09000000000000008,1.112,56.94949928327886,243.01440711608475,133.13450342321727
충남,2020,4-2. 사회적 가치관,468.0,24,1,87.535014,2024,534.6432000342172,7.507057273223183,2121029,252.06784067271937,0.07399999999999984,1.029,59.50140746074913,234.17043659843048,243.01440711608475
충남,2021,4-2. 사회적 가치관,1065.0,28,0,89.802171,2024,1185.940148373473,121.81899036545732,2119257,559.6018549772269,0.08300000000000018,0.963,62.05331563821936,252.06784067271937,234.17043659843048
충남,2022,4-2. 사회적 가치관,1153.0,25,0,94.590336,2024,1218.940590294552,2.782639745044424,2123037,574.149480340923,0.06599999999999995,0.909,55.30765127518557,559.6018549772269,252.06784067271937
충남,2023,4-2. 사회적 가치관,1059.0,16,0,97.706583,2024,1083.8573691600698,-11.082018451928,2130119,508.8247976568773,0.05399999999999994,0.842,48.56198691215179,574.149480340923,559.6018549772269
충남,2024,4-2. 사회적 가치관,0.0,0,0,100.0,2024,0.0,-100.0,2136574,0.0,0.06700000000000006,0.883,58.78995461875519,508.8247976568773,574.149480340923
충북,2016,1-1. 고용여건,2753.0,13,0,83.786765,2024,3285.721796276536,,1591625,2064.381871531634,,1.358,,,
충북,2017,1-1. 고용여건,5991.0,14,1,85.339636,2024,7020.18461855169,113.65730435568656,1594432,4402.937609475782,,1.235,65.8395502428776,2064.381871531634,
충북,2018,1-1. 고용여건,4430.0,13,0,86.797969,2024,5103.806057950504,-27.2981219829593,1599252,3191.370752045646,0.123,1.172,68.8037333074033,4402.937609475782,2064.381871531634
충북,2019,1-1. 고용여건,9394.0,14,0,87.068452,2024,10789.212147701905,111.3954179527434,1600007,6743.228090690793,0.06300000000000017,1.05,78.56041795199486,3191.370752045646,4402.937609475782
충북,2020,1-1. 고용여건,33262.0,38,0,87.535014,2024,37998.508802431905,252.18983816650197,1600837,23736.650766087932,0.12199999999999989,0.983,75.48478000061841,6743.228090690793,3191.370752045646
충북,2021,1-1. 고용여건,36349.28,49,0,89.802171,2024,40477.061517811184,6.522763112274155,1597427,25338.911585825943,0.06700000000000006,0.949,50.55266500751272,23736.650766087932,6743.228090690793
충북,2022,1-1. 고용여건,38864.0,48,0,94.590336,2024,41086.6496974913,1.5060089760020825,1595058,25758.718302087636,0.03400000000000003,0.871,61.83179044519251,25338.911585825943,23736.650766087932
충북,2023,1-1. 고용여건,18057.0,53,0,97.706583,2024,18480.842790295923,-55.01983508909869,1593469,11597.867790522389,0.07799999999999996,0.886,65.27532738394268,25758.718302087636,25338.911585825943
충북,2024,1-1. 고용여건,49459.0,63,0,100.0,2024,49459.0,167.62307629157664,1591177,31083.27986138563,-0.015000000000000013,0.882,96.69666373799892,11597.867790522389,25758.718302087636
충북,2016,1-2. 주거안정성,34.0,1,0,83.786765,2024,40.579201261678975,,1591625,25.495453553242108,,1.358,,,
충북,2017,1-2. 주거안정성,34.4,1,0,85.339636,2024,40.30952276384211,-0.6645732036414831,1594432,25.28143110765596,,1.235,86.97873223065204,25.495453553242108,
충북,2018,1-2. 주거안정성,38.0,1,0,86.797969,2024,43.77982623072667,8.609140542833327,1599252,27.37518929519967,0.123,1.172,85.32684018090265,25.28143110765596,25.495453553242108
충북,2019,1-2. 주거안정성,25367.0,4,0,87.068452,2024,29134.548067995973,66447.88421144537,1600007,18209.01287806614,0.06300000000000017,1.05,86.23712188614682,27.37518929519967,25.28143110765596
충북,2020,1-2. 주거안정성,6330.0,5,0,87.535014,2024,7231.392000462809,-75.17932324336816,1600837,4517.256910268072,0.12199999999999989,0.983,86.68709132795546,18209.01287806614,27.37518929519967
충북,2021,1-2. 주거안정성,57463.0,10,0,89.802171,2024,63988.43074740364,784.8701708233821,1597427,40057.18617965243,0.06700000000000006,0.949,82.27842177880973,4517.256910268072,18209.01287806614
충북,2022,1-2. 주거안정성,8111.0,12,0,94.590336,2024,8574.871750111979,-86.59934045896271,1595058,5375.899653875897,0.03400000000000003,0.871,79.03203675208212,40057.18617965243,4517.256910268072
충북,2023,1-2. 주거안정성,4509.0,14,0,97.706583,2024,4614.837466990326,-46.18184852817115,1593469,2896.094914297251,0.07799999999999996,0.886,75.8475577536619,5375.899653875897,40057.18617965243
충북,2024,1-2. 주거안정성,18394.0,20,0,100.0,2024,18394.0,298.5839183193612,1591177,11559.996153790558,-0.015000000000000013,0.882,78.19242555487585,2896.094914297251,5375.899653875897
충북,2016,1-3. 경제적 여건,30085.0,33,2,83.786765,2024,35906.625586988586,,1591625,22559.72706321438,,1.358,,,
충북,2017,1-3. 경제적 여건,30444.0,30,1,85.339636,2024,35673.92764600027,-0.6480640750397781,1594432,22374.06653027553,,1.235,3.9557457148829664,22559.72706321438,
충북,2018,1-3. 경제적 여건,35015.0,36,2,86.797969,2024,40340.80567023406,13.0820415137469,1599252,25224.79613608991,0.123,1.172,6.982541033984907,22374.06653027553,22559.72706321438
충북,2019,1-3. 경제적 여건,39055.0,34,0,87.068452,2024,44855.51207456864,11.1914135806807,1600007,28034.57239535117,0.06300000000000017,1.05,15.170265106189657,25224.79613608991,22374.06653027553
충북,2020,1-3. 경제적 여건,135024.0,36,0,87.535014,2024,154251.4176098721,243.8850889795699,1600837,96356.72939210682,0.12199999999999989,0.983,23.096212285931536,28034.57239535117,25224.79613608991
충북,2021,1-3. 경제적 여건,138376.0,36,0,89.802171,2024,154089.81593551897,-0.1047651145494432,1597427,96461.25671815926,0.06700000000000006,0.949,36.056228446726294,96356.72939210682,28034.57239535117
충북,2022,1-3. 경제적 여건,163657.59999999998,45,0,94.590336,2024,173017.25199496065,12.283378979024896,1595058,108470.82174752308,0.03400000000000003,0.871,49.18394542925513,96461.25671815926,96356.72939210682
충북,2023,1-3. 경제적 여건,238264.0,43,0,97.706583,2024,243856.64986360233,40.94354583247279,1593469,153035.07621648262,0.07799999999999996,0.886,54.816371618888304,108470.82174752308,96461.25671815926
충북,2024,1-3. 경제적 여건,273338.0,39,0,100.0,2024,273338.0,12.0896232080969,1591177,171783.5287966078,-0.015000000000000013,0.882,59.78617504947487,153035.07621648262,108470.82174752308
충북,2016,2-1. 돌봄 여건,388972.0,116,0,83.786765,2024,464240.384504641,,1591625,291676.9870444615,,1.358,,,
충북,2017,2-1. 돌봄 여건,540899.0,131,5,85.339636,2024,633819.2021348673,36.528234787495315,1594432,397520.37222965126,,1.235,48.48766405604464,291676.9870444615,
충북,2018,2-1. 돌봄 여건,400360.0,114,0,86.797969,2024,461255.03236141393,-27.22608737510832,1599252,288419.2312164774,0.123,1.172,52.2836628326616,397520.37222965126,291676.9870444615
충북,2019,2-1. 돌봄 여건,525572.0,123,0,87.068452,2024,603630.8076316782,30.867039984662203,1600007,377267.6042240304,0.06300000000000017,1.05,50.769995724709155,288419.2312164774,397520.37222965126
충북,2020,2-1. 돌봄 여건,553769.0,113,0,87.535014,2024,632625.7056404881,4.803415869804639,1600837,395184.3352199431,0.12199999999999989,0.983,54.641094383636215,377267.6042240304,288419.2312164774
충북,2021,2-1. 돌봄 여건,588393.5,110,0,89.802171,2024,655210.7743586733,3.570052325856632,1597427,410166.3327079567,0.06700000000000006,0.949,60.85394246737297,395184.3352199431,377267.6042240304
충북,2022,2-1. 돌봄 여건,547626.5,120,0,94.590336,2024,578945.5066530264,-11.63980671415179,1595058,362962.04066123394,0.03400000000000003,0.871,63.82711493744386,410166.3327079567,395184.3352199431
충북,2023,2-1. 돌봄 여건,464395.0,119,0,97.706583,2024,475295.5079802555,-17.90323916183193,1593469,298277.222826585,0.07799999999999996,0.886,66.17001373546506,362962.04066123394,410166.3327079567
충북,2024,2-1. 돌봄 여건,556354.0,121,0,100.0,2024,556354.0,17.05433580977831,1591177,349649.34762128914,-0.015000000000000013,0.882,69.40235606623382,298277.222826585,362962.04066123394
충북,2016,2-2. 여가 인프라,607.0,32,0,83.786765,2024,724.4580931129159,,1591625,455.1688325534695,,1.358,,,
충북,2017,2-2. 여가 인프라,590.0,29,2,85.339636,2024,691.3551869379897,-4.569333476928472,1594432,433.60594050921566,,1.235,21.376873521321524,455.1688325534695,
충북,2018,2-2. 여가 인프라,701.0,30,1,86.797969,2024,807.6225838878788,16.817317515883133,1599252,505.0002025246045,0.123,1.172,21.829994472974203,433.60594050921566,455.1688325534695
충북,2019,2-2. 여가 인프라,575.0,24,0,87.068452,2024,660.3999345250792,-18.22913973679051,1600007,412.74815330500377,0.06300000000000017,1.05,23.929862248641292,505.0002025246045,433.60594050921566
충북,2020,2-2. 여가 인프라,118991.0,36,0,87.535014,2024,135935.31840869985,20483.787384300176,1600837,84915.15276614661,0.12199999999999989,0.983,26.91818806931011,412.74815330500377,505.0002025246045
충북,2021,2-2. 여가 인프라,80014.0,21,0,89.802171,2024,89100.29580465265,-34.45390289463563,1597427,55777.38188014391,0.06700000000000006,0.949,26.61272022961751,84915.15276614661,412.74815330500377
충북,2022,2-2. 여가 인프라,75314.0,32,0,94.590336,2024,79621.24164565819,-10.6386337703937,1595058,49917.458578721395,0.03400000000000003,0.871,26.558556994453447,55777.38188014391,84915.15276614661
충북,2023,2-2. 여가 인프라,95838.0,38,0,97.706583,2024,98087.55670024813,23.19269917539264,1593469,61555.98678119758,0.07799999999999996,0.886,35.47559707852236,49917.458578721395,55777.38188014391
충북,2024,2-2. 여가 인프라,100242.0,43,0,100.0,2024,100242.0,2.1964491442434175,1591177,62998.64817050523,-0.015000000000000013,0.882,43.93951621093861,61555.98678119758,49917.458578721395
충북,2016,2-3. 가사수행 격차,0.0,1,0,83.786765,2024,0.0,,1591625,0.0,,1.358,,,
충북,2017,2-3. 가사수행 격차,0.0,0,0,85.339636,2024,0.0,,1594432,0.0,,1.235,25.992934268796343,0.0,
충북,2018,2-3. 가사수행 격차,0.0,0,0,86.797969,2024,0.0,,1599252,0.0,0.123,1.172,25.992934268796343,0.0,0.0
충북,2019,2-3. 가사수행 격차,0.0,0,0,87.068452,2024,0.0,,1600007,0.0,0.06300000000000017,1.05,25.992934268796343,0.0,0.0
충북,2020,2-3. 가사수행 격차,0.0,0,0,87.535014,2024,0.0,,1600837,0.0,0.12199999999999989,0.983,25.992934268796343,0.0,0.0
충북,2021,2-3. 가사수행 격차,1.0,1,0,89.802171,2024,1.1135588247638244,inf,1597427,0.6970952818274792,0.06700000000000006,0.949,25.992934268796343,0.0,0.0
충북,2022,2-3. 가사수행 격차,0.0,0,0,94.590336,2024,0.0,-100.0,1595058,0.0,0.03400000000000003,0.871,36.67238891376821,0.6970952818274792,0.0
충북,2023,2-3. 가사수행 격차,0.0,0,0,97.706583,2024,0.0,,1593469,0.0,0.07799999999999996,0.886,47.351843558740114,0.0,0.6970952818274792
충북,2024,2-3. 가사수행 격차,0.0,0,0,100.0,2024,0.0,,1591177,0.0,-0.015000000000000013,0.882,58.031298203712005,0.0,0.0
충북,2016,3-1. 의료서비스 여건,4930.0,25,0,83.786765,2024,5883.984182943452,,1591625,3696.8407652201063,,1.358,,,
충북,2017,3-1. 의료서비스 여건,6836.0,26,0,85.339636,2024,8010.345860861184,36.13812702083137,1594432,5023.949507323726,,1.235,33.31959238327993,3696.8407652201063,
충북,2018,3-1. 의료서비스 여건,10223.0,31,0,86.797969,2024,11777.925356755755,47.033917902385355,1599252,7364.646320127007,0.123,1.172,33.089153394420414,5023.949507323726,3696.8407652201063
충북,2019,3-1. 의료서비스 여건,5203.0,31,0,87.068452,2024,5975.758016233021,-49.263067686149355,1600007,3734.8324202538,0.06300000000000017,1.05,32.12842579248667,7364.646320127007,5023.949507323726
충북,2020,3-1. 의료서비스 여건,3623.0,29,0,87.535014,2024,4138.915200264891,-30.738239583637515,1600837,2585.469476445691,0.12199999999999989,0.983,31.293176481733937,3734.8324202538,7364.646320127007
충북,2021,3-1. 의료서비스 여건,4290.9,26,0,89.802171,2024,4778.169561179094,15.444973621911618,1597427,2991.1661447935294,0.06700000000000006,0.949,27.605929794371445,2585.469476445691,3734.8324202538
충북,2022,3-1. 의료서비스 여건,4627.0,21,0,94.590336,2024,4891.620217947001,2.374353930209039,1595058,3066.7350139913415,0.03400000000000003,0.871,29.647817179441404,2991.1661447935294,2585.469476445691
충북,2023,3-1. 의료서비스 여건,4963.0,22,0,97.706583,2024,5079.493978414945,3.840726632428426,1593469,3187.695511123809,0.07799999999999996,0.886,28.868275975158276,3066.7350139913415,2991.1661447935294
충북,2024,3-1. 의료서비스 여건,6710.0,22,0,100.0,2024,6710.0,32.09977270400968,1591177,4217.004142216736,-0.015000000000000013,0.882,21.84615953883727,3187.695511123809,3066.7350139913415
충북,2016,3-2. 산후조리 여건,2033.0,2,0,83.786765,2024,2426.397534264511,,1591625,1524.4781492276827,,1.358,,,
충북,2017,3-2. 산후조리 여건,1758.0,2,0,85.339636,2024,2060.004099384722,-15.100305275856208,1594432,1291.9987176528832,,1.235,50.77859207925105,1524.4781492276827,
충북,2018,3-2. 산후조리 여건,2233.0,4,0,86.797969,2024,2572.640841400333,24.885229217200312,1599252,1608.652570952128,0.123,1.172,51.69972903181776,1291.9987176528832,1524.4781492276827
충북,2019,3-2. 산후조리 여건,3946.0,7,0,87.068452,2024,4532.066333279935,76.16397362381345,1600007,2832.529065985296,0.06300000000000017,1.05,52.53477693194205,1608.652570952128,1291.9987176528832
충북,2020,3-2. 산후조리 여건,5005.0,9,0,87.535014,2024,5717.712000365934,26.161260226478777,1600837,3571.7015538533487,0.12199999999999989,0.983,52.68658142383373,2832.529065985296,1608.652570952128
충북,2021,3-2. 산후조리 여건,7047.9,11,0,89.802171,2024,7848.251241052958,37.262094357859745,1597427,4913.05783679189,0.06700000000000006,0.949,52.946227503375745,3571.7015538533487,2832.529065985296
충북,2022,3-2. 산후조리 여건,6789.0,11,0,94.590336,2024,7177.265973555693,-8.549487610532235,1595058,4499.68964987837,0.03400000000000003,0.871,54.169513455813664,4913.05783679189,3571.7015538533487
충북,2023,3-2. 산후조리 여건,6005.0,14,0,97.706583,2024,6145.952315208894,-14.36917152222903,1593469,3856.9638412852046,0.07799999999999996,0.886,56.5603535910811,4499.68964987837,4913.05783679189
충북,2024,3-2. 산후조리 여건,7397.0,13,0,100.0,2024,7397.0,20.355636045129067,1591177,4648.7600059578535,-0.015000000000000013,0.882,57.990486215844825,3856.9638412852046,4499.68964987837
충북,2016,3-3. 아동안전 수준,4282.0,4,0,83.786765,2024,5110.592347132629,,1591625,3210.92741514655,,1.358,,,
충북,2017,3-3. 아동안전 수준,4287.0,5,0,85.339636,2024,5023.45709559858,-1.704993190915283,1594432,3150.624859259335,,1.235,16.943615246443184,3210.92741514655,
충북,2018,3-3. 아동안전 수준,4316.0,6,0,86.797969,2024,4972.466579258324,-1.0150483097572938,1599252,3109.2451841600473,0.123,1.172,26.57852912159067,3150.624859259335,3210.92741514655
충북,2019,3-3. 아동안전 수준,4367.0,6,0,87.068452,2024,5015.593937514819,0.8673232402685693,1600007,3134.73249649209,0.06300000000000017,1.05,38.2693387745511,3109.2451841600473,3150.624859259335
충북,2020,3-3. 아동안전 수준,82.0,3,0,87.535014,2024,93.67680000599532,-98.13228899362592,1600837,58.517388095099825,0.12199999999999989,0.983,43.08530688465137,3134.73249649209,3109.2451841600473
충북,2021,3-3. 아동안전 수준,106.0,4,0,89.802171,2024,118.0372354249654,26.00476896884929,1597427,73.89209987371278,0.06700000000000006,0.949,57.90934409326699,58.517388095099825,3134.73249649209
충북,2022,3-3. 아동안전 수준,12.5,3,0,94.590336,2024,13.214880640660798,-88.80448140530933,1595058,8.284890355498545,0.03400000000000003,0.871,60.06094713502119,73.89209987371278,58.517388095099825
충북,2023,3-3. 아동안전 수준,0.0,0,0,97.706583,2024,0.0,-100.0,1593469,0.0,0.07799999999999996,0.886,59.33859599560993,8.284890355498545,73.89209987371278
충북,2024,3-3. 아동안전 수준,184.0,3,0,100.0,2024,184.0,inf,1591177,115.63766947360352,-0.015000000000000013,0.882,53.600729010454,0.0,8.284890355498545
충북,2016,4-1. 일·가정 양립 여건,810.0,14,0,83.786765,2024,966.7397947635286,,1591625,607.3916875919444,,1.358,,,
충북,2017,4-1. 일·가정 양립 여건,84060.0,15,0,85.339636,2024,98500.53731187698,10088.939965585145,1594432,61777.82264271978,,1.235,17.343090346186326,607.3916875919444,
충북,2018,4-1. 일·가정 양립 여건,200.0,17,8,86.797969,2024,230.42013805645615,-99.7660722018938,1599252,144.07994365894564,0.123,1.172,23.368983957219257,61777.82264271978,607.3916875919444
충북,2019,4-1. 일·가정 양립 여건,564.0,19,0,87.068452,2024,647.7661966472082,181.12395127916136,1600007,404.8521016765603,0.06300000000000017,1.05,29.75338557412457,144.07994365894564,61777.82264271978
충북,2020,4-1. 일·가정 양립 여건,643.0,22,0,87.535014,2024,734.5632000470121,13.399433908261816,1600837,458.861957867673,0.12199999999999989,0.983,31.790120621953353,404.8521016765603,144.07994365894564
충북,2021,4-1. 일·가정 양립 여건,579.0,18,0,89.802171,2024,644.7505595382544,-12.226673008259825,1597427,403.6181681781104,0.06700000000000006,0.949,46.622307474243506,458.861957867673,404.8521016765603
충북,2022,4-1. 일·가정 양립 여건,615.4,17,0,94.590336,2024,650.5950037010124,0.9064659310948908,1595058,407.8817219819043,0.03400000000000003,0.871,46.32683619148994,403.6181681781104,458.861957867673
충북,2023,4-1. 일·가정 양립 여건,300.0,13,0,97.706583,2024,307.04174763741355,-52.80600897781906,1593469,192.6876190483866,0.07799999999999996,0.886,57.15222143461236,407.8817219819043,403.6181681781104
충북,2024,4-1. 일·가정 양립 여건,488.0,13,0,100.0,2024,488.0,58.936041679999995,1591177,306.6912103430354,-0.015000000000000013,0.882,67.08390249930565,192.6876190483866,407.8817219819043
충북,2016,4-2. 사회적 가치관,166.0,15,0,83.786765,2024,198.1219826305503,,1591625,124.47780264229972,,1.358,,,
충북,2017,4-2. 사회적 가치관,221.0,17,0,85.339636,2024,258.96524798863686,30.710002267413493,1594432,162.41849636023164,,1.235,58.36178898162967,124.47780264229972,
충북,2018,4-2. 사회적 가치관,324.0,23,2,86.797969,2024,373.280623651459,44.14313370257239,1599252,233.40950872749195,0.123,1.172,61.262166097974266,162.41849636023164,124.47780264229972
충북,2019,4-2. 사회적 가치관,341.0,37,0,87.068452,2024,391.6458742140034,4.919958175941264,1600007,244.77760048175008,0.06300000000000017,1.05,64.1625432143189,233.40950872749195,162.41849636023164
충북,2020,4-2. 사회적 가치관,608.0,38,0,87.535014,2024,694.579200044453,77.34878515914623,1600837,433.88502392464255,0.12199999999999989,0.983,55.46496771934651,244.77760048175008,233.40950872749195
충북,2021,4-2. 사회적 가치관,245.8,16,0,89.802171,2024,273.7127591269481,-60.59300953592759,1597427,171.34602027319437,0.06700000000000006,0.949,46.767392224374184,433.88502392464255,244.77760048175008
충북,2022,4-2. 사회적 가치관,326.0,23,0,94.590336,2024,344.6440871084336,25.914512793533163,1595058,216.06994047140205,0.03400000000000003,0.871,50.54370034365542,171.34602027319437,433.88502392464255
충북,2023,4-2. 사회적 가치관,207.0,19,0,97.706583,2024,211.85880586981537,-38.52823425832944,1593469,132.95445714338675,0.07799999999999996,0.886,54.32000846293672,216.06994047140205,171.34602027319437
충북,2024,4-2. 사회적 가치관,205.0,21,0,100.0,2024,205.0,-3.237441956521736,1591177,128.83544696787348,-0.015000000000000013,0.882,57.41421442503501,132.95445714338675,216.06994047140205
