지역,연도,세부영역,당해계획예산_백만원_provisional,사업수,예산결측_사업수,지역연도_전체계획예산_백만원,계획예산비중_pct,예산누락주의
강원,2016,1-1. 고용여건,2743.0,2,0,966330.0,0.28385748139869404,False
강원,2017,1-1. 고용여건,7783.0,7,0,1189656.0,0.6542227332943304,False
강원,2018,1-1. 고용여건,0.0,0,0,1070709.0,0.0,False
강원,2019,1-1. 고용여건,61357.0,23,0,1610182.0,3.8105630295208868,False
강원,2020,1-1. 고용여건,20929.0,43,0,1479594.0,1.4145096560272616,False
강원,2021,1-1. 고용여건,46059.0,38,0,1968341.0,2.3399908857255936,False
강원,2022,1-1. 고용여건,50241.100000000006,43,0,1320745.8,3.8039946823983843,False
강원,2023,1-1. 고용여건,31036.0,42,0,2579093.0,1.2033687811955598,False
강원,2024,1-1. 고용여건,20222.0,30,0,2540007.0,0.7961395381981231,False
강원,2016,1-2. 주거안정성,0.0,0,0,966330.0,0.0,False
강원,2017,1-2. 주거안정성,15785.0,4,0,1189656.0,1.3268541494347947,False
강원,2018,1-2. 주거안정성,46690.0,1,0,1070709.0,4.360661953901573,False
강원,2019,1-2. 주거안정성,89476.0,3,0,1610182.0,5.55688735807505,False
강원,2020,1-2. 주거안정성,77441.0,4,0,1479594.0,5.233935795900767,False
강원,2021,1-2. 주거안정성,83873.0,3,0,1968341.0,4.261101099860238,False
강원,2022,1-2. 주거안정성,75602.0,3,0,1320745.8,5.724190075031849,False
강원,2023,1-2. 주거안정성,87261.0,4,0,2579093.0,3.3833987374631316,False
강원,2024,1-2. 주거안정성,24651.0,4,0,2540007.0,0.9705091363921438,False
강원,2016,1-3. 경제적 여건,5129.0,23,1,966330.0,0.5307710616456076,True
강원,2017,1-3. 경제적 여건,6634.0,26,0,1189656.0,0.5576401917865332,False
강원,2018,1-3. 경제적 여건,44018.0,7,0,1070709.0,4.11110768658898,False
강원,2019,1-3. 경제적 여건,100762.0,40,0,1610182.0,6.2578019130756655,False
강원,2020,1-3. 경제적 여건,67066.0,46,0,1479594.0,4.532729924560385,False
강원,2021,1-3. 경제적 여건,198710.0,44,0,1968341.0,10.09530360847028,False
강원,2022,1-3. 경제적 여건,232578.6,51,0,1320745.8,17.609641461665067,False
강원,2023,1-3. 경제적 여건,450919.0,51,0,2579093.0,17.483626996002084,False
강원,2024,1-3. 경제적 여건,477130.0,51,0,2540007.0,18.784593900725472,False
강원,2016,2-1. 돌봄 여건,408734.0,51,0,966330.0,42.29755880496311,False
강원,2017,2-1. 돌봄 여건,499768.0,67,0,1189656.0,42.00945483400243,False
강원,2018,2-1. 돌봄 여건,366170.0,31,0,1070709.0,34.198834603986704,False
강원,2019,2-1. 돌봄 여건,479244.0,115,0,1610182.0,29.76334352265769,False
강원,2020,2-1. 돌봄 여건,257993.0,110,0,1479594.0,17.436742782141586,False
강원,2021,2-1. 돌봄 여건,443846.0,118,0,1968341.0,22.549243245961957,False
강원,2022,2-1. 돌봄 여건,436128.4,135,0,1320745.8,33.02137322715696,False
강원,2023,2-1. 돌봄 여건,531831.0,146,0,2579093.0,20.62085392035107,False
강원,2024,2-1. 돌봄 여건,458138.0,136,0,2540007.0,18.03687942592284,False
강원,2016,2-2. 여가 인프라,3382.0,13,0,966330.0,0.3499839599308725,False
강원,2017,2-2. 여가 인프라,5189.0,13,0,1189656.0,0.43617650816706677,False
강원,2018,2-2. 여가 인프라,0.0,0,0,1070709.0,0.0,False
강원,2019,2-2. 여가 인프라,2155.0,26,0,1610182.0,0.1338358024123981,False
강원,2020,2-2. 여가 인프라,986.0,30,0,1479594.0,0.06663990256786659,False
강원,2021,2-2. 여가 인프라,1142.0,18,0,1968341.0,0.05801840229919511,False
강원,2022,2-2. 여가 인프라,1352.0,23,0,1320745.8,0.10236640540518847,False
강원,2023,2-2. 여가 인프라,19811.0,30,0,2579093.0,0.7681382563560135,False
강원,2024,2-2. 여가 인프라,19210.0,30,0,2540007.0,0.7562971283150007,False
강원,2016,2-3. 가사수행 격차,0.0,0,0,966330.0,0.0,False
강원,2017,2-3. 가사수행 격차,0.0,0,0,1189656.0,0.0,False
강원,2018,2-3. 가사수행 격차,0.0,0,0,1070709.0,0.0,False
강원,2019,2-3. 가사수행 격차,0.0,0,0,1610182.0,0.0,False
강원,2020,2-3. 가사수행 격차,0.0,0,0,1479594.0,0.0,False
강원,2021,2-3. 가사수행 격차,0.0,0,0,1968341.0,0.0,False
강원,2022,2-3. 가사수행 격차,0.0,0,0,1320745.8,0.0,False
강원,2023,2-3. 가사수행 격차,0.0,0,0,2579093.0,0.0,False
강원,2024,2-3. 가사수행 격차,3.0,1,0,2540007.0,0.00011810991072071849,False
강원,2016,3-1. 의료서비스 여건,6394.0,28,0,966330.0,0.6616787225895916,False
강원,2017,3-1. 의료서비스 여건,7353.0,30,0,1189656.0,0.6180778309023786,False
강원,2018,3-1. 의료서비스 여건,4051.0,8,0,1070709.0,0.37834743146830746,False
강원,2019,3-1. 의료서비스 여건,7667.0,34,0,1610182.0,0.47615735364076855,False
강원,2020,3-1. 의료서비스 여건,7746.0,39,0,1479594.0,0.5235219931954307,False
강원,2021,3-1. 의료서비스 여건,9154.0,33,0,1968341.0,0.46506169408654296,False
강원,2022,3-1. 의료서비스 여건,66331.1,41,0,1320745.8,5.022245764476405,False
강원,2023,3-1. 의료서비스 여건,12828.0,43,0,2579093.0,0.4973841579190824,False
강원,2024,3-1. 의료서비스 여건,13078.0,41,0,2540007.0,0.5148804708018522,False
강원,2016,3-2. 산후조리 여건,1501.0,3,0,966330.0,0.1553299597446007,False
강원,2017,3-2. 산후조리 여건,3155.0,4,0,1189656.0,0.26520271406188006,False
강원,2018,3-2. 산후조리 여건,0.0,0,0,1070709.0,0.0,False
강원,2019,3-2. 산후조리 여건,6772.0,8,0,1610182.0,0.42057357491264963,False
강원,2020,3-2. 산후조리 여건,3096.0,4,0,1479594.0,0.20924659061877784,False
강원,2021,3-2. 산후조리 여건,3068.0,4,0,1968341.0,0.15586730144827549,False
강원,2022,3-2. 산후조리 여건,4938.5,9,0,1320745.8,0.37391752447745813,False
강원,2023,3-2. 산후조리 여건,11857.0,12,0,2579093.0,0.45973526352093547,False
강원,2024,3-2. 산후조리 여건,9086.0,13,0,2540007.0,0.35771554960281604,False
강원,2016,3-3. 아동안전 수준,2479.0,4,0,966330.0,0.2565376217234278,False
강원,2017,3-3. 아동안전 수준,4045.0,5,0,1189656.0,0.3400142562219667,False
강원,2018,3-3. 아동안전 수준,1616.0,1,0,1070709.0,0.1509280299315687,False
강원,2019,3-3. 아동안전 수준,66.0,4,0,1610182.0,0.0040989155263193855,False
강원,2020,3-3. 아동안전 수준,72.0,5,0,1479594.0,0.0048661997818320426,False
강원,2021,3-3. 아동안전 수준,735.0,6,0,1968341.0,0.03734109079676743,False
강원,2022,3-3. 아동안전 수준,1889.0,5,0,1320745.8,0.14302525133905403,False
강원,2023,3-3. 아동안전 수준,1837.0,5,0,2579093.0,0.07122659012296183,False
강원,2024,3-3. 아동안전 수준,15.0,4,0,2540007.0,0.0005905495536035924,False
강원,2016,4-1. 일·가정 양립 여건,29.0,6,0,966330.0,0.0030010451916012127,False
강원,2017,4-1. 일·가정 양립 여건,113.0,3,0,1189656.0,0.009498544116954817,False
강원,2018,4-1. 일·가정 양립 여건,120.0,1,0,1070709.0,0.011207526975116488,False
강원,2019,4-1. 일·가정 양립 여건,296.0,8,0,1610182.0,0.018383015087735422,False
강원,2020,4-1. 일·가정 양립 여건,273.0,12,0,1479594.0,0.018451007506113164,False
강원,2021,4-1. 일·가정 양립 여건,292.0,4,0,1968341.0,0.014834827908375632,False
강원,2022,4-1. 일·가정 양립 여건,1429.2,8,0,1320745.8,0.10821158772566226,False
강원,2023,4-1. 일·가정 양립 여건,179.0,6,0,2579093.0,0.006940424405013701,False
강원,2024,4-1. 일·가정 양립 여건,310.0,8,0,2540007.0,0.012204690774474244,False
강원,2016,4-2. 사회적 가치관,558.0,6,0,966330.0,0.057744248859085405,False
강원,2017,4-2. 사회적 가치관,291.0,8,0,1189656.0,0.02446085254897214,False
강원,2018,4-2. 사회적 가치관,34.0,1,0,1070709.0,0.003175465976283005,False
강원,2019,4-2. 사회적 가치관,962.0,16,0,1610182.0,0.05974479903514012,False
강원,2020,4-2. 사회적 가치관,1042.0,16,0,1479594.0,0.07042472462040263,False
강원,2021,4-2. 사회적 가치관,500.0,12,0,1968341.0,0.025402102582834988,False
강원,2022,4-2. 사회적 가치관,1167.4,14,0,1320745.8,0.0883894538979416,False
강원,2023,4-2. 사회적 가치관,725.0,11,0,2579093.0,0.028110657506340404,False
강원,2024,4-2. 사회적 가치관,10647.0,13,0,2540007.0,0.41917207314782995,False
강원,2016,지표체계 외,535381.0,115,0,966330.0,55.40353709395342,False
강원,2017,지표체계 외,639540.0,109,0,1189656.0,53.758397385462686,False
강원,2018,지표체계 외,608010.0,27,0,1070709.0,56.785737301171466,False
강원,2019,지표체계 외,861425.0,151,0,1610182.0,53.49861071605571,False
강원,2020,지표체계 외,1042950.0,161,0,1479594.0,70.48893142307958,False
강원,2021,지표체계 외,1180962.0,157,0,1968341.0,59.99783574085994,False
강원,2022,지표체계 외,449088.5,189,0,1320745.8,34.00264456642603,False
강원,2023,지표체계 외,1430809.0,187,0,2579093.0,55.47721621515781,False
강원,2024,지표체계 외,1507517.0,165,0,2540007.0,59.350899426655126,False
경기,2016,1-1. 고용여건,20498.0,8,0,4814583.0,0.4257481904455692,False
경기,2017,1-1. 고용여건,18981.0,13,3,5514545.0,0.34419884142753393,True
경기,2018,1-1. 고용여건,36204.0,60,1,7061650.0,0.5126847124963713,True
경기,2019,1-1. 고용여건,18297.0,56,0,8641670.0,0.2117299086866312,False
경기,2020,1-1. 고용여건,48120.0,63,1,10166623.0,0.47331350833015057,True
경기,2021,1-1. 고용여건,74362.0,90,0,10065813.95,0.7387579421731713,False
경기,2022,1-1. 고용여건,77981.3,105,0,9215575.700000001,0.846190216852106,False
경기,2023,1-1. 고용여건,101510.0,103,0,12285412.0,0.8262645159966959,False
경기,2024,1-1. 고용여건,96881.0,115,0,13821287.0,0.7009549834252049,False
경기,2016,1-2. 주거안정성,0.0,0,0,4814583.0,0.0,False
경기,2017,1-2. 주거안정성,985.0,2,0,5514545.0,0.01786185442316637,False
경기,2018,1-2. 주거안정성,10010.0,7,2,7061650.0,0.14175157364072136,True
경기,2019,1-2. 주거안정성,19566.0,10,0,8641670.0,0.22641457033189186,False
경기,2020,1-2. 주거안정성,14262.0,12,0,10166623.0,0.14028256973825035,False
경기,2021,1-2. 주거안정성,6979.0,24,0,10065813.95,0.06933368761499908,False
경기,2022,1-2. 주거안정성,11881.0,34,0,9215575.700000001,0.12892303624612406,False
경기,2023,1-2. 주거안정성,10014.0,41,0,12285412.0,0.08151130788287768,False
경기,2024,1-2. 주거안정성,33635.0,44,0,13821287.0,0.2433564978427841,False
경기,2016,1-3. 경제적 여건,1140.0,4,0,4814583.0,0.023678063084591125,False
경기,2017,1-3. 경제적 여건,40411.0,5,0,5514545.0,0.7328075117711434,False
경기,2018,1-3. 경제적 여건,223650.0,85,11,7061650.0,3.167106837637096,True
경기,2019,1-3. 경제적 여건,721198.0,92,0,8641670.0,8.345585980487567,False
경기,2020,1-3. 경제적 여건,1069035.0,107,3,10166623.0,10.51514352405907,True
경기,2021,1-3. 경제적 여건,393958.0,113,0,10065813.95,3.9138215941295047,False
경기,2022,1-3. 경제적 여건,1685309.6,134,0,9215575.700000001,18.28762146677391,False
경기,2023,1-3. 경제적 여건,2177906.0,141,0,12285412.0,17.727578041338784,False
경기,2024,1-3. 경제적 여건,2789903.0,147,3,13821287.0,20.185551461307476,True
경기,2016,2-1. 돌봄 여건,2354075.0,37,0,4814583.0,48.89468101391128,False
경기,2017,2-1. 돌봄 여건,2902669.0,32,0,5514545.0,52.63660011841412,False
경기,2018,2-1. 돌봄 여건,3826541.0,248,12,7061650.0,54.18763320187209,True
경기,2019,2-1. 돌봄 여건,4015632.0,263,0,8641670.0,46.468240513697005,False
경기,2020,2-1. 돌봄 여건,4409976.0,252,0,10166623.0,43.37699942252211,False
경기,2021,2-1. 돌봄 여건,4636276.75,298,0,10065813.95,46.059630875653134,False
경기,2022,2-1. 돌봄 여건,2008651.7,314,0,9215575.700000001,21.796269331280083,False
경기,2023,2-1. 돌봄 여건,2805795.0,297,0,12285412.0,22.838428210628997,False
경기,2024,2-1. 돌봄 여건,3666436.0,318,2,13821287.0,26.52745724764995,True
경기,2016,2-2. 여가 인프라,685.0,5,0,4814583.0,0.014227608081530634,False
경기,2017,2-2. 여가 인프라,1451.0,7,1,5514545.0,0.026312234282248124,True
경기,2018,2-2. 여가 인프라,17079.0,98,4,7061650.0,0.241855656964024,True
경기,2019,2-2. 여가 인프라,26855.0,113,0,8641670.0,0.31076169305238455,False
경기,2020,2-2. 여가 인프라,26551.0,88,1,10166623.0,0.2611584987463389,True
경기,2021,2-2. 여가 인프라,46546.7,99,0,10065813.95,0.4624236075811833,False
경기,2022,2-2. 여가 인프라,57068.1,120,0,9215575.700000001,0.619257025906694,False
경기,2023,2-2. 여가 인프라,64189.0,128,0,12285412.0,0.5224814601252282,False
경기,2024,2-2. 여가 인프라,56919.0,127,6,13821287.0,0.4118212725052305,True
경기,2016,2-3. 가사수행 격차,0.0,0,0,4814583.0,0.0,False
경기,2017,2-3. 가사수행 격차,0.0,0,0,5514545.0,0.0,False
경기,2018,2-3. 가사수행 격차,22.0,4,1,7061650.0,0.0003115419200894975,True
경기,2019,2-3. 가사수행 격차,41.0,6,0,8641670.0,0.00047444533290440385,False
경기,2020,2-3. 가사수행 격차,599.0,7,0,10166623.0,0.005891828584575232,False
경기,2021,2-3. 가사수행 격차,458.0,6,0,10065813.95,0.004550054295410458,False
경기,2022,2-3. 가사수행 격차,514.4,5,0,9215575.700000001,0.005581854207979648,False
경기,2023,2-3. 가사수행 격차,493.0,3,0,12285412.0,0.004012889433419083,False
경기,2024,2-3. 가사수행 격차,633.0,4,0,13821287.0,0.0045798918725875526,False
경기,2016,3-1. 의료서비스 여건,205501.0,5,0,4814583.0,4.268303194689966,False
경기,2017,3-1. 의료서비스 여건,67242.0,4,0,5514545.0,1.219357172713252,False
경기,2018,3-1. 의료서비스 여건,54386.0,75,7,7061650.0,0.7701599484539732,True
경기,2019,3-1. 의료서비스 여건,20448.0,77,0,8641670.0,0.2366209309080305,False
경기,2020,3-1. 의료서비스 여건,174787.0,80,2,10166623.0,1.719223777649668,True
경기,2021,3-1. 의료서비스 여건,37987.0,73,0,10065813.95,0.3773862718771988,False
경기,2022,3-1. 의료서비스 여건,36648.0,79,0,9215575.700000001,0.39767455873646607,False
경기,2023,3-1. 의료서비스 여건,43199.0,81,0,12285412.0,0.35162841913645226,False
경기,2024,3-1. 의료서비스 여건,110197.0,79,0,13821287.0,0.7972991227227971,False
경기,2016,3-2. 산후조리 여건,13363.0,2,0,4814583.0,0.2775525938591151,False
경기,2017,3-2. 산후조리 여건,13790.0,2,0,5514545.0,0.2500659619243292,False
경기,2018,3-2. 산후조리 여건,2917.0,10,0,7061650.0,0.04130762640459383,False
경기,2019,3-2. 산후조리 여건,85544.0,19,0,8641670.0,0.989901257511569,False
경기,2020,3-2. 산후조리 여건,92142.0,16,0,10166623.0,0.9063186468112371,False
경기,2021,3-2. 산후조리 여건,88300.0,16,0,10065813.95,0.877226625075859,False
경기,2022,3-2. 산후조리 여건,85843.5,18,0,9215575.700000001,0.9315044745386877,False
경기,2023,3-2. 산후조리 여건,88039.0,22,0,12285412.0,0.7166141436689303,False
경기,2024,3-2. 산후조리 여건,105316.0,14,0,13821287.0,0.7619840323118968,False
경기,2016,3-3. 아동안전 수준,2696.0,5,0,4814583.0,0.05599654217198042,False
경기,2017,3-3. 아동안전 수준,1260.0,5,0,5514545.0,0.02284866657176612,False
경기,2018,3-3. 아동안전 수준,2591.0,26,2,7061650.0,0.036691141588722186,True
경기,2019,3-3. 아동안전 수준,4345.0,24,0,8641670.0,0.0502796334504789,False
경기,2020,3-3. 아동안전 수준,2731.0,20,0,10166623.0,0.02686241045822197,False
경기,2021,3-3. 아동안전 수준,4866.0,25,0,10065813.95,0.04834184323464473,False
경기,2022,3-3. 아동안전 수준,6120.5,36,0,9215575.700000001,0.06641473304809378,False
경기,2023,3-3. 아동안전 수준,6785.0,33,0,12285412.0,0.05522810305425654,False
경기,2024,3-3. 아동안전 수준,8022.0,23,0,13821287.0,0.058040904584356,False
경기,2016,4-1. 일·가정 양립 여건,836.0,5,0,4814583.0,0.01736391292870016,False
경기,2017,4-1. 일·가정 양립 여건,916.0,5,0,5514545.0,0.0166106179204268,False
경기,2018,4-1. 일·가정 양립 여건,7536.0,36,12,7061650.0,0.10671726862702059,True
경기,2019,4-1. 일·가정 양립 여건,2682.0,36,0,8641670.0,0.031035667874380758,False
경기,2020,4-1. 일·가정 양립 여건,2595.0,31,0,10166623.0,0.02552469979461223,False
경기,2021,4-1. 일·가정 양립 여건,7095.0,32,0,10065813.95,0.07048610311339999,False
경기,2022,4-1. 일·가정 양립 여건,2889.0,30,0,9215575.700000001,0.031349099546759726,False
경기,2023,4-1. 일·가정 양립 여건,6328.0,31,0,12285412.0,0.051508244086563806,False
경기,2024,4-1. 일·가정 양립 여건,6412.0,29,0,13821287.0,0.04639220645660567,False
경기,2016,4-2. 사회적 가치관,463.0,8,0,4814583.0,0.00961661684926815,False
경기,2017,4-2. 사회적 가치관,178.0,5,0,5514545.0,0.003227827499820928,False
경기,2018,4-2. 사회적 가치관,1385.0,34,2,7061650.0,0.01961297996927064,True
경기,2019,4-2. 사회적 가치관,1222.0,60,0,8641670.0,0.014140785288028817,False
경기,2020,4-2. 사회적 가치관,41053.0,72,0,10166623.0,0.4038017343615476,False
경기,2021,4-2. 사회적 가치관,1697.0,74,0,10065813.95,0.016859043972295953,False
경기,2022,4-2. 사회적 가치관,3434.2,80,0,9215575.700000001,0.03726517053080036,False
경기,2023,4-2. 사회적 가치관,1919.0,74,0,12285412.0,0.015620151770245883,False
경기,2024,4-2. 사회적 가치관,3064.0,60,2,13821287.0,0.02216870252386771,True
경기,2016,지표체계 외,2215326.0,47,2,4814583.0,46.012832263978005,True
경기,2017,지표체계 외,2466662.0,43,1,5514545.0,44.73010919305219,True
경기,2018,지표체계 외,2879329.0,260,10,7061650.0,40.77416751042603,True
경기,2019,지표체계 외,3725840.0,267,0,8641670.0,43.114814613379124,False
경기,2020,지표체계 외,4284772.0,262,0,10166623.0,42.145479378944216,False
경기,2021,지표체계 외,4767288.5,299,0,10065813.95,47.361182351279204,False
경기,2022,지표체계 외,5239234.4,355,0,9215575.700000001,56.85194903233229,False
경기,2023,지표체계 외,6979235.0,349,0,12285412.0,56.80912451287755,False
경기,2024,지표체계 외,6943869.0,355,0,13821287.0,50.24039367679725,False
경남,2016,1-1. 고용여건,7543.0,17,0,1481184.0,0.5092547583554777,False
경남,2017,1-1. 고용여건,5779.0,10,0,1707499.35,0.3384481522643039,False
경남,2018,1-1. 고용여건,121092.0,7,0,1999188.0,6.057059166021405,False
경남,2019,1-1. 고용여건,56873.0,51,0,2831100.0,2.0088658118752427,False
경남,2020,1-1. 고용여건,45354.0,46,0,1717208.36,2.6411471698169464,False
경남,2021,1-1. 고용여건,90949.0,53,0,3255588.142,2.793627327323027,False
경남,2022,1-1. 고용여건,35399.0,57,0,3325544.7,1.0644572000490626,False
경남,2023,1-1. 고용여건,100776.0,55,0,3893879.0,2.5880619300188834,False
경남,2024,1-1. 고용여건,86037.0,62,0,4041141.0,2.1290274207210294,False
경남,2016,1-2. 주거안정성,0.0,0,0,1481184.0,0.0,False
경남,2017,1-2. 주거안정성,0.0,0,0,1707499.35,0.0,False
경남,2018,1-2. 주거안정성,0.0,0,0,1999188.0,0.0,False
경남,2019,1-2. 주거안정성,7141.0,7,0,2831100.0,0.25223411394864187,False
경남,2020,1-2. 주거안정성,113933.0,13,0,1717208.36,6.634780184741238,False
경남,2021,1-2. 주거안정성,8080.0,20,0,3255588.142,0.24818864203861568,False
경남,2022,1-2. 주거안정성,4912.0,28,0,3325544.7,0.14770512632111063,False
경남,2023,1-2. 주거안정성,5696.0,28,0,3893879.0,0.1462808679982095,False
경남,2024,1-2. 주거안정성,4804.0,27,0,4041141.0,0.11887731707455888,False
경남,2016,1-3. 경제적 여건,21322.0,32,0,1481184.0,1.4395240564305312,False
경남,2017,1-3. 경제적 여건,24201.5,34,0,1707499.35,1.4173651076353264,False
경남,2018,1-3. 경제적 여건,12798.0,4,0,1999188.0,0.6401599049213981,False
경남,2019,1-3. 경제적 여건,221663.0,47,0,2831100.0,7.829571544629296,False
경남,2020,1-3. 경제적 여건,277691.0,66,2,1717208.36,16.171071983367234,True
경남,2021,1-3. 경제적 여건,260939.2,58,0,3255588.142,8.015117042406281,False
경남,2022,1-3. 경제적 여건,317881.9,65,0,3325544.7,9.558791977747285,False
경남,2023,1-3. 경제적 여건,466116.0,66,0,3893879.0,11.970479822305727,False
경남,2024,1-3. 경제적 여건,475572.0,69,0,4041141.0,11.768260498705688,False
경남,2016,2-1. 돌봄 여건,400961.0,59,0,1481184.0,27.07030321688595,False
경남,2017,2-1. 돌봄 여건,714179.7000000001,63,0,1707499.35,41.82605984593786,False
경남,2018,2-1. 돌봄 여건,710429.0,23,0,1999188.0,35.535877566291916,False
경남,2019,2-1. 돌봄 여건,1185292.0,147,0,2831100.0,41.866836212073046,False
경남,2020,2-1. 돌봄 여건,1161466.0,159,1,1717208.36,67.63687081048218,True
경남,2021,2-1. 돌봄 여건,1447812.5,192,0,3255588.142,44.47161117593234,False
경남,2022,2-1. 돌봄 여건,1051717.4,178,0,3325544.7,31.625417634590804,False
경남,2023,2-1. 돌봄 여건,1215179.0,189,0,3893879.0,31.20741553602462,False
경남,2024,2-1. 돌봄 여건,1203237.0,180,0,4041141.0,29.774684921906957,False
경남,2016,2-2. 여가 인프라,10751.0,28,0,1481184.0,0.7258382483202627,False
경남,2017,2-2. 여가 인프라,18974.05,27,0,1707499.35,1.1112185782091217,False
경남,2018,2-2. 여가 인프라,83002.0,6,0,1999188.0,4.151785624963735,False
경남,2019,2-2. 여가 인프라,13336.0,41,0,2831100.0,0.4710536540567271,False
경남,2020,2-2. 여가 인프라,8141.0,46,1,1717208.36,0.47408341291792916,True
경남,2021,2-2. 여가 인프라,13100.5,46,0,3255588.142,0.4024004090379808,False
경남,2022,2-2. 여가 인프라,17582.6,53,0,3325544.7,0.5287133864115553,False
경남,2023,2-2. 여가 인프라,14593.0,54,0,3893879.0,0.37476768024892404,False
경남,2024,2-2. 여가 인프라,20079.0,56,0,4041141.0,0.49686462313490176,False
경남,2016,2-3. 가사수행 격차,0.0,0,0,1481184.0,0.0,False
경남,2017,2-3. 가사수행 격차,0.0,0,0,1707499.35,0.0,False
경남,2018,2-3. 가사수행 격차,0.0,0,0,1999188.0,0.0,False
경남,2019,2-3. 가사수행 격차,0.0,0,0,2831100.0,0.0,False
경남,2020,2-3. 가사수행 격차,52.0,2,0,1717208.36,0.003028170675805468,False
경남,2021,2-3. 가사수행 격차,0.0,0,0,3255588.142,0.0,False
경남,2022,2-3. 가사수행 격차,0.0,0,0,3325544.7,0.0,False
경남,2023,2-3. 가사수행 격차,0.0,0,0,3893879.0,0.0,False
경남,2024,2-3. 가사수행 격차,3.0,1,0,4041141.0,7.423645945538648e-05,False
경남,2016,3-1. 의료서비스 여건,40071.0,53,0,1481184.0,2.705335731414868,False
경남,2017,3-1. 의료서비스 여건,49611.0,52,1,1707499.35,2.9054769479121614,True
경남,2018,3-1. 의료서비스 여건,6256.0,11,0,1999188.0,0.312927048381643,False
경남,2019,3-1. 의료서비스 여건,11535.0,51,0,2831100.0,0.407438804704885,False
경남,2020,3-1. 의료서비스 여건,12750.0,55,0,1717208.36,0.7424841560869176,False
경남,2021,3-1. 의료서비스 여건,14424.7,54,0,3255588.142,0.44307508722950745,False
경남,2022,3-1. 의료서비스 여건,14985.2,56,0,3325544.7,0.4506088882221309,False
경남,2023,3-1. 의료서비스 여건,17587.0,56,0,3893879.0,0.4516575887437694,False
경남,2024,3-1. 의료서비스 여건,20837.0,56,0,4041141.0,0.5156217018906294,False
경남,2016,3-2. 산후조리 여건,3609.0,4,0,1481184.0,0.24365642621038303,False
경남,2017,3-2. 산후조리 여건,4941.0,5,0,1707499.35,0.28937053475305863,False
경남,2018,3-2. 산후조리 여건,4406.0,1,0,1999188.0,0.22038947812812,False
경남,2019,3-2. 산후조리 여건,8946.0,12,0,2831100.0,0.3159902511391332,False
경남,2020,3-2. 산후조리 여건,10676.0,14,0,1717208.36,0.6217067333634457,False
경남,2021,3-2. 산후조리 여건,14105.0,14,0,3255588.142,0.43325504900429146,False
경남,2022,3-2. 산후조리 여건,15165.0,18,0,3325544.7,0.4560155213069305,False
경남,2023,3-2. 산후조리 여건,19947.0,21,0,3893879.0,0.512265532647522,False
경남,2024,3-2. 산후조리 여건,19537.0,19,0,4041141.0,0.4834525694599619,False
경남,2016,3-3. 아동안전 수준,48.0,2,0,1481184.0,0.003240650722665111,False
경남,2017,3-3. 아동안전 수준,98.0,3,0,1707499.35,0.005739387250718426,False
경남,2018,3-3. 아동안전 수준,46.0,1,0,1999188.0,0.0023009341792767867,False
경남,2019,3-3. 아동안전 수준,797.0,7,0,2831100.0,0.028151601850870688,False
경남,2020,3-3. 아동안전 수준,1188.0,8,0,1717208.36,0.06918205313186339,False
경남,2021,3-3. 아동안전 수준,837.0,9,0,3255588.142,0.025709640270584325,False
경남,2022,3-3. 아동안전 수준,3062.0,7,0,3325544.7,0.09207514185570863,False
경남,2023,3-3. 아동안전 수준,930.0,8,0,3893879.0,0.023883638911224515,False
경남,2024,3-3. 아동안전 수준,1103.0,11,0,4041141.0,0.0272942715930971,False
경남,2016,4-1. 일·가정 양립 여건,1959.0,12,0,1481184.0,0.13225905761876985,False
경남,2017,4-1. 일·가정 양립 여건,2134.0,12,1,1707499.35,0.12497808564319512,True
경남,2018,4-1. 일·가정 양립 여건,0.0,0,0,1999188.0,0.0,False
경남,2019,4-1. 일·가정 양립 여건,3068.0,15,0,2831100.0,0.10836777224400411,False
경남,2020,4-1. 일·가정 양립 여건,2157.0,12,0,1717208.36,0.12561084899446912,False
경남,2021,4-1. 일·가정 양립 여건,3020.0,13,0,3255588.142,0.09276357660354201,False
경남,2022,4-1. 일·가정 양립 여건,3553.0,14,0,3325544.7,0.10683964043544504,False
경남,2023,4-1. 일·가정 양립 여건,2409.0,14,0,3893879.0,0.06186632917972027,False
경남,2024,4-1. 일·가정 양립 여건,1958.0,12,0,4041141.0,0.048451662537882245,False
경남,2016,4-2. 사회적 가치관,25397.0,13,0,1481184.0,1.714641800073455,False
경남,2017,4-2. 사회적 가치관,273.5,15,1,1707499.35,0.016017575643586628,True
경남,2018,4-2. 사회적 가치관,3.0,1,0,1999188.0,0.0001500609247354426,False
경남,2019,4-2. 사회적 가치관,1118.0,31,0,2831100.0,0.03948995090247607,False
경남,2020,4-2. 사회적 가치관,1084.0,36,0,1717208.36,0.06312571178025246,False
경남,2021,4-2. 사회적 가치관,467.5,29,0,3255588.142,0.014359924523892677,False
경남,2022,4-2. 사회적 가치관,489.0,26,0,3325544.7,0.014704358055990045,False
경남,2023,4-2. 사회적 가치관,600.0,28,0,3893879.0,0.015408799297564202,False
경남,2024,4-2. 사회적 가치관,499.0,24,0,4041141.0,0.012347997756079285,False
경남,2016,지표체계 외,969523.0,99,1,1481184.0,65.45594605396764,True
경남,2017,지표체계 외,887307.6,105,0,1707499.35,51.96532578475066,False
경남,2018,지표체계 외,1061156.0,19,0,1999188.0,53.07935021618777,False
경남,2019,지표체계 외,1321331.0,174,0,2831100.0,46.672000282575674,False
경남,2020,지표체계 외,82716.36,200,2,1717208.36,4.8169087646417,True
경남,2021,지표체계 외,1401852.742,196,0,3255588.142,43.059892125629936,False
경남,2022,지표체계 외,1860797.6,205,0,3325544.7,55.954671125003976,False
경남,2023,지표체계 외,2050046.0,212,0,3893879.0,52.64791227462384,False
경남,2024,지표체계 외,2207475.0,197,0,4041141.0,54.625042778759756,False
경북,2016,1-1. 고용여건,14503.0,9,0,1659180.0,0.8741064863366241,False
경북,2017,1-1. 고용여건,10526.0,10,0,1817693.0,0.5790856871870002,False
경북,2018,1-1. 고용여건,12958.0,20,0,2487325.0,0.5209612736574433,False
경북,2019,1-1. 고용여건,11394.0,17,0,2232261.0,0.510424184268775,False
경북,2020,1-1. 고용여건,9672.0,24,0,2646517.0,0.3654614725694186,False
경북,2021,1-1. 고용여건,15109.0,10,0,3199705.6,0.47219969237169823,False
경북,2022,1-1. 고용여건,28332.0,55,0,3356569.7,0.844076022017359,False
경북,2023,1-1. 고용여건,27399.0,26,0,3406826.0,0.804238314489792,False
경북,2024,1-1. 고용여건,13795.0,48,0,4062706.0,0.3395520128702397,False
경북,2016,1-2. 주거안정성,0.0,0,0,1659180.0,0.0,False
경북,2017,1-2. 주거안정성,0.0,0,0,1817693.0,0.0,False
경북,2018,1-2. 주거안정성,0.0,2,0,2487325.0,0.0,False
경북,2019,1-2. 주거안정성,910.0,3,0,2232261.0,0.04076584234549634,False
경북,2020,1-2. 주거안정성,6220.0,5,0,2646517.0,0.2350258849650314,False
경북,2021,1-2. 주거안정성,2440.0,3,0,3199705.6,0.07625701564543938,False
경북,2022,1-2. 주거안정성,7445.0,6,0,3356569.7,0.22180382549481992,False
경북,2023,1-2. 주거안정성,154.0,2,0,3406826.0,0.004520336524377823,False
경북,2024,1-2. 주거안정성,4804.0,10,0,4062706.0,0.11824631169471775,False
경북,2016,1-3. 경제적 여건,32841.0,35,0,1659180.0,1.9793512457961162,False
경북,2017,1-3. 경제적 여건,33668.0,31,0,1817693.0,1.852237974179358,False
경북,2018,1-3. 경제적 여건,31994.0,43,0,2487325.0,1.2862814469359654,False
경북,2019,1-3. 경제적 여건,162219.0,45,0,2232261.0,7.26702657081766,False
경북,2020,1-3. 경제적 여건,192543.0,49,0,2646517.0,7.275335847077498,False
경북,2021,1-3. 경제적 여건,177865.9,33,0,3199705.6,5.558820786512358,False
경북,2022,1-3. 경제적 여건,222337.0,50,1,3356569.7,6.623935144263501,True
경북,2023,1-3. 경제적 여건,207412.0,9,0,3406826.0,6.088130124638006,False
경북,2024,1-3. 경제적 여건,205504.0,50,0,4062706.0,5.0583035051022645,False
경북,2016,2-1. 돌봄 여건,561265.0,76,1,1659180.0,33.827854723417595,True
경북,2017,2-1. 돌봄 여건,717677.0,79,0,1817693.0,39.48284996421288,False
경북,2018,2-1. 돌봄 여건,1167002.0,113,0,2487325.0,46.91795402691646,False
경북,2019,2-1. 돌봄 여건,696627.0,144,0,2232261.0,31.20723786331437,False
경북,2020,2-1. 돌봄 여건,721429.0,124,0,2646517.0,27.259564174346885,False
경북,2021,2-1. 돌봄 여건,955124.9,118,0,3199705.6,29.85039936174128,False
경북,2022,2-1. 돌봄 여건,1009512.7,163,1,3356569.7,30.075725822109394,True
경북,2023,2-1. 돌봄 여건,889652.0,60,0,3406826.0,26.11380798432324,False
경북,2024,2-1. 돌봄 여건,1394583.0,172,0,4062706.0,34.32645630769246,False
경북,2016,2-2. 여가 인프라,6041.0,12,0,1659180.0,0.36409551706264537,False
경북,2017,2-2. 여가 인프라,469.0,15,0,1817693.0,0.025801936850722317,False
경북,2018,2-2. 여가 인프라,1569.0,40,0,2487325.0,0.06307981466032786,False
경북,2019,2-2. 여가 인프라,2580.0,51,0,2232261.0,0.11557788269382478,False
경북,2020,2-2. 여가 인프라,3010.0,41,0,2646517.0,0.11373439127729011,False
경북,2021,2-2. 여가 인프라,769.3,19,0,3199705.6,0.02404283694099857,False
경북,2022,2-2. 여가 인프라,13150.0,39,0,3356569.7,0.3917690134663374,False
경북,2023,2-2. 여가 인프라,14125.0,16,0,3406826.0,0.4146087883560827,False
경북,2024,2-2. 여가 인프라,8020.0,35,0,4062706.0,0.1974053746443873,False
경북,2016,2-3. 가사수행 격차,26.0,4,0,1659180.0,0.0015670391398160536,False
경북,2017,2-3. 가사수행 격차,12.0,2,0,1817693.0,0.0006601774887178419,False
경북,2018,2-3. 가사수행 격차,14.0,3,0,2487325.0,0.0005628536680972531,False
경북,2019,2-3. 가사수행 격차,10.0,2,0,2232261.0,0.0004479762895109488,False
경북,2020,2-3. 가사수행 격차,40.0,2,0,2646517.0,0.0015114204820902341,False
경북,2021,2-3. 가사수행 격차,48.0,2,0,3199705.6,0.001500138012697168,False
경북,2022,2-3. 가사수행 격차,35.0,2,0,3356569.7,0.0010427312145491869,False
경북,2023,2-3. 가사수행 격차,37.0,1,0,3406826.0,0.0010860548792336327,False
경북,2024,2-3. 가사수행 격차,72.0,3,0,4062706.0,0.001772217827231407,False
경북,2016,3-1. 의료서비스 여건,18138.0,82,0,1659180.0,1.0931906122301378,False
경북,2017,3-1. 의료서비스 여건,20876.0,79,0,1817693.0,1.148488771206139,False
경북,2018,3-1. 의료서비스 여건,17083.0,95,0,2487325.0,0.6868020865789553,False
경북,2019,3-1. 의료서비스 여건,15596.0,91,0,2232261.0,0.6986638211212757,False
경북,2020,3-1. 의료서비스 여건,12185.0,82,0,2646517.0,0.46041646435673755,False
경북,2021,3-1. 의료서비스 여건,14686.2,76,0,3199705.6,0.4589859767098573,False
경북,2022,3-1. 의료서비스 여건,14292.0,85,0,3356569.7,0.4257918433810565,False
경북,2023,3-1. 의료서비스 여건,19944.0,20,0,3406826.0,0.585412932741502,False
경북,2024,3-1. 의료서비스 여건,18317.0,82,0,4062706.0,0.45085713807496774,False
경북,2016,3-2. 산후조리 여건,3164.0,4,0,1659180.0,0.19069660916838438,False
경북,2017,3-2. 산후조리 여건,3245.0,4,0,1817693.0,0.17852299590744972,False
경북,2018,3-2. 산후조리 여건,4003.0,5,0,2487325.0,0.16093594524237886,False
경북,2019,3-2. 산후조리 여건,8098.0,9,0,2232261.0,0.3627711992459663,False
경북,2020,3-2. 산후조리 여건,10699.0,14,0,2646517.0,0.40426719344708534,False
경북,2021,3-2. 산후조리 여건,19649.0,12,0,3199705.6,0.6140877460726387,False
경북,2022,3-2. 산후조리 여건,32202.0,14,0,3356569.7,0.9593723020260834,False
경북,2023,3-2. 산후조리 여건,19547.0,4,0,3406826.0,0.5737598574156707,False
경북,2024,3-2. 산후조리 여건,27354.0,8,0,4062706.0,0.6732950895289986,False
경북,2016,3-3. 아동안전 수준,663.0,3,0,1659180.0,0.03995949806530937,False
경북,2017,3-3. 아동안전 수준,490.0,2,0,1817693.0,0.02695724745597854,False
경북,2018,3-3. 아동안전 수준,528.0,5,0,2487325.0,0.021227624053953544,False
경북,2019,3-3. 아동안전 수준,661.0,7,0,2232261.0,0.029611232736673713,False
경북,2020,3-3. 아동안전 수준,679.0,7,0,2646517.0,0.025656362683481725,False
경북,2021,3-3. 아동안전 수준,2362.0,11,0,3199705.6,0.07381929137480647,False
경북,2022,3-3. 아동안전 수준,3264.0,12,0,3356569.7,0.0972421338368156,False
경북,2023,3-3. 아동안전 수준,1336.0,6,0,3406826.0,0.03921538699070631,False
경북,2024,3-3. 아동안전 수준,1457.0,9,0,4062706.0,0.035862796864946665,False
경북,2016,4-1. 일·가정 양립 여건,468.0,9,0,1659180.0,0.028206704516688965,False
경북,2017,4-1. 일·가정 양립 여건,927.0,13,0,1817693.0,0.050998711003453275,False
경북,2018,4-1. 일·가정 양립 여건,941.0,19,0,2487325.0,0.03783180726282251,False
경북,2019,4-1. 일·가정 양립 여건,4745.0,19,0,2232261.0,0.2125647493729452,False
경북,2020,4-1. 일·가정 양립 여건,3546.0,19,0,2646517.0,0.13398742573729924,False
경북,2021,4-1. 일·가정 양립 여건,2302.0,17,0,3199705.6,0.07194411885893502,False
경북,2022,4-1. 일·가정 양립 여건,2552.0,19,1,3356569.7,0.07603000170084356,True
경북,2023,4-1. 일·가정 양립 여건,3208.0,5,0,3406826.0,0.09416389331301335,False
경북,2024,4-1. 일·가정 양립 여건,3136.0,17,0,4062706.0,0.07718993203052349,False
경북,2016,4-2. 사회적 가치관,1456.0,53,0,1659180.0,0.08775419182969901,False
경북,2017,4-2. 사회적 가치관,1241.0,45,0,1817693.0,0.06827335529157014,False
경북,2018,4-2. 사회적 가치관,1618.0,51,0,2487325.0,0.06504980249866825,False
경북,2019,4-2. 사회적 가치관,1793.0,57,0,2232261.0,0.08032214870931312,False
경북,2020,4-2. 사회적 가치관,3541.0,70,0,2646517.0,0.13379849817703798,False
경북,2021,4-2. 사회적 가치관,502.0,20,0,3199705.6,0.015688943382791216,False
경북,2022,4-2. 사회적 가치관,2604.0,41,0,3356569.7,0.07757920236245949,False
경북,2023,4-2. 사회적 가치관,760.0,10,0,3406826.0,0.022308154276150294,False
경북,2024,4-2. 사회적 가치관,2028.0,35,0,4062706.0,0.04991746880035129,False
경북,2016,지표체계 외,1020615.0,130,0,1659180.0,61.51321737243699,False
경북,2017,지표체계 외,1028562.0,125,1,1817693.0,56.58612317921673,True
경북,2018,지표체계 외,1249615.0,162,0,2487325.0,50.23931331852493,False
경북,2019,지표체계 외,1327628.0,184,0,2232261.0,59.474586529084185,False
경북,2020,지표체계 외,1682953.0,181,0,2646517.0,63.59124086488014,False
경북,2021,지표체계 외,2008847.3,118,0,3199705.6,62.7822540923765,False
경북,2022,지표체계 외,2020844.0,256,0,3356569.7,60.20563195812677,False
경북,2023,지표체계 외,2223252.0,105,0,3406826.0,65.25874817205222,False
경북,2024,지표체계 외,2383636.0,225,0,4062706.0,58.67114184486891,False
광주,2016,1-1. 고용여건,21118.0,27,0,1102184.9,1.9160124585266958,False
광주,2017,1-1. 고용여건,19888.0,18,0,1244520.8,1.598044805679423,False
광주,2018,1-1. 고용여건,5005.0,8,0,3239297.36,0.1545088160723843,False
광주,2019,1-1. 고용여건,37322.0,33,0,1088029.0,3.4302394513381538,False
광주,2020,1-1. 고용여건,55584.0,15,0,194720.0,28.5456039441249,False
광주,2021,1-1. 고용여건,24452.0,15,0,824741.7,2.9648070420108503,False
광주,2022,1-1. 고용여건,12569.5,9,0,870927.5,1.443231497455299,False
광주,2023,1-1. 고용여건,21178.0,13,0,1223803.0,1.7305072793578704,False
광주,2024,1-1. 고용여건,11101.0,9,0,1240977.0,0.8945371267960647,False
광주,2016,1-2. 주거안정성,9470.0,2,0,1102184.9,0.8592024804549582,False
광주,2017,1-2. 주거안정성,11231.0,2,0,1244520.8,0.9024357005523733,False
광주,2018,1-2. 주거안정성,1616.0,1,0,3239297.36,0.049887361992602006,False
광주,2019,1-2. 주거안정성,36504.0,3,0,1088029.0,3.3550576317359186,False
광주,2020,1-2. 주거안정성,6748.0,4,0,194720.0,3.465488907148726,False
광주,2021,1-2. 주거안정성,7056.0,5,0,824741.7,0.8555405892535809,False
광주,2022,1-2. 주거안정성,2451.0,3,0,870927.5,0.281424113947487,False
광주,2023,1-2. 주거안정성,2021.0,1,0,1223803.0,0.16514095814440724,False
광주,2024,1-2. 주거안정성,11226.0,3,0,1240977.0,0.9046098356375663,False
광주,2016,1-3. 경제적 여건,2996.0,15,0,1102184.9,0.2718237203213363,False
광주,2017,1-3. 경제적 여건,2570.0,11,0,1244520.8,0.20650518657462374,False
광주,2018,1-3. 경제적 여건,31276.0,13,0,3239297.36,0.9655180282677105,False
광주,2019,1-3. 경제적 여건,91007.0,14,0,1088029.0,8.364391022665755,False
광주,2020,1-3. 경제적 여건,2621.0,8,0,194720.0,1.346035332785538,False
광주,2021,1-3. 경제적 여건,129806.8,12,0,824741.7,15.739085340295029,False
광주,2022,1-3. 경제적 여건,165594.0,14,2,870927.5,19.01352293962471,True
광주,2023,1-3. 경제적 여건,186678.0,13,0,1223803.0,15.25392567267771,False
광주,2024,1-3. 경제적 여건,101236.0,14,0,1240977.0,8.157766018225962,False
광주,2016,2-1. 돌봄 여건,315438.0,57,0,1102184.9,28.619336011589347,False
광주,2017,2-1. 돌봄 여건,315056.7,62,0,1244520.8,25.31550296306819,False
광주,2018,2-1. 돌봄 여건,320027.54000000004,75,0,3239297.36,9.87953572746406,False
광주,2019,2-1. 돌봄 여건,426217.0,81,0,1088029.0,39.173312476046135,False
광주,2020,2-1. 돌봄 여건,37576.0,37,0,194720.0,19.2974527526705,False
광주,2021,2-1. 돌봄 여건,74892.7,49,0,824741.7,9.080746129363897,False
광주,2022,2-1. 돌봄 여건,82538.0,50,1,870927.5,9.477023058750584,True
광주,2023,2-1. 돌봄 여건,81766.0,55,0,1223803.0,6.681304098780605,False
광주,2024,2-1. 돌봄 여건,207724.0,46,0,1240977.0,16.73874697113645,False
광주,2016,2-2. 여가 인프라,1960.0,22,0,1102184.9,0.1778286020793789,False
광주,2017,2-2. 여가 인프라,1458.0,17,1,1244520.8,0.11715352608007838,True
광주,2018,2-2. 여가 인프라,2169.52,19,0,3239297.36,0.06697501831076108,False
광주,2019,2-2. 여가 인프라,9032.0,18,0,1088029.0,0.830124932331767,False
광주,2020,2-2. 여가 인프라,3927.0,14,0,194720.0,2.0167419884963027,False
광주,2021,2-2. 여가 인프라,3195.8,9,0,824741.7,0.38749101688443793,False
광주,2022,2-2. 여가 인프라,5026.0,14,0,870927.5,0.5770859227662464,False
광주,2023,2-2. 여가 인프라,2428.0,9,0,1223803.0,0.19839794476725423,False
광주,2024,2-2. 여가 인프라,4328.0,13,0,1240977.0,0.34875747092814774,False
광주,2016,2-3. 가사수행 격차,11.0,3,0,1102184.9,0.0009980176647312081,False
광주,2017,2-3. 가사수행 격차,19.0,4,0,1244520.8,0.0015266920408240664,False
광주,2018,2-3. 가사수행 격차,22.8,3,0,3239297.36,0.0007038563449451272,False
광주,2019,2-3. 가사수행 격차,11.0,1,0,1088029.0,0.001011002464088733,False
광주,2020,2-3. 가사수행 격차,16.0,2,0,194720.0,0.008216926869350862,False
광주,2021,2-3. 가사수행 격차,3.0,1,0,824741.7,0.00036375025053298507,False
광주,2022,2-3. 가사수행 격차,5.0,1,0,870927.5,0.0005741005996480763,False
광주,2023,2-3. 가사수행 격차,8.0,2,0,1223803.0,0.000653699982758663,False
광주,2024,2-3. 가사수행 격차,8.0,2,0,1240977.0,0.0006446533658560957,False
광주,2016,3-1. 의료서비스 여건,4562.0,15,0,1102184.9,0.41390514422761554,False
광주,2017,3-1. 의료서비스 여건,3957.0,15,1,1244520.8,0.3179537055547806,True
광주,2018,3-1. 의료서비스 여건,56078.6,15,0,3239297.36,1.7311964221771847,False
광주,2019,3-1. 의료서비스 여건,2315.0,17,0,1088029.0,0.2127700640332197,False
광주,2020,3-1. 의료서비스 여건,2549.0,15,0,194720.0,1.3090591618734593,False
광주,2021,3-1. 의료서비스 여건,2290.0,17,0,824741.7,0.2776626912401786,False
광주,2022,3-1. 의료서비스 여건,2386.0,18,1,870927.5,0.27396080615206203,True
광주,2023,3-1. 의료서비스 여건,3359.0,18,0,1223803.0,0.2744722802607936,False
광주,2024,3-1. 의료서비스 여건,6942.0,19,0,1240977.0,0.559397958221627,False
광주,2016,3-2. 산후조리 여건,2263.0,2,0,1102184.9,0.20531945229879306,False
광주,2017,3-2. 산후조리 여건,1900.0,1,0,1244520.8,0.15266920408240664,False
광주,2018,3-2. 산후조리 여건,2038.0,2,0,3239297.36,0.06291487855255129,False
광주,2019,3-2. 산후조리 여건,4477.0,4,0,1088029.0,0.4114780028841143,False
광주,2020,3-2. 산후조리 여건,277.0,3,0,194720.0,0.14225554642563681,False
광주,2021,3-2. 산후조리 여건,311.0,3,0,824741.7,0.037708775971919455,False
광주,2022,3-2. 산후조리 여건,663.0,4,0,870927.5,0.07612573951333493,False
광주,2023,3-2. 산후조리 여건,466.0,3,0,1223803.0,0.03807802399569212,False
광주,2024,3-2. 산후조리 여건,4127.0,4,0,1240977.0,0.33256055511101335,False
광주,2016,3-3. 아동안전 수준,454.0,5,0,1102184.9,0.041190910889815316,False
광주,2017,3-3. 아동안전 수준,1215.0,6,0,1244520.8,0.0976279384000653,False
광주,2018,3-3. 아동안전 수준,1279.0,5,0,3239297.36,0.039483871280035866,False
광주,2019,3-3. 아동안전 수준,2416.0,6,0,1088029.0,0.22205290483985263,False
광주,2020,3-3. 아동안전 수준,670.0,4,0,194720.0,0.34408381265406734,False
광주,2021,3-3. 아동안전 수준,71.0,3,0,824741.7,0.008608755929280646,False
광주,2022,3-3. 아동안전 수준,144.0,7,0,870927.5,0.016534097269864597,False
광주,2023,3-3. 아동안전 수준,75.0,4,0,1223803.0,0.006128437338362465,False
광주,2024,3-3. 아동안전 수준,35.0,3,0,1240977.0,0.0028203584756204183,False
광주,2016,4-1. 일·가정 양립 여건,7424.0,15,0,1102184.9,0.6735711948149535,False
광주,2017,4-1. 일·가정 양립 여건,4264.0,12,1,1244520.8,0.3426218348459905,True
광주,2018,4-1. 일·가정 양립 여건,5446.7,17,0,3239297.36,0.16814448921108002,False
광주,2019,4-1. 일·가정 양립 여건,907.0,15,0,1088029.0,0.0833617486298619,False
광주,2020,4-1. 일·가정 양립 여건,383.0,7,0,194720.0,0.1966926869350863,False
광주,2021,4-1. 일·가정 양립 여건,766.0,13,0,824741.7,0.09287756396942219,False
광주,2022,4-1. 일·가정 양립 여건,508.0,11,2,870927.5,0.058328620924244554,True
광주,2023,4-1. 일·가정 양립 여건,165.0,6,0,1223803.0,0.013482562144397423,False
광주,2024,4-1. 일·가정 양립 여건,528.0,7,0,1240977.0,0.04254712214650231,False
광주,2016,4-2. 사회적 가치관,73.0,6,0,1102184.9,0.006623208138670744,False
광주,2017,4-2. 사회적 가치관,135.0,9,0,1244520.8,0.010847548711118368,False
광주,2018,4-2. 사회적 가치관,168.8,9,0,3239297.36,0.005211006623979714,False
광주,2019,4-2. 사회적 가치관,123.0,8,0,1088029.0,0.011304845734810377,False
광주,2020,4-2. 사회적 가치관,103.0,8,0,194720.0,0.05289646672144618,False
광주,2021,4-2. 사회적 가치관,317.4,6,0,824741.7,0.03848477650638982,False
광주,2022,4-2. 사회적 가치관,135.0,5,0,870927.5,0.015500716190498061,False
광주,2023,4-2. 사회적 가치관,36.0,4,0,1223803.0,0.002941649922413983,False
광주,2024,4-2. 사회적 가치관,46.0,4,0,1240977.0,0.00370675685367255,False
광주,2016,지표체계 외,736415.9,109,0,1102184.9,66.81418879899371,False
광주,2017,지표체계 외,882827.1,127,1,1244520.8,70.93711089441011,True
광주,2018,지표체계 외,2814169.4,120,1,3239297.36,86.8759205237027,True
광주,2019,지표체계 외,477698.0,93,0,1088029.0,43.90489591729632,False
광주,2020,지표체계 외,84266.0,62,1,194720.0,43.27547247329499,True
광주,2021,지표체계 외,581580.0,62,0,824741.7,70.51662356832449,False
광주,2022,지표체계 외,598908.0,68,2,870927.5,68.76668838680602,True
광주,2023,지표체계 외,925623.0,70,0,1223803.0,75.63496739262774,False
광주,2024,지표체계 외,893676.0,76,0,1240977.0,72.0139051731015,False
대구,2016,1-1. 고용여건,16886.0,17,1,774602.0,2.1799582237071427,True
대구,2017,1-1. 고용여건,26512.0,14,0,959658.5,2.76264942164322,False
대구,2018,1-1. 고용여건,15046.0,12,0,1446836.0,1.0399243590842362,False
대구,2019,1-1. 고용여건,23530.0,13,0,1765898.0,1.3324665411026004,False
대구,2020,1-1. 고용여건,24179.0,14,0,1929459.0,1.2531491988168704,False
대구,2021,1-1. 고용여건,19819.0,21,0,2164115.0,0.9158016094338796,False
대구,2022,1-1. 고용여건,94274.0,31,0,2523629.0,3.7356521105122824,False
대구,2023,1-1. 고용여건,164862.0,29,0,2696432.0,6.11407964302456,False
대구,2024,1-1. 고용여건,103581.0,28,0,2848338.0,3.6365417306513486,False
대구,2016,1-2. 주거안정성,0.0,0,0,774602.0,0.0,False
대구,2017,1-2. 주거안정성,0.0,0,0,959658.5,0.0,False
대구,2018,1-2. 주거안정성,330.0,2,0,1446836.0,0.022808390169998534,False
대구,2019,1-2. 주거안정성,312.0,2,0,1765898.0,0.01766806463340465,False
대구,2020,1-2. 주거안정성,622.0,3,0,1929459.0,0.0322370156608666,False
대구,2021,1-2. 주거안정성,715.0,4,0,2164115.0,0.03303890966977263,False
대구,2022,1-2. 주거안정성,19616.0,11,0,2523629.0,0.7772933343213285,False
대구,2023,1-2. 주거안정성,11416.0,10,0,2696432.0,0.42337429610685523,False
대구,2024,1-2. 주거안정성,18934.0,11,0,2848338.0,0.6647385247116038,False
대구,2016,1-3. 경제적 여건,18796.0,3,0,774602.0,2.426536466469232,False
대구,2017,1-3. 경제적 여건,17413.0,3,0,959658.5,1.814499637110493,False
대구,2018,1-3. 경제적 여건,12280.0,3,0,1446836.0,0.8487485796593395,False
대구,2019,1-3. 경제적 여건,138426.0,5,0,1765898.0,7.838844599178435,False
대구,2020,1-3. 경제적 여건,139547.0,6,0,1929459.0,7.232441839914712,False
대구,2021,1-3. 경제적 여건,161191.0,11,0,2164115.0,7.448356487524924,False
대구,2022,1-3. 경제적 여건,222782.8,15,0,2523629.0,8.827874461737443,False
대구,2023,1-3. 경제적 여건,284074.0,15,0,2696432.0,10.535181306259531,False
대구,2024,1-3. 경제적 여건,369340.0,16,0,2848338.0,12.966859972376874,False
대구,2016,2-1. 돌봄 여건,74275.0,20,0,774602.0,9.588795278091201,False
대구,2017,2-1. 돌봄 여건,168436.9,32,0,959658.5,17.551754087521758,False
대구,2018,2-1. 돌봄 여건,588230.0,49,0,1446836.0,40.65630105969163,False
대구,2019,2-1. 돌봄 여건,662514.0,59,0,1765898.0,37.51711593761361,False
대구,2020,2-1. 돌봄 여건,641706.0,62,0,1929459.0,33.25833821812228,False
대구,2021,2-1. 돌봄 여건,699980.0,72,0,2164115.0,32.34486152538105,False
대구,2022,2-1. 돌봄 여건,809018.1,67,0,2523629.0,32.05772718573134,False
대구,2023,2-1. 돌봄 여건,793366.0,66,0,2696432.0,29.422807621330705,False
대구,2024,2-1. 돌봄 여건,784679.0,59,0,2848338.0,27.548661710794153,False
대구,2016,2-2. 여가 인프라,11595.0,12,0,774602.0,1.496897761689229,False
대구,2017,2-2. 여가 인프라,7393.9,13,0,959658.5,0.7704719960277536,False
대구,2018,2-2. 여가 인프라,7276.0,18,0,1446836.0,0.5028904450815435,False
대구,2019,2-2. 여가 인프라,3156.0,14,0,1765898.0,0.1787192691763624,False
대구,2020,2-2. 여가 인프라,3694.0,11,0,1929459.0,0.19145262998591833,False
대구,2021,2-2. 여가 인프라,9852.0,16,0,2164115.0,0.4552438294637762,False
대구,2022,2-2. 여가 인프라,6763.0,16,0,2523629.0,0.26798709319000535,False
대구,2023,2-2. 여가 인프라,4203.0,13,0,2696432.0,0.15587264948643245,False
대구,2024,2-2. 여가 인프라,7468.0,14,0,2848338.0,0.2621879847124885,False
대구,2016,2-3. 가사수행 격차,1505.0,2,0,774602.0,0.19429332741201288,False
대구,2017,2-3. 가사수행 격차,1060.0,1,0,959658.5,0.11045595907294105,False
대구,2018,2-3. 가사수행 격차,2.0,1,0,1446836.0,0.00013823266769696083,False
대구,2019,2-3. 가사수행 격차,2.0,1,0,1765898.0,0.00011325682457310672,False
대구,2020,2-3. 가사수행 격차,2.0,1,0,1929459.0,0.0001036559989095389,False
대구,2021,2-3. 가사수행 격차,2.0,1,0,2164115.0,9.241653054481854e-05,False
대구,2022,2-3. 가사수행 격차,2.0,1,0,2523629.0,7.925095170486628e-05,False
대구,2023,2-3. 가사수행 격차,0.0,0,0,2696432.0,0.0,False
대구,2024,2-3. 가사수행 격차,40.0,1,0,2848338.0,0.0014043277167246303,False
대구,2016,3-1. 의료서비스 여건,11987.0,13,1,774602.0,1.547504395805846,True
대구,2017,3-1. 의료서비스 여건,9429.4,13,0,959658.5,0.9825786985682927,False
대구,2018,3-1. 의료서비스 여건,2822.0,14,0,1446836.0,0.19504629412041172,False
대구,2019,3-1. 의료서비스 여건,4186.0,13,0,1765898.0,0.23704653383151236,False
대구,2020,3-1. 의료서비스 여건,6103.0,15,0,1929459.0,0.3163062806724579,False
대구,2021,3-1. 의료서비스 여건,3964.0,18,0,2164115.0,0.18316956353983038,False
대구,2022,3-1. 의료서비스 여건,4219.0,17,0,2523629.0,0.16717988262141542,False
대구,2023,3-1. 의료서비스 여건,4875.0,17,0,2696432.0,0.18079447210239308,False
대구,2024,3-1. 의료서비스 여건,9188.0,22,0,2848338.0,0.3225740765316476,False
대구,2016,3-2. 산후조리 여건,2642.0,1,0,774602.0,0.34107838606148705,False
대구,2017,3-2. 산후조리 여건,2585.0,1,0,959658.5,0.2693666549090119,False
대구,2018,3-2. 산후조리 여건,3681.0,2,0,1446836.0,0.2544172248962564,False
대구,2019,3-2. 산후조리 여건,5756.0,2,0,1765898.0,0.3259531411214011,False
대구,2020,3-2. 산후조리 여건,7760.0,2,0,1929459.0,0.40218527576901086,False
대구,2021,3-2. 산후조리 여건,6907.0,2,0,2164115.0,0.31916048823653087,False
대구,2022,3-2. 산후조리 여건,6944.0,3,0,2523629.0,0.27515930431929575,False
대구,2023,3-2. 산후조리 여건,8150.0,3,0,2696432.0,0.30225127130964174,False
대구,2024,3-2. 산후조리 여건,9385.0,3,0,2848338.0,0.3294903905365164,False
대구,2016,3-3. 아동안전 수준,188.0,6,0,774602.0,0.024270528606949116,False
대구,2017,3-3. 아동안전 수준,36531.8,7,0,959658.5,3.8067500053404415,False
대구,2018,3-3. 아동안전 수준,1115.0,17,0,1446836.0,0.07706471224105566,False
대구,2019,3-3. 아동안전 수준,2039.0,13,0,1765898.0,0.11546533265228229,False
대구,2020,3-3. 아동안전 수준,945.0,12,0,1929459.0,0.048977459484757124,False
대구,2021,3-3. 아동안전 수준,4139.0,12,0,2164115.0,0.19125600996250197,False
대구,2022,3-3. 아동안전 수준,569.0,7,0,2523629.0,0.022546895760034456,False
대구,2023,3-3. 아동안전 수준,1158.0,7,0,2696432.0,0.04294564075786076,False
대구,2024,3-3. 아동안전 수준,1296.0,3,0,2848338.0,0.04550021802187802,False
대구,2016,4-1. 일·가정 양립 여건,191.0,1,0,774602.0,0.02465782427620894,False
대구,2017,4-1. 일·가정 양립 여건,201.0,1,0,959658.5,0.02094495072986901,False
대구,2018,4-1. 일·가정 양립 여건,453.0,3,0,1446836.0,0.031309699233361625,False
대구,2019,4-1. 일·가정 양립 여건,502.0,3,0,1765898.0,0.028427462967849787,False
대구,2020,4-1. 일·가정 양립 여건,632.0,3,0,1929459.0,0.03275529565541429,False
대구,2021,4-1. 일·가정 양립 여건,490.0,3,0,2164115.0,0.022642049983480544,False
대구,2022,4-1. 일·가정 양립 여건,435.0,3,0,2523629.0,0.01723708199580842,False
대구,2023,4-1. 일·가정 양립 여건,367.0,2,0,2696432.0,0.013610578720323747,False
대구,2024,4-1. 일·가정 양립 여건,411.0,2,0,2848338.0,0.014429467289345577,False
대구,2016,4-2. 사회적 가치관,421.0,8,0,774602.0,0.054350492252795625,False
대구,2017,4-2. 사회적 가치관,370.0,5,0,959658.5,0.0385553819405549,False
대구,2018,4-2. 사회적 가치관,400.0,6,0,1446836.0,0.02764653353939216,False
대구,2019,4-2. 사회적 가치관,498.0,9,0,1765898.0,0.02820094931870357,False
대구,2020,4-2. 사회적 가치관,535.0,9,0,1929459.0,0.027727979708301653,False
대구,2021,4-2. 사회적 가치관,434.0,7,0,2164115.0,0.020054387128225628,False
대구,2022,4-2. 사회적 가치관,406.5,6,0,2523629.0,0.016107755934014072,False
대구,2023,4-2. 사회적 가치관,180.0,5,0,2696432.0,0.0066754882007037455,False
대구,2024,4-2. 사회적 가치관,146.0,3,0,2848338.0,0.005125796166044901,False
대구,2016,지표체계 외,636116.0,77,0,774602.0,82.1216573156279,False
대구,2017,지표체계 외,689725.5,73,0,959658.5,71.87197320713567,False
대구,2018,지표체계 외,815201.0,105,2,1446836.0,56.343704469615076,True
대구,2019,지표체계 외,924977.0,101,0,1765898.0,52.37997891157926,False
대구,2020,지표체계 외,1103734.0,100,0,1929459.0,57.2043251502105,False
대구,2021,지표체계 외,1256622.0,100,0,2164115.0,58.06632272314549,False
대구,2022,지표체계 외,1358599.6,101,0,2523629.0,53.83515564292532,False
대구,2023,지표체계 외,1423781.0,99,0,2696432.0,52.80240703270099,False
대구,2024,지표체계 외,1543870.0,91,0,2848338.0,54.202485800491374,False
대전,2016,1-1. 고용여건,15400.0,10,0,709547.0,2.1703988601177935,False
대전,2017,1-1. 고용여건,8926.3,12,0,935218.2,0.9544617502097371,False
대전,2018,1-1. 고용여건,25090.7,17,0,997696.4,2.514863238957262,False
대전,2019,1-1. 고용여건,128.0,3,0,685088.0,0.018683731141108877,False
대전,2020,1-1. 고용여건,23828.0,18,0,1247751.0,1.9096758888592353,False
대전,2021,1-1. 고용여건,24349.0,20,0,1337995.0,1.819812480614651,False
대전,2022,1-1. 고용여건,13696.0,18,0,1500606.2999999998,0.9126977542344052,False
대전,2023,1-1. 고용여건,7896.0,12,0,1222344.0,0.6459720013351397,False
대전,2024,1-1. 고용여건,7750.0,12,0,1676350.0,0.4623139559161273,False
대전,2016,1-2. 주거안정성,46295.0,1,0,709547.0,6.524585404490471,False
대전,2017,1-2. 주거안정성,1746.0,3,0,935218.2,0.1866943992321792,False
대전,2018,1-2. 주거안정성,1893.0,4,0,997696.4,0.1897370783336494,False
대전,2019,1-2. 주거안정성,2914.0,2,0,685088.0,0.42534681675930686,False
대전,2020,1-2. 주거안정성,3040.0,2,0,1247751.0,0.24363835412674484,False
대전,2021,1-2. 주거안정성,3473.0,2,0,1337995.0,0.2595674871729715,False
대전,2022,1-2. 주거안정성,3517.0,2,0,1500606.2999999998,0.2343719335311334,False
대전,2023,1-2. 주거안정성,3979.0,2,0,1222344.0,0.3255221116150609,False
대전,2024,1-2. 주거안정성,11165.0,4,0,1676350.0,0.6660303635875563,False
대전,2016,1-3. 경제적 여건,66725.0,11,0,709547.0,9.403887268919465,False
대전,2017,1-3. 경제적 여건,61002.4,13,0,935218.2,6.522798636724564,False
대전,2018,1-3. 경제적 여건,8065.0,14,0,997696.4,0.80836214303269,False
대전,2019,1-3. 경제적 여건,14992.0,14,0,685088.0,2.1883320099023775,False
대전,2020,1-3. 경제적 여건,110524.0,18,0,1247751.0,8.857857056415904,False
대전,2021,1-3. 경제적 여건,133851.0,19,0,1337995.0,10.003849042784166,False
대전,2022,1-3. 경제적 여건,237825.0,23,0,1500606.2999999998,15.848593998305887,False
대전,2023,1-3. 경제적 여건,138619.0,16,0,1222344.0,11.34042462678264,False
대전,2024,1-3. 경제적 여건,310670.0,10,0,1676350.0,18.53252602380171,False
대전,2016,2-1. 돌봄 여건,303707.0,61,0,709547.0,42.802943286350306,False
대전,2017,2-1. 돌봄 여건,466962.1,69,0,935218.2,49.93081828390423,False
대전,2018,2-1. 돌봄 여건,495773.4,79,0,997696.4,49.69181005363957,False
대전,2019,2-1. 돌봄 여건,184087.0,54,0,685088.0,26.870562613853988,False
대전,2020,2-1. 돌봄 여건,520577.0,93,0,1247751.0,41.72122482771002,False
대전,2021,2-1. 돌봄 여건,543642.0,93,0,1337995.0,40.63109353921352,False
대전,2022,2-1. 돌봄 여건,519777.4,98,0,1500606.2999999998,34.63782605737428,False
대전,2023,2-1. 돌봄 여건,298865.0,65,0,1222344.0,24.450154784577826,False
대전,2024,2-1. 돌봄 여건,538267.0,48,0,1676350.0,32.109464014078206,False
대전,2016,2-2. 여가 인프라,12012.0,23,0,709547.0,1.6929111108918788,False
대전,2017,2-2. 여가 인프라,7884.8,22,0,935218.2,0.8430973648716417,False
대전,2018,2-2. 여가 인프라,9320.2,24,0,997696.4,0.9341719585236552,False
대전,2019,2-2. 여가 인프라,3833.0,14,0,685088.0,0.559490167686487,False
대전,2020,2-2. 여가 인프라,7521.0,21,0,1247751.0,0.6027644938773842,False
대전,2021,2-2. 여가 인프라,6817.0,26,0,1337995.0,0.5094936827118188,False
대전,2022,2-2. 여가 인프라,7740.4,30,0,1500606.2999999998,0.5158181729611558,False
대전,2023,2-2. 여가 인프라,9217.0,29,0,1222344.0,0.7540430517104841,False
대전,2024,2-2. 여가 인프라,9050.0,13,0,1676350.0,0.5398633936827035,False
대전,2016,2-3. 가사수행 격차,0.0,0,0,709547.0,0.0,False
대전,2017,2-3. 가사수행 격차,0.0,0,0,935218.2,0.0,False
대전,2018,2-3. 가사수행 격차,0.0,0,0,997696.4,0.0,False
대전,2019,2-3. 가사수행 격차,0.0,0,0,685088.0,0.0,False
대전,2020,2-3. 가사수행 격차,9.0,2,0,1247751.0,0.000721297758927863,False
대전,2021,2-3. 가사수행 격차,8.0,1,0,1337995.0,0.0005979095587053763,False
대전,2022,2-3. 가사수행 격차,8.0,1,0,1500606.2999999998,0.0005331178470995358,False
대전,2023,2-3. 가사수행 격차,0.0,0,0,1222344.0,0.0,False
대전,2024,2-3. 가사수행 격차,0.0,0,0,1676350.0,0.0,False
대전,2016,3-1. 의료서비스 여건,29283.0,13,0,709547.0,4.126999339014892,False
대전,2017,3-1. 의료서비스 여건,26331.3,11,0,935218.2,2.8155247620287973,False
대전,2018,3-1. 의료서비스 여건,22791.6,11,0,997696.4,2.2844223954301124,False
대전,2019,3-1. 의료서비스 여건,23316.0,14,0,685088.0,3.4033584006726145,False
대전,2020,3-1. 의료서비스 여건,5394.0,14,0,1247751.0,0.4322977901840992,False
대전,2021,3-1. 의료서비스 여건,5718.0,15,0,1337995.0,0.4273558570846677,False
대전,2022,3-1. 의료서비스 여건,6128.799999999999,23,0,1500606.2999999998,0.4084215826629543,False
대전,2023,3-1. 의료서비스 여건,632.0,1,0,1222344.0,0.05170393931659173,False
대전,2024,3-1. 의료서비스 여건,5194.0,13,0,1676350.0,0.3098398305843052,False
대전,2016,3-2. 산후조리 여건,1881.0,2,0,709547.0,0.26509871791438766,False
대전,2017,3-2. 산후조리 여건,2402.0,1,0,935218.2,0.2568384575920357,False
대전,2018,3-2. 산후조리 여건,2137.0,1,0,997696.4,0.2141934159529893,False
대전,2019,3-2. 산후조리 여건,5609.0,2,0,685088.0,0.8187269372693727,False
대전,2020,3-2. 산후조리 여건,6167.0,2,0,1247751.0,0.494249253256459,False
대전,2021,3-2. 산후조리 여건,7429.0,2,0,1337995.0,0.55523376395278,False
대전,2022,3-2. 산후조리 여건,6696.0,3,0,1500606.2999999998,0.4462196380223114,False
대전,2023,3-2. 산후조리 여건,1100.0,1,0,1222344.0,0.08999103362065017,False
대전,2024,3-2. 산후조리 여건,5076.0,2,0,1676350.0,0.30280072777164674,False
대전,2016,3-3. 아동안전 수준,1993.0,15,0,709547.0,0.2808834368970625,False
대전,2017,3-3. 아동안전 수준,2836.9,13,0,935218.2,0.3033409743309102,False
대전,2018,3-3. 아동안전 수준,2843.2,13,0,997696.4,0.28497647180043945,False
대전,2019,3-3. 아동안전 수준,239.0,6,0,685088.0,0.03488602924003924,False
대전,2020,3-3. 아동안전 수준,3609.0,13,0,1247751.0,0.28924040133007306,False
대전,2021,3-3. 아동안전 수준,5017.0,11,0,1337995.0,0.3749640320031091,False
대전,2022,3-3. 아동안전 수준,4557.4,10,0,1500606.2999999998,0.303703909546428,False
대전,2023,3-3. 아동안전 수준,1459.0,7,0,1222344.0,0.1193608345932078,False
대전,2024,3-3. 아동안전 수준,2676.0,3,0,1676350.0,0.15963253497181376,False
대전,2016,4-1. 일·가정 양립 여건,8485.0,10,0,709547.0,1.1958333979285374,False
대전,2017,4-1. 일·가정 양립 여건,1723.0,8,3,935218.2,0.18423508011285494,True
대전,2018,4-1. 일·가정 양립 여건,2485.0,12,2,997696.4,0.24907376632811343,True
대전,2019,4-1. 일·가정 양립 여건,2812.0,11,0,685088.0,0.41045821850623565,False
대전,2020,4-1. 일·가정 양립 여건,4886.0,10,0,1247751.0,0.3915845389023932,False
대전,2021,4-1. 일·가정 양립 여건,4628.0,8,0,1337995.0,0.34589067971106024,False
대전,2022,4-1. 일·가정 양립 여건,317.0,7,0,1500606.2999999998,0.021124794691319105,False
대전,2023,4-1. 일·가정 양립 여건,394.0,5,0,1222344.0,0.032233152042305604,False
대전,2024,4-1. 일·가정 양립 여건,463.0,4,0,1676350.0,0.027619530527634443,False
대전,2016,4-2. 사회적 가치관,15855.0,12,0,709547.0,2.2345242809849104,False
대전,2017,4-2. 사회적 가치관,103.0,11,0,935218.2,0.01101347257784333,False
대전,2018,4-2. 사회적 가치관,110.5,12,0,997696.4,0.011075513553020739,False
대전,2019,4-2. 사회적 가치관,484.0,19,0,685088.0,0.07064785837731795,False
대전,2020,4-2. 사회적 가치관,663.0,23,0,1247751.0,0.05313560157435257,False
대전,2021,4-2. 사회적 가치관,522.0,18,0,1337995.0,0.03901359870552581,False
대전,2022,4-2. 사회적 가치관,219.1,16,0,1500606.2999999998,0.014600765037438535,False
대전,2023,4-2. 사회적 가치관,1698.0,12,0,1222344.0,0.13891343189805816,False
대전,2024,4-2. 사회적 가치관,1041.0,8,0,1676350.0,0.06209920362692754,False
대전,2016,지표체계 외,207911.0,72,0,709547.0,29.301934896490295,False
대전,2017,지표체계 외,355300.4,73,1,935218.2,37.99117681841521,True
대전,2018,지표체계 외,427186.8,73,1,997696.4,42.8173139644485,True
대전,2019,지표체계 외,446674.0,53,0,685088.0,65.19950721659116,False
대전,2020,지표체계 외,561533.0,83,0,1247751.0,45.00361049600441,False
대전,2021,지표체계 외,602541.0,79,0,1337995.0,45.03312792648702,False
대전,2022,지표체계 외,700124.2,91,0,1500606.2999999998,46.65608827578559,False
대전,2023,지표체계 외,758485.0,85,0,1222344.0,62.051681032508036,False
대전,2024,지표체계 외,784998.0,45,0,1676350.0,46.82781042145137,False
부산,2016,1-1. 고용여건,5250.3,16,0,1757736.53,0.29869664255086054,False
부산,2017,1-1. 고용여건,5240.0,11,0,3477747.6,0.15067223394820256,False
부산,2018,1-1. 고용여건,4228.0,11,0,2341626.0,0.18055829581666755,False
부산,2019,1-1. 고용여건,1961.0,11,0,2525413.0,0.07765066545551164,False
부산,2020,1-1. 고용여건,6962.0,8,0,3494318.0,0.1992377339440772,False
부산,2021,1-1. 고용여건,80698.29999999999,57,0,3944822.0999999996,2.045676533803641,False
부산,2022,1-1. 고용여건,91009.8,60,0,5106355.1,1.7822849805333754,False
부산,2023,1-1. 고용여건,69163.0,64,0,4317819.0,1.601804058947353,False
부산,2024,1-1. 고용여건,38143.0,59,0,4796613.0,0.7952069512383009,False
부산,2016,1-2. 주거안정성,13016.0,4,0,1757736.53,0.740497780972897,False
부산,2017,1-2. 주거안정성,152810.0,4,0,3477747.6,4.393935891149777,False
부산,2018,1-2. 주거안정성,592.0,4,0,2341626.0,0.02528157784377181,False
부산,2019,1-2. 주거안정성,27707.0,4,0,2525413.0,1.0971274797429174,False
부산,2020,1-2. 주거안정성,25852.0,7,0,3494318.0,0.7398296319911353,False
부산,2021,1-2. 주거안정성,20960.0,9,0,3944822.0999999996,0.5313294102666886,False
부산,2022,1-2. 주거안정성,35130.0,10,0,5106355.1,0.6879662560091052,False
부산,2023,1-2. 주거안정성,57347.0,9,0,4317819.0,1.3281473818147542,False
부산,2024,1-2. 주거안정성,30030.0,10,0,4796613.0,0.6260667683634265,False
부산,2016,1-3. 경제적 여건,106571.8,48,0,1757736.53,6.06301332316283,False
부산,2017,1-3. 경제적 여건,16879.0,43,1,3477747.6,0.48534286962055556,True
부산,2018,1-3. 경제적 여건,83242.0,49,0,2341626.0,3.5548802413365754,False
부산,2019,1-3. 경제적 여건,188642.0,46,0,2525413.0,7.469748512421533,False
부산,2020,1-3. 경제적 여건,185351.0,45,0,3494318.0,5.304354097137124,False
부산,2021,1-3. 경제적 여건,190380.5,48,0,3944822.0999999996,4.826085820194528,False
부산,2022,1-3. 경제적 여건,267496.3,54,0,5106355.1,5.23849780834866,False
부산,2023,1-3. 경제적 여건,358864.0,42,0,4317819.0,8.311233055392085,False
부산,2024,1-3. 경제적 여건,523397.0,58,0,4796613.0,10.911803808228848,False
부산,2016,2-1. 돌봄 여건,645784.92,137,0,1757736.53,36.739574388887505,False
부산,2017,2-1. 돌봄 여건,2216392.0,136,0,3477747.6,63.73067441697033,False
부산,2018,2-1. 돌봄 여건,998179.0,150,0,2341626.0,42.62760150425388,False
부산,2019,2-1. 돌봄 여건,897080.0,148,0,2525413.0,35.52211064091299,False
부산,2020,2-1. 돌봄 여건,1569188.0,143,0,3494318.0,44.906845913852145,False
부산,2021,2-1. 돌봄 여건,987713.5,184,0,3944822.0999999996,25.038226692149184,False
부산,2022,2-1. 돌봄 여건,1473428.7999999998,212,0,5106355.1,28.85480486854508,False
부산,2023,2-1. 돌봄 여건,1305799.0,188,0,4317819.0,30.242096762277438,False
부산,2024,2-1. 돌봄 여건,1048558.0,170,0,4796613.0,21.86038356648744,False
부산,2016,2-2. 여가 인프라,5057.5,41,0,1757736.53,0.2877279907245257,False
부산,2017,2-2. 여가 인프라,5415.0,36,0,3477747.6,0.1557042264941826,False
부산,2018,2-2. 여가 인프라,9024.0,42,1,2341626.0,0.3853732406456027,True
부산,2019,2-2. 여가 인프라,3390.0,41,0,2525413.0,0.13423546960437757,False
부산,2020,2-2. 여가 인프라,1222.0,33,0,3494318.0,0.034971058730201426,False
부산,2021,2-2. 여가 인프라,38432.3,48,0,3944822.0999999996,0.9742467220511669,False
부산,2022,2-2. 여가 인프라,71754.70000000001,66,0,5106355.1,1.4052038801610176,False
부산,2023,2-2. 여가 인프라,60990.0,71,0,4317819.0,1.4125186813064652,False
부산,2024,2-2. 여가 인프라,28925.0,66,0,4796613.0,0.6030296794842528,False
부산,2016,2-3. 가사수행 격차,6.5,3,0,1757736.53,0.0003697937597052728,False
부산,2017,2-3. 가사수행 격차,4.0,2,0,3477747.6,0.00011501697247954394,False
부산,2018,2-3. 가사수행 격차,4.0,2,0,2341626.0,0.00017082147191737707,False
부산,2019,2-3. 가사수행 격차,2.0,2,0,2525413.0,7.919496731821686e-05,False
부산,2020,2-3. 가사수행 격차,3.0,2,0,3494318.0,8.585366300376783e-05,False
부산,2021,2-3. 가사수행 격차,69.8,3,0,3944822.0999999996,0.001769408055182007,False
부산,2022,2-3. 가사수행 격차,129.1,5,0,5106355.1,0.002528222136372772,False
부산,2023,2-3. 가사수행 격차,21.0,2,0,4317819.0,0.00048635665367168006,False
부산,2024,2-3. 가사수행 격차,21.0,2,0,4796613.0,0.000437808928925473,False
부산,2016,3-1. 의료서비스 여건,21010.8,35,0,1757736.53,1.1953327271408531,False
부산,2017,3-1. 의료서비스 여건,17175.0,33,1,3477747.6,0.4938541255840418,True
부산,2018,3-1. 의료서비스 여건,8701.0,37,0,2341626.0,0.37157940678827445,False
부산,2019,3-1. 의료서비스 여건,9355.0,36,0,2525413.0,0.3704344596309594,False
부산,2020,3-1. 의료서비스 여건,9990.0,32,0,3494318.0,0.2858926978025469,False
부산,2021,3-1. 의료서비스 여건,16095.100000000002,36,0,3944822.0999999996,0.4080057247701995,False
부산,2022,3-1. 의료서비스 여건,16204.0,34,0,5106355.1,0.3173300658232719,False
부산,2023,3-1. 의료서비스 여건,27005.0,39,0,4317819.0,0.6254314967811295,False
부산,2024,3-1. 의료서비스 여건,33044.0,39,0,4796613.0,0.6889027736863491,False
부산,2016,3-2. 산후조리 여건,5247.0,3,0,1757736.53,0.2985089011036256,False
부산,2017,3-2. 산후조리 여건,4430.0,3,0,3477747.6,0.1273812970210949,False
부산,2018,3-2. 산후조리 여건,4431.0,3,0,2341626.0,0.18922748551647445,False
부산,2019,3-2. 산후조리 여건,6391.0,4,0,2525413.0,0.253067518065362,False
부산,2020,3-2. 산후조리 여건,10240.0,5,0,3494318.0,0.29304716971952754,False
부산,2021,3-2. 산후조리 여건,10319.0,5,0,3944822.0999999996,0.2615834057510477,False
부산,2022,3-2. 산후조리 여건,11033.0,6,0,5106355.1,0.2160640962866057,False
부산,2023,3-2. 산후조리 여건,10853.0,7,0,4317819.0,0.25135375058565446,False
부산,2024,3-2. 산후조리 여건,11403.0,7,0,4796613.0,0.23773024840653187,False
부산,2016,3-3. 아동안전 수준,1096.4,11,0,1757736.53,0.06237567356013248,False
부산,2017,3-3. 아동안전 수준,16964.0,16,0,3477747.6,0.48778698028574585,False
부산,2018,3-3. 아동안전 수준,22463.0,23,0,2341626.0,0.9592906809200102,False
부산,2019,3-3. 아동안전 수준,10285.0,18,0,2525413.0,0.4072601194339302,False
부산,2020,3-3. 아동안전 수준,7904.0,20,0,3494318.0,0.2261957841272603,False
부산,2021,3-3. 아동안전 수준,5984.7,20,0,3944822.0999999996,0.1517102634362143,False
부산,2022,3-3. 아동안전 수준,7260.9,22,0,5106355.1,0.14219340131672392,False
부산,2023,3-3. 아동안전 수준,7222.0,25,0,4317819.0,0.16726036918175588,False
부산,2024,3-3. 아동안전 수준,14110.0,15,0,4796613.0,0.2941659041494488,False
부산,2016,4-1. 일·가정 양립 여건,1300.7,31,0,1757736.53,0.07399857588440743,False
부산,2017,4-1. 일·가정 양립 여건,1429.0,29,3,3477747.6,0.04108981341831707,True
부산,2018,4-1. 일·가정 양립 여건,798.0,33,0,2341626.0,0.034078883647516725,False
부산,2019,4-1. 일·가정 양립 여건,1519.0,39,0,2525413.0,0.060148577678185704,False
부산,2020,4-1. 일·가정 양립 여건,1535.0,34,0,3494318.0,0.0439284575702612,False
부산,2021,4-1. 일·가정 양립 여건,1706.9,34,0,3944822.0999999996,0.04326937835802533,False
부산,2022,4-1. 일·가정 양립 여건,1742.2,35,0,5106355.1,0.03411826960486944,False
부산,2023,4-1. 일·가정 양립 여건,1313.0,33,0,4317819.0,0.03040887077480552,False
부산,2024,4-1. 일·가정 양립 여건,1200.0,34,0,4796613.0,0.0250176530814556,False
부산,2016,4-2. 사회적 가치관,2422.41,62,1,1757736.53,0.13781416945348457,True
부산,2017,4-2. 사회적 가치관,1000.0,43,1,3477747.6,0.028754243119885982,True
부산,2018,4-2. 사회적 가치관,34572.0,57,0,2341626.0,1.47640998178189,False
부산,2019,4-2. 사회적 가치관,623.0,57,0,2525413.0,0.02466923231962455,False
부산,2020,4-2. 사회적 가치관,393.0,55,0,3494318.0,0.011246829853493586,False
부산,2021,4-2. 사회적 가치관,1048.8,46,0,3944822.0999999996,0.026586750261817893,False
부산,2022,4-2. 사회적 가치관,1129.5,47,0,5106355.1,0.022119495763230412,False
부산,2023,4-2. 사회적 가치관,1646.0,44,0,4317819.0,0.0381210977115993,False
부산,2024,4-2. 사회적 가치관,659.0,38,0,4796613.0,0.013738861150566035,False
부산,2016,지표체계 외,950972.2,161,0,1757736.53,54.10209003279917,False
부산,2017,지표체계 외,1040009.6,157,0,3477747.6,29.904688885415375,False
부산,2018,지표체계 외,1175392.0,159,0,2341626.0,50.19554787997742,False
부산,2019,지표체계 외,1378458.0,150,0,2525413.0,54.58346812976729,False
부산,2020,지표체계 외,1675678.0,161,0,3494318.0,47.95436477160923,False
부산,2021,지표체계 외,2591413.1999999997,195,0,3944822.0999999996,65.6915098909023,False
부산,2022,지표체계 외,3130036.8,197,0,5106355.1,61.29688865547169,False
부산,2023,지표체계 외,2417596.0,198,0,4317819.0,55.99113811857329,False
부산,2024,지표체계 외,3067123.0,185,0,4796613.0,63.943515976794465,False
서울,2016,1-1. 고용여건,55557.0,5,0,4173074.0,1.3313207482062384,False
서울,2017,1-1. 고용여건,100100.0,6,0,4761473.0,2.102290614690034,False
서울,2018,1-1. 고용여건,190543.0,10,0,5912413.0,3.2227620093521883,False
서울,2019,1-1. 고용여건,131198.0,6,0,5907309.0,2.220943580232556,False
서울,2020,1-1. 고용여건,61112.0,7,0,6677517.0,0.915190481731458,False
서울,2021,1-1. 고용여건,156146.0,10,0,7529092.0,2.073902138531446,False
서울,2022,1-1. 고용여건,158889.0,9,0,7957659.9,1.996679953612996,False
서울,2023,1-1. 고용여건,248946.0,11,0,8314712.0,2.9940423673123013,False
서울,2024,1-1. 고용여건,229595.0,10,0,4872683.0,4.711880497869449,False
서울,2016,1-2. 주거안정성,0.0,2,0,4173074.0,0.0,False
서울,2017,1-2. 주거안정성,25232.0,3,1,4761473.0,0.5299200478507387,True
서울,2018,1-2. 주거안정성,229500.0,4,0,5912413.0,3.8816638824114627,False
서울,2019,1-2. 주거안정성,38965.0,4,0,5907309.0,0.6596065992146339,False
서울,2020,1-2. 주거안정성,63139.0,4,0,6677517.0,0.9455460764832199,False
서울,2021,1-2. 주거안정성,699296.0,7,0,7529092.0,9.287919446328987,False
서울,2022,1-2. 주거안정성,926599.0,7,0,7957659.9,11.644114119529034,False
서울,2023,1-2. 주거안정성,709912.0,7,0,8314712.0,8.538022724058273,False
서울,2024,1-2. 주거안정성,727205.0,8,0,4872683.0,14.924118806825726,False
서울,2016,1-3. 경제적 여건,12758.0,4,0,4173074.0,0.3057218731323719,False
서울,2017,1-3. 경제적 여건,13716.0,6,0,4761473.0,0.28806211859229275,False
서울,2018,1-3. 경제적 여건,201269.0,8,0,5912413.0,3.4041769409545646,False
서울,2019,1-3. 경제적 여건,536438.0,8,0,5907309.0,9.080919924791473,False
서울,2020,1-3. 경제적 여건,579220.0,8,0,6677517.0,8.674182334541417,False
서울,2021,1-3. 경제적 여건,472212.0,9,0,7529092.0,6.27183198186448,False
서울,2022,1-3. 경제적 여건,659031.0,9,0,7957659.9,8.281718599207789,False
서울,2023,1-3. 경제적 여건,951581.0,15,0,8314712.0,11.444545523645317,False
서울,2024,1-3. 경제적 여건,1337778.0,14,0,4872683.0,27.4546487017522,False
서울,2016,2-1. 돌봄 여건,2040695.0,34,0,4173074.0,48.90148125818042,False
서울,2017,2-1. 돌봄 여건,2446260.0,36,1,4761473.0,51.37611827264378,True
서울,2018,2-1. 돌봄 여건,2879751.0,42,0,5912413.0,48.706864692977305,False
서울,2019,2-1. 돌봄 여건,2475589.0,38,0,5907309.0,41.907220360404374,False
서울,2020,2-1. 돌봄 여건,2461507.0,42,0,6677517.0,36.8626092602984,False
서울,2021,2-1. 돌봄 여건,2296946.0,33,0,7529092.0,30.507609682548704,False
서울,2022,2-1. 돌봄 여건,2125053.0,33,0,7957659.9,26.704496380902125,False
서울,2023,2-1. 돌봄 여건,2017023.0,46,0,8314712.0,24.258483035852596,False
서울,2024,2-1. 돌봄 여건,2055963.0,53,0,4872683.0,42.1936538863702,False
서울,2016,2-2. 여가 인프라,5099.0,7,1,4173074.0,0.12218810402116043,True
서울,2017,2-2. 여가 인프라,15900.0,9,0,4761473.0,0.33393027745825715,False
서울,2018,2-2. 여가 인프라,10782.0,7,0,5912413.0,0.18236209141682086,False
서울,2019,2-2. 여가 인프라,8606.0,8,0,5907309.0,0.14568393154988168,False
서울,2020,2-2. 여가 인프라,52501.0,10,0,6677517.0,0.7862353626355425,False
서울,2021,2-2. 여가 인프라,7341.0,7,0,7529092.0,0.0975017970294426,False
서울,2022,2-2. 여가 인프라,7454.3,13,0,7957659.9,0.09367452358701582,False
서울,2023,2-2. 여가 인프라,36974.0,12,0,8314712.0,0.4446816678677506,False
서울,2024,2-2. 여가 인프라,41904.0,13,0,4872683.0,0.8599779628594759,False
서울,2016,2-3. 가사수행 격차,0.0,0,0,4173074.0,0.0,False
서울,2017,2-3. 가사수행 격차,77.0,1,0,4761473.0,0.0016171466266846418,False
서울,2018,2-3. 가사수행 격차,77.0,1,0,5912413.0,0.001302344744861362,False
서울,2019,2-3. 가사수행 격차,0.0,0,0,5907309.0,0.0,False
서울,2020,2-3. 가사수행 격차,44.0,1,0,6677517.0,0.0006589275624457414,False
서울,2021,2-3. 가사수행 격차,0.0,0,0,7529092.0,0.0,False
서울,2022,2-3. 가사수행 격차,0.0,0,0,7957659.9,0.0,False
서울,2023,2-3. 가사수행 격차,0.0,0,0,8314712.0,0.0,False
서울,2024,2-3. 가사수행 격차,54.0,1,0,4872683.0,0.0011082190243034485,False
서울,2016,3-1. 의료서비스 여건,158155.0,8,0,4173074.0,3.789892055592592,False
서울,2017,3-1. 의료서비스 여건,153550.0,9,0,4761473.0,3.2248423964600867,False
서울,2018,3-1. 의료서비스 여건,135032.0,10,0,5912413.0,2.283872929715837,False
서울,2019,3-1. 의료서비스 여건,117100.0,10,0,5907309.0,1.982290074888583,False
서울,2020,3-1. 의료서비스 여건,118420.0,12,0,6677517.0,1.7734136805641978,False
서울,2021,3-1. 의료서비스 여건,111214.0,17,0,7529092.0,1.477123669095822,False
서울,2022,3-1. 의료서비스 여건,114211.0,23,0,7957659.9,1.4352334911925553,False
서울,2023,3-1. 의료서비스 여건,112527.0,23,0,8314712.0,1.3533481376143877,False
서울,2024,3-1. 의료서비스 여건,160619.0,26,0,4872683.0,3.296315397492511,False
서울,2016,3-2. 산후조리 여건,8589.0,1,0,4173074.0,0.20581949900720667,False
서울,2017,3-2. 산후조리 여건,9800.0,1,0,4761473.0,0.20581866157804526,False
서울,2018,3-2. 산후조리 여건,22191.0,2,0,5912413.0,0.3753289900417985,False
서울,2019,3-2. 산후조리 여건,32536.0,1,0,5907309.0,0.5507753191850977,False
서울,2020,3-2. 산후조리 여건,36160.0,1,0,6677517.0,0.5415186513190456,False
서울,2021,3-2. 산후조리 여건,35798.0,1,0,7529092.0,0.4754623797929418,False
서울,2022,3-2. 산후조리 여건,40836.0,1,0,7957659.9,0.5131659371368711,False
서울,2023,3-2. 산후조리 여건,52914.0,1,0,8314712.0,0.6363900517540475,False
서울,2024,3-2. 산후조리 여건,64100.0,2,0,4872683.0,1.3154970269972417,False
서울,2016,3-3. 아동안전 수준,35832.0,3,0,4173074.0,0.8586476060573093,False
서울,2017,3-3. 아동안전 수준,18098.0,5,0,4761473.0,0.38009246298361876,False
서울,2018,3-3. 아동안전 수준,33287.0,6,0,5912413.0,0.5630019418467553,False
서울,2019,3-3. 아동안전 수준,22849.0,6,0,5907309.0,0.38679202323765355,False
서울,2020,3-3. 아동안전 수준,39385.0,7,1,6677517.0,0.5898150465210348,True
서울,2021,3-3. 아동안전 수준,54919.0,13,0,7529092.0,0.7294239464732267,False
서울,2022,3-3. 아동안전 수준,77755.0,9,0,7957659.9,0.9771088608599621,False
서울,2023,3-3. 아동안전 수준,28204.0,7,0,8314712.0,0.33920597610596737,False
서울,2024,3-3. 아동안전 수준,20528.0,5,0,4872683.0,0.4212874098315035,False
서울,2016,4-1. 일·가정 양립 여건,1245.0,2,0,4173074.0,0.02983412228012252,False
서울,2017,4-1. 일·가정 양립 여건,2065.0,4,0,4761473.0,0.04336893226108811,False
서울,2018,4-1. 일·가정 양립 여건,3993.0,11,0,5912413.0,0.06753587748352492,False
서울,2019,4-1. 일·가정 양립 여건,5112.0,5,0,5907309.0,0.08653686475517025,False
서울,2020,4-1. 일·가정 양립 여건,11942.0,6,0,6677517.0,0.17883893069834192,False
서울,2021,4-1. 일·가정 양립 여건,5706.0,12,0,7529092.0,0.07578603103800564,False
서울,2022,4-1. 일·가정 양립 여건,6248.0,11,0,7957659.9,0.07851554450071434,False
서울,2023,4-1. 일·가정 양립 여건,9643.0,12,0,8314712.0,0.11597515343886836,False
서울,2024,4-1. 일·가정 양립 여건,3773.0,13,0,4872683.0,0.07743167367957242,False
서울,2016,4-2. 사회적 가치관,167.0,4,0,4173074.0,0.004001846121108804,False
서울,2017,4-2. 사회적 가치관,191.0,4,0,4761473.0,0.004011363710347617,False
서울,2018,4-2. 사회적 가치관,737.0,6,0,5912413.0,0.012465299700815894,False
서울,2019,4-2. 사회적 가치관,307.0,4,0,5907309.0,0.005196951776180999,False
서울,2020,4-2. 사회적 가치관,420.0,2,0,6677517.0,0.006289763096072987,False
서울,2021,4-2. 사회적 가치관,245.0,4,0,7529092.0,0.003254044445200032,False
서울,2022,4-2. 사회적 가치관,180.0,4,0,7957659.9,0.002261971512504574,False
서울,2023,4-2. 사회적 가치관,5926.0,7,0,8314712.0,0.07127125990653675,False
서울,2024,4-2. 사회적 가치관,2745.0,9,0,4872683.0,0.05633446706875863,False
서울,2016,지표체계 외,1854977.0,33,0,4173074.0,44.45109288740147,False
서울,2017,지표체계 외,1976484.0,44,2,4761473.0,41.509927705145024,True
서울,2018,지표체계 외,2205251.0,77,0,5912413.0,37.29866299935407,False
서울,2019,지표체계 외,2538609.0,72,0,5907309.0,42.97403436996439,False
서울,2020,지표체계 외,3253667.0,77,0,6677517.0,48.72570148454882,False
서울,2021,지표체계 외,3689269.0,115,0,7529092.0,49.00018488285174,False
서울,2022,지표체계 외,3841403.6,108,0,7957659.9,48.273030617958426,False
서울,2023,지표체계 외,4141062.0,89,0,8314712.0,49.80403410244396,False
서울,2024,지표체계 외,228419.0,83,0,4872683.0,4.687745950229063,False
세종,2016,1-1. 고용여건,309.0,2,0,97707.0,0.3162516503423501,False
세종,2017,1-1. 고용여건,317.0,2,0,89445.0,0.35440773659790936,False
세종,2018,1-1. 고용여건,71.0,1,0,104743.0,0.06778495937676025,False
세종,2019,1-1. 고용여건,368.0,1,0,129545.0,0.28407117217955147,False
세종,2020,1-1. 고용여건,393.0,1,0,209363.0,0.1877122509708019,False
세종,2021,1-1. 고용여건,1167.0,4,0,175466.0,0.6650861135490637,False
세종,2022,1-1. 고용여건,3643.0,4,0,231310.4,1.5749399940512836,False
세종,2023,1-1. 고용여건,3280.0,5,0,318453.0,1.0299793062084515,False
세종,2024,1-1. 고용여건,1704.0,5,0,329034.0,0.5178796112255876,False
세종,2016,1-2. 주거안정성,0.0,0,0,97707.0,0.0,False
세종,2017,1-2. 주거안정성,0.0,0,0,89445.0,0.0,False
세종,2018,1-2. 주거안정성,15343.0,1,0,104743.0,14.648234249544123,False
세종,2019,1-2. 주거안정성,130.0,2,0,129545.0,0.10035122930255895,False
세종,2020,1-2. 주거안정성,43.0,1,0,209363.0,0.020538490564235325,False
세종,2021,1-2. 주거안정성,19.0,1,0,175466.0,0.010828308618193838,False
세종,2022,1-2. 주거안정성,957.0,3,0,231310.4,0.4137297760930767,False
세종,2023,1-2. 주거안정성,978.0,3,0,318453.0,0.30710968337556876,False
세종,2024,1-2. 주거안정성,517.0,3,0,329034.0,0.15712661913358497,False
세종,2016,1-3. 경제적 여건,3331.0,4,0,97707.0,3.409172321328052,False
세종,2017,1-3. 경제적 여건,4835.0,3,0,89445.0,5.405556487226788,False
세종,2018,1-3. 경제적 여건,4803.0,4,0,104743.0,4.585509294177177,False
세종,2019,1-3. 경제적 여건,41136.0,5,0,129545.0,31.75421668146204,False
세종,2020,1-3. 경제적 여건,39884.0,6,0,209363.0,19.050166457301433,False
세종,2021,1-3. 경제적 여건,41968.0,7,0,175466.0,23.918024004650473,False
세종,2022,1-3. 경제적 여건,53894.0,9,0,231310.4,23.29942795481742,False
세종,2023,1-3. 경제적 여건,81251.0,9,0,318453.0,25.514283112421616,False
세종,2024,1-3. 경제적 여건,90681.0,11,0,329034.0,27.559765860063095,False
세종,2016,2-1. 돌봄 여건,36344.0,25,0,97707.0,37.196925501755246,False
세종,2017,2-1. 돌봄 여건,36766.0,25,0,89445.0,41.104589412488124,False
세종,2018,2-1. 돌봄 여건,66637.0,29,0,104743.0,63.619525887171456,False
세종,2019,2-1. 돌봄 여건,44406.0,26,0,129545.0,34.278436064687945,False
세종,2020,2-1. 돌봄 여건,55949.0,24,0,209363.0,26.72344205996284,False
세종,2021,2-1. 돌봄 여건,52978.0,20,0,175466.0,30.19274389340385,False
세종,2022,2-1. 돌봄 여건,56695.0,24,0,231310.4,24.51035491702924,False
세종,2023,2-1. 돌봄 여건,110711.0,24,0,318453.0,34.76525578342801,False
세종,2024,2-1. 돌봄 여건,106751.0,25,0,329034.0,32.44375961146873,False
세종,2016,2-2. 여가 인프라,637.0,13,0,97707.0,0.6519491950423204,False
세종,2017,2-2. 여가 인프라,726.0,10,0,89445.0,0.8116719771926884,False
세종,2018,2-2. 여가 인프라,57.0,3,0,104743.0,0.05441891104894838,False
세종,2019,2-2. 여가 인프라,191.0,4,0,129545.0,0.14743911382145203,False
세종,2020,2-2. 여가 인프라,14845.0,12,0,209363.0,7.09055563781566,False
세종,2021,2-2. 여가 인프라,3761.0,10,0,175466.0,2.143435195422475,False
세종,2022,2-2. 여가 인프라,8701.0,10,0,231310.4,3.7616121021795825,False
세종,2023,2-2. 여가 인프라,4973.0,10,0,318453.0,1.5616119176142162,False
세종,2024,2-2. 여가 인프라,4709.0,9,0,329034.0,1.4311590899420727,False
세종,2016,2-3. 가사수행 격차,7.0,1,0,97707.0,0.007164276868596928,False
세종,2017,2-3. 가사수행 격차,0.0,0,0,89445.0,0.0,False
세종,2018,2-3. 가사수행 격차,0.0,0,0,104743.0,0.0,False
세종,2019,2-3. 가사수행 격차,0.0,0,0,129545.0,0.0,False
세종,2020,2-3. 가사수행 격차,0.0,1,0,209363.0,0.0,False
세종,2021,2-3. 가사수행 격차,0.0,0,0,175466.0,0.0,False
세종,2022,2-3. 가사수행 격차,0.0,0,0,231310.4,0.0,False
세종,2023,2-3. 가사수행 격차,0.0,0,0,318453.0,0.0,False
세종,2024,2-3. 가사수행 격차,0.0,0,0,329034.0,0.0,False
세종,2016,3-1. 의료서비스 여건,773.0,12,0,97707.0,0.7911408599179178,False
세종,2017,3-1. 의료서비스 여건,1270.0,10,0,89445.0,1.419866957348091,False
세종,2018,3-1. 의료서비스 여건,459.0,8,0,104743.0,0.43821544160468956,False
세종,2019,3-1. 의료서비스 여건,6001.0,12,0,129545.0,4.632367131112741,False
세종,2020,3-1. 의료서비스 여건,5922.0,9,0,209363.0,2.8285800260791065,False
세종,2021,3-1. 의료서비스 여건,583.0,9,0,175466.0,0.3322581012845794,False
세종,2022,3-1. 의료서비스 여건,1055.4,9,0,231310.4,0.4562700163935561,False
세종,2023,3-1. 의료서비스 여건,1465.0,9,0,318453.0,0.4600364889010309,False
세종,2024,3-1. 의료서비스 여건,2282.0,13,0,329034.0,0.6935453478971778,False
세종,2016,3-2. 산후조리 여건,980.0,2,0,97707.0,1.0029987616035698,False
세종,2017,3-2. 산후조리 여건,1500.0,2,0,89445.0,1.677008217340265,False
세종,2018,3-2. 산후조리 여건,1895.0,2,0,104743.0,1.8091901129431085,False
세종,2019,3-2. 산후조리 여건,2831.0,2,0,129545.0,2.1853410011964955,False
세종,2020,3-2. 산후조리 여건,1380.0,2,0,209363.0,0.6591422553173197,False
세종,2021,3-2. 산후조리 여건,1652.0,2,0,175466.0,0.941492938802959,False
세종,2022,3-2. 산후조리 여건,2398.0,2,0,231310.4,1.03670219756656,False
세종,2023,3-2. 산후조리 여건,2388.0,2,0,318453.0,0.7498751778127384,False
세종,2024,3-2. 산후조리 여건,1674.0,2,0,329034.0,0.5087620124364047,False
세종,2016,3-3. 아동안전 수준,671.0,2,0,97707.0,0.6867471112612198,False
세종,2017,3-3. 아동안전 수준,30.0,1,0,89445.0,0.033540164346805304,False
세종,2018,3-3. 아동안전 수준,1530.0,1,0,104743.0,1.4607181386822985,False
세종,2019,3-3. 아동안전 수준,0.0,0,0,129545.0,0.0,False
세종,2020,3-3. 아동안전 수준,56.0,2,0,209363.0,0.02674780166505065,False
세종,2021,3-3. 아동안전 수준,56.0,1,0,175466.0,0.03191501487467657,False
세종,2022,3-3. 아동안전 수준,0.0,0,0,231310.4,0.0,False
세종,2023,3-3. 아동안전 수준,0.0,0,0,318453.0,0.0,False
세종,2024,3-3. 아동안전 수준,871.0,2,0,329034.0,0.264714284845943,False
세종,2016,4-1. 일·가정 양립 여건,6.0,2,0,97707.0,0.006140808744511651,False
세종,2017,4-1. 일·가정 양립 여건,5.0,2,0,89445.0,0.005590027391134216,False
세종,2018,4-1. 일·가정 양립 여건,0.0,1,1,104743.0,0.0,True
세종,2019,4-1. 일·가정 양립 여건,0.0,1,0,129545.0,0.0,False
세종,2020,4-1. 일·가정 양립 여건,0.0,1,0,209363.0,0.0,False
세종,2021,4-1. 일·가정 양립 여건,1593.0,3,0,175466.0,0.9078681909885675,False
세종,2022,4-1. 일·가정 양립 여건,1581.0,4,0,231310.4,0.6834971536083115,False
세종,2023,4-1. 일·가정 양립 여건,2218.0,5,0,318453.0,0.6964921040153492,False
세종,2024,4-1. 일·가정 양립 여건,2001.0,5,0,329034.0,0.6081438392384982,False
세종,2016,4-2. 사회적 가치관,27.0,3,0,97707.0,0.027633639350302434,False
세종,2017,4-2. 사회적 가치관,35.0,4,0,89445.0,0.03913019173793952,False
세종,2018,4-2. 사회적 가치관,37.0,4,1,104743.0,0.035324556294931406,True
세종,2019,4-2. 사회적 가치관,103.0,6,0,129545.0,0.07950905090895057,False
세종,2020,4-2. 사회적 가치관,57.0,5,0,209363.0,0.027225440980497985,False
세종,2021,4-2. 사회적 가치관,56.0,8,0,175466.0,0.03191501487467657,False
세종,2022,4-2. 사회적 가치관,39.0,4,0,231310.4,0.016860461094702184,False
세종,2023,4-2. 사회적 가치관,40.0,4,0,318453.0,0.01256072324644453,False
세종,2024,4-2. 사회적 가치관,40.0,3,0,329034.0,0.012156798385577174,False
세종,2016,지표체계 외,54622.0,48,0,97707.0,55.903875873785914,False
세종,2017,지표체계 외,43961.0,43,0,89445.0,49.14863882833026,False
세종,2018,지표체계 외,13911.0,39,1,104743.0,13.281078449156508,True
세종,2019,지표체계 외,34379.0,41,0,129545.0,26.538268555328266,False
세종,2020,지표체계 외,90834.0,43,0,209363.0,43.38588957934306,False
세종,2021,지표체계 외,71633.0,28,0,175466.0,40.824433223530484,False
세종,2022,지표체계 외,102347.0,39,0,231310.4,44.246605427166266,False
세종,2023,지표체계 외,111149.0,41,0,318453.0,34.90279570297658,False
세종,2024,지표체계 외,117804.0,42,0,329034.0,35.802986925363335,False
울산,2016,1-1. 고용여건,0.0,0,0,577145.0,0.0,False
울산,2017,1-1. 고용여건,6820.0,7,0,2222729.4,0.30682997219544583,False
울산,2018,1-1. 고용여건,17858.0,20,0,948045.0,1.8836658597429445,False
울산,2019,1-1. 고용여건,8674.0,4,0,356752.0,2.431380903260528,False
울산,2020,1-1. 고용여건,5365.0,11,0,1240133.6,0.4326146795796839,False
울산,2021,1-1. 고용여건,9005.0,20,0,977844.0,0.9209035388057809,False
울산,2022,1-1. 고용여건,9621.0,21,0,938106.0,1.0255770669839017,False
울산,2023,1-1. 고용여건,11671.0,18,0,3219772.0,0.3624790823698076,False
울산,2024,1-1. 고용여건,12933.0,25,0,1273043.0,1.015912266906931,False
울산,2016,1-2. 주거안정성,0.0,0,0,577145.0,0.0,False
울산,2017,1-2. 주거안정성,0.0,0,0,2222729.4,0.0,False
울산,2018,1-2. 주거안정성,1049.0,2,0,948045.0,0.11064875612444557,False
울산,2019,1-2. 주거안정성,2271.0,4,0,356752.0,0.6365766695071086,False
울산,2020,1-2. 주거안정성,3185.0,3,0,1240133.6,0.25682716765354957,False
울산,2021,1-2. 주거안정성,5006.0,6,0,977844.0,0.5119426002511648,False
울산,2022,1-2. 주거안정성,5302.0,7,0,938106.0,0.5651813334527228,False
울산,2023,1-2. 주거안정성,10024.0,9,0,3219772.0,0.3113263920550896,False
울산,2024,1-2. 주거안정성,14337.0,9,0,1273043.0,1.1261991935857627,False
울산,2016,1-3. 경제적 여건,7916.0,15,0,577145.0,1.3715790659193097,False
울산,2017,1-3. 경제적 여건,13424.4,13,0,2222729.4,0.6039601581731001,False
울산,2018,1-3. 경제적 여건,103296.0,14,0,948045.0,10.895685331392498,False
울산,2019,1-3. 경제적 여건,91466.0,15,0,356752.0,25.638538816881194,False
울산,2020,1-3. 경제적 여건,99421.0,17,0,1240133.6,8.016958817985415,False
울산,2021,1-3. 경제적 여건,88980.0,20,0,977844.0,9.099610980892658,False
울산,2022,1-3. 경제적 여건,112426.0,22,0,938106.0,11.984359976377936,False
울산,2023,1-3. 경제적 여건,159154.0,24,0,3219772.0,4.943020810169167,False
울산,2024,1-3. 경제적 여건,203711.0,25,0,1273043.0,16.001894672842944,False
울산,2016,2-1. 돌봄 여건,365990.0,41,0,577145.0,63.4138734633411,False
울산,2017,2-1. 돌봄 여건,1787681.0,44,0,2222729.4,80.4272890798133,False
울산,2018,2-1. 돌봄 여건,497786.0,57,0,948045.0,52.50657932904029,False
울산,2019,2-1. 돌봄 여건,170674.0,50,0,356752.0,47.84107727496973,False
울산,2020,2-1. 돌봄 여건,314216.0,46,0,1240133.6,25.337270113478095,False
울산,2021,2-1. 돌봄 여건,464438.0,68,0,977844.0,47.496124126138724,False
울산,2022,2-1. 돌봄 여건,399851.8,68,0,938106.0,42.62330696104705,False
울산,2023,2-1. 돌봄 여건,412914.0,75,0,3219772.0,12.824324206807189,False
울산,2024,2-1. 돌봄 여건,389419.0,82,0,1273043.0,30.589618732438733,False
울산,2016,2-2. 여가 인프라,1926.0,12,0,577145.0,0.3337116322587911,False
울산,2017,2-2. 여가 인프라,786.0,11,0,2222729.4,0.03536192934686517,False
울산,2018,2-2. 여가 인프라,11307.0,10,0,948045.0,1.1926649051469076,False
울산,2019,2-2. 여가 인프라,8231.0,8,0,356752.0,2.3072050051576443,False
울산,2020,2-2. 여가 인프라,3022.0,15,0,1240133.6,0.2436834224957698,False
울산,2021,2-2. 여가 인프라,3002.0,13,0,977844.0,0.3070019348689566,False
울산,2022,2-2. 여가 인프라,2407.0,15,0,938106.0,0.2565808128292538,False
울산,2023,2-2. 여가 인프라,2807.0,13,0,3219772.0,0.0871800860433596,False
울산,2024,2-2. 여가 인프라,3360.0,15,0,1273043.0,0.26393452538523837,False
울산,2016,2-3. 가사수행 격차,0.0,0,0,577145.0,0.0,False
울산,2017,2-3. 가사수행 격차,0.0,0,0,2222729.4,0.0,False
울산,2018,2-3. 가사수행 격차,0.0,0,0,948045.0,0.0,False
울산,2019,2-3. 가사수행 격차,0.0,0,0,356752.0,0.0,False
울산,2020,2-3. 가사수행 격차,0.0,0,0,1240133.6,0.0,False
울산,2021,2-3. 가사수행 격차,0.0,0,0,977844.0,0.0,False
울산,2022,2-3. 가사수행 격차,0.0,0,0,938106.0,0.0,False
울산,2023,2-3. 가사수행 격차,0.0,0,0,3219772.0,0.0,False
울산,2024,2-3. 가사수행 격차,0.0,0,0,1273043.0,0.0,False
울산,2016,3-1. 의료서비스 여건,2292.0,10,0,577145.0,0.39712723838896635,False
울산,2017,3-1. 의료서비스 여건,4797.0,10,0,2222729.4,0.21581574437266182,False
울산,2018,3-1. 의료서비스 여건,1363.0,11,0,948045.0,0.1437695468042129,False
울산,2019,3-1. 의료서비스 여건,13849.0,13,0,356752.0,3.8819684262456833,False
울산,2020,3-1. 의료서비스 여건,18285.0,11,0,1240133.6,1.4744379153987923,False
울산,2021,3-1. 의료서비스 여건,10093.0,21,0,977844.0,1.0321687303905325,False
울산,2022,3-1. 의료서비스 여건,36223.2,21,0,938106.0,3.8613120478922425,False
울산,2023,3-1. 의료서비스 여건,46782.0,23,0,3219772.0,1.4529600232563051,False
울산,2024,3-1. 의료서비스 여건,50633.0,24,0,1273043.0,3.9773204832829685,False
울산,2016,3-2. 산후조리 여건,874.0,2,0,577145.0,0.1514350813053912,False
울산,2017,3-2. 산후조리 여건,899.0,1,0,2222729.4,0.040445769062126956,False
울산,2018,3-2. 산후조리 여건,1602.0,1,0,948045.0,0.16897932060187015,False
울산,2019,3-2. 산후조리 여건,4021.0,2,0,356752.0,1.1271135130286585,False
울산,2020,3-2. 산후조리 여건,10212.0,5,0,1240133.6,0.8234596659585709,False
울산,2021,3-2. 산후조리 여건,4067.0,2,0,977844.0,0.41591501302866307,False
울산,2022,3-2. 산후조리 여건,5569.0,4,0,938106.0,0.5936429358729184,False
울산,2023,3-2. 산후조리 여건,8842.0,7,0,3219772.0,0.2746157181315944,False
울산,2024,3-2. 산후조리 여건,8819.0,6,0,1273043.0,0.6927495771941717,False
울산,2016,3-3. 아동안전 수준,5929.0,4,0,577145.0,1.027298165972156,False
울산,2017,3-3. 아동안전 수준,277.0,3,0,2222729.4,0.012462155762190395,False
울산,2018,3-3. 아동안전 수준,154.0,3,0,948045.0,0.016243954664599252,False
울산,2019,3-3. 아동안전 수준,69.0,4,0,356752.0,0.0193411669731354,False
울산,2020,3-3. 아동안전 수준,72.0,2,0,1240133.6,0.005805826081964072,False
울산,2021,3-3. 아동안전 수준,12.0,1,0,977844.0,0.001227189613067115,False
울산,2022,3-3. 아동안전 수준,18.0,2,0,938106.0,0.0019187597137210505,False
울산,2023,3-3. 아동안전 수준,68.0,6,0,3219772.0,0.002111950784092787,False
울산,2024,3-3. 아동안전 수준,58.0,5,0,1273043.0,0.00455601264057852,False
울산,2016,4-1. 일·가정 양립 여건,1566.0,9,0,577145.0,0.2713356262291105,False
울산,2017,4-1. 일·가정 양립 여건,1242.0,11,0,2222729.4,0.05587724713588618,False
울산,2018,4-1. 일·가정 양립 여건,101.0,2,0,948045.0,0.010653502734574835,False
울산,2019,4-1. 일·가정 양립 여건,242.0,4,0,356752.0,0.0678342377898372,False
울산,2020,4-1. 일·가정 양립 여건,3578.6,18,0,1240133.6,0.2885656835682865,False
울산,2021,4-1. 일·가정 양립 여건,93.0,19,0,977844.0,0.009510719501270143,False
울산,2022,4-1. 일·가정 양립 여건,298.0,19,0,938106.0,0.03176613303827073,False
울산,2023,4-1. 일·가정 양립 여건,134.0,20,0,3219772.0,0.004161785368653433,False
울산,2024,4-1. 일·가정 양립 여건,1042.0,21,0,1273043.0,0.08185112364625546,False
울산,2016,4-2. 사회적 가치관,400.0,7,0,577145.0,0.06930667336631176,False
울산,2017,4-2. 사회적 가치관,332.0,7,0,2222729.4,0.014936591021831086,False
울산,2018,4-2. 사회적 가치관,464.0,12,0,948045.0,0.04894282444398736,False
울산,2019,4-2. 사회적 가치관,293.0,9,0,356752.0,0.0821298829438938,False
울산,2020,4-2. 사회적 가치관,440.0,9,0,1240133.6,0.03548004827866933,False
울산,2021,4-2. 사회적 가치관,127.0,4,0,977844.0,0.012987756738293634,False
울산,2022,4-2. 사회적 가치관,335.0,7,0,938106.0,0.03571025022758622,False
울산,2023,4-2. 사회적 가치관,134.0,8,0,3219772.0,0.004161785368653433,False
울산,2024,4-2. 사회적 가치관,155.0,8,0,1273043.0,0.012175551022235699,False
울산,2016,지표체계 외,190252.0,55,0,577145.0,32.964333053218866,False
울산,2017,지표체계 외,406471.0,47,0,2222729.4,18.28702135311658,False
울산,2018,지표체계 외,313065.0,57,0,948045.0,33.02216666930367,False
울산,2019,지표체계 외,56962.0,47,0,356752.0,15.966834103242588,False
울산,2020,지표체계 외,782337.0,57,0,1240133.6,63.08489665952119,False
울산,2021,지표체계 외,393021.0,75,0,977844.0,40.192607409770886,False
울산,2022,지표체계 외,366055.0,68,0,938106.0,39.0206437225644,False
울산,2023,지표체계 외,2567242.0,71,0,3219772.0,79.73365815964608,False
울산,2024,지표체계 외,588576.0,82,0,1273043.0,46.23378786105418,False
인천,2016,1-1. 고용여건,0.0,0,0,1094772.2,0.0,False
인천,2017,1-1. 고용여건,523.0,3,0,1161639.0,0.04502259307753958,False
인천,2018,1-1. 고용여건,10242.0,13,0,1453723.0,0.7045358710015595,False
인천,2019,1-1. 고용여건,8211.0,11,0,2137311.0,0.38417431997495916,False
인천,2020,1-1. 고용여건,14168.0,23,0,2761790.0,0.5130006264053385,False
인천,2021,1-1. 고용여건,33955.0,31,0,3305518.2,1.0272216925019502,False
인천,2022,1-1. 고용여건,42719.5,31,1,4451688.0,0.9596247535766208,True
인천,2023,1-1. 고용여건,29833.0,30,0,4389696.0,0.6796142603041304,False
인천,2024,1-1. 고용여건,25707.0,27,0,4721370.0,0.5444817923611155,False
인천,2016,1-2. 주거안정성,0.0,0,0,1094772.2,0.0,False
인천,2017,1-2. 주거안정성,0.0,0,0,1161639.0,0.0,False
인천,2018,1-2. 주거안정성,7413.0,2,0,1453723.0,0.5099320847231557,False
인천,2019,1-2. 주거안정성,12624.0,3,0,2137311.0,0.5906487170093636,False
인천,2020,1-2. 주거안정성,83636.0,2,0,2761790.0,3.028325832159578,False
인천,2021,1-2. 주거안정성,377208.0,4,0,3305518.2,11.411463412907542,False
인천,2022,1-2. 주거안정성,666604.0,4,0,4451688.0,14.974185073167751,False
인천,2023,1-2. 주거안정성,6748.0,6,0,4389696.0,0.15372362915336277,False
인천,2024,1-2. 주거안정성,45571.0,5,0,4721370.0,0.9652071326754734,False
인천,2016,1-3. 경제적 여건,2988.0,9,0,1094772.2,0.27293349246537313,False
인천,2017,1-3. 경제적 여건,2859.0,9,0,1161639.0,0.24611776980628233,False
인천,2018,1-3. 경제적 여건,41457.0,16,0,1453723.0,2.851781254062844,False
인천,2019,1-3. 경제적 여건,237120.0,22,0,2137311.0,11.094314304282344,False
인천,2020,1-3. 경제적 여건,241731.0,28,0,2761790.0,8.75269299982982,False
인천,2021,1-3. 경제적 여건,228599.0,32,0,3305518.2,6.915678152974622,False
인천,2022,1-3. 경제적 여건,309175.0,34,2,4451688.0,6.945118346119495,True
인천,2023,1-3. 경제적 여건,431707.0,22,0,4389696.0,9.834553463383342,False
인천,2024,1-3. 경제적 여건,568484.0,26,0,4721370.0,12.04065769045849,False
인천,2016,2-1. 돌봄 여건,494060.2,51,0,1094772.2,45.12904145720909,False
인천,2017,2-1. 돌봄 여건,524692.0,39,0,1161639.0,45.1682493442455,False
인천,2018,2-1. 돌봄 여건,689330.0,76,0,1453723.0,47.418249556483595,False
인천,2019,2-1. 돌봄 여건,943795.0,82,0,2137311.0,44.158056548625815,False
인천,2020,2-1. 돌봄 여건,1275456.0,90,0,2761790.0,46.18222239924108,False
인천,2021,2-1. 돌봄 여건,1203811.0,91,0,3305518.2,36.41822332123296,False
인천,2022,2-1. 돌봄 여건,1086093.5,106,0,4451688.0,24.397340963697367,False
인천,2023,2-1. 돌봄 여건,1334732.0,94,0,4389696.0,30.406023560629254,False
인천,2024,2-1. 돌봄 여건,1279411.0,88,0,4721370.0,27.09829985788023,False
인천,2016,2-2. 여가 인프라,5075.0,7,0,1094772.2,0.46356675845440726,False
인천,2017,2-2. 여가 인프라,5935.0,7,0,1161639.0,0.5109160419028631,False
인천,2018,2-2. 여가 인프라,4439.0,10,0,1453723.0,0.30535390855066613,False
인천,2019,2-2. 여가 인프라,7725.0,9,0,2137311.0,0.3614354672764048,False
인천,2020,2-2. 여가 인프라,4910.0,7,0,2761790.0,0.1777832492694955,False
인천,2021,2-2. 여가 인프라,9802.0,8,0,3305518.2,0.2965344435253752,False
인천,2022,2-2. 여가 인프라,11488.0,8,0,4451688.0,0.2580594147658147,False
인천,2023,2-2. 여가 인프라,11759.0,7,0,4389696.0,0.2678773199784222,False
인천,2024,2-2. 여가 인프라,13184.0,7,0,4721370.0,0.2792409830197591,False
인천,2016,2-3. 가사수행 격차,0.0,0,0,1094772.2,0.0,False
인천,2017,2-3. 가사수행 격차,0.0,0,0,1161639.0,0.0,False
인천,2018,2-3. 가사수행 격차,5.0,1,0,1453723.0,0.0003439444791064047,False
인천,2019,2-3. 가사수행 격차,15.0,2,0,2137311.0,0.0007018164413134073,False
인천,2020,2-3. 가사수행 격차,47.0,2,0,2761790.0,0.0017017948504411992,False
인천,2021,2-3. 가사수행 격차,232.0,2,0,3305518.2,0.007018566710659768,False
인천,2022,2-3. 가사수행 격차,232.0,2,0,4451688.0,0.0052115062870533605,False
인천,2023,2-3. 가사수행 격차,198.0,2,0,4389696.0,0.0045105629182521974,False
인천,2024,2-3. 가사수행 격차,197.0,3,0,4721370.0,0.0041725177226101745,False
인천,2016,3-1. 의료서비스 여건,6818.0,16,0,1094772.2,0.6227779623925416,False
인천,2017,3-1. 의료서비스 여건,17677.0,17,0,1161639.0,1.5217292119152337,False
인천,2018,3-1. 의료서비스 여건,9401.0,27,0,1453723.0,0.6466844096158622,False
인천,2019,3-1. 의료서비스 여건,4148.0,30,0,2137311.0,0.19407563990453425,False
인천,2020,3-1. 의료서비스 여건,8261.0,35,0,2761790.0,0.2991176012658457,False
인천,2021,3-1. 의료서비스 여건,11803.0,36,0,3305518.2,0.3570695814048157,False
인천,2022,3-1. 의료서비스 여건,707913.0,38,2,4451688.0,15.902125216322439,True
인천,2023,3-1. 의료서비스 여건,797657.0,37,0,4389696.0,18.17112164487017,False
인천,2024,3-1. 의료서비스 여건,792974.0,36,0,4721370.0,16.79542166786335,False
인천,2016,3-2. 산후조리 여건,3258.0,3,0,1094772.2,0.297596157447184,False
인천,2017,3-2. 산후조리 여건,406.0,3,0,1161639.0,0.03495061718830032,False
인천,2018,3-2. 산후조리 여건,1380.0,5,0,1453723.0,0.0949286762333677,False
인천,2019,3-2. 산후조리 여건,7582.0,6,0,2137311.0,0.3547448172025503,False
인천,2020,3-2. 산후조리 여건,11298.0,6,0,2761790.0,0.4090825153252058,False
인천,2021,3-2. 산후조리 여건,12159.0,7,0,3305518.2,0.3678394510125523,False
인천,2022,3-2. 산후조리 여건,11570.0,6,0,4451688.0,0.259901412677618,False
인천,2023,3-2. 산후조리 여건,11359.0,5,0,4389696.0,0.2587650716587208,False
인천,2024,3-2. 산후조리 여건,10399.0,5,0,4721370.0,0.22025386699199598,False
인천,2016,3-3. 아동안전 수준,176.0,2,0,1094772.2,0.016076403839995205,False
인천,2017,3-3. 아동안전 수준,295.0,2,0,1161639.0,0.02539515288312462,False
인천,2018,3-3. 아동안전 수준,805.0,5,0,1453723.0,0.05537506113613116,False
인천,2019,3-3. 아동안전 수준,9424.0,7,0,2137311.0,0.44092787619583673,False
인천,2020,3-3. 아동안전 수준,8991.0,8,0,2761790.0,0.3255497340492941,False
인천,2021,3-3. 아동안전 수준,8823.0,10,0,3305518.2,0.26691730210409975,False
인천,2022,3-3. 아동안전 수준,11601.0,8,0,4451688.0,0.26059777774183635,False
인천,2023,3-3. 아동안전 수준,12997.0,7,0,4389696.0,0.29607972852789805,False
인천,2024,3-3. 아동안전 수준,20164.0,7,0,4721370.0,0.42707942821680994,False
인천,2016,4-1. 일·가정 양립 여건,0.0,1,0,1094772.2,0.0,False
인천,2017,4-1. 일·가정 양립 여건,0.0,0,0,1161639.0,0.0,False
인천,2018,4-1. 일·가정 양립 여건,304.0,9,2,1453723.0,0.020911824329669405,True
인천,2019,4-1. 일·가정 양립 여건,1530.0,12,0,2137311.0,0.07158527701396755,False
인천,2020,4-1. 일·가정 양립 여건,764.0,5,0,2761790.0,0.027663218419937793,False
인천,2021,4-1. 일·가정 양립 여건,1272.0,7,0,3305518.2,0.03848110713775528,False
인천,2022,4-1. 일·가정 양립 여건,1385.0,6,0,4451688.0,0.031111793998141832,False
인천,2023,4-1. 일·가정 양립 여건,2677.0,2,0,4389696.0,0.06098372187960169,False
인천,2024,4-1. 일·가정 양립 여건,2315.0,6,0,4721370.0,0.0490323783139216,False
인천,2016,4-2. 사회적 가치관,31.0,7,0,1094772.2,0.0028316393127264285,False
인천,2017,4-2. 사회적 가치관,66.0,7,0,1161639.0,0.0056816274246990674,False
인천,2018,4-2. 사회적 가치관,88.0,15,1,1453723.0,0.006053422832272723,True
인천,2019,4-2. 사회적 가치관,138.0,18,0,2137311.0,0.006456711260083348,False
인천,2020,4-2. 사회적 가치관,92.0,11,0,2761790.0,0.003331172898735965,False
인천,2021,4-2. 사회적 가치관,87.0,11,0,3305518.2,0.0026319625164974133,False
인천,2022,4-2. 사회적 가치관,88.0,11,1,4451688.0,0.001976778246813344,True
인천,2023,4-2. 사회적 가치관,93.0,10,0,4389696.0,0.002118597734330578,False
인천,2024,4-2. 사회적 가치관,45.0,10,0,4721370.0,0.0009531131853678064,False
인천,2016,지표체계 외,582366.0,36,0,1094772.2,53.195176128878686,False
인천,2017,지표체계 외,609186.0,32,0,1161639.0,52.44193764155646,False
인천,2018,지표체계 외,688859.0,38,0,1453723.0,47.38584998655177,False
인천,2019,지표체계 외,904999.0,50,0,2137311.0,42.34287850481282,False
인천,2020,지표체계 외,1112436.0,88,0,2761790.0,40.27952885628523,False
인천,2021,지표체계 외,1417767.2,128,0,3305518.2,42.89092100597116,False
인천,2022,지표체계 외,1602819.0,123,0,4451688.0,36.00474696339905,False
인천,2023,지표체계 외,1749936.0,114,0,4389696.0,39.86462843896252,False
인천,2024,지표체계 외,1962919.0,108,0,4721370.0,41.57519957131087,False
전남,2016,1-1. 고용여건,5363.0,1,0,1883686.0,0.28470774853133696,False
전남,2017,1-1. 고용여건,18649.0,2,0,1197280.0,1.5576139248964318,False
전남,2018,1-1. 고용여건,996.0,9,0,1647546.0,0.0604535472757665,False
전남,2019,1-1. 고용여건,21877.0,12,0,1540331.0,1.4202791477935586,False
전남,2020,1-1. 고용여건,33911.0,19,0,1840688.0,1.8423002703337015,False
전남,2021,1-1. 고용여건,28971.0,28,0,1966392.4200000002,1.473307143850768,False
전남,2022,1-1. 고용여건,6581.8,31,0,2258897.4,0.29137224205048,False
전남,2023,1-1. 고용여건,34682.0,43,0,2712169.0,1.2787551218231608,False
전남,2024,1-1. 고용여건,39105.0,39,0,2621833.0,1.4915137615553697,False
전남,2016,1-2. 주거안정성,7.5,1,0,1883686.0,0.0003981555312297273,False
전남,2017,1-2. 주거안정성,309.0,1,0,1197280.0,0.02580849926500067,False
전남,2018,1-2. 주거안정성,4128.0,7,0,1647546.0,0.25055446099835754,False
전남,2019,1-2. 주거안정성,5334.0,11,0,1540331.0,0.3462892066705143,False
전남,2020,1-2. 주거안정성,3079.0,15,0,1840688.0,0.16727441043783628,False
전남,2021,1-2. 주거안정성,5417.0,19,0,1966392.4200000002,0.2754790928252256,False
전남,2022,1-2. 주거안정성,9082.0,23,0,2258897.4,0.40205455989280436,False
전남,2023,1-2. 주거안정성,6828.0,24,0,2712169.0,0.2517542232803339,False
전남,2024,1-2. 주거안정성,8448.0,18,0,2621833.0,0.32221731895204614,False
전남,2016,1-3. 경제적 여건,22531.0,28,1,1883686.0,1.1961123032182646,True
전남,2017,1-3. 경제적 여건,38008.0,32,1,1197280.0,3.1745289322464254,True
전남,2018,1-3. 경제적 여건,30641.0,29,1,1647546.0,1.8597963273863067,True
전남,2019,1-3. 경제적 여건,45435.0,47,0,1540331.0,2.9496906833661076,False
전남,2020,1-3. 경제적 여건,36117.0,46,0,1840688.0,1.9621467625148856,False
전남,2021,1-3. 경제적 여건,60084.5,56,0,1966392.4200000002,3.0555701592869235,False
전남,2022,1-3. 경제적 여건,75822.0,57,1,2258897.4,3.3565933539079733,True
전남,2023,1-3. 경제적 여건,57092.0,57,0,2712169.0,2.1050310655420073,False
전남,2024,1-3. 경제적 여건,51371.0,44,0,2621833.0,1.9593543906114539,False
전남,2016,2-1. 돌봄 여건,946694.0,81,3,1883686.0,50.25752699759939,True
전남,2017,2-1. 돌봄 여건,89551.0,72,0,1197280.0,7.479536950420954,False
전남,2018,2-1. 돌봄 여건,317129.0,68,0,1647546.0,19.248567263068832,False
전남,2019,2-1. 돌봄 여건,119384.0,98,0,1540331.0,7.750541928975006,False
전남,2020,2-1. 돌봄 여건,117428.0,87,0,1840688.0,6.379571116886728,False
전남,2021,2-1. 돌봄 여건,128578.68,92,0,1966392.4200000002,6.538810803593312,False
전남,2022,2-1. 돌봄 여건,368603.9,101,0,2258897.4,16.31786817763392,False
전남,2023,2-1. 돌봄 여건,536687.0,119,0,2712169.0,19.788110549158255,False
전남,2024,2-1. 돌봄 여건,402666.0,94,0,2621833.0,15.358186429112761,False
전남,2016,2-2. 여가 인프라,9600.0,10,0,1883686.0,0.5096390799740509,False
전남,2017,2-2. 여가 인프라,4072.0,10,0,1197280.0,0.34010423626887615,False
전남,2018,2-2. 여가 인프라,8287.0,15,0,1647546.0,0.502990508307507,False
전남,2019,2-2. 여가 인프라,6235.0,8,0,1540331.0,0.4047831277822754,False
전남,2020,2-2. 여가 인프라,1190.0,10,0,1840688.0,0.06464973966256095,False
전남,2021,2-2. 여가 인프라,1376.0,11,0,1966392.4200000002,0.0699758596506388,False
전남,2022,2-2. 여가 인프라,6933.4,17,1,2258897.4,0.30693735802254674,True
전남,2023,2-2. 여가 인프라,13535.0,18,0,2712169.0,0.499047072656608,False
전남,2024,2-2. 여가 인프라,9882.0,15,0,2621833.0,0.37691187806393467,False
전남,2016,2-3. 가사수행 격차,13.0,1,0,1883686.0,0.0006901362541315273,False
전남,2017,2-3. 가사수행 격차,13.0,1,0,1197280.0,0.0010857944674595751,False
전남,2018,2-3. 가사수행 격차,32.0,4,0,1647546.0,0.0019422826433981208,False
전남,2019,2-3. 가사수행 격차,24.0,5,0,1540331.0,0.001558106666683979,False
전남,2020,2-3. 가사수행 격차,85.0,5,0,1840688.0,0.004617838547325783,False
전남,2021,2-3. 가사수행 격차,44.0,3,0,1966392.4200000002,0.0022376001632471707,False
전남,2022,2-3. 가사수행 격차,23.0,3,0,2258897.4,0.0010181958684799053,False
전남,2023,2-3. 가사수행 격차,18.0,1,0,2712169.0,0.0006636754568022863,False
전남,2024,2-3. 가사수행 격차,0.0,0,0,2621833.0,0.0,False
전남,2016,3-1. 의료서비스 여건,15088.2,130,2,1883686.0,0.8009933715067162,True
전남,2017,3-1. 의료서비스 여건,141389.0,126,1,1197280.0,11.80918415074168,True
전남,2018,3-1. 의료서비스 여건,113169.0,66,1,1647546.0,6.868943264710059,True
전남,2019,3-1. 의료서비스 여건,7393.0,81,0,1540331.0,0.47996177444977733,False
전남,2020,3-1. 의료서비스 여건,8992.0,75,0,1840688.0,0.4885129907947463,False
전남,2021,3-1. 의료서비스 여건,6214.889999999999,84,0,1966392.4200000002,0.31605542905825473,False
전남,2022,3-1. 의료서비스 여건,5872.1,86,1,2258897.4,0.25995425910003706,True
전남,2023,3-1. 의료서비스 여건,5634.0,99,0,2712169.0,0.20773041797911562,False
전남,2024,3-1. 의료서비스 여건,3391.0,71,0,2621833.0,0.12933699438522592,False
전남,2016,3-2. 산후조리 여건,6049.0,25,0,1883686.0,0.321125707787816,False
전남,2017,3-2. 산후조리 여건,28737.0,24,0,1197280.0,2.400190431645062,False
전남,2018,3-2. 산후조리 여건,7145.0,12,0,1647546.0,0.43367529647123665,False
전남,2019,3-2. 산후조리 여건,8924.0,18,0,1540331.0,0.5793559955619928,False
전남,2020,3-2. 산후조리 여건,11152.0,22,0,1840688.0,0.6058604174091426,False
전남,2021,3-2. 산후조리 여건,8700.0,27,0,1966392.4200000002,0.44243457773296335,False
전남,2022,3-2. 산후조리 여건,11844.7,29,0,2258897.4,0.5243575914514754,False
전남,2023,3-2. 산후조리 여건,3769.0,31,0,2712169.0,0.1389662664826565,False
전남,2024,3-2. 산후조리 여건,4636.0,22,0,2621833.0,0.17682285637567305,False
전남,2016,3-3. 아동안전 수준,4.0,1,0,1883686.0,0.00021234961665585452,False
전남,2017,3-3. 아동안전 수준,0.0,0,0,1197280.0,0.0,False
전남,2018,3-3. 아동안전 수준,689.0,3,0,1647546.0,0.041819773165665784,False
전남,2019,3-3. 아동안전 수준,83.0,4,0,1540331.0,0.005388452222282094,False
전남,2020,3-3. 아동안전 수준,38.0,3,0,1840688.0,0.002064445468216232,False
전남,2021,3-3. 아동안전 수준,582.25,3,0,1966392.4200000002,0.029610061251151485,False
전남,2022,3-3. 아동안전 수준,4554.2,5,0,2258897.4,0.20161163583613845,False
전남,2023,3-3. 아동안전 수준,51.0,3,0,2712169.0,0.0018804137942731445,False
전남,2024,3-3. 아동안전 수준,14.0,1,0,2621833.0,0.0005339775645512129,False
전남,2016,4-1. 일·가정 양립 여건,476.0,7,1,1883686.0,0.02526960438204669,True
전남,2017,4-1. 일·가정 양립 여건,125.0,4,0,1197280.0,0.01044033141788053,False
전남,2018,4-1. 일·가정 양립 여건,74194.0,8,0,1647546.0,4.5033037013837545,False
전남,2019,4-1. 일·가정 양립 여건,760.0,8,0,1540331.0,0.04934004444499267,False
전남,2020,4-1. 일·가정 양립 여건,185.0,7,0,1840688.0,0.010050589779473762,False
전남,2021,4-1. 일·가정 양립 여건,182.6,6,0,1966392.4200000002,0.00928604067747576,False
전남,2022,4-1. 일·가정 양립 여건,199.6,8,2,2258897.4,0.008836169362982135,True
전남,2023,4-1. 일·가정 양립 여건,475.0,10,0,2712169.0,0.01751365788783811,False
전남,2024,4-1. 일·가정 양립 여건,268.0,8,0,2621833.0,0.010221856235694646,False
전남,2016,4-2. 사회적 가치관,369.0,17,1,1883686.0,0.01958925213650258,True
전남,2017,4-2. 사회적 가치관,8405.0,21,0,1197280.0,0.7020078845382868,False
전남,2018,4-2. 사회적 가치관,249.0,22,1,1647546.0,0.015113386818941626,True
전남,2019,4-2. 사회적 가치관,495.0,36,0,1540331.0,0.032135950000357065,False
전남,2020,4-2. 사회적 가치관,616.0,27,0,1840688.0,0.033465747590031555,False
전남,2021,4-2. 사회적 가치관,289.4,27,0,1966392.4200000002,0.014717306528266619,False
전남,2022,4-2. 사회적 가치관,1224.8,23,0,2258897.4,0.054221143465834266,False
전남,2023,4-2. 사회적 가치관,263.0,19,0,2712169.0,0.009697035841055628,False
전남,2024,4-2. 사회적 가치관,561.0,8,1,2621833.0,0.021397243836659315,True
전남,2016,지표체계 외,877491.3,144,2,1883686.0,46.583735293461864,True
전남,2017,지표체계 외,868022.0,157,2,1197280.0,72.49949886409193,True
전남,2018,지표체계 외,1090887.0,156,0,1647546.0,66.21284018777017,False
전남,2019,지표체계 외,1324387.0,159,0,1540331.0,85.98067558206645,False
전남,2020,지표체계 외,1627895.0,183,0,1840688.0,88.43948567057535,False
전남,2021,지표체계 외,1725952.1,168,0,1966392.4200000002,87.77251592538177,False
전남,2022,지표체계 외,1768155.9,169,0,2258897.4,78.27517531340733,False
전남,2023,지표체계 외,2053135.0,204,0,2712169.0,75.7008505000979,False
전남,2024,지표체계 외,2101491.0,148,1,2621833.0,80.15350329330663,True
전북,2016,1-1. 고용여건,3900.0,1,0,1401390.0,0.27829512127245093,False
전북,2017,1-1. 고용여건,3900.0,1,0,1500137.7000000002,0.2599761341908812,False
전북,2018,1-1. 고용여건,327.0,3,0,1629235.5,0.020070763250616623,False
전북,2019,1-1. 고용여건,3307.0,3,0,1908798.0,0.17325039108381296,False
전북,2020,1-1. 고용여건,1742.0,3,0,2018401.0,0.08630594217898227,False
전북,2021,1-1. 고용여건,64140.4,42,0,2200038.999,2.915421046133919,False
전북,2022,1-1. 고용여건,68859.4,42,0,2540795.1,2.710151637178456,False
전북,2023,1-1. 고용여건,59234.0,40,0,2695319.0,2.1976619465080014,False
전북,2024,1-1. 고용여건,41860.0,44,0,2862745.0,1.462232926788799,False
전북,2016,1-2. 주거안정성,2231.0,2,0,1401390.0,0.15919908091252258,False
전북,2017,1-2. 주거안정성,2300.0,2,0,1500137.7000000002,0.1533192586253915,False
전북,2018,1-2. 주거안정성,2914.0,3,0,1629235.5,0.17885689330977628,False
전북,2019,1-2. 주거안정성,5467.0,4,0,1908798.0,0.28641061023743736,False
전북,2020,1-2. 주거안정성,103446.0,6,0,2018401.0,5.1251460933679684,False
전북,2021,1-2. 주거안정성,4242.0,8,0,2200038.999,0.19281476382592072,False
전북,2022,1-2. 주거안정성,13449.0,14,0,2540795.1,0.5293224943640673,False
전북,2023,1-2. 주거안정성,27928.0,16,0,2695319.0,1.0361667765485272,False
전북,2024,1-2. 주거안정성,26060.0,18,0,2862745.0,0.9103150996683254,False
전북,2016,1-3. 경제적 여건,15603.0,24,2,1401390.0,1.1133945582600133,True
전북,2017,1-3. 경제적 여건,17367.0,24,0,1500137.7000000002,1.1576937237161629,False
전북,2018,1-3. 경제적 여건,19789.0,26,1,1629235.5,1.2146187583071937,True
전북,2019,1-3. 경제적 여건,116769.0,32,0,1908798.0,6.117410014050727,False
전북,2020,1-3. 경제적 여건,130195.0,41,0,2018401.0,6.450403066585876,False
전북,2021,1-3. 경제적 여건,144098.5,44,0,2200038.999,6.549815710789589,False
전북,2022,1-3. 경제적 여건,203208.3,51,0,2540795.1,7.997823201091657,False
전북,2023,1-3. 경제적 여건,259056.0,30,0,2695319.0,9.611329864850877,False
전북,2024,1-3. 경제적 여건,302911.0,49,0,2862745.0,10.581138033600618,False
전북,2016,2-1. 돌봄 여건,570128.0,54,0,1401390.0,40.68303612841536,False
전북,2017,2-1. 돌봄 여건,597104.4,85,0,1500137.7000000002,39.80330605650401,False
전북,2018,2-1. 돌봄 여건,585952.0,99,4,1629235.5,35.96484363371655,True
전북,2019,2-1. 돌봄 여건,578414.0,90,0,1908798.0,30.30252546366876,False
전북,2020,2-1. 돌봄 여건,468384.0,98,0,2018401.0,23.205695994007137,False
전북,2021,2-1. 돌봄 여건,421123.4,89,0,2200038.999,19.14163340701762,False
전북,2022,2-1. 돌봄 여건,599679.4,100,0,2540795.1,23.602037015893174,False
전북,2023,2-1. 돌봄 여건,548536.0,104,0,2695319.0,20.35143150031592,False
전북,2024,2-1. 돌봄 여건,578772.0,103,0,2862745.0,20.217378774567766,False
전북,2016,2-2. 여가 인프라,2294.0,6,2,1401390.0,0.16369461748692368,True
전북,2017,2-2. 여가 인프라,11278.0,2,0,1500137.7000000002,0.7517976516422458,False
전북,2018,2-2. 여가 인프라,19347.2,16,0,1629235.5,1.1875017454505503,False
전북,2019,2-2. 여가 인프라,1587.0,14,0,1908798.0,0.08314132768370462,False
전북,2020,2-2. 여가 인프라,785.0,14,0,2018401.0,0.03889217256630372,False
전북,2021,2-2. 여가 인프라,1060.0,11,0,2200038.999,0.048180964086627996,False
전북,2022,2-2. 여가 인프라,4889.6,18,0,2540795.1,0.1924436960697854,False
전북,2023,2-2. 여가 인프라,2000.0,15,0,2695319.0,0.0742027196038762,False
전북,2024,2-2. 여가 인프라,3331.0,17,0,2862745.0,0.11635685329989223,False
전북,2016,2-3. 가사수행 격차,0.0,0,0,1401390.0,0.0,False
전북,2017,2-3. 가사수행 격차,5.0,1,0,1500137.7000000002,0.0003333027361421554,False
전북,2018,2-3. 가사수행 격차,15.0,1,0,1629235.5,0.0009206772133310378,False
전북,2019,2-3. 가사수행 격차,20.0,1,0,1908798.0,0.001047779806978004,False
전북,2020,2-3. 가사수행 격차,40.0,2,0,2018401.0,0.0019817667549708903,False
전북,2021,2-3. 가사수행 격차,30.0,2,0,2200038.999,0.001363612191130981,False
전북,2022,2-3. 가사수행 격차,30.0,2,0,2540795.1,0.0011807327556637682,False
전북,2023,2-3. 가사수행 격차,20.0,1,0,2695319.0,0.000742027196038762,False
전북,2024,2-3. 가사수행 격차,19.0,1,0,2862745.0,0.0006636986528663922,False
전북,2016,3-1. 의료서비스 여건,30823.0,27,0,1401390.0,2.1994591084566038,False
전북,2017,3-1. 의료서비스 여건,32703.0,27,0,1500137.7000000002,2.179999876011382,False
전북,2018,3-1. 의료서비스 여건,32308.0,33,0,1629235.5,1.983015960553278,False
전북,2019,3-1. 의료서비스 여건,36294.0,31,0,1908798.0,1.901406015722984,False
전북,2020,3-1. 의료서비스 여건,36351.0,34,0,2018401.0,1.8009800827486706,False
전북,2021,3-1. 의료서비스 여건,22859.0,35,0,2200038.999,1.0390270359021032,False
전북,2022,3-1. 의료서비스 여건,39596.0,39,0,2540795.1,1.5584098064420857,False
전북,2023,3-1. 의료서비스 여건,39465.0,40,0,2695319.0,1.464205164583487,False
전북,2024,3-1. 의료서비스 여건,43303.0,42,0,2862745.0,1.512639092898599,False
전북,2016,3-2. 산후조리 여건,2785.0,4,0,1401390.0,0.19873125967789124,False
전북,2017,3-2. 산후조리 여건,3237.0,4,0,1500137.7000000002,0.21578019137843144,False
전북,2018,3-2. 산후조리 여건,3588.0,7,0,1629235.5,0.22022598942878424,False
전북,2019,3-2. 산후조리 여건,6270.0,10,0,1908798.0,0.32847896948760424,False
전북,2020,3-2. 산후조리 여건,7199.0,13,0,2018401.0,0.356668471725886,False
전북,2021,3-2. 산후조리 여건,7603.4,14,0,2200038.999,0.3456029644681767,False
전북,2022,3-2. 산후조리 여건,7279.8,16,0,2540795.1,0.28651661048937005,False
전북,2023,3-2. 산후조리 여건,7215.0,16,0,2695319.0,0.2676863109709834,False
전북,2024,3-2. 산후조리 여건,10178.0,19,0,2862745.0,0.35553288888811263,False
전북,2016,3-3. 아동안전 수준,4484.0,4,0,1401390.0,0.3199680317399154,False
전북,2017,3-3. 아동안전 수준,6852.0,3,0,1500137.7000000002,0.4567580696092098,False
전북,2018,3-3. 아동안전 수준,6055.0,3,0,1629235.5,0.37164670178129555,False
전북,2019,3-3. 아동안전 수준,0.0,1,0,1908798.0,0.0,False
전북,2020,3-3. 아동안전 수준,0.0,1,0,2018401.0,0.0,False
전북,2021,3-3. 아동안전 수준,5765.0,6,0,2200038.999,0.2620408093956702,False
전북,2022,3-3. 아동안전 수준,837.0,6,0,2540795.1,0.03294244388301913,False
전북,2023,3-3. 아동안전 수준,832.0,6,0,2695319.0,0.0308683313552125,False
전북,2024,3-3. 아동안전 수준,784.0,4,0,2862745.0,0.02738630230775008,False
전북,2016,4-1. 일·가정 양립 여건,488.0,12,9,1401390.0,0.03482256902075796,True
전북,2017,4-1. 일·가정 양립 여건,985.0,15,0,1500137.7000000002,0.06566063902000462,False
전북,2018,4-1. 일·가정 양립 여건,1267.0,16,9,1629235.5,0.07776653528602832,True
전북,2019,4-1. 일·가정 양립 여건,1184.0,18,0,1908798.0,0.06202856457309784,False
전북,2020,4-1. 일·가정 양립 여건,1580.0,16,0,2018401.0,0.07827978682135016,False
전북,2021,4-1. 일·가정 양립 여건,401.0,15,0,2200038.999,0.018226949621450782,False
전북,2022,4-1. 일·가정 양립 여건,667.0,15,0,2540795.1,0.026251624934257787,False
전북,2023,4-1. 일·가정 양립 여건,588.0,14,0,2695319.0,0.021815599563539602,False
전북,2024,4-1. 일·가정 양립 여건,678.0,13,0,2862745.0,0.023683562454916523,False
전북,2016,4-2. 사회적 가치관,270.0,4,0,1401390.0,0.019266585318861988,False
전북,2017,4-2. 사회적 가치관,235.0,6,0,1500137.7000000002,0.015665228598681306,False
전북,2018,4-2. 사회적 가치관,248.0,9,0,1629235.5,0.015221863260406492,False
전북,2019,4-2. 사회적 가치관,331.0,25,0,1908798.0,0.017340755805485965,False
전북,2020,4-2. 사회적 가치관,395.0,37,0,2018401.0,0.01956994670533754,False
전북,2021,4-2. 사회적 가치관,561.4,33,0,2200038.999,0.02551772947003109,False
전북,2022,4-2. 사회적 가치관,320.0,24,0,2540795.1,0.012594482727080195,False
전북,2023,4-2. 사회적 가치관,403.0,22,0,2695319.0,0.014951848000181055,False
전북,2024,4-2. 사회적 가치관,401.0,20,0,2862745.0,0.014007534726285435,False
전북,2016,지표체계 외,768384.0,142,1,1401390.0,54.830132939438705,True
전북,2017,지표체계 외,824171.3,148,0,1500137.7000000002,54.939709867967444,False
전북,2018,지표체계 외,957425.3,164,1,1629235.5,58.76531047844219,True
전북,2019,지표체계 외,1159155.0,144,0,1908798.0,60.726960107879414,False
전북,2020,지표체계 외,1268284.0,145,0,2018401.0,62.83607667653751,False
전북,2021,지표체계 외,1528154.899,174,0,2200038.999,69.46035500709776,False
전북,2022,지표체계 외,1601979.6,171,0,2540795.1,63.05032625417139,False
전북,2023,지표체계 외,1750042.0,99,0,2695319.0,64.92893791050336,False
전북,2024,지표체계 외,1854448.0,89,0,2862745.0,64.77866523214607,False
제주,2016,1-1. 고용여건,5439.0,9,0,542630.0,1.0023404529790096,False
제주,2017,1-1. 고용여건,4916.0,5,0,542097.0,0.906848774296851,False
제주,2018,1-1. 고용여건,2790.0,4,0,2211904.0,0.1261356731576054,False
제주,2019,1-1. 고용여건,2861.0,4,0,689085.0,0.41518825689138494,False
제주,2020,1-1. 고용여건,1435.0,4,0,816440.0,0.17576306893341825,False
제주,2021,1-1. 고용여건,8395.0,16,0,704514.0,1.1916015863417901,False
제주,2022,1-1. 고용여건,8511.0,14,0,913167.7,0.9320303379105502,False
제주,2023,1-1. 고용여건,9964.0,14,0,1002935.0,0.9934841240957788,False
제주,2024,1-1. 고용여건,6114.0,13,0,1047248.0,0.5838158678746582,False
제주,2016,1-2. 주거안정성,300.0,1,0,542630.0,0.05528629084274737,False
제주,2017,1-2. 주거안정성,300.0,1,0,542097.0,0.05534064936717968,False
제주,2018,1-2. 주거안정성,300.0,1,0,2211904.0,0.013562975608344664,False
제주,2019,1-2. 주거안정성,550.0,1,0,689085.0,0.07981598786796984,False
제주,2020,1-2. 주거안정성,710.0,1,0,816440.0,0.08696291215521042,False
제주,2021,1-2. 주거안정성,15832.0,6,0,704514.0,2.2472229082743564,False
제주,2022,1-2. 주거안정성,19665.1,7,0,913167.7,2.1535036773639717,False
제주,2023,1-2. 주거안정성,38044.0,5,0,1002935.0,3.7932667620533733,False
제주,2024,1-2. 주거안정성,10426.0,5,0,1047248.0,0.995561700762379,False
제주,2016,1-3. 경제적 여건,3464.0,9,2,542630.0,0.6383723715975895,True
제주,2017,1-3. 경제적 여건,3339.0,9,2,542097.0,0.6159414274567098,True
제주,2018,1-3. 경제적 여건,6488.0,9,2,2211904.0,0.29332195248980064,True
제주,2019,1-3. 경제적 여건,8279.0,8,0,689085.0,1.2014482973798588,False
제주,2020,1-3. 경제적 여건,8898.0,10,0,816440.0,1.0898535103620597,False
제주,2021,1-3. 경제적 여건,4417.0,7,0,704514.0,0.626957022855472,False
제주,2022,1-3. 경제적 여건,80670.8,11,0,913167.7,8.834171423277455,False
제주,2023,1-3. 경제적 여건,112489.0,10,0,1002935.0,11.215981095484752,False
제주,2024,1-3. 경제적 여건,147291.0,11,0,1047248.0,14.064576871953921,False
제주,2016,2-1. 돌봄 여건,318277.0,40,2,542630.0,58.65451596852367,True
제주,2017,2-1. 돌봄 여건,284349.0,44,3,542097.0,52.453527689693914,True
제주,2018,2-1. 돌봄 여건,1912717.0,44,3,2211904.0,86.47378005555395,True
제주,2019,2-1. 돌봄 여건,353401.0,46,0,689085.0,51.285545324597116,False
제주,2020,2-1. 돌봄 여건,443336.0,48,0,816440.0,54.30111214541179,False
제주,2021,2-1. 돌봄 여건,347492.0,53,0,704514.0,49.323647223476044,False
제주,2022,2-1. 돌봄 여건,385433.8,54,0,913167.7,42.208435537087006,False
제주,2023,2-1. 돌봄 여건,368357.0,50,0,1002935.0,36.727903602925416,False
제주,2024,2-1. 돌봄 여건,410417.0,57,0,1047248.0,39.19004858448047,False
제주,2016,2-2. 여가 인프라,1927.0,6,1,542630.0,0.35512227484658054,True
제주,2017,2-2. 여가 인프라,4951.0,7,1,542097.0,0.9133051833896886,True
제주,2018,2-2. 여가 인프라,4927.0,7,0,2211904.0,0.2227492694077139,False
제주,2019,2-2. 여가 인프라,2790.0,4,0,689085.0,0.40488473845751977,False
제주,2020,2-2. 여가 인프라,1075.0,3,0,816440.0,0.13166919798148058,False
제주,2021,2-2. 여가 인프라,1669.0,4,0,704514.0,0.23690089905949346,False
제주,2022,2-2. 여가 인프라,2522.0,5,0,913167.7,0.27618147247214286,False
제주,2023,2-2. 여가 인프라,3242.0,4,0,1002935.0,0.32325125755906414,False
제주,2024,2-2. 여가 인프라,782.0,2,0,1047248.0,0.0746719019754633,False
제주,2016,2-3. 가사수행 격차,100.0,1,0,542630.0,0.018428763614249118,False
제주,2017,2-3. 가사수행 격차,100.0,1,0,542097.0,0.018446883122393225,False
제주,2018,2-3. 가사수행 격차,100.0,1,0,2211904.0,0.004520991869448222,False
제주,2019,2-3. 가사수행 격차,90.0,1,0,689085.0,0.013060798014758701,False
제주,2020,2-3. 가사수행 격차,90.0,1,0,816440.0,0.01102346773798442,False
제주,2021,2-3. 가사수행 격차,0.0,0,0,704514.0,0.0,False
제주,2022,2-3. 가사수행 격차,0.0,0,0,913167.7,0.0,False
제주,2023,2-3. 가사수행 격차,0.0,0,0,1002935.0,0.0,False
제주,2024,2-3. 가사수행 격차,0.0,0,0,1047248.0,0.0,False
제주,2016,3-1. 의료서비스 여건,8915.0,8,0,542630.0,1.642924276210309,False
제주,2017,3-1. 의료서비스 여건,9627.0,7,0,542097.0,1.7758814381927959,False
제주,2018,3-1. 의료서비스 여건,9704.0,7,0,2211904.0,0.43871705101125547,False
제주,2019,3-1. 의료서비스 여건,10861.0,7,0,689085.0,1.5761480804254917,False
제주,2020,3-1. 의료서비스 여건,11363.0,7,0,816440.0,1.3917740434079662,False
제주,2021,3-1. 의료서비스 여건,1073.0,5,0,704514.0,0.15230357381116627,False
제주,2022,3-1. 의료서비스 여건,2208.0,7,0,913167.7,0.24179567455134476,False
제주,2023,3-1. 의료서비스 여건,2826.0,8,0,1002935.0,0.2817729962559887,False
제주,2024,3-1. 의료서비스 여건,9257.0,8,0,1047248.0,0.8839358012619742,False
제주,2016,3-2. 산후조리 여건,1162.0,2,0,542630.0,0.21414223319757478,False
제주,2017,3-2. 산후조리 여건,827.0,2,0,542097.0,0.15255572342219198,False
제주,2018,3-2. 산후조리 여건,1011.0,2,0,2211904.0,0.04570722780012153,False
제주,2019,3-2. 산후조리 여건,1888.0,2,0,689085.0,0.2739865183540492,False
제주,2020,3-2. 산후조리 여건,2151.0,2,0,816440.0,0.26346087893782766,False
제주,2021,3-2. 산후조리 여건,2373.0,2,0,704514.0,0.33682794096355784,False
제주,2022,3-2. 산후조리 여건,2778.0,2,0,913167.7,0.30421575357954517,False
제주,2023,3-2. 산후조리 여건,2854.0,2,0,1002935.0,0.2845648023052341,False
제주,2024,3-2. 산후조리 여건,3075.0,2,0,1047248.0,0.2936267245198845,False
제주,2016,3-3. 아동안전 수준,3393.0,3,0,542630.0,0.6252879494314727,False
제주,2017,3-3. 아동안전 수준,6432.0,3,0,542097.0,1.1865035224323321,False
제주,2018,3-3. 아동안전 수준,7535.0,3,0,2211904.0,0.3406567373629235,False
제주,2019,3-3. 아동안전 수준,5136.0,2,0,689085.0,0.7453362067088967,False
제주,2020,3-3. 아동안전 수준,6182.0,2,0,816440.0,0.7571897506246632,False
제주,2021,3-3. 아동안전 수준,10227.0,5,0,704514.0,1.451639002205776,False
제주,2022,3-3. 아동안전 수준,6613.0,6,0,913167.7,0.7241824256377005,False
제주,2023,3-3. 아동안전 수준,5840.0,6,0,1002935.0,0.5822909759854826,False
제주,2024,3-3. 아동안전 수준,5878.0,5,0,1047248.0,0.5612806135700427,False
제주,2016,4-1. 일·가정 양립 여건,11723.0,9,4,542630.0,2.1604039584984243,True
제주,2017,4-1. 일·가정 양립 여건,12204.0,10,5,542097.0,2.251257616256869,True
제주,2018,4-1. 일·가정 양립 여건,12525.0,9,3,2211904.0,0.5662542316483897,True
제주,2019,4-1. 일·가정 양립 여건,16844.0,10,0,689085.0,2.444400908451062,False
제주,2020,4-1. 일·가정 양립 여건,640.0,11,0,816440.0,0.07838910391455588,False
제주,2021,4-1. 일·가정 양립 여건,620.0,7,0,704514.0,0.08800392894960213,False
제주,2022,4-1. 일·가정 양립 여건,750.0,6,0,913167.7,0.08213168293184264,False
제주,2023,4-1. 일·가정 양립 여건,795.0,6,0,1002935.0,0.07926735032679087,False
제주,2024,4-1. 일·가정 양립 여건,195.0,5,0,1047248.0,0.018620231311017067,False
제주,2016,4-2. 사회적 가치관,57.0,5,0,542630.0,0.010504395260121998,False
제주,2017,4-2. 사회적 가치관,53.0,3,0,542097.0,0.009776848054868408,False
제주,2018,4-2. 사회적 가치관,53.0,3,0,2211904.0,0.0023961256908075577,False
제주,2019,4-2. 사회적 가치관,59.0,3,0,689085.0,0.008562078698564037,False
제주,2020,4-2. 사회적 가치관,58.0,3,0,816440.0,0.007104012542256627,False
제주,2021,4-2. 사회적 가치관,539.0,2,0,704514.0,0.07650664145779928,False
제주,2022,4-2. 사회적 가치관,499.0,2,0,913167.7,0.05464494637731931,False
제주,2023,4-2. 사회적 가치관,539.0,3,0,1002935.0,0.05374226644797519,False
제주,2024,4-2. 사회적 가치관,419.0,2,0,1047248.0,0.04000962522726231,False
제주,2016,지표체계 외,187873.0,37,4,542630.0,34.62267106499825,True
제주,2017,지표체계 외,214999.0,42,3,542097.0,39.66061424431421,True
제주,2018,지표체계 외,253754.0,39,2,2211904.0,11.47219770839964,True
제주,2019,지표체계 외,286326.0,47,0,689085.0,41.55162280415333,False
제주,2020,지표체계 외,340502.0,46,0,816440.0,41.70569790799079,False
제주,2021,지표체계 외,311877.0,48,0,704514.0,44.26838927260495,False
제주,2022,지표체계 외,403517.0,46,0,913167.7,44.18870706881113,False
제주,2023,지표체계 외,457985.0,52,0,1002935.0,45.66447476656015,False
제주,2024,지표체계 외,453394.0,46,0,1047248.0,43.29385207706294,False
충남,2016,1-1. 고용여건,175.0,4,0,1317305.0,0.013284698684055705,False
충남,2017,1-1. 고용여건,1213.0,6,0,1301513.7999999998,0.09319916546409267,False
충남,2018,1-1. 고용여건,2130.0,16,1,1308334.9000000001,0.1628023528226603,True
충남,2019,1-1. 고용여건,907.0,9,0,1809236.0,0.05013165778262206,False
충남,2020,1-1. 고용여건,3456.0,12,0,1425058.0,0.24251644494469698,False
충남,2021,1-1. 고용여건,38843.0,39,0,1253034.0,3.0999158841659527,False
충남,2022,1-1. 고용여건,50692.0,42,0,1666990.0,3.0409300595684434,False
충남,2023,1-1. 고용여건,47876.0,49,0,1693900.0,2.8263769998228936,False
충남,2024,1-1. 고용여건,10102.0,1,0,1060854.0,0.9522516764795156,False
충남,2016,1-2. 주거안정성,0.0,0,0,1317305.0,0.0,False
충남,2017,1-2. 주거안정성,0.0,0,0,1301513.7999999998,0.0,False
충남,2018,1-2. 주거안정성,3860.0,2,0,1308334.9000000001,0.2950314938476379,False
충남,2019,1-2. 주거안정성,327.0,5,0,1809236.0,0.01807392733728491,False
충남,2020,1-2. 주거안정성,261.0,5,0,1425058.0,0.01831504401926097,False
충남,2021,1-2. 주거안정성,883.0,11,0,1253034.0,0.0704689577457595,False
충남,2022,1-2. 주거안정성,1436.0,11,0,1666990.0,0.08614328820208879,False
충남,2023,1-2. 주거안정성,3824.0,13,0,1693900.0,0.2257512249837653,False
충남,2024,1-2. 주거안정성,0.0,0,0,1060854.0,0.0,False
충남,2016,1-3. 경제적 여건,13646.0,25,1,1317305.0,1.0359028471007095,True
충남,2017,1-3. 경제적 여건,14860.5,32,0,1301513.7999999998,1.1417858189440637,False
충남,2018,1-3. 경제적 여건,82848.59999999999,35,0,1308334.9000000001,6.332369487353734,False
충남,2019,1-3. 경제적 여건,14431.0,42,0,1809236.0,0.7976294966494145,False
충남,2020,1-3. 경제적 여건,136821.0,51,1,1425058.0,9.601082903292358,True
충남,2021,1-3. 경제적 여건,149652.0,54,0,1253034.0,11.943171534052547,False
충남,2022,1-3. 경제적 여건,270844.0,57,0,1666990.0,16.24748798733046,False
충남,2023,1-3. 경제적 여건,313813.0,72,0,1693900.0,18.52606411240333,False
충남,2024,1-3. 경제적 여건,218266.0,16,0,1060854.0,20.574555970944164,False
충남,2016,2-1. 돌봄 여건,643404.0,102,0,1317305.0,48.842447269235294,False
충남,2017,2-1. 돌봄 여건,619663.6,110,0,1301513.7999999998,47.61098960302995,False
충남,2018,2-1. 돌봄 여건,396875.4,108,0,1308334.9000000001,30.334389153725088,False
충남,2019,2-1. 돌봄 여건,821397.0,106,0,1809236.0,45.400213128635514,False
충남,2020,2-1. 돌봄 여건,846980.0,154,1,1425058.0,59.43477388288757,True
충남,2021,2-1. 돌봄 여건,562142.0,171,0,1253034.0,44.862469813269236,False
충남,2022,2-1. 돌봄 여건,639040.0,172,0,1666990.0,38.334963017174665,False
충남,2023,2-1. 돌봄 여건,659145.0,168,0,1693900.0,38.91286380541945,False
충남,2024,2-1. 돌봄 여건,748705.0,27,0,1060854.0,70.57568713508174,False
충남,2016,2-2. 여가 인프라,4093.0,33,0,1317305.0,0.3107101240790857,False
충남,2017,2-2. 여가 인프라,3381.1,32,0,1301513.7999999998,0.25978210911017624,False
충남,2018,2-2. 여가 인프라,4691.2,41,0,1308334.9000000001,0.3585626279632225,False
충남,2019,2-2. 여가 인프라,5815.0,38,0,1809236.0,0.32140638368902674,False
충남,2020,2-2. 여가 인프라,9458.0,43,0,1425058.0,0.6636922848052501,False
충남,2021,2-2. 여가 인프라,8211.0,23,0,1253034.0,0.6552894813708168,False
충남,2022,2-2. 여가 인프라,12316.0,28,0,1666990.0,0.7388166695661041,False
충남,2023,2-2. 여가 인프라,28710.0,32,0,1693900.0,1.694905248243698,False
충남,2024,2-2. 여가 인프라,0.0,0,0,1060854.0,0.0,False
충남,2016,2-3. 가사수행 격차,23.0,4,0,1317305.0,0.0017459889699044642,False
충남,2017,2-3. 가사수행 격차,13.0,2,0,1301513.7999999998,0.0009988368928550739,False
충남,2018,2-3. 가사수행 격차,10.0,3,0,1308334.9000000001,0.0007643302949420671,False
충남,2019,2-3. 가사수행 격차,17.0,3,0,1809236.0,0.0009396231337426407,False
충남,2020,2-3. 가사수행 격차,13.0,2,0,1425058.0,0.0009122435718405847,False
충남,2021,2-3. 가사수행 격차,3.0,1,0,1253034.0,0.0002394188824884241,False
충남,2022,2-3. 가사수행 격차,13.0,2,0,1666990.0,0.000779848709350386,False
충남,2023,2-3. 가사수행 격차,10.0,1,0,1693900.0,0.0005903536218194699,False
충남,2024,2-3. 가사수행 격차,0.0,0,0,1060854.0,0.0,False
충남,2016,3-1. 의료서비스 여건,6670.0,47,0,1317305.0,0.5063368012722945,False
충남,2017,3-1. 의료서비스 여건,6947.2,42,0,1301513.7999999998,0.5337784355417515,False
충남,2018,3-1. 의료서비스 여건,3973.4,40,0,1308334.9000000001,0.30369899939228095,False
충남,2019,3-1. 의료서비스 여건,4697.0,41,0,1809236.0,0.2596123446581872,False
충남,2020,3-1. 의료서비스 여건,6769.0,52,1,1425058.0,0.4749982105991476,True
충남,2021,3-1. 의료서비스 여건,9194.0,74,0,1253034.0,0.7337390685328571,False
충남,2022,3-1. 의료서비스 여건,7859.0,49,0,1666990.0,0.47144853898343725,False
충남,2023,3-1. 의료서비스 여건,12547.0,73,0,1693900.0,0.7407166892968888,False
충남,2024,3-1. 의료서비스 여건,14786.0,18,0,1060854.0,1.3937827448451907,False
충남,2016,3-2. 산후조리 여건,2418.0,3,0,1317305.0,0.1835565795316954,False
충남,2017,3-2. 산후조리 여건,3026.0,5,0,1301513.7999999998,0.23249849521380417,False
충남,2018,3-2. 산후조리 여건,5590.6,7,0,1308334.9000000001,0.4273064946903121,False
충남,2019,3-2. 산후조리 여건,9779.0,10,0,1809236.0,0.540504389698193,False
충남,2020,3-2. 산후조리 여건,14607.0,15,0,1425058.0,1.025010911836571,False
충남,2021,3-2. 산후조리 여건,13510.0,17,0,1253034.0,1.0781830341395366,False
충남,2022,3-2. 산후조리 여건,19168.0,18,0,1666990.0,1.1498569277560153,False
충남,2023,3-2. 산후조리 여건,23785.0,18,0,1693900.0,1.404156089497609,False
충남,2024,3-2. 산후조리 여건,11715.0,7,0,1060854.0,1.104298989304843,False
충남,2016,3-3. 아동안전 수준,297.0,4,0,1317305.0,0.022546031480940254,False
충남,2017,3-3. 아동안전 수준,268.9,4,0,1301513.7999999998,0.02066055696067149,False
충남,2018,3-3. 아동안전 수준,72.0,4,0,1308334.9000000001,0.005503178123582883,False
충남,2019,3-3. 아동안전 수준,19.0,4,0,1809236.0,0.00105016703183001,False
충남,2020,3-3. 아동안전 수준,94.0,4,0,1425058.0,0.0065962227502319205,False
충남,2021,3-3. 아동안전 수준,616.0,9,0,1253034.0,0.04916067720428975,False
충남,2022,3-3. 아동안전 수준,1070.0,8,0,1666990.0,0.06418754761576255,False
충남,2023,3-3. 아동안전 수준,1260.0,12,0,1693900.0,0.0743845563492532,False
충남,2024,3-3. 아동안전 수준,72.0,1,0,1060854.0,0.0067869848254330945,False
충남,2016,4-1. 일·가정 양립 여건,195.0,5,0,1317305.0,0.0148029499622335,False
충남,2017,4-1. 일·가정 양립 여건,412.8,4,0,1301513.7999999998,0.03171691302850573,False
충남,2018,4-1. 일·가정 양립 여건,356.0,5,1,1308334.9000000001,0.02721015849993759,True
충남,2019,4-1. 일·가정 양립 여건,200.0,5,0,1809236.0,0.011054389808736947,False
충남,2020,4-1. 일·가정 양립 여건,277.0,5,1,1425058.0,0.019437805338449382,True
충남,2021,4-1. 일·가정 양립 여건,687.0,9,0,1253034.0,0.05482692408984911,False
충남,2022,4-1. 일·가정 양립 여건,772.0,7,0,1666990.0,0.04631101566296139,False
충남,2023,4-1. 일·가정 양립 여건,802.0,8,0,1693900.0,0.04734636046992148,False
충남,2024,4-1. 일·가정 양립 여건,0.0,0,0,1060854.0,0.0,False
충남,2016,4-2. 사회적 가치관,193.0,28,0,1317305.0,0.014651124834415719,False
충남,2017,4-2. 사회적 가치관,240.5,31,0,1301513.7999999998,0.01847848251781887,False
충남,2018,4-2. 사회적 가치관,448.5,28,0,1308334.9000000001,0.03428021372815171,False
충남,2019,4-2. 사회적 가치관,433.0,32,0,1809236.0,0.023932753935915492,False
충남,2020,4-2. 사회적 가치관,468.0,24,1,1425058.0,0.032840768586261046,True
충남,2021,4-2. 사회적 가치관,1065.0,28,0,1253034.0,0.08499370328339055,False
충남,2022,4-2. 사회적 가치관,1153.0,25,0,1666990.0,0.06916658168315347,False
충남,2023,4-2. 사회적 가치관,1059.0,16,0,1693900.0,0.06251844855068185,False
충남,2024,4-2. 사회적 가치관,0.0,0,0,1060854.0,0.0,False
충남,2016,지표체계 외,646191.0,166,0,1317305.0,49.05401558484937,False
충남,2017,지표체계 외,651487.2,152,0,1301513.7999999998,50.056111583296314,False
충남,2018,지표체계 외,807479.2000000001,176,0,1308334.9000000001,61.718081509558445,False
충남,2019,지표체계 외,951214.0,159,0,1809236.0,52.57545173763953,False
충남,2020,지표체계 외,405854.0,178,3,1425058.0,28.47982327736836,True
충남,2021,지표체계 외,468228.0,188,0,1253034.0,37.36754150326328,False
충남,2022,지표체계 외,662627.0,203,0,1666990.0,39.749908517747556,False
충남,2023,지표체계 외,601069.0,198,0,1693900.0,35.48432611134069,False
충남,2024,지표체계 외,57208.0,36,0,1060854.0,5.392636498519118,False
충북,2016,1-1. 고용여건,2753.0,13,0,1198606.0,0.22968348231195237,False
충북,2017,1-1. 고용여건,5991.0,14,1,1184144.7,0.5059347898951877,True
충북,2018,1-1. 고용여건,4430.0,13,0,1087783.0,0.40725034312909836,False
충북,2019,1-1. 고용여건,9394.0,14,0,1216343.0,0.7723150460026489,False
충북,2020,1-1. 고용여건,33262.0,38,0,1730007.0,1.922651180024127,False
충북,2021,1-1. 고용여건,36349.28,49,0,1856518.6400000001,1.9579270154809754,False
충북,2022,1-1. 고용여건,38864.0,48,0,1864639.7,2.084263249355894,False
충북,2023,1-1. 고용여건,18057.0,53,0,1875132.0,0.9629722067566444,False
충북,2024,1-1. 고용여건,49459.0,63,0,2209471.0,2.23849962276038,False
충북,2016,1-2. 주거안정성,34.0,1,0,1198606.0,0.0028366285501657757,False
충북,2017,1-2. 주거안정성,34.4,1,0,1184144.7,0.002905050370955509,False
충북,2018,1-2. 주거안정성,38.0,1,0,1087783.0,0.0034933438011073904,False
충북,2019,1-2. 주거안정성,25367.0,4,0,1216343.0,2.0855137078932504,False
충북,2020,1-2. 주거안정성,6330.0,5,0,1730007.0,0.36589447325935676,False
충북,2021,1-2. 주거안정성,57463.0,10,0,1856518.6400000001,3.0952018881965007,False
충북,2022,1-2. 주거안정성,8111.0,12,0,1864639.7,0.4349902021285936,False
충북,2023,1-2. 주거안정성,4509.0,14,0,1875132.0,0.24046307139977346,False
충북,2024,1-2. 주거안정성,18394.0,20,0,2209471.0,0.8325069665996974,False
충북,2016,1-3. 경제적 여건,30085.0,33,2,1198606.0,2.5099991156393346,True
충북,2017,1-3. 경제적 여건,30444.0,30,1,1184144.7,2.5709695782956254,True
충북,2018,1-3. 경제적 여건,35015.0,36,2,1087783.0,3.2189324525204017,True
충북,2019,1-3. 경제적 여건,39055.0,34,0,1216343.0,3.210854175179205,False
충북,2020,1-3. 경제적 여건,135024.0,36,0,1730007.0,7.804823911117123,False
충북,2021,1-3. 경제적 여건,138376.0,36,0,1856518.6400000001,7.453520639038668,False
충북,2022,1-3. 경제적 여건,163657.59999999998,45,0,1864639.7,8.776902047081803,False
충북,2023,1-3. 경제적 여건,238264.0,43,0,1875132.0,12.706518794410208,False
충북,2024,1-3. 경제적 여건,273338.0,39,0,2209471.0,12.3711965443312,False
충북,2016,2-1. 돌봄 여건,388972.0,116,0,1198606.0,32.45203177691418,False
충북,2017,2-1. 돌봄 여건,540899.0,131,5,1184144.7,45.67845466858907,True
충북,2018,2-1. 돌봄 여건,400360.0,114,0,1087783.0,36.805134847667226,False
충북,2019,2-1. 돌봄 여건,525572.0,123,0,1216343.0,43.20919345941071,False
충북,2020,2-1. 돌봄 여건,553769.0,113,0,1730007.0,32.00963926735557,False
충북,2021,2-1. 돌봄 여건,588393.5,110,0,1856518.6400000001,31.693379604311435,False
충북,2022,2-1. 돌봄 여건,547626.5,120,0,1864639.7,29.369025018613513,False
충북,2023,2-1. 돌봄 여건,464395.0,119,0,1875132.0,24.765989807650875,False
충북,2024,2-1. 돌봄 여건,556354.0,121,0,2209471.0,25.18041648883375,False
충북,2016,2-2. 여가 인프라,607.0,32,0,1198606.0,0.05064216264560664,False
충북,2017,2-2. 여가 인프라,590.0,29,2,1184144.7,0.049824991827434606,True
충북,2018,2-2. 여가 인프라,701.0,30,1,1087783.0,0.06444300012042843,True
충북,2019,2-2. 여가 인프라,575.0,24,0,1216343.0,0.0472728498458083,False
충북,2020,2-2. 여가 인프라,118991.0,36,0,1730007.0,6.878064655229718,False
충북,2021,2-2. 여가 인프라,80014.0,21,0,1856518.6400000001,4.309894782419206,False
충북,2022,2-2. 여가 인프라,75314.0,32,0,1864639.7,4.039064490582282,False
충북,2023,2-2. 여가 인프라,95838.0,38,0,1875132.0,5.111000185586935,False
충북,2024,2-2. 여가 인프라,100242.0,43,0,2209471.0,4.536923091545442,False
충북,2016,2-3. 가사수행 격차,0.0,1,0,1198606.0,0.0,False
충북,2017,2-3. 가사수행 격차,0.0,0,0,1184144.7,0.0,False
충북,2018,2-3. 가사수행 격차,0.0,0,0,1087783.0,0.0,False
충북,2019,2-3. 가사수행 격차,0.0,0,0,1216343.0,0.0,False
충북,2020,2-3. 가사수행 격차,0.0,0,0,1730007.0,0.0,False
충북,2021,2-3. 가사수행 격차,1.0,1,0,1856518.6400000001,5.386425853499645e-05,False
충북,2022,2-3. 가사수행 격차,0.0,0,0,1864639.7,0.0,False
충북,2023,2-3. 가사수행 격차,0.0,0,0,1875132.0,0.0,False
충북,2024,2-3. 가사수행 격차,0.0,0,0,2209471.0,0.0,False
충북,2016,3-1. 의료서비스 여건,4930.0,25,0,1198606.0,0.41131113977403755,False
충북,2017,3-1. 의료서비스 여건,6836.0,26,0,1184144.7,0.577294312088717,False
충북,2018,3-1. 의료서비스 여건,10223.0,31,0,1087783.0,0.9398014125979172,False
충북,2019,3-1. 의료서비스 여건,5203.0,31,0,1216343.0,0.42775763086563573,False
충북,2020,3-1. 의료서비스 여건,3623.0,29,0,1730007.0,0.2094211179492337,False
충북,2021,3-1. 의료서비스 여건,4290.9,26,0,1856518.6400000001,0.23112614694781622,False
충북,2022,3-1. 의료서비스 여건,4627.0,21,0,1864639.7,0.24814445385883394,False
충북,2023,3-1. 의료서비스 여건,4963.0,22,0,1875132.0,0.26467470023443684,False
충북,2024,3-1. 의료서비스 여건,6710.0,22,0,2209471.0,0.30369260334261006,False
충북,2016,3-2. 산후조리 여건,2033.0,2,0,1198606.0,0.1696137012496183,False
충북,2017,3-2. 산후조리 여건,1758.0,2,0,1184144.7,0.148461585818017,False
충북,2018,3-2. 산후조리 여건,2233.0,4,0,1087783.0,0.20527991336507373,False
충북,2019,3-2. 산후조리 여건,3946.0,7,0,1216343.0,0.32441507042010354,False
충북,2020,3-2. 산후조리 여건,5005.0,9,0,1730007.0,0.28930518778247716,False
충북,2021,3-2. 산후조리 여건,7047.9,11,0,1856518.6400000001,0.37962990772880145,False
충북,2022,3-2. 산후조리 여건,6789.0,11,0,1864639.7,0.36409178674035525,False
충북,2023,3-2. 산후조리 여건,6005.0,14,0,1875132.0,0.32024412148051445,False
충북,2024,3-2. 산후조리 여건,7397.0,13,0,2209471.0,0.33478601891584003,False
충북,2016,3-3. 아동안전 수준,4282.0,4,0,1198606.0,0.35724833681793683,False
충북,2017,3-3. 아동안전 수준,4287.0,5,0,1184144.7,0.36203345756646127,False
충북,2018,3-3. 아동안전 수준,4316.0,6,0,1087783.0,0.3967703117257762,False
충북,2019,3-3. 아동안전 수준,4367.0,6,0,1216343.0,0.3590270178724258,False
충북,2020,3-3. 아동안전 수준,82.0,3,0,1730007.0,0.004739865214418207,False
충북,2021,3-3. 아동안전 수준,106.0,4,0,1856518.6400000001,0.005709611404709623,False
충북,2022,3-3. 아동안전 수준,12.5,3,0,1864639.7,0.0006703707960309973,False
충북,2023,3-3. 아동안전 수준,0.0,0,0,1875132.0,0.0,False
충북,2024,3-3. 아동안전 수준,184.0,3,0,2209471.0,0.008327785248143107,False
충북,2016,4-1. 일·가정 양립 여건,810.0,14,0,1198606.0,0.06757850369512584,False
충북,2017,4-1. 일·가정 양립 여건,84060.0,15,0,1184144.7,7.098794598329072,False
충북,2018,4-1. 일·가정 양립 여건,200.0,17,8,1087783.0,0.01838602000582837,True
충북,2019,4-1. 일·가정 양립 여건,564.0,19,0,1216343.0,0.04636849967484501,False
충북,2020,4-1. 일·가정 양립 여건,643.0,22,0,1730007.0,0.03716747966915741,False
충북,2021,4-1. 일·가정 양립 여건,579.0,18,0,1856518.6400000001,0.031187405691762943,False
충북,2022,4-1. 일·가정 양립 여건,615.4,17,0,1864639.7,0.03300369503019806,False
충북,2023,4-1. 일·가정 양립 여건,300.0,13,0,1875132.0,0.015998873679292976,False
충북,2024,4-1. 일·가정 양립 여건,488.0,13,0,2209471.0,0.02208673478855346,False
충북,2016,4-2. 사회적 가치관,166.0,15,0,1198606.0,0.013849421744927022,False
충북,2017,4-2. 사회적 가치관,221.0,17,0,1184144.7,0.018663259650615337,False
충북,2018,4-2. 사회적 가치관,324.0,23,2,1087783.0,0.029785352409441954,True
충북,2019,4-2. 사회적 가치관,341.0,37,0,1216343.0,0.028034855299861963,False
충북,2020,4-2. 사회적 가치관,608.0,38,0,1730007.0,0.03514436646788135,False
충북,2021,4-2. 사회적 가치관,245.8,16,0,1856518.6400000001,0.013239834747902126,False
충북,2022,4-2. 사회적 가치관,326.0,23,0,1864639.7,0.017483270360488412,False
충북,2023,4-2. 사회적 가치관,207.0,19,0,1875132.0,0.011039222838712155,False
충북,2024,4-2. 사회적 가치관,205.0,21,0,2209471.0,0.009278238999289876,False
충북,2016,지표체계 외,763934.0,124,0,1198606.0,63.73520573065712,False
충북,2017,지표체계 외,509024.3,129,1,1184144.7,42.986663707568844,True
충북,2018,지표체계 외,629943.0,141,3,1087783.0,57.910723002657704,True
충북,2019,지표체계 외,601959.0,123,0,1216343.0,49.4892476875355,False
충북,2020,지표체계 외,872670.0,138,0,1730007.0,50.44314849593094,False
충북,2021,지표체계 외,943652.26,136,0,1856518.6400000001,50.82912929977369,False
충북,2022,지표체계 외,1018696.7,160,0,1864639.7,54.632361415452,False
충북,2023,지표체계 외,1042594.0,149,0,1875132.0,55.60109901596261,False
충북,2024,지표체계 외,1196700.0,143,0,2209471.0,54.16228590463509,False
