지역,구조환경연도,예산연도,세부영역,구조환경지수_t,인구1인당_실질예산_t+2_원,log1p_인구1인당_실질예산_t+2
강원,2016,2018,1-1. 고용여건,28.881160584701288,0.0,0.0
강원,2017,2019,1-1. 고용여건,50.12156114581836,45715.05023096929,10.730204723778135
강원,2018,2020,1-1. 고용여건,50.90431493157741,15496.93396692476,9.648462001566642
강원,2019,2021,1-1. 고용여건,50.733167507063655,33337.4537597836,10.41446677729839
강원,2020,2022,1-1. 고용여건,17.85045562488118,34568.48702727909,10.450726694138497
강원,2021,2023,1-1. 고용여건,27.212158718652397,20790.90635504521,9.942319072417629
강원,2022,2024,1-1. 고용여건,27.41877930715674,13323.52945052136,9.497361935128819
경기,2016,2018,1-1. 고용여건,55.37239738486059,3189.5821201281115,8.06795866192971
경기,2017,2019,1-1. 고용여건,61.85685981908782,1587.237939189754,7.370380466344634
경기,2018,2020,1-1. 고용여건,64.24411321518893,4094.1558565082473,8.317560055760273
경기,2019,2021,1-1. 고용여건,60.98292079828625,6104.2177979416465,8.716899061246972
경기,2020,2022,1-1. 고용여건,36.4286269524752,6066.558612330887,8.710711597600392
경기,2021,2023,1-1. 고용여건,52.49267219702812,7621.895458503894,8.938911557936988
경기,2022,2024,1-1. 고용여건,54.33577944983982,7074.350377536979,8.86437224461198
경남,2016,2018,1-1. 고용여건,56.58125152364736,41348.74717623831,10.629821586194652
경남,2017,2019,1-1. 고용여건,63.31837975092025,19425.67757102097,9.874402532949434
경남,2018,2020,1-1. 고용여건,62.62292498277899,15511.694334532856,9.64941395704328
경남,2019,2021,1-1. 고용여건,61.28970695891622,30558.68114508012,10.327436809491736
경남,2020,2022,1-1. 고용여건,40.94228636433678,11407.8843588144,9.342147660583425
경남,2021,2023,1-1. 고용여건,49.6961236300129,31724.531341251317,10.364877040787531
경남,2022,2024,1-1. 고용여건,53.19943112669535,26650.20846368767,10.190589774295272
경북,2016,2018,1-1. 고용여건,59.240492990672905,5577.087513062198,8.62660125703213
경북,2017,2019,1-1. 고용여건,66.35533187676613,4908.874888861849,8.49900373958039
경북,2018,2020,1-1. 고용여건,59.13290707805685,4186.2547181569125,8.339800599649255
경북,2019,2021,1-1. 고용여건,54.63965938969621,6405.5062186098585,8.765069349621111
경북,2020,2022,1-1. 고용여건,42.018043356963815,11517.9434756562,9.351748217861442
경북,2021,2023,1-1. 고용여건,53.52767616797878,10978.295162134866,9.303766520119177
경북,2022,2024,1-1. 고용여건,58.85469485332767,5449.588051437475,8.603478781182899
광주,2016,2018,1-1. 고용여건,45.139930320521344,3951.292885848643,8.28205116691335
광주,2017,2019,1-1. 고용여건,43.30903830219649,29430.872561560784,10.289833466847293
광주,2018,2020,1-1. 고용여건,44.137161393860424,43790.65281626851,10.687198503231782
광주,2019,2021,1-1. 고용여건,50.35357623956299,18887.716855049686,9.846320030980865
광주,2020,2022,1-1. 고용여건,32.551209901850314,9285.738008471311,9.136342640811842
광주,2021,2023,1-1. 고용여건,41.966403114875035,15272.361443661026,9.633865507821818
광주,2022,2024,1-1. 고용여건,41.49283031064778,7881.870632523491,8.972447409980619
대구,2016,2018,1-1. 고용여건,40.87100996500598,7041.4839840729155,8.859716225565892
대구,2017,2019,1-1. 고용여건,43.8237068441426,11084.647341396194,9.313406518306182
대구,2018,2020,1-1. 고용여건,34.854586514359895,11421.89314588062,9.343374791394531
대구,2019,2021,1-1. 고용여건,43.762554712648466,9251.912184559413,9.132693611720846
대구,2020,2022,1-1. 고용여건,28.074666220261825,42165.229127416605,10.649374922002865
대구,2021,2023,1-1. 고용여건,47.01627168834379,71046.13214397895,11.171098768797568
대구,2022,2024,1-1. 고용여건,44.52673850806789,43822.86729431734,10.687933863347428
대전,2016,2018,1-1. 고용여건,50.47160005615186,19401.513078189684,9.873157876774695
대전,2017,2019,1-1. 고용여건,63.4871989489427,99.67710241133724,4.611918389671564
대전,2018,2020,1-1. 고용여건,52.007516544713525,18595.15124971968,9.830709916231887
대전,2019,2021,1-1. 고용여건,62.0470591022824,18670.35644952172,9.834745887861338
대전,2020,2022,1-1. 고용여건,43.694723102326115,10012.83505963688,9.211722921777298
대전,2021,2023,1-1. 고용여건,44.59335849451741,5603.417794433514,8.631310457574742
대전,2022,2024,1-1. 고용여건,50.48485037391577,5385.0969699622765,8.591576277287134
부산,2016,2018,1-1. 고용여건,41.82288304187412,1415.4142795248065,7.2558838017492056
부산,2017,2019,1-1. 고용여건,50.71485361236361,659.741009360669,6.493361946673202
부산,2018,2020,1-1. 고용여건,53.0279180803099,2344.786385310679,7.760375970212893
부산,2019,2021,1-1. 고용여건,57.14759518905328,26821.525948829243,10.196997333938125
부산,2020,2022,1-1. 고용여건,28.03034654147526,28999.44045365828,10.275066296910456
부산,2021,2023,1-1. 고용여건,49.54690374883625,21493.667556989316,9.97556016274841
부산,2022,2024,1-1. 고용여건,17.91692799418812,11676.67401988246,9.36543409441744
서울,2016,2018,1-1. 고용여건,49.087115722773895,22479.336119001993,10.020396255808748
서울,2017,2019,1-1. 고용여건,58.35028758255264,15487.9312346954,9.647880933915939
서울,2018,2020,1-1. 고용여건,58.751202275825506,7220.83069075268,8.8848637580224
서울,2019,2021,1-1. 고용여건,63.94418440830728,18284.717830561127,9.813875587705233
서울,2020,2022,1-1. 고용여건,38.81939133648364,17816.00615770318,9.787908682292215
서울,2021,2023,1-1. 고용여건,52.70250497765867,27145.58492164833,10.209006531875765
서울,2022,2024,1-1. 고용여건,55.11131292942669,24603.432467893752,10.110681887311392
세종,2016,2018,1-1. 고용여건,63.25544561978312,260.4023513177576,5.566060796244377
세종,2017,2019,1-1. 고용여건,63.25544561978312,1241.006997272409,7.124483896352279
세종,2018,2020,1-1. 고용여건,67.20698280712473,1261.7315524187989,7.1410325521888245
세종,2019,2021,1-1. 고용여건,68.9567020168363,3494.3280993274525,8.159182527036426
세종,2020,2022,1-1. 고용여건,42.096361147250725,10040.23768522771,9.214455661069017
세종,2021,2023,1-1. 고용여건,67.39463520493493,8685.052129018963,9.069473814575602
세종,2022,2024,1-1. 고용여건,60.98034326904357,4361.570062838348,8.380816626631196
울산,2016,2018,1-1. 고용여건,56.82488108913273,17803.569267019582,9.787210403732626
울산,2017,2019,1-1. 고용여건,61.32604617463638,8677.797647524978,9.068638278189239
울산,2018,2020,1-1. 고용여건,56.79554768228354,5395.144615258623,8.59344001742416
울산,2019,2021,1-1. 고용여건,56.34786275481655,8940.503513753876,9.098459032299425
울산,2020,2022,1-1. 고용여건,31.720440056670853,9157.799738988157,9.122470416221066
울산,2021,2023,1-1. 고용여건,53.06368129622833,10823.022155886192,9.289523216770757
울산,2022,2024,1-1. 고용여건,57.96781516516896,11778.162905298395,9.374087394009884
인천,2016,2018,1-1. 고용여건,45.2163088033422,3993.653129506424,8.292712028274677
인천,2017,2019,1-1. 고용여건,49.25765213940235,3189.187739647244,8.067835046601141
인천,2018,2020,1-1. 고용여건,56.60203659825561,5499.9895342289365,8.612683270352095
인천,2019,2021,1-1. 고용여건,51.77890835789267,12824.31505315832,9.45917623528565
인천,2020,2022,1-1. 고용여건,31.612206263804257,15220.043272230952,9.630434175205194
인천,2021,2023,1-1. 고용여건,54.19027562379388,10186.546003902213,9.228921273259385
인천,2022,2024,1-1. 고용여건,59.63763180599904,8509.405794750763,9.049044904890101
전남,2016,2018,1-1. 고용여건,34.359471316463186,609.4055070028473,6.414123501887032
전남,2017,2019,1-1. 고용여건,34.117370892018776,13445.498233218046,9.506473996724312
전남,2018,2020,1-1. 고용여건,35.59390696098424,20922.982001815428,9.948651244320729
전남,2019,2021,1-1. 고용여건,39.45009124717041,17601.953244420023,9.775821964928147
전남,2020,2022,1-1. 고용여건,21.18397408830136,3828.039608392433,8.250369295741482
전남,2021,2023,1-1. 고용여건,31.603016743557134,19673.948849761007,9.887101473524208
전남,2022,2024,1-1. 고용여건,31.114019053499728,21860.791952679392,9.992495732418389
전북,2016,2018,1-1. 고용여건,44.60891934686857,205.1014604069974,5.3283685737859
전북,2017,2019,1-1. 고용여건,38.96284001900104,2088.1442169918423,7.644509795550803
전북,2018,2020,1-1. 고용여건,33.85894673231954,1103.0743239454953,7.006762546985387
전북,2019,2021,1-1. 고용여건,35.05819993737266,39971.96663628644,10.595958670524425
전북,2020,2022,1-1. 고용여건,25.313380504572745,41137.665119431294,10.62470371541342
전북,2021,2023,1-1. 고용여건,47.86505723723836,34548.58399112537,10.450150788345479
전북,2022,2024,1-1. 고용여건,33.040973014917476,24075.597144976964,10.088995574859544
제주,2016,2018,1-1. 고용여건,43.39637532663992,4817.752226705042,8.48027029940337
제주,2017,2019,1-1. 고용여건,53.876566358163245,4897.130012372396,8.496608781131325
제주,2018,2020,1-1. 고용여건,51.332216167545056,2429.971762664134,7.796046358725888
제주,2019,2021,1-1. 고용여건,47.16003071741051,13813.375712613066,9.533465047238598
제주,2020,2022,1-1. 고용여건,28.720146569471197,13267.903147511312,9.493178467354722
제주,2021,2023,1-1. 고용여건,36.467242943008785,15102.332035344773,9.622670663052535
제주,2022,2024,1-1. 고용여건,44.6787394185243,9120.363740512674,9.11837460484039
충남,2016,2018,1-1. 고용여건,67.4923682557054,1154.1152444977938,7.05195539676429
충남,2017,2019,1-1. 고용여건,71.7318048754237,490.51405541518807,6.197490536157355
충남,2018,2020,1-1. 고용여건,84.3077201389788,1861.4240541985428,7.529634173153101
충남,2019,2021,1-1. 고용여건,80.79951873567651,20409.96699800979,9.923827633319961
충남,2020,2022,1-1. 고용여건,53.5951680486653,25242.65867948141,10.136330261755544
충남,2021,2023,1-1. 고용여건,71.0389194056404,23003.301239490705,10.043436487839658
충남,2022,2024,1-1. 고용여건,75.58452438298386,4728.130174756409,8.46149656917481
충북,2016,2018,1-1. 고용여건,65.8395502428776,3191.370752045646,8.068519102215005
충북,2017,2019,1-1. 고용여건,68.8037333074033,6743.228090690793,8.816442320386573
충북,2018,2020,1-1. 고용여건,78.56041795199486,23736.650766087932,10.074817706489014
충북,2019,2021,1-1. 고용여건,75.48478000061841,25338.911585825943,10.140135964754045
충북,2020,2022,1-1. 고용여건,50.55266500751272,25758.718302087636,10.156567244680533
충북,2021,2023,1-1. 고용여건,61.83179044519251,11597.867790522389,9.358662768065539
충북,2022,2024,1-1. 고용여건,65.27532738394268,31083.27986138563,10.344457499678953
강원,2016,2018,1-2. 주거안정성,88.02802305891036,34860.51100629123,10.45913866312292
강원,2017,2019,1-2. 주거안정성,87.62740200113974,66665.57743152711,11.107459018334074
강원,2018,2020,1-2. 주거안정성,86.35916719518048,57341.395352507054,10.956795513111516
강원,2019,2021,1-2. 주거안정성,87.64560718463683,60707.18554884669,11.013833820490346
강원,2020,2022,1-2. 주거안정성,87.44301532492295,52018.10382806812,10.859366311404578
강원,2021,2023,1-2. 주거안정성,83.01881852185461,58455.83449695837,10.976043889011665
강원,2022,2024,1-2. 주거안정성,81.88132875587625,16241.634085886755,9.69539479796991
경기,2016,2018,1-2. 주거안정성,55.007375001252235,881.8836875064192,6.783193467699271
경기,2017,2019,1-2. 주거안정성,55.07922527867567,1697.3218297090627,7.437395883487304
경기,2018,2020,1-2. 주거안정성,55.47926092463627,1213.44245273318,7.102040363814596
경기,2019,2021,1-2. 주거안정성,55.682748661292074,572.8912080341405,6.3524398453143425
경기,2020,2022,1-2. 주거안정성,50.864946035119026,924.2829097886708,6.830099539170516
경기,2021,2023,1-2. 주거안정성,41.315325404904094,751.9028777603978,6.623936239083329
경기,2022,2024,1-2. 주거안정성,43.68215837782596,2456.062333671786,7.806721742029157
경남,2016,2018,1-2. 주거안정성,80.30541135600616,0.0,0.0
경남,2017,2019,1-2. 주거안정성,79.6420842314167,2439.096997426911,7.799793070540932
경남,2018,2020,1-2. 주거안정성,81.65561183954429,38966.659404161306,10.57048733504994
경남,2019,2021,1-2. 주거안정성,84.02422102121884,2714.8637549862815,7.9068653235714
경남,2020,2022,1-2. 주거안정성,80.2175650951705,1582.9692355856475,7.3676891502070045
경남,2021,2023,1-2. 주거안정성,77.49671282681227,1793.114734855199,7.492266995342507
경남,2022,2024,1-2. 주거안정성,78.64947932146569,1488.0528314510684,7.305895513217139
경북,2016,2018,1-2. 주거안정성,89.99840691826384,0.0,0.0
경북,2017,2019,1-2. 주거안정성,91.18696414170492,392.05512979324936,5.973949881403166
경북,2018,2020,1-2. 주거안정성,89.9930336169655,2692.153054894127,7.898467925542718
경북,2019,2021,1-2. 주거안정성,89.6363499880756,1034.445375167652,6.942586927312522
경북,2020,2022,1-2. 주거안정성,88.59256623537671,3026.6514604073277,8.01554250238639
경북,2021,2023,1-2. 주거안정성,85.20718851714483,61.70507883385413,4.1384424464932135
경북,2022,2024,1-2. 주거안정성,81.50998041717651,1897.7760782244025,7.548964788232731
광주,2016,2018,1-2. 주거안정성,80.05117098779796,1275.7820786276538,7.152098190434485
광주,2017,2019,1-2. 주거안정성,82.58646072840226,28785.82530376762,10.26767310672941
광주,2018,2020,1-2. 주거안정성,82.36208118676946,5316.265925521371,8.578714526457427
광주,2019,2021,1-2. 주거안정성,78.16075933317184,5450.34067271514,8.603616852399085
광주,2020,2022,1-2. 주거안정성,79.3983129602208,1810.680127193857,7.502009940773411
광주,2021,2023,1-2. 주거안정성,77.71111136759416,1457.429524867265,7.285115467857327
광주,2022,2024,1-2. 주거안정성,75.64522650528646,7970.6224412853535,8.983643319609701
대구,2016,2018,1-2. 주거안정성,75.31960441996247,154.43903461013306,5.046253594358526
대구,2017,2019,1-2. 주거안정성,74.82782332094489,146.97874927818157,4.997068677496432
대구,2018,2020,1-2. 주거안정성,74.0670840482319,293.8259455203998,5.68638516702728
대구,2019,2021,1-2. 주거안정성,71.72376784548727,333.77653826933647,5.813463259305989
대구,2020,2022,1-2. 주거안정성,67.73489830982449,8773.502074415046,9.07960530306768
대구,2021,2023,1-2. 주거안정성,62.4342812327859,4919.645791969428,8.501195059403079
대구,2022,2024,1-2. 주거안정성,67.49563499401324,8010.563417524493,8.988641204228188
대전,2016,2018,1-2. 주거안정성,70.98380199029039,1463.772005444769,7.289454881657171
대전,2017,2019,1-2. 주거안정성,74.46581326449808,2269.211534583099,7.727628293174819
대전,2018,2020,1-2. 주거안정성,72.08575718213372,2372.3879385239147,7.772073723278257
대전,2019,2021,1-2. 주거안정성,72.57402023826289,2663.0312517634775,7.887595762733917
대전,2020,2022,1-2. 주거안정성,69.34322570488463,2571.198956245831,7.85251643704924
대전,2021,2023,1-2. 주거안정성,64.44560313202976,2823.708131212127,7.946160321857948
대전,2022,2024,1-2. 주거안정성,64.31863363312482,7758.0138928553315,8.956610529439496
부산,2016,2018,1-2. 주거안정성,79.64133253057524,198.1847808606162,5.294232940929642
부산,2017,2019,1-2. 주거안정성,73.77280913319944,9321.491150615018,9.140185162802327
부산,2018,2020,1-2. 주거안정성,74.36303464801738,8706.897103282345,9.071985605941302
부산,2019,2021,1-2. 주거안정성,75.46201657004897,6966.43155912158,8.849001936433309
부산,2020,2022,1-2. 주거안정성,72.50203260843242,11193.853223905728,9.323209418085426
부산,2021,2023,1-2. 주거안정성,68.8016074066189,17821.629388410944,9.788224242800524
부산,2022,2024,1-2. 주거안정성,65.94497877435974,9193.050384528491,9.126311856504355
서울,2016,2018,1-2. 주거안정성,29.359514535810344,27075.29344720592,10.206413843478098
서울,2017,2019,1-2. 주거안정성,27.073185303562425,4599.820428359473,8.433989920565194
서울,2018,2020,1-2. 주거안정성,26.61206447690597,7460.335596665687,8.917489711578648
서울,2019,2021,1-2. 주거안정성,24.001627298898757,81887.65668054303,11.313115758179793
서울,2020,2022,1-2. 주거안정성,22.223662376868432,103898.2779784731,11.551177227866571
서울,2021,2023,1-2. 주거안정성,2.2364196527922076,77410.26761987421,11.256887625466753
서울,2022,2024,1-2. 주거안정성,9.984973176126177,77927.39000333054,11.263545607100657
세종,2016,2018,1-2. 주거안정성,62.51824306255938,56272.581355892326,10.937980456321545
세종,2017,2019,1-2. 주거안정성,63.42708080948416,438.3992109929706,6.085408364302495
세종,2018,2020,1-2. 주거안정성,68.20612630240582,138.05205280918156,4.93484834367191
세종,2019,2021,1-2. 주거안정성,63.67437818487245,56.89137436779915,4.0585683988317145
세종,2020,2022,1-2. 주거안정성,58.518707156096795,2637.5260677361844,7.87797573255291
세종,2021,2023,1-2. 주거안정성,45.630992024150885,2589.6283482257763,7.859655730762207
세종,2022,2024,1-2. 주거안정성,49.358111066051706,1323.316738548959,7.188651936397674
울산,2016,2018,1-2. 주거안정성,70.96327267839769,1045.8026744934225,6.953495725575752
울산,2017,2019,1-2. 주거안정성,76.54332027592987,2271.994288393962,7.728853311044266
울산,2018,2020,1-2. 주거안정성,71.90842977407229,3202.8957315188654,8.07212276443738
울산,2019,2021,1-2. 주거안정성,75.97077880652063,4970.145540238968,8.511405583525463
울산,2020,2022,1-2. 주거안정성,76.63701850741349,5046.736744217358,8.526695252349548
울산,2021,2023,1-2. 주거안정성,76.62435130201375,9295.68795224087,9.137413481542866
울산,2022,2024,1-2. 주거안정성,72.83375995175973,13056.794368921606,9.477140504105478
인천,2016,2018,1-2. 주거안정성,75.60841975077088,2890.5439024634957,7.96954586076625
인천,2017,2019,1-2. 주거안정성,71.90506000674462,4903.215932932262,8.497850508647536
인천,2018,2020,1-2. 주거안정성,71.35634659075347,32467.329523205204,10.388020416998136
인천,2019,2021,1-2. 주거안정성,71.46854557493884,142466.0354166321,11.866865921520237
인천,2020,2022,1-2. 주거안정성,67.2230896469717,237496.7339374815,12.377913361095446
인천,2021,2023,1-2. 주거안정성,63.70120891643926,2304.1200158995784,7.742888021710669
인천,2022,2024,1-2. 주거안정성,62.414162741051335,15084.69021949613,9.62150190589916
전남,2016,2018,1-2. 주거안정성,98.29760773669004,2525.7288483009584,7.834680799810981
전남,2017,2019,1-2. 주거안정성,92.36484775426337,3278.2505634220897,8.095370188509554
전남,2018,2020,1-2. 주거안정성,90.54817640294044,1899.73346653268,7.549995125679385
전남,2019,2021,1-2. 주거안정성,93.43116626409568,3291.21468796463,8.099315774726636
전남,2020,2022,1-2. 주거안정성,91.77530160427916,5282.1805164879015,8.572283565894944
전남,2021,2023,1-2. 주거안정성,87.0554365668962,3873.298043543284,8.262119775324448
전남,2022,2024,1-2. 주거안정성,89.10601460613866,4722.668978806688,8.46034110263657
전북,2016,2018,1-2. 주거안정성,85.2941963436094,1827.723717510674,7.511373580398208
전북,2017,2019,1-2. 주거안정성,92.45000292516876,3452.036417990446,8.147009244102533
전북,2018,2020,1-2. 주거안정성,90.13797793082568,65504.37802231097,11.089887525463585
전북,2019,2021,1-2. 주거안정성,88.57186392600019,2643.5925324932036,7.880272280437727
전북,2020,2022,1-2. 주거안정성,89.40775720472303,8034.639543638654,8.991641869732018
전북,2021,2023,1-2. 주거안정성,82.97241336471453,16289.172666106448,9.698317301055353
전북,2022,2024,1-2. 주거안정성,87.79070800887051,14988.29578590778,9.615091611067667
제주,2016,2018,1-2. 주거안정성,83.30706068226566,518.0378738392518,6.251976855145473
제주,2017,2019,1-2. 주거안정성,76.52453796522435,941.4266014697024,6.848458039864921
제주,2018,2020,1-2. 주거안정성,68.69965271894529,1202.2856804819062,7.092811161167131
제주,2019,2021,1-2. 주거안정성,72.45033430129348,26050.430527944023,10.167827960374103
제주,2020,2022,1-2. 주거안정성,71.48322889123288,30656.167569747933,10.330621766219256
제주,2021,2023,1-2. 주거안정성,70.44987318109007,57662.898429612265,10.962386579548802
제주,2022,2024,1-2. 주거안정성,64.14510527509168,15552.651677884383,9.652050724628689
충남,2016,2018,1-2. 주거안정성,80.92922256264319,2091.4952318129035,7.646112523657523
충남,2017,2019,1-2. 주거안정성,82.765483388621,176.84464842421883,5.180910407552191
충남,2018,2020,1-2. 주거안정성,83.06721829426532,140.57629575978575,4.95283876441983
충남,2019,2021,1-2. 주거안정성,83.45732407622386,463.9703642675036,6.141973670798281
충남,2020,2022,1-2. 주거안정성,82.72479779294063,715.0725531392587,6.573781493027068
충남,2021,2023,1-2. 주거안정성,77.17658919855958,1837.342800981963,7.516619793132413
충남,2022,2024,1-2. 주거안정성,76.87568290630382,0.0,0.0
충북,2016,2018,1-2. 주거안정성,86.97873223065204,27.37518929519967,3.3455151469757785
충북,2017,2019,1-2. 주거안정성,85.32684018090265,18209.01287806614,9.809726879918886
충북,2018,2020,1-2. 주거안정성,86.23712188614682,4517.256910268072,8.415881559127088
충북,2019,2021,1-2. 주거안정성,86.68709132795546,40057.18617965243,10.598088330602447
충북,2020,2022,1-2. 주거안정성,82.27842177880973,5375.899653875897,8.589867214533232
충북,2021,2023,1-2. 주거안정성,79.03203675208212,2896.094914297251,7.971463760193392
충북,2022,2024,1-2. 주거안정성,75.8475577536619,11559.996153790558,9.355392310986966
강원,2016,2018,1-3. 경제적 여건,11.949351076031132,32865.49525540645,10.400209036556273
강원,2017,2019,1-3. 경제적 여건,14.653015543499215,75074.3988684735,11.226248205770798
강원,2018,2020,1-3. 경제적 여건,21.07489381241043,49659.19888316575,10.81295906395075
강원,2019,2021,1-3. 경제적 여건,27.316800467753463,143826.080388341,11.876367026346792
강원,2020,2022,1-3. 경제적 여건,38.126260549005345,160026.16019399918,11.983098831022351
강원,2021,2023,1-3. 경제적 여건,47.85998121279257,302069.039267645,12.618414187572945
강원,2022,2024,1-3. 경제적 여건,57.01674919492798,314363.3471826355,12.65830793356065
경기,2016,2018,1-3. 경제적 여건,12.363093533354093,19703.625046035027,9.888608661081406
경기,2017,2019,1-3. 경제적 여건,15.447152547682286,62562.86972005095,11.043943229445102
경기,2018,2020,1-3. 경제적 여건,23.0456911682334,90955.85839697203,11.418140589536092
경기,2019,2021,1-3. 경제적 여건,30.603327149337197,32339.17101801317,10.384065421243683
경기,2020,2022,1-3. 경제적 여건,36.51794387238758,131108.7333543288,11.783789910735974
경기,2021,2023,1-3. 경제적 여건,41.434536192923325,163528.4390744595,12.00474830861268
경기,2022,2024,1-3. 경제적 여건,49.64188927903311,203721.58979925423,12.22451449346071
경남,2016,2018,1-3. 경제적 여건,7.902766257954007,4370.076192989611,8.382764526189222
경남,2017,2019,1-3. 경제적 여건,9.330268374665598,75711.7431369054,11.234701762601931
경남,2018,2020,1-3. 경제적 여건,16.03592370463648,94974.15688695072,11.461370629930753
경남,2019,2021,1-3. 경제적 여건,22.561607421039135,87675.04657612828,11.38140401193318
경남,2020,2022,1-3. 경제적 여건,27.37810411530469,102442.4406045426,11.537066126283444
경남,2021,2023,1-3. 경제적 여건,31.69558860831294,146734.45711934092,11.896386633081796
경남,2022,2024,1-3. 경제적 여건,41.58219621547669,147309.79624455608,11.900299894025222
경북,2016,2018,1-3. 경제적 여건,7.369497968030257,13770.129487028242,9.530329613560578
경북,2017,2019,1-3. 경제적 여건,9.32464413361232,69888.78142849574,11.154674729101794
경북,2018,2020,1-3. 경제적 여건,13.784358375011788,83336.8529981479,11.330658142683331
경북,2019,2021,1-3. 경제적 여건,18.444495549703134,75406.78592419348,11.230665810259014
경북,2020,2022,1-3. 경제적 여건,27.705849323761697,90387.72407690852,11.411874804937861
경북,2021,2023,1-3. 경제적 여건,35.511069133495525,83106.32344861918,11.327888105102712
경북,2022,2024,1-3. 경제적 여건,41.16182697432952,81182.46777257026,11.304466906560735
광주,2016,2018,1-3. 경제적 여건,15.554021832171136,24691.435823736698,10.114252233760446
광주,2017,2019,1-3. 경제적 여건,18.19633234046824,71765.05597797445,11.181166885284105
광주,2018,2020,1-3. 경제적 여건,23.999710364181652,2064.8981906922813,7.63332037000083
광주,2019,2021,1-3. 경제적 여건,29.36133988186401,100268.03878047048,11.51561224015977
광주,2020,2022,1-3. 경제적 여건,38.87031776233325,122332.82945024052,11.714508893811932
광주,2021,2023,1-3. 경제적 여건,47.87210291365569,134621.48878929802,11.810229760909026
광주,2022,2024,1-3. 경제적 여건,57.10882381708844,71879.02489452735,11.182753687231983
대구,2016,2018,1-3. 경제적 여건,5.392832840641009,5747.004075795255,8.656607956279258
대구,2017,2019,1-3. 경제적 여건,7.384791381725664,65210.51393455629,11.08539132641213
대구,2018,2020,1-3. 경제적 여건,14.674031072364736,65920.46498317561,11.096219387988954
대구,2019,2021,1-3. 경제적 여건,21.6892230787067,75247.23633590575,11.228547744939862
대구,2020,2022,1-3. 경제적 여건,27.46074938040547,99642.402015905,11.509353111867371
대구,2021,2023,1-3. 경제적 여건,32.39377157343411,122419.71432269824,11.71521886940436
대구,2022,2024,1-3. 경제적 여건,40.42200614667585,156259.71757835092,11.959281157747736
대전,2016,2018,1-3. 경제적 여건,16.328609378408892,6236.30281242053,8.738303126320872
대전,2017,2019,1-3. 경제적 여건,19.199974667611,11674.680619927873,9.365263378047977
대전,2018,2020,1-3. 경제적 여건,25.71758974873419,86251.90938072932,11.365039066275182
대전,2019,2021,1-3. 경제적 여건,32.582877265159674,102634.43595732604,11.53893853179
대전,2020,2022,1-3. 경제적 여건,42.248180867835785,173868.46510354418,12.066060096101069
대전,2021,2023,1-3. 경제적 여건,51.586263354933315,98371.34894206932,11.496515036864281
대전,2022,2024,1-3. 경제적 여건,61.884407569567074,215869.42911718457,12.28243364147697
부산,2016,2018,1-3. 경제적 여건,4.127076320234944,27867.056635809822,10.235236388436226
부산,2017,2019,1-3. 경제적 여건,6.270374627274697,63464.99922887063,11.058259596264167
부산,2018,2020,1-3. 경제적 여건,12.910799736740175,62425.81173566787,11.04175013732463
부산,2019,2021,1-3. 경제적 여건,20.42245106643373,63276.37039319398,11.055283046476866
부산,2020,2022,1-3. 경제적 여건,26.00525111625939,85235.24964810285,11.353182087686008
부산,2021,2023,1-3. 경제적 여건,31.604412221863942,111523.55326072342,11.622000054256306
부산,2022,2024,1-3. 경제적 여건,44.49278222322601,160226.93946423772,11.984352702056775
서울,2016,2018,1-3. 경제적 여건,32.93169792129281,23744.73741536248,10.075158316106924
서울,2017,2019,1-3. 경제적 여건,35.38994655207695,63326.535889857536,11.056075519703406
서울,2018,2020,1-3. 경제적 여건,39.040378658297186,68439.08811195457,11.133714015438887
서울,2019,2021,1-3. 경제적 여건,43.09574689504588,55296.089404819395,10.920475553301028
서울,2020,2022,1-3. 경제적 여건,47.62434581248869,73896.24425930862,11.210430816109858
서울,2021,2023,1-3. 경제적 여건,54.16535459073976,103762.3534635103,11.549868137892798
서울,2022,2024,1-3. 경제적 여건,63.553339905234665,143356.47849488867,11.873096639430253
세종,2016,2018,1-3. 경제적 여건,42.64770046981454,17615.668920833665,9.776600830586766
세종,2017,2019,1-3. 경제적 여건,42.94628973778,138722.999564668,11.840241623523967
세종,2018,2020,1-3. 경제적 여건,44.25744143475362,128048.09474979994,11.76016902209702
세종,2019,2021,1-3. 경제적 여건,48.07592492984822,125664.06312988391,11.741375417440976
세종,2020,2022,1-3. 경제적 여건,56.077096012315266,148533.7825439644,11.908574435683573
세종,2021,2023,1-3. 경제적 여건,64.58136955998445,215143.03979723167,12.279063035337039
세종,2022,2024,1-3. 경제적 여건,65.96870494470052,232107.7082560119,12.35496111097279
울산,2016,2018,1-3. 경제적 여건,27.05322205005367,102981.15640083182,11.542311013377319
울산,2017,2019,1-3. 경제적 여건,27.42134580507958,91506.04561085076,11.424171249510655
울산,2018,2020,1-3. 경제적 여건,29.357156977727417,99979.62214233504,11.512731667616084
울산,2019,2021,1-3. 경제적 여건,33.53443279208862,88342.69879553803,11.388990154271028
울산,2020,2022,1-3. 경제적 여건,43.24166407551659,107013.28276223702,11.580717588295103
울산,2021,2023,1-3. 경제적 여건,54.621813312340144,147590.3751347709,11.902202755394907
울산,2022,2024,1-3. 경제적 여건,62.334872096392935,185520.86473372317,12.130928023268092
인천,2016,2018,1-3. 경제적 여건,5.886668146885915,16165.287813898442,9.69068335379103
인천,2017,2019,1-3. 경제적 여건,8.69258921297231,92098.42855013451,11.430624017556772
인천,2018,2020,1-3. 경제적 여건,18.803219064972005,93839.49534858095,11.449351761964117
인천,2019,2021,1-3. 경제적 여건,27.97308820968322,86338.5538753332,11.366043102027938
인천,2020,2022,1-3. 경제적 여건,33.21355575040184,110152.43340142102,11.609629521980033
인천,2021,2023,1-3. 경제적 여건,38.0204553129788,147407.34139062825,11.900961847303295
인천,2022,2024,1-3. 경제적 여건,46.01151980897216,188176.80179807416,12.145142549113393
전남,2016,2018,1-3. 경제적 여건,16.396943956148885,18747.785281199045,9.8388842442972
전남,2017,2019,1-3. 경제적 여건,18.728394404646327,27924.130924087487,10.237282312344941
전남,2018,2020,1-3. 경제적 여건,24.485220392049335,22284.077171406556,10.011672548305176
전남,2019,2021,1-3. 경제적 여건,30.323851658347,36505.62837714801,10.50524912245733
전남,2020,2022,1-3. 경제적 여건,41.051102274132035,44098.82086777644,10.694210999471505
전남,2021,2023,1-3. 경제적 여건,51.103459339036235,32386.398931161853,10.38552470425297
전남,2022,2024,1-3. 경제적 여건,59.05415761845569,28717.830031993177,10.265308285284792
전북,2016,2018,1-3. 경제적 여건,9.194892961388687,12412.088073376366,9.426506684743847
전북,2017,2019,1-3. 경제적 여건,11.763578718680602,73731.63352703975,11.208200768873402
전북,2018,2020,1-3. 경제적 여건,18.21133058631292,82442.45786801595,11.319867978181245
전북,2019,2021,1-3. 경제적 여건,24.515923215879596,89801.44237234132,11.405367451830694
전북,2020,2022,1-3. 경제적 여건,36.96388760260443,121399.76524467143,11.706852461085786
전북,2021,2023,1-3. 경제적 여건,47.00677678982668,151095.9579701687,11.925677015498067
전북,2022,2024,1-3. 경제적 여건,56.70390711977544,174217.9456947472,12.068068095780397
제주,2016,2018,1-3. 경제적 여건,24.812225943456937,11203.43241823022,9.324064730621863
제주,2017,2019,1-3. 경제적 여건,26.59558102336024,14171.037879213936,9.559026138802418
제주,2018,2020,1-3. 경제적 여건,25.83385927298013,15067.518288630985,9.620362964864327
제주,2019,2021,1-3. 경제적 여건,24.687652711795224,7267.859502395701,8.891354680971483
제주,2020,2022,1-3. 경제적 여건,37.25062621474326,125758.7076997128,11.7421282833896
제주,2021,2023,1-3. 경제적 여건,48.60697185399529,170498.41713407246,12.046487157131375
제주,2022,2024,1-3. 경제적 여건,54.59313967751101,219716.63325218388,12.300098515744546
충남,2016,2018,1-3. 경제적 여건,8.062851539412216,44890.53157056333,10.712004449495662
충남,2017,2019,1-3. 경제적 여건,10.06708087233107,7804.419331528754,8.962573557518995
충남,2018,2020,1-3. 경제적 여건,17.69200751383449,73692.67954846608,11.207672315320334
충남,2019,2021,1-3. 경제적 여건,24.797470634356905,78634.30685544785,11.272576074192889
충남,2020,2022,1-3. 경제적 여건,39.07168563139017,134869.8541660511,11.812072963745472
충남,2021,2023,1-3. 경제적 여건,51.52982343696227,150779.82646562572,11.923582581018914
충남,2022,2024,1-3. 경제적 여건,57.38909553606859,102157.0046251616,11.534275958655469
충북,2016,2018,1-3. 경제적 여건,3.9557457148829664,25224.79613608991,10.135622406114836
충북,2017,2019,1-3. 경제적 여건,6.982541033984907,28034.57239535117,10.241229425518997
충북,2018,2020,1-3. 경제적 여건,15.170265106189657,96356.72939210682,11.475822892649878
충북,2019,2021,1-3. 경제적 여건,23.096212285931536,96461.25671815926,11.476907088727268
충북,2020,2022,1-3. 경제적 여건,36.056228446726294,108470.82174752308,11.594245710836745
충북,2021,2023,1-3. 경제적 여건,49.18394542925513,153035.07621648262,11.938428964844539
충북,2022,2024,1-3. 경제적 여건,54.816371618888304,171783.5287966078,12.05399623090684
강원,2016,2018,2-1. 돌봄 여건,51.89466077282921,273396.30146013404,12.518681332923839
강원,2017,2019,2-1. 돌봄 여건,54.41289340519703,357068.68870529276,12.785686248168878
강원,2018,2020,2-1. 돌봄 여건,55.53115402202624,191031.606141183,12.16019940524006
강원,2019,2021,2-1. 돌봄 여건,57.2818227033293,321255.2487345559,12.679994366316185
강원,2020,2022,2-1. 돌봄 여건,60.22069076717541,300078.9978250473,12.611804377507859
강원,2021,2023,2-1. 돌봄 여건,61.77989735398172,356271.7011763774,12.783451731135157
강원,2022,2024,2-1. 돌봄 여건,62.540669413069594,301850.2193355234,12.617689523757653
경기,2016,2018,2-1. 돌봄 여건,26.029077802165713,337119.28945799207,12.7281950876577
경기,2017,2019,2-1. 돌봄 여건,28.35840181749932,348350.19184699294,12.760966421859022
경기,2018,2020,2-1. 돌봄 여건,28.4021959306173,375210.49599877,12.835245135300392
경기,2019,2021,2-1. 돌봄 여건,29.425662033375566,380582.058760295,12.849459720925742
경기,2020,2022,2-1. 돌봄 여건,35.76447945791318,156263.14603383216,11.959303098117163
경기,2021,2023,2-1. 돌봄 여건,35.87430429784227,210673.59046392405,12.2580699967152
경기,2022,2024,2-1. 돌봄 여건,35.98743183778373,267726.9320177865,12.497726564811634
경남,2016,2018,2-1. 돌봄 여건,36.41082518762009,242587.0338888433,12.3991199498273
경남,2017,2019,2-1. 돌봄 여건,38.76005816415305,404851.1634608792,12.911277250957903
경남,2018,2020,2-1. 돌봄 여건,41.74794360151962,397237.41173771967,12.892291912765721
경남,2019,2021,2-1. 돌봄 여건,43.38447383461921,486462.0891418411,13.094916307517863
경남,2020,2022,2-1. 돌봄 여건,48.30416710897746,338932.4692040155,12.7335591110665
경남,2021,2023,2-1. 돌봄 여건,51.41301583588502,382541.3220482103,12.854594572005597
경남,2022,2024,2-1. 돌봄 여건,52.33740808764714,372706.1250534323,12.828548202680462
경북,2016,2018,2-1. 돌봄 여건,42.65501507246496,502274.4468219332,13.126903947042168
경북,2017,2019,2-1. 돌봄 여건,45.59739169593266,300127.6801126175,12.611966595381297
경북,2018,2020,2-1. 돌봄 여건,47.2181616190911,312250.36756257474,12.651563807682235
경북,2019,2021,2-1. 돌봄 여건,49.1826172875443,404928.0883247812,12.91146724020244
경북,2020,2022,2-1. 돌봄 여건,55.57075496113739,410402.0265620878,12.92489494747546
경북,2021,2023,2-1. 돌봄 여건,56.76401294929774,356467.8363291948,12.784002099389138
경북,2022,2024,2-1. 돌봄 여건,58.7149995264576,550917.2057656997,13.219341630229515
광주,2016,2018,2-1. 돌봄 여건,57.5116723164539,252651.85655896948,12.439771717044302
광주,2017,2019,2-1. 돌봄 여건,62.355591768400465,336100.375397105,12.725168105930665
광주,2018,2020,2-1. 돌봄 여건,63.16562278650138,29603.43930311071,10.295679605523251
광주,2019,2021,2-1. 돌봄 여건,64.14246531149992,57850.159991419096,10.965628784130713
광주,2020,2022,2-1. 돌봄 여건,67.56876358715141,60975.07806541272,11.018236903377398
광주,2021,2023,2-1. 돌봄 여건,65.99964859116675,58964.95919361543,10.984715593560683
광주,2022,2024,2-1. 돌봄 여건,65.96673400953738,147487.0457859931,11.901502405958956
대구,2016,2018,2-1. 돌봄 여건,29.275657682027507,275289.91917793505,12.52558370539937
대구,2017,2019,2-1. 돌봄 여건,30.147152786984684,312100.894548991,12.651084998567235
대구,2018,2020,2-1. 돌봄 여건,31.473156980264957,303134.8427590251,12.621936309960837
대구,2019,2021,2-1. 돌봄 여건,31.78916125883729,326764.8968640142,12.69699928176137
대구,2020,2022,2-1. 돌봄 여건,38.28803558637625,361843.4940145453,12.798969823968875
대구,2021,2023,2-1. 돌봄 여건,35.794464969952,341895.5591618445,12.74226351170382
대구,2022,2024,2-1. 돌봄 여건,37.50454121578501,331980.6111703656,12.712834858323584
대전,2016,2018,2-1. 돌봄 여건,33.19797697614131,383359.3364839788,12.856730652192015
대전,2017,2019,2-1. 돌봄 여건,35.99520810330737,143353.58399684247,11.87307644845523
대전,2018,2020,2-1. 돌봄 여건,37.86641099136974,406253.48548452754,12.914735053757814
대전,2019,2021,2-1. 돌봄 여건,37.86548542041528,416854.4876968616,12.940494888432115
대전,2020,2022,2-1. 돌봄 여건,42.32425872608473,379997.47181125166,12.847922510145144
대전,2021,2023,2-1. 돌봄 여건,41.617015504181715,212090.35703310184,12.264772390232165
대전,2022,2024,2-1. 돌봄 여건,40.869648149125126,374015.48267492704,12.83205514674889
부산,2016,2018,2-1. 돌봄 여건,22.734512611968015,334161.9702274815,12.719384087770173
부산,2017,2019,2-1. 돌봄 여건,24.76947307770482,301805.4383871845,12.617541158379204
부산,2018,2020,2-1. 돌봄 여건,27.29930645417582,528499.0891113033,13.177798252904152
부산,2019,2021,2-1. 돌봄 여건,28.597744571047397,328284.27947378013,12.701638263842247
부산,2020,2022,2-1. 돌봄 여건,35.4358127304756,469494.6121000725,13.059414231687043
부산,2021,2023,2-1. 돌봄 여건,35.371803145349084,405800.9282744978,12.913620458147918
부산,2022,2024,2-1. 돌봄 여건,36.843435367313845,320993.89027973445,12.67918048385379
서울,2016,2018,2-1. 돌봄 여건,17.094449252531902,339739.0125485172,12.73593593510895
서울,2017,2019,2-1. 돌봄 여건,19.19247870149951,292243.4198491467,12.585345785393761
서울,2018,2020,2-1. 돌봄 여건,21.60613892209027,290845.0924712423,12.580549514389599
서울,2019,2021,2-1. 돌봄 여건,22.93771967257124,268972.68890676706,12.50236884304468
서울,2020,2022,2-1. 돌봄 여건,28.74301683053852,238279.28512008773,12.381202928317734
서울,2021,2023,2-1. 돌봄 여건,30.746143687045983,219940.34503634472,12.301116176315649
서울,2022,2024,2-1. 돌봄 여건,30.61479702646165,220317.28403052432,12.302828525399672
세종,2016,2018,2-1. 돌봄 여건,22.57255227082832,244400.44344734383,12.406567412347831
세종,2017,2019,2-1. 돌봄 여건,22.35164950845801,149750.4258719527,11.916732037614853
세종,2018,2020,2-1. 돌봄 여건,26.433569711686264,179624.98378188137,12.09863210023136
세종,2019,2021,2-1. 돌봄 여건,26.23024622155572,158631.1174345928,11.9743430735741
세종,2020,2022,2-1. 돌봄 여건,32.18257088272893,156253.43825528002,11.959240972029031
세종,2021,2023,2-1. 돌봄 여건,32.12534778476271,293149.6360536032,12.58844187211064
세종,2022,2024,2-1. 돌봄 여건,31.795104234652428,273240.59024533833,12.518111628786903
울산,2016,2018,2-1. 돌봄 여건,21.48662580152669,496268.7608440256,13.114874930531334
울산,2017,2019,2-1. 돌봄 여건,24.790217929675396,170748.7244286002,12.047954163543595
울산,2018,2020,2-1. 돌봄 여건,26.540092274579855,315981.5024097118,12.66344211891479
울산,2019,2021,2-1. 돌봄 여건,30.77981558800482,461111.5570150831,13.041397450561107
울산,2020,2022,2-1. 돌봄 여건,36.79125129603463,380601.05079242744,12.849509622143982
울산,2021,2023,2-1. 돌봄 여건,38.22960934171101,382912.9783630872,12.855565643362336
울산,2022,2024,2-1. 돌봄 여건,37.01620334590769,354646.28627684194,12.778879014766309
인천,2016,2018,2-1. 돌봄 여건,25.785504567641823,268789.7785357023,12.501688580999891
인천,2017,2019,2-1. 돌봄 여건,28.037054926506613,366574.04003658146,12.811958527063256
인천,2018,2020,2-1. 돌봄 여건,29.46541549722989,495129.4926150129,13.11257662825327
인천,2019,2021,2-1. 돌봄 여건,30.17129332301156,454662.09773104306,13.027311979121473
인천,2020,2022,2-1. 돌봄 여건,35.76025939142389,386951.8619761179,12.866058160913965
인천,2021,2023,2-1. 돌봄 여건,37.381776166670235,455747.2906137635,13.029695941823539
인천,2022,2024,2-1. 돌봄 여건,35.52426390932854,423504.39091562096,12.956321522427988
전남,2016,2018,2-1. 돌봄 여건,65.09287157300902,194036.3042472952,12.175805709494636
전남,2017,2019,2-1. 돌봄 여건,69.03746208959289,73372.8281334051,11.203322586078228
전남,2018,2020,2-1. 돌봄 여건,70.07629235811095,72452.71240922362,11.190703187419127
전남,2019,2021,2-1. 돌봄 여건,73.3652877851943,78120.73844842236,11.266023638307043
전남,2020,2022,2-1. 돌봄 여건,77.05055700725485,214383.65325715207,12.275527125659503
전남,2021,2023,2-1. 돌봄 여건,81.326213752611,304444.7432769646,12.626248167257138
전남,2022,2024,2-1. 돌봄 여건,82.56733096599756,225101.5893726531,12.324311530039028
전북,2016,2018,2-1. 돌봄 여건,57.62389456970619,367521.7459584126,12.814540489484076
전북,2017,2019,2-1. 돌봄 여건,60.20299125831348,365228.8627538915,12.80828219531797
전북,2018,2020,2-1. 돌봄 여건,61.53363622572945,296591.4834367893,12.600114365939994
전북,2019,2021,2-1. 돌봄 여건,63.39526579859515,262441.93198919104,12.477788935432647
전북,2020,2022,2-1. 돌봄 여건,70.61454557578035,358257.70099973987,12.789010632903478
전북,2021,2023,2-1. 돌봄 여건,73.48157830630365,319936.8955018393,12.675882179383866
전북,2022,2024,2-1. 돌봄 여건,76.76889609791387,332878.2014045057,12.715534944604755
제주,2016,2018,2-1. 돌봄 여건,49.68563796750998,3302866.1597873075,15.010301485516115
제주,2017,2019,2-1. 돌봄 여건,50.453032878268544,604911.0952472623,13.312838429344367
제주,2018,2020,2-1. 돌봄 여건,50.401862489118145,750727.4992142625,13.528799346360229
제주,2019,2021,2-1. 돌봄 여건,51.94072718163371,571773.3833385753,13.256499757829328
제주,2020,2022,2-1. 돌봄 여건,56.070108178562194,600857.5171163488,13.306114773351485
제주,2021,2023,2-1. 돌봄 여건,58.13142236704683,558314.9058152845,13.232680220620882
제주,2022,2024,2-1. 돌봄 여건,60.67829413595753,612226.4189221442,13.324859092014439
충남,2016,2018,2-1. 돌봄 여건,47.54307968277788,215042.22972120176,12.27859435536895
충남,2017,2019,2-1. 돌봄 여건,50.42994207942637,444219.154989933,13.004075563095984
충남,2018,2020,2-1. 돌봄 여건,52.500156307701594,456188.9309679056,13.030664517058607
충남,2019,2021,2-1. 돌봄 여건,52.08238999841209,295376.2497282707,12.596008630975719
충남,2020,2022,2-1. 돌봄 여건,59.98652702580572,318217.2453747297,12.670492732571747
충남,2021,2023,2-1. 돌봄 여건,61.623564237272305,316703.79721580964,12.66572537992009
충남,2022,2024,2-1. 돌봄 여건,63.99996507641852,350423.1540775091,12.766899568538216
충북,2016,2018,2-1. 돌봄 여건,48.48766405604464,288419.2312164774,12.572173831781635
충북,2017,2019,2-1. 돌봄 여건,52.2836628326616,377267.6042240304,12.840712690785983
충북,2018,2020,2-1. 돌봄 여건,50.769995724709155,395184.3352199431,12.887110136930373
충북,2019,2021,2-1. 돌봄 여건,54.641094383636215,410166.3327079567,12.924320483974677
충북,2020,2022,2-1. 돌봄 여건,60.85394246737297,362962.04066123394,12.802056291703114
충북,2021,2023,2-1. 돌봄 여건,63.82711493744386,298277.222826585,12.605781963568992
충북,2022,2024,2-1. 돌봄 여건,66.17001373546506,349649.34762128914,12.7646889273294
강원,2016,2018,2-2. 여가 인프라,45.57853835742373,0.0,0.0
강원,2017,2019,2-2. 여가 인프라,46.812637341497194,1605.6184827768443,7.38188692795391
강원,2018,2020,2-2. 여가 인프라,47.07424078956984,730.0863343393289,6.5945315572073655
강원,2019,2021,2-2. 여가 인프라,50.428051968224786,826.5783493708693,6.718503784788336
강원,2020,2022,2-2. 여가 인프라,50.918595792659694,930.2462418394764,6.83652373407701
강원,2021,2023,2-2. 여가 인프라,52.212541688084784,13271.318655748184,9.493435841207445
강원,2022,2024,2-2. 여가 인프라,59.41673782493209,12656.760001212308,9.44602574490999
경기,2016,2018,2-2. 여가 인프라,14.323308536748865,1504.6644854068063,7.316989598285073
경기,2017,2019,2-2. 여가 인프라,14.574613141277426,2329.6318990512564,7.7538947111008705
경기,2018,2020,2-2. 여가 인프라,18.36350936622008,2259.01770877287,7.72312792797584
경기,2019,2021,2-2. 여가 인프라,22.52047056880382,3820.9192137846,8.248507987419472
경기,2020,2022,2-2. 여가 인프라,19.750589618345725,4439.615312188438,8.398548229650643
경기,2021,2023,2-2. 여가 인프라,17.667350365765323,4819.64188341943,8.480662369012105
경기,2022,2024,2-2. 여가 인프라,26.50080554728511,4156.283989007414,8.332617252773778
경남,2016,2018,2-2. 여가 인프라,27.50080983854428,28342.324126466923,10.252146800878096
경남,2017,2019,2-2. 여가 인프라,27.86423463591957,4555.075977830176,8.424217000861336
경남,2018,2020,2-2. 여가 인프라,28.592910621796364,2784.334426454822,7.932123226464524
경남,2019,2021,2-2. 여가 인프라,29.599955431036825,4401.741661163092,8.389982730666949
경남,2020,2022,2-2. 여가 인프라,29.419184348013967,5666.269316288314,8.642462678648721
경남,2021,2023,2-2. 여가 인프라,28.85256442904647,4593.912100727162,8.432704905276495
경남,2022,2024,2-2. 여가 인프라,35.394849842435264,6219.528060513322,8.735610079318299
경북,2016,2018,2-2. 여가 인프라,25.054352160560867,675.2932789006474,6.516626826487222
경북,2017,2019,2-2. 여가 인프라,25.66908156246473,1111.5409174358058,7.014401793081617
경북,2018,2020,2-2. 여가 인프라,27.52500678158145,1302.7943239921742,7.173034003046521
경북,2019,2021,2-2. 여가 인프라,29.84333331288233,326.14706029363714,5.790409795469589
경북,2020,2022,2-2. 여가 인프라,29.073489922283812,5345.932398167408,8.584278291922747
경북,2021,2023,2-2. 여가 인프라,26.742467329603173,5659.637912520712,8.641291870238804
경북,2022,2024,2-2. 여가 인프라,34.43986945846231,3168.227341248898,8.061243096230731
광주,2016,2018,2-2. 여가 인프라,17.45133048423646,1712.769019321947,7.446450328887558
광주,2017,2019,2-2. 여가 인프라,18.115548143544768,7122.3310909387765,8.871130744849355
광주,2018,2020,2-2. 여가 인프라,19.796665856216837,3093.8020583168973,8.037479227763903
광주,2019,2021,2-2. 여가 인프라,22.21855370443669,2468.5655784953296,7.811797535001783
광주,2020,2022,2-2. 여가 인프라,21.76896795112929,3712.9654505411368,8.21985543937642
광주,2021,2023,2-2. 여가 인프라,19.673147021728077,1750.9346295782875,7.468475958915692
광주,2022,2024,2-2. 여가 인프라,27.89164566302058,3072.9426265707293,8.030716259828962
대구,2016,2018,2-2. 여가 인프라,0.632513260207452,3405.146714616146,8.133336935637297
대구,2017,2019,2-2. 여가 인프라,0.8613938261666699,1486.7465792369906,7.305017891236141
대구,2018,2020,2-2. 여가 인프라,5.032142153175838,1745.004891884818,7.465085538162414
대구,2019,2021,2-2. 여가 인프라,9.889532178062618,4599.113923118186,8.433836348065775
대구,2020,2022,2-2. 여가 인프라,14.129804439162934,3024.8365889717047,8.014942890567488
대구,2021,2023,2-2. 여가 인프라,18.0832043791275,1811.253614545156,7.502326440685913
대구,2022,2024,2-2. 여가 인프라,22.713518039780176,3159.548304746642,8.058500805689446
대전,2016,2018,2-2. 여가 인프라,16.246661431605556,7206.892681007046,8.882931910304837
대전,2017,2019,2-2. 여가 인프라,16.398989521325227,2984.861980801997,8.001643754928383
대전,2018,2020,2-2. 여가 인프라,17.22580180446707,5869.318975538935,8.677664251301305
대전,2019,2021,2-2. 여가 인프라,18.47944768318588,5227.147723372193,8.561812330536993
대전,2020,2022,2-2. 여가 인프라,22.065741693484096,5658.830935719429,8.641149300736876
대전,2021,2023,2-2. 여가 인프라,25.634251845478715,6540.8690237200735,8.785978187066371
대전,2022,2024,2-2. 여가 인프라,33.821877201645115,6288.403558472078,8.746621521426103
부산,2016,2018,2-2. 여가 인프라,7.3445794094280865,3020.978821767231,8.013667134789344
부산,2017,2019,2-2. 여가 인프라,8.00415688847064,1140.5007759983007,7.040099145775401
부산,2018,2020,2-2. 여가 인프라,7.096130111010664,411.5669294526932,6.022398445831756
부산,2019,2021,2-2. 여가 인프라,8.224827525854876,12773.663530993716,9.455219076642368
부산,2020,2022,2-2. 여가 인프라,10.424475588093909,22863.978933258993,10.037361714738527
부산,2021,2023,2-2. 여가 인프라,12.955844048607384,18953.758285510725,9.849810275851755
부산,2022,2024,2-2. 여가 인프라,23.616681487060088,8854.777967781773,9.088825402685492
서울,2016,2018,2-2. 여가 인프라,16.063668006459366,1272.0079039118702,7.149137807424125
서울,2017,2019,2-2. 여가 인프라,16.54385317694715,1015.938781123101,6.924552198684228
서울,2018,2020,2-2. 여가 인프라,19.587121530535793,6203.377930606207,8.733010439688988
서울,2019,2021,2-2. 여가 인프라,22.37908527959588,859.6320981270684,6.757667117091108
서울,2020,2022,2-2. 여가 인프라,22.073603771084137,835.8404590712184,6.729633441892347
서울,2021,2023,2-2. 여가 인프라,22.70993188248497,4031.721163999523,8.30219665387657
서울,2022,2024,2-2. 여가 인프라,30.48894047256969,4490.43852929994,8.409928314568692
세종,2016,2018,2-2. 여가 인프라,50.10878965176204,209.055408804397,5.347371347364306
세종,2017,2019,2-2. 여가 인프라,45.363396972832696,644.1096099973645,6.469420240338359
세종,2018,2020,2-2. 여가 인프라,52.159207207193106,47660.06334772792,10.771870061518571
세종,2019,2021,2-2. 여가 인프라,57.967582881742835,11261.497841962768,9.329233710303946
세종,2020,2022,2-2. 여가 인프라,49.59109588856163,23980.265742291052,10.085028210436686
세종,2021,2023,2-2. 여가 인프라,40.74370408542411,13167.915926101008,9.485614477461805
세종,2022,2024,2-2. 여가 인프라,50.336697953033536,12053.188630226396,9.397167482686635
울산,2016,2018,2-2. 여가 인프라,13.662123581396578,11272.536549568284,9.330213359899485
울산,2017,2019,2-2. 여가 인프라,13.958276263063835,8234.603693426112,9.016221948173287
울산,2018,2020,2-2. 여가 인프라,19.487025264308816,3038.979874615388,8.019606174186046
울산,2019,2021,2-2. 여가 인프라,25.51374329434517,2980.498783818894,8.000181400653936
울산,2020,2022,2-2. 여가 인프라,27.774074751942216,2291.115681503429,7.7372305484211035
울산,2021,2023,2-2. 여가 인프라,29.325340473092268,2603.0522827154955,7.8648240809746355
울산,2022,2024,2-2. 여가 인프라,29.06337982533183,3059.97273345725,8.026488031181874
인천,2016,2018,2-2. 여가 인프라,11.34614917962405,1730.8949660104486,7.456971444102474
인천,2017,2019,2-2. 여가 인프라,11.55260570701392,3000.423247932646,8.006841871128115
인천,2018,2020,2-2. 여가 인프라,17.10231652227083,1906.0522736493565,7.553314016682181
인천,2019,2021,2-2. 여가 인프라,23.02473249543451,3702.0743970271783,8.216918671726422
인천,2020,2022,2-2. 여가 인프라,23.77920728052283,4092.928454485403,8.317260290368827
인천,2021,2023,2-2. 여가 인프라,24.107625332793493,4015.137413598568,8.2980758773197
인천,2022,2024,2-2. 여가 인프라,28.587896335536364,4364.103395884158,8.381397155480938
전남,2016,2018,2-2. 여가 인프라,32.22990087599185,5070.425137080921,8.531377149212654
전남,2017,2019,2-2. 여가 인프라,33.84520851574421,3832.000799200736,8.251403273885813
전남,2018,2020,2-2. 여가 인프라,37.12425219628652,734.2263154186063,6.600178363951782
전남,2019,2021,2-2. 여가 인프라,41.28325042405855,836.0183516040853,6.729845995702026
전남,2020,2022,2-2. 여가 인프라,46.12334537268314,4032.533626185555,8.302398101068585
전남,2021,2023,2-2. 여가 인프라,50.03477437943307,7677.956798382886,8.946238983371611
전남,2022,2024,2-2. 여가 인프라,53.476358432593514,5524.315204612652,8.617095575367255
전북,2016,2018,2-2. 여가 인프라,23.842047717866443,12134.981574269908,9.403930002756773
전북,2017,2019,2-2. 여가 인프라,24.730505762868216,1002.0819087892512,6.910832448425487
전북,2018,2020,2-2. 여가 인프라,26.48425764059371,497.0799909857715,6.210760688595345
전북,2019,2021,2-2. 여가 인프라,30.665999589593216,660.5865357008005,6.494640792385104
전북,2020,2022,2-2. 여가 인프라,33.35734739494906,2921.122277684256,7.980065438691834
전북,2021,2023,2-2. 여가 인프라,33.142073684062005,1166.511935412951,7.062630212542576
전북,2022,2024,2-2. 여가 인프라,42.62495348351989,1915.8101789278137,7.558417718282559
제주,2016,2018,2-2. 여가 인프라,60.93407237666027,8507.908681353312,9.048868973785071
제주,2017,2019,2-2. 여가 인프라,60.76318356587757,4775.600396546308,8.471484358341113
제주,2018,2020,2-2. 여가 인프라,58.86057790339065,1820.362121856407,7.507339918747719
제주,2019,2021,2-2. 여가 인프라,55.62953692228711,2746.220853406933,7.918345080900268
제주,2020,2022,2-2. 여가 인프라,59.43679853287909,3931.5769871958096,8.27705021190439
제주,2021,2023,2-2. 여가 인프라,62.47236247158173,4913.865963326752,8.500019761268767
제주,2022,2024,2-2. 여가 인프라,69.33031304826538,1166.5234617404171,7.062640085050273
충남,2016,2018,2-2. 여가 인프라,22.313905896733367,2541.871096238521,7.84104907449462
충남,2017,2019,2-2. 여가 인프라,22.430666269845855,3144.8062097456655,8.053825482784397
충남,2018,2020,2-2. 여가 인프라,26.139959246813376,5094.140250176451,8.536042472299838
충남,2019,2021,2-2. 여가 인프라,30.244381420257056,4314.451484711747,8.369957229495197
충남,2020,2022,2-2. 여가 인프라,29.75684230231171,6132.892454361498,8.721584811811253
충남,2021,2023,2-2. 여가 인프라,30.11291315222945,13794.485307581632,9.53209666599501
충남,2022,2024,2-2. 여가 인프라,36.64425722345571,0.0,0.0
충북,2016,2018,2-2. 여가 인프라,21.376873521321524,505.0002025246045,6.22653706953364
충북,2017,2019,2-2. 여가 인프라,21.829994472974203,412.74815330500377,6.025257463370143
충북,2018,2020,2-2. 여가 인프라,23.929862248641292,84915.15276614661,11.34941961057692
충북,2019,2021,2-2. 여가 인프라,26.91818806931011,55777.38188014391,10.929141651799506
충북,2020,2022,2-2. 여가 인프라,26.61272022961751,49917.458578721395,10.81814612473648
충북,2021,2023,2-2. 여가 인프라,26.558556994453447,61555.98678119758,11.027718639080986
충북,2022,2024,2-2. 여가 인프라,35.47559707852236,62998.64817050523,11.050884420762921
강원,2016,2018,2-3. 가사수행 격차,43.29676071055381,0.0,0.0
강원,2017,2019,2-3. 가사수행 격차,43.29676071055381,0.0,0.0
강원,2018,2020,2-3. 가사수행 격차,43.29676071055381,0.0,0.0
강원,2019,2021,2-3. 가사수행 격차,43.29676071055381,0.0,0.0
강원,2020,2022,2-3. 가사수행 격차,43.29676071055381,0.0,0.0
강원,2021,2023,2-3. 가사수행 격차,55.343086032741205,0.0,0.0
강원,2022,2024,2-3. 가사수행 격차,67.3894113549286,1.9765892766078563,1.0907781069823845
경기,2016,2018,2-3. 가사수행 격차,44.9982584465343,1.9382059066075144,1.0777991592331282
경기,2017,2019,2-3. 가사수행 격차,44.9982584465343,3.556689922215659,1.516596465686545
경기,2018,2020,2-3. 가사수행 격차,44.9982584465343,50.964242685960926,3.9505558413935553
경기,2019,2021,2-3. 가사수행 격차,44.9982584465343,37.59624205181779,3.653154915560842
경기,2020,2022,2-3. 가사수행 격차,44.9982584465343,40.01777028829999,3.714005394470122
경기,2021,2023,2-3. 가사수행 격차,44.89194075400972,37.01698809026125,3.6380331148339438
경기,2022,2024,2-3. 가사수행 격차,44.785623061485126,46.22231179468531,3.8548664884150288
경남,2016,2018,2-3. 가사수행 격차,27.965367965367964,0.0,0.0
경남,2017,2019,2-3. 가사수행 격차,27.965367965367964,0.0,0.0
경남,2018,2020,2-3. 가사수행 격차,27.965367965367964,17.784718115176357,2.9330436730669955
경남,2019,2021,2-3. 가사수행 격차,27.965367965367964,0.0,0.0
경남,2020,2022,2-3. 가사수행 격차,27.965367965367964,0.0,0.0
경남,2021,2023,2-3. 가사수행 격차,26.993746993746985,0.0,0.0
경남,2022,2024,2-3. 가사수행 격차,26.022126022126024,0.9292586374590353,0.6571358034527375
경북,2016,2018,2-3. 가사수행 격차,33.102950689157595,6.025561443345483,1.9495551327872385
경북,2017,2019,2-3. 가사수행 격차,33.102950689157595,4.308298129596146,1.6692712809809016
경북,2018,2020,2-3. 가사수행 격차,33.102950689157595,17.312881381955798,2.9076047128788267
경북,2019,2021,2-3. 가사수행 격차,33.102950689157595,20.349745085265287,3.0610397998031327
경북,2020,2022,2-3. 가사수행 격차,33.102950689157595,14.228717409571049,2.723182948624832
경북,2021,2023,2-3. 가사수행 격차,39.93050372360718,14.825246213328592,2.761606526413384
경북,2022,2024,2-3. 가사수행 격차,46.75805675805675,28.44293872442901,3.3824541096815266
광주,2016,2018,2-3. 가사수행 격차,41.35841170323929,17.999895663806008,2.9444334877727316
광주,2017,2019,2-3. 가사수행 격차,41.35841170323929,8.674229628025525,2.2694656107353244
광주,2018,2020,2-3. 가사수행 격차,41.35841170323929,12.605254120975392,2.6104560505595114
광주,2019,2021,2-3. 가사수행 격차,41.35841170323929,2.31732171458977,1.1991577448878246
광주,2020,2022,2-3. 가사수행 격차,41.35841170323929,3.693757909412193,1.5462335216233631
광주,2021,2023,2-3. 가사수행 격차,53.63976381217761,5.7691421073419695,1.9123743591518658
광주,2022,2024,2-3. 가사수행 격차,65.92111592111591,5.680115760759204,1.8991353168533718
대구,2016,2018,2-3. 가사수행 격차,7.679255610290101,0.9359941491523216,0.6606209667177533
대구,2017,2019,2-3. 가사수행 격차,7.679255610290101,0.9421714697319332,0.6638066614048601
대구,2018,2020,2-3. 가사수행 격차,7.679255610290101,0.944777959872668,0.665147811105224
대구,2019,2021,2-3. 가사수행 격차,7.679255610290101,0.9336406664876544,0.6594045816752485
대구,2020,2022,2-3. 가사수행 격차,7.679255610290101,0.894525089153247,0.6389681945417698
대구,2021,2023,2-3. 가사수행 격차,15.952712676850611,0.0,0.0
대구,2022,2024,2-3. 가사수행 격차,24.226169743411123,16.923129645134665,2.8860920376738743
대전,2016,2018,2-3. 가사수행 격차,17.371747026919444,0.0,0.0
대전,2017,2019,2-3. 가사수행 격차,17.371747026919444,0.0,0.0
대전,2018,2020,2-3. 가사수행 격차,17.371747026919444,7.02351692326159,2.0823768448669417
대전,2019,2021,2-3. 가사수행 격차,17.371747026919444,6.1342499320782675,1.9649071202560604
대전,2020,2022,2-3. 가사수행 격차,17.371747026919444,5.848618609600981,1.9240469691054773
대전,2021,2023,2-3. 가사수행 격차,43.05062115406942,0.0,0.0
대전,2022,2024,2-3. 가사수행 격차,68.72949528121941,0.0,0.0
부산,2016,2018,2-3. 가사수행 격차,22.33965268448028,1.3390863571663256,0.8497604074704421
부산,2017,2019,2-3. 가사수행 격차,22.33965268448028,0.67286181474826,0.5145358213119688
부산,2018,2020,2-3. 가사수행 격차,22.33965268448028,1.0103934438282156,0.6983304461139014
부산,2019,2021,2-3. 가사수행 격차,22.33965268448028,23.19928066921213,3.1863229083081395
부산,2020,2022,2-3. 가사수행 격차,22.33965268448028,41.13653433550325,3.7409151633116005
부산,2021,2023,2-3. 가사수행 격차,21.908079149458462,6.5261341858620305,2.0183815216511554
부산,2022,2024,2-3. 가사수행 격차,21.476505614436668,6.428706562607337,2.005351760480876
서울,2016,2018,2-3. 가사수행 격차,33.00144300144299,9.084085383158412,2.31095847648126
서울,2017,2019,2-3. 가사수행 격차,33.00144300144299,0.0,0.0
서울,2018,2020,2-3. 가사수행 격차,33.00144300144299,5.198922476651361,1.824375482858613
서울,2019,2021,2-3. 가사수행 격차,33.00144300144299,0.0,0.0
서울,2020,2022,2-3. 가사수행 격차,33.00144300144299,0.0,0.0
서울,2021,2023,2-3. 가사수행 격차,31.643528884908186,0.0,0.0
서울,2022,2024,2-3. 가사수행 격차,30.28561476837339,5.786647589304046,1.9149570920039813
세종,2016,2018,2-3. 가사수행 격차,32.44563865253521,0.0,0.0
세종,2017,2019,2-3. 가사수행 격차,32.44563865253521,0.0,0.0
세종,2018,2020,2-3. 가사수행 격차,32.44563865253521,0.0,0.0
세종,2019,2021,2-3. 가사수행 격차,32.44563865253521,0.0,0.0
세종,2020,2022,2-3. 가사수행 격차,32.44563865253521,0.0,0.0
세종,2021,2023,2-3. 가사수행 격차,33.47133071271003,0.0,0.0
세종,2022,2024,2-3. 가사수행 격차,34.497022772884854,0.0,0.0
울산,2016,2018,2-3. 가사수행 격차,4.514106583072101,0.0,0.0
울산,2017,2019,2-3. 가사수행 격차,4.514106583072101,0.0,0.0
울산,2018,2020,2-3. 가사수행 격차,4.514106583072101,0.0,0.0
울산,2019,2021,2-3. 가사수행 격차,4.514106583072101,0.0,0.0
울산,2020,2022,2-3. 가사수행 격차,4.514106583072101,0.0,0.0
울산,2021,2023,2-3. 가사수행 격차,22.314939211490938,0.0,0.0
울산,2022,2024,2-3. 가사수행 격차,40.11577183990975,0.0,0.0
인천,2016,2018,2-3. 가사수행 격차,27.138627655869023,1.949645152073045,1.081684875683749
인천,2017,2019,2-3. 가사수행 격차,27.138627655869023,5.826064559092517,1.9207483082617236
인천,2018,2020,2-3. 가사수행 격차,27.138627655869023,18.245306896439867,2.9572672334227907
인천,2019,2021,2-3. 가사수행 격차,27.138627655869023,87.62306265153084,4.4843921245460034
인천,2020,2022,2-3. 가사수행 격차,27.138627655869023,82.65663313375815,4.4267207205682855
인천,2021,2023,2-3. 가사수행 격차,28.884908195253026,67.60755233374577,4.22840262100078
인천,2022,2024,2-3. 가사수행 격차,30.631188734637004,65.20997944396079,4.192831198469418
전남,2016,2018,2-3. 가사수행 격차,19.330248295765543,19.579293397681845,3.024285395398672
전남,2017,2019,2-3. 가사수행 격차,19.330248295765543,14.750283749930665,2.756858380977972
전남,2018,2020,2-3. 가사수행 격차,19.330248295765543,52.444736815614746,3.9786481633170165
전남,2019,2021,2-3. 가사수행 격차,19.330248295765543,26.73314496408413,3.3226282669755585
전남,2020,2022,2-3. 가사수행 격차,19.330248295765543,13.377026192382926,2.665631529264137
전남,2021,2023,2-3. 가사수행 격차,26.087724536000405,10.210803278233612,2.4168778918079417
전남,2022,2024,2-3. 가사수행 격차,32.84520077623526,0.0,0.0
전북,2016,2018,2-3. 가사수행 격차,24.766134248892875,9.408323871880611,2.342605858316436
전북,2017,2019,2-3. 가사수행 격차,24.766134248892875,12.628631490727804,2.61217283646568
전북,2018,2020,2-3. 가사수행 격차,24.766134248892875,25.328916738128477,3.2706678309272923
전북,2019,2021,2-3. 가사수행 격차,24.766134248892875,18.695845350022655,2.980407717564331
전북,2020,2022,2-3. 가사수행 격차,24.766134248892875,17.922461618645222,2.9403496618543126
전북,2021,2023,2-3. 가사수행 격차,41.83941218423977,11.665119354129509,2.53885170734366
전북,2022,2024,2-3. 가사수행 격차,58.91269011958668,10.927767457108512,2.4788690817248207
제주,2016,2018,2-3. 가사수행 격차,46.03498034532516,172.6792912797506,5.15721044495226
제주,2017,2019,2-3. 가사수행 격차,46.03498034532516,154.05162569504216,5.043758130464353
제주,2018,2020,2-3. 가사수행 격차,46.03498034532516,152.40241020193173,5.033064600686725
제주,2019,2021,2-3. 가사수행 격차,46.03498034532516,0.0,0.0
제주,2020,2022,2-3. 가사수행 격차,46.03498034532516,0.0,0.0
제주,2021,2023,2-3. 가사수행 격차,47.82438506576437,0.0,0.0
제주,2022,2024,2-3. 가사수행 격차,49.61378978620357,0.0,0.0
충남,2016,2018,2-3. 가사수행 격차,30.595113698561985,5.418381429567108,1.859165972141256
충남,2017,2019,2-3. 가사수행 격차,30.595113698561985,9.193758480769787,2.3217756193446375
충남,2018,2020,2-3. 가사수행 격차,30.595113698561985,7.001884463131092,2.0796770718318185
충남,2019,2021,2-3. 가사수행 격차,30.595113698561985,1.5763432534569772,0.9463710499306359
충남,2020,2022,2-3. 가사수행 격차,30.595113698561985,6.4734980437398075,2.0113631684841216
충남,2021,2023,2-3. 가사수행 격차,36.3900913900914,4.804766738969568,1.758679431563792
충남,2022,2024,2-3. 가사수행 격차,42.1850690816208,0.0,0.0
충북,2016,2018,2-3. 가사수행 격차,25.992934268796343,0.0,0.0
충북,2017,2019,2-3. 가사수행 격차,25.992934268796343,0.0,0.0
충북,2018,2020,2-3. 가사수행 격차,25.992934268796343,0.0,0.0
충북,2019,2021,2-3. 가사수행 격차,25.992934268796343,0.6970952818274792,0.5289181318930289
충북,2020,2022,2-3. 가사수행 격차,25.992934268796343,0.0,0.0
충북,2021,2023,2-3. 가사수행 격차,36.67238891376821,0.0,0.0
충북,2022,2024,2-3. 가사수행 격차,47.351843558740114,0.0,0.0
강원,2016,2018,3-1. 의료서비스 여건,27.689927173546273,3024.629044473886,8.01487429743304
강원,2017,2019,3-1. 의료서비스 여건,29.602522458370306,5712.425479095157,8.650574031549954
강원,2018,2020,3-1. 의료서비스 여건,29.56325256845751,5735.546395327019,8.654612634947627
강원,2019,2021,3-1. 의료서비스 여건,28.607719605248487,6625.655175254761,8.798855457424468
강원,2020,2022,3-1. 의료서비스 여건,29.507339394449595,45639.24296751369,10.728545127526997
강원,2021,2023,3-1. 의료서비스 여건,32.89279545010279,8593.43171550844,9.058869797598298
강원,2022,2024,3-1. 의료서비스 여건,35.46888264691613,8616.611519825849,9.061563239395285
경기,2016,2018,3-1. 의료서비스 여건,29.26124558617447,4791.42120167074,8.474791032775393
경기,2017,2019,3-1. 의료서비스 여건,30.40432278682049,1773.8340373040437,7.48146219742771
경기,2018,2020,3-1. 의료서비스 여건,31.273649930033148,14871.26391711361,9.607253275149795
경기,2019,2021,3-1. 의료서비스 여건,31.088683960367693,3118.271717952843,8.045354829822905
경기,2020,2022,3-1. 의료서비스 여건,32.86464674556255,2851.0327479113885,7.955787263905637
경기,2021,2023,3-1. 의료서비스 여건,32.417330946117225,3243.6041957630746,8.084748648128109
경기,2022,2024,3-1. 의료서비스 여건,32.95051032721774,8046.698408908273,8.993141417595139
경남,2016,2018,3-1. 의료서비스 여건,33.260437248978945,2136.2085219052196,7.667255827491547
경남,2017,2019,3-1. 의료서비스 여건,34.608792308836584,3939.922120896152,8.279170015745283
경남,2018,2020,3-1. 의료서비스 여건,35.1418723973094,4360.67607631728,8.38061168364588
경남,2019,2021,3-1. 의료서비스 여건,32.74518990164722,4846.670198830523,8.486253497141087
경남,2020,2022,3-1. 의료서비스 여건,32.60108642839666,4829.21632514211,8.482646533457775
경남,2021,2023,3-1. 의료서비스 여건,34.97129476397165,5536.430625333283,8.619285886118396
경남,2022,2024,3-1. 의료서비스 여건,36.615009454469224,6454.320742911305,8.772659991110777
경북,2016,2018,3-1. 의료서비스 여건,23.171366410012286,7352.476152619348,8.902928426337809
경북,2017,2019,3-1. 의료서비스 여건,23.39722858204287,6719.2217629181505,8.812876433406942
경북,2018,2020,3-1. 의료서비스 여건,23.72369534347041,5273.936490978285,8.570721918646822
경북,2019,2021,3-1. 의료서비스 여건,21.743477550484265,6226.258880650481,8.736691527904295
경북,2020,2022,3-1. 의료서비스 여건,22.80914137869747,5810.195120502554,8.667541529295338
경북,2021,2023,3-1. 의료서비스 여건,19.301334896287617,7991.2083913142,8.986222394977707
경북,2022,2024,3-1. 의료서비스 여건,14.892547612462208,7235.962619657863,8.886956869681843
광주,2016,2018,3-1. 의료서비스 여건,50.41863927011695,44272.322323347,10.698137569744445
광주,2017,2019,3-1. 의료서비스 여건,53.00822586442532,1825.531053534463,7.5101738477521645
광주,2018,2020,3-1. 의료서비스 여건,52.926918952921945,2008.174547147892,7.605479243643096
광주,2019,2021,3-1. 의료서비스 여건,52.83179260252096,1768.8889088035246,7.478672060210331
광주,2020,2022,3-1. 의료서비스 여건,51.271556978930555,1762.6612743714986,7.4751471967969305
광주,2021,2023,3-1. 의료서비스 여건,53.267036525193575,2422.3185423202094,7.792893178259072
광주,2022,2024,3-1. 의료서비스 여건,52.74465192790742,4928.9204513988,8.503078131287651
대구,2016,2018,3-1. 의료서비스 여건,39.6024853076292,1320.6877444539257,7.186664793158106
대구,2017,2019,3-1. 의료서비스 여건,42.68340294647537,1971.964886148936,7.58729270867668
대구,2018,2020,3-1. 의료서비스 여건,41.876961496521,2882.989944551446,7.966930011766115
대구,2019,2021,3-1. 의료서비스 여건,43.49185261469125,1850.4758009785312,7.52373833031337
대구,2020,2022,3-1. 의료서비스 여건,45.463199566856545,1887.0006755687743,7.543273704527826
대구,2021,2023,3-1. 의료서비스 여건,47.66976965516236,2100.847340211191,7.650571922829565
대구,2022,2024,3-1. 의료서비스 여건,48.36904525896621,3887.242879487432,8.265712632633193
대전,2016,2018,3-1. 의료서비스 여건,69.55170209512754,17623.722154936604,9.777057863297296
대전,2017,2019,3-1. 의료서비스 여건,72.17487740045905,18156.807186115144,9.806855895201194
대전,2018,2020,3-1. 의료서비스 여건,76.4521638203912,4209.427809341446,8.345319538934497
대전,2019,2021,3-1. 의료서비스 여건,75.75274470246913,4384.4551389529415,8.38604869393607
대전,2020,2022,3-1. 의료서비스 여건,71.81256466741875,4480.626716815312,8.407741365933834
대전,2021,2023,3-1. 의료서비스 여건,74.00180524559265,448.5005124217301,6.108136993892627
대전,2022,2024,3-1. 의료서비스 여건,72.67566589857492,3609.0572467076217,8.191478909014938
부산,2016,2018,3-1. 의료서비스 여건,59.70059638162357,2912.8475984260504,7.977229685602311
부산,2017,2019,3-1. 의료서비스 여건,59.99859561537828,3147.311138484986,8.054621441529042
부산,2018,2020,3-1. 의료서비스 여건,60.37196651206336,3364.6101679479584,8.121364553411501
부산,2019,2021,3-1. 의료서비스 여건,56.17812764180724,5349.49487534436,8.584944335676552
부산,2020,2022,3-1. 의료서비스 여건,53.73503966338807,5163.2564087722285,8.549516403865582
부산,2021,2023,3-1. 의료서비스 여건,57.575785140463545,8392.297794724007,9.035188784774006
부산,2022,2024,3-1. 의료서비스 여건,59.15050023797479,10115.722840704611,9.22194506042731
서울,2016,2018,3-1. 의료서비스 여건,53.30263819936584,15930.418408553858,9.67604843902525
서울,2017,2019,3-1. 의료서비스 여건,54.46359514285852,13823.661546539057,9.534209344827866
서울,2018,2020,3-1. 의료서비스 여건,54.58336356258721,13992.190901933049,9.54632612613635
서울,2019,2021,3-1. 의료서비스 여건,55.52561631721004,13023.174521332758,9.474562488132023
서울,2020,2022,3-1. 의료서비스 여건,56.31693522044944,12806.323151869785,9.457772407548575
서울,2021,2023,3-1. 의료서비스 여건,56.3567676746562,12270.175999928984,9.415008376627256
서울,2022,2024,3-1. 의료서비스 여건,53.08158358368327,17211.954613822716,9.753417554529676
세종,2016,2018,3-1. 의료서비스 여건,13.598146847710444,1683.446186688039,7.429192116173088
세종,2017,2019,3-1. 의료서비스 여건,9.567778576811095,20237.18203976013,9.915326299197375
세종,2018,2020,3-1. 의료서비스 여건,28.121551057856287,19012.657133394725,9.852912796432562
세종,2019,2021,3-1. 의료서비스 여건,23.06200177904267,1745.6669082329947,7.465464626948301
세종,2020,2022,3-1. 의료서비스 여건,32.550155673636176,2908.7199706256733,7.975812125509591
세종,2021,2023,3-1. 의료서비스 여건,52.4773081508897,3879.14675884536,8.263628256346673
세종,2022,2024,3-1. 의료서비스 여건,53.688520034371145,5841.022818895018,8.672832388947421
울산,2016,2018,3-1. 의료서비스 여건,34.98520637290057,1358.8456104237705,7.215126450538789
울산,2017,2019,3-1. 의료서비스 여건,35.13000027860628,13855.06336414266,9.536478203839007
울산,2018,2020,3-1. 의료서비스 여건,34.47442845945281,18387.73891705571,9.81949374086181
울산,2019,2021,3-1. 의료서비스 여건,34.64175305250671,10020.710934405097,9.21250911199904
울산,2020,2022,3-1. 의료서비스 여건,34.55801912304294,34479.244517754465,10.44814181633469
울산,2021,2023,3-1. 의료서비스 여건,36.623736297612645,43382.96825436277,10.677845256784568
울산,2022,2024,3-1. 의료서비스 여건,36.93851692007106,46111.78553962528,10.738845534124854
인천,2016,2018,3-1. 의료서비스 여건,27.206997589852172,3665.722814927738,8.207053576157262
인천,2017,2019,3-1. 의료서비스 여건,28.111294756724693,1611.1010527410508,7.385293608906397
인천,2018,2020,3-1. 의료서비스 여건,30.12625127838598,3206.903835563611,8.073372992091844
인천,2019,2021,3-1. 의료서비스 여건,32.240289234019734,4457.823312396632,8.402640178903306
인천,2020,2022,3-1. 의료서비스 여건,27.851461563233535,252214.24625697467,12.43803815372688
인천,2021,2023,3-1. 의료서비스 여건,28.479950721469123,272361.80490847805,12.514890298076985
인천,2022,2024,3-1. 의료서비스 여건,28.16011827164385,262486.3870030222,12.477958310347104
전남,2016,2018,3-1. 의료서비스 여건,9.032364077706614,69242.78295382053,11.145388643179267
전남,2017,2019,3-1. 의료서비스 여건,10.16253438977978,4543.70199013489,8.42171743573466
전남,2018,2020,3-1. 의료서비스 여건,9.93097807328394,5548.036158188327,8.621379526467642
전남,2019,2021,3-1. 의료서비스 여건,11.917822185015226,3775.989893314472,8.236682646858856
전남,2020,2022,3-1. 의료서비스 여건,9.396500834406178,3415.2711088822516,8.136304916186159
전남,2021,2023,3-1. 의료서비스 여건,10.3472577905818,3195.981426087121,8.069962339248507
전남,2022,2024,3-1. 의료서비스 여건,8.407393057652016,1895.6641225300043,7.547851897078786
전북,2016,2018,3-1. 의료서비스 여건,44.36252484008675,20264.27517684793,9.9166641178919
전북,2017,2019,3-1. 의료서비스 여건,46.35008563442698,22917.17756622375,10.039685654849901
전북,2018,2020,3-1. 의료서비스 여건,47.1237777347055,23018.28630869271,10.044087678697645
전북,2019,2021,3-1. 의료서비스 여건,45.65825886859021,14245.610961872262,9.56427433017438
전북,2020,2022,3-1. 의료서비스 여건,45.12044369179129,23655.259675062534,10.071383038605246
전북,2021,2023,3-1. 의료서비스 여건,44.16968881201424,23018.196765536057,10.044083788771188
전북,2022,2024,3-1. 의료서비스 여건,41.51222734278776,24905.532326061577,10.122885390459157
제주,2016,2018,3-1. 의료서비스 여건,24.75351925788035,16756.798425787,9.726619006564487
제주,2017,2019,3-1. 의료서비스 여건,25.106713524446768,18590.607851931694,9.830465567127755
제주,2018,2020,3-1. 의료서비스 여건,27.22952052828397,19241.65096805056,9.864884498930538
제주,2019,2021,3-1. 의료서비스 여건,26.758102239548418,1765.5452221124265,7.476781066308737
제주,2020,2022,3-1. 의료서비스 여건,28.256499169615843,3442.078504253904,8.144121264197928
제주,2021,2023,3-1. 의료서비스 여건,28.01253704667603,4283.339053782049,8.36272157264273
제주,2022,2024,3-1. 의료서비스 여건,28.066532331955617,13808.83335720082,9.533136179509448
충남,2016,2018,3-1. 의료서비스 여건,38.31745197952167,2152.939677224195,7.675053852321492
충남,2017,2019,3-1. 의료서비스 여건,38.59929561779702,2540.1813873044525,7.840384364992995
충남,2018,2020,3-1. 의료서비스 여건,37.51157774553992,3645.8273793026433,8.201612857443518
충남,2019,2021,3-1. 의료서비스 여건,33.752694050006966,4830.9666240944825,8.48300883232558
충남,2020,2022,3-1. 의료서비스 여건,31.720782483254855,3913.478548134703,8.272437406229416
충남,2021,2023,3-1. 의료서비스 여건,33.00496871612401,6028.540827385117,8.70442613879282
충남,2022,2024,3-1. 의료서비스 여건,30.494482183516936,6920.424941986564,8.842376943885876
충북,2016,2018,3-1. 의료서비스 여건,33.31959238327993,7364.646320127007,8.904582080664492
충북,2017,2019,3-1. 의료서비스 여건,33.089153394420414,3734.8324202538,8.225725942950248
충북,2018,2020,3-1. 의료서비스 여건,32.12842579248667,2585.469476445691,7.858049088270395
충북,2019,2021,3-1. 의료서비스 여건,31.293176481733937,2991.1661447935294,8.003752867229634
충북,2020,2022,3-1. 의료서비스 여건,27.605929794371445,3066.7350139913415,8.028694787828456
충북,2021,2023,3-1. 의료서비스 여건,29.647817179441404,3187.695511123809,8.067367181461746
충북,2022,2024,3-1. 의료서비스 여건,28.868275975158276,4217.004142216736,8.347117343071604
강원,2016,2018,3-2. 산후조리 여건,65.05247592857201,0.0,0.0
강원,2017,2019,3-2. 산후조리 여건,66.07007518673791,5045.590888800366,8.526468222781343
강원,2018,2020,3-2. 산후조리 여건,66.9925700680166,2292.441471718623,7.737808794513273
강원,2019,2021,3-2. 산후조리 여건,67.16027166537927,2220.615040166223,7.705989705940066
강원,2020,2022,3-2. 산후조리 여건,67.44710812025322,3397.944574943975,8.131220243280135
강원,2021,2023,3-2. 산후조리 여건,68.79849769837942,7942.962258402212,8.980167454757304
강원,2022,2024,3-2. 산후조리 여건,71.4397088030497,5986.430055752995,8.69741755993954
경기,2016,2018,3-2. 산후조리 여건,43.19113088339466,256.98848316246,5.552914945020078
경기,2017,2019,3-2. 산후조리 여건,44.57471059621409,7420.816651366251,8.912179137915551
경기,2018,2020,3-2. 산후조리 여건,45.82898156061854,7839.64482398967,8.967076357920142
경기,2019,2021,3-2. 산후조리 여건,46.05699718273743,7248.358456715088,8.888668255204408
경기,2020,2022,3-2. 산후조리 여건,46.44699461706726,6678.198801990047,8.806753319515487
경기,2021,2023,3-2. 산후조리 여건,48.28441262755308,6610.423153100425,8.79655421271227
경기,2022,2024,3-2. 산후조리 여건,51.8755375938603,7690.282762984326,8.947842857819309
경남,2016,2018,3-2. 산후조리 여건,46.5020023693559,1504.497242249744,7.31687851613648
경남,2017,2019,3-2. 산후조리 여건,47.63367831669369,3055.617103904377,8.025064061806791
경남,2018,2020,3-2. 산후조리 여건,48.65958833019642,3651.339434569669,8.203123182239585
경남,2019,2021,3-2. 산후조리 여건,48.84608990490033,4739.251641594246,8.463845502223888
경남,2020,2022,3-2. 산후조리 여건,49.16508180096907,4887.1597022916,8.494571172635952
경남,2021,2023,3-2. 산후조리 여건,50.667967213646016,6279.364398903906,8.745183283082012
경남,2022,2024,3-2. 산후조리 여건,53.60526797817702,6051.64200001239,8.708250149918642
경북,2016,2018,3-2. 산후조리 여건,49.035401414541305,1722.8801755508543,7.4523329450673375
경북,2017,2019,3-2. 산후조리 여건,49.95194005030454,3488.85982534696,8.15761684973282
경북,2018,2020,3-2. 산후조리 여건,50.782819390281354,4630.762947638627,8.440692840835862
경북,2019,2021,3-2. 산후조리 여건,50.93386607396225,8330.252941257868,9.02776913696616
경북,2020,2022,3-2. 산후조리 여건,51.1922159999549,13091.233086371629,9.479774439187887
경북,2021,2023,3-2. 산후조리 여건,52.40939530740928,7832.137506268485,8.966118411951888
경북,2022,2024,3-2. 산후조리 여건,54.78830036577224,10805.94647038932,9.287944398055895
광주,2016,2018,3-2. 산후조리 여건,14.3674025975917,1608.9380422296774,7.383950974150859
광주,2017,2019,3-2. 산후조리 여건,15.9045542147539,3530.4114586063884,8.169452916640687
광주,2018,2020,3-2. 산후조리 여건,17.29804432120034,218.22846196938644,5.390114391395611
광주,2019,2021,3-2. 산후조리 여건,17.55136878023282,240.2290177458062,5.485746763362339
광주,2020,2022,3-2. 산후조리 여건,17.984654395304183,489.7922987880569,6.196021021572771
광주,2021,2023,3-2. 산후조리 여건,20.02601857551881,336.0525277526697,5.820238786908382
광주,2022,2024,3-2. 산후조리 여건,24.015744283582222,2930.2297180816545,7.983177312966099
대구,2016,2018,3-2. 산후조리 여건,49.549709674906325,1722.697231514848,7.452226816029711
대구,2017,2019,3-2. 산후조리 여건,50.6734921409668,2711.5694898885035,7.905651615912644
대구,2018,2020,3-2. 산후조리 여건,51.69224639446345,3665.738484305952,8.207057849549479
대구,2019,2021,3-2. 산후조리 여건,51.877447113837206,3224.3280417151145,8.078789942418187
대구,2020,2022,3-2. 산후조리 여건,52.19421402972045,3105.7911095400736,8.041345674928186
대구,2021,2023,3-2. 산후조리 여건,53.68661676147195,3512.1858097889653,8.16427854292202
대구,2022,2024,3-2. 산후조리 여건,56.60342974533994,3970.58929298972,8.286921619262392
대전,2016,2018,3-2. 산후조리 여건,36.29145812938113,1652.4462628819183,7.410617032880691
대전,2017,2019,3-2. 산후조리 여건,37.5147169238195,4367.881776759301,8.382262369020042
대전,2018,2020,3-2. 산후조리 여건,38.62365049201263,4812.669873972692,8.479215039749908
대전,2019,2021,3-2. 산후조리 여건,38.825245031482915,5696.417843176181,8.647768341213535
대전,2020,2022,3-2. 산후조리 여건,39.17005190233549,4895.293776236022,8.496233825708217
대전,2021,2023,3-2. 산후조리 여건,40.794560934638426,780.6179804808593,6.661366105173359
대전,2022,2024,3-2. 산후조리 여건,43.969567879493695,3527.0648025198084,8.168504785019161
부산,2016,2018,3-2. 산후조리 여건,41.616896144528695,1483.3729121509973,7.30274768067111
부산,2017,2019,3-2. 산후조리 여건,42.771837089315426,2150.129929028065,7.673748531454669
부산,2018,2020,3-2. 산후조리 여건,43.8188377638887,3448.809621600309,8.146074326357978
부산,2019,2021,3-2. 산후조리 여건,44.00917343851311,3429.70454477937,8.140520925708145
부산,2020,2022,3-2. 산후조리 여건,44.334723170918075,3515.564549369538,8.16523981172052
부산,2021,2023,3-2. 산후조리 여건,45.86850490632257,3372.7683009124103,8.123785588819143
부산,2022,2024,3-2. 산후조리 여건,48.86619070859725,3490.787663495784,8.158169108551645
서울,2016,2018,3-2. 산후조리 여건,25.01060153350078,2617.9862173723163,7.870542581940339
서울,2017,2019,3-2. 산후조리 여건,26.809187624547103,3840.876618942739,8.253716229055097
서울,2018,2020,3-2. 산후조리 여건,28.43967865450308,4272.569017175299,8.360204592510833
서울,2019,2021,3-2. 산후조리 여건,28.73608783330537,4191.950667314098,8.341159981614808
서울,2020,2022,3-2. 산후조리 여건,29.24306546128751,4578.884802950281,8.429429124597647
서울,2021,2023,3-2. 산후조리 여건,31.631619186438257,5769.851616591949,8.660574942474666
서울,2022,2024,3-2. 산후조리 여건,36.29990635179972,6868.965008784989,8.834914291867905
세종,2016,2018,3-2. 산후조리 여건,57.53254067971248,6950.17543305846,8.846666051317241
세종,2017,2019,3-2. 산후조리 여건,58.97275480750409,9546.98589477769,9.16408551016162
세종,2018,2020,3-2. 산후조리 여건,60.27836715948995,4430.50774131792,8.39649515306126
세종,2019,2021,3-2. 산후조리 여건,60.51571620218706,4946.555287137063,8.506648852176701
세종,2020,2022,3-2. 산후조리 여건,60.92167749919085,6608.973365132048,8.796334903356835
세종,2021,2023,3-2. 산후조리 여건,62.834307001373936,6323.14161100527,8.75212959071073
세종,2022,2024,3-2. 산후조리 여건,66.57242838550542,4284.781857506687,8.363058278216245
울산,2016,2018,3-2. 산후조리 여건,36.14463347230961,1597.1171444599267,7.376581430560504
울산,2017,2019,3-2. 산후조리 여건,37.37720354123721,4022.760472757428,8.299972185345245
울산,2018,2020,3-2. 산후조리 여건,38.49457815632136,10269.378715940553,9.237019178186282
울산,2019,2021,3-2. 산후조리 여건,38.69770720517026,4037.8709373056095,8.30372046093195
울산,2020,2022,3-2. 산후조리 여건,39.04513869759504,5300.882106478021,8.575817150931822
울산,2021,2023,3-2. 산후조리 여건,40.68201326495789,8199.568323395228,9.0119587385818
울산,2022,2024,3-2. 산후조리 여건,43.881187917662935,8031.51771915461,8.991253296920306
인천,2016,2018,3-2. 산후조리 여건,38.06835445828668,538.1020619721602,6.289904907292008
인천,2017,2019,3-2. 산후조리 여건,39.33074494486276,2944.881432469297,7.9881633492572135
인천,2018,2020,3-2. 산후조리 여건,40.475152974542674,4385.861219488885,8.386369266175038
인천,2019,2021,3-2. 산후조리 여건,40.683196464546626,4592.2793912929465,8.432349512280426
인천,2020,2022,3-2. 산후조리 여건,41.039033606653746,4122.143298955093,8.324371088094944
인천,2021,2023,3-2. 산후조리 여건,42.71551020920103,3878.556499793022,8.263476121907043
인천,2022,2024,3-2. 산후조리 여건,45.992084700405435,3442.226275318519,8.144164181573608
전남,2016,2018,3-2. 산후조리 여건,62.88246669012002,4371.689103951149,8.383133454431245
전남,2017,2019,3-2. 산후조리 여건,63.68459778348325,5484.647174349218,8.609890355603081
전남,2018,2020,3-2. 산후조리 여건,64.41176205940437,6880.749470208654,8.83662818206339
전남,2019,2021,3-2. 산후조리 여건,64.54395424072901,5285.871845171179,8.572982016329632
전남,2020,2022,3-2. 산후조리 여건,64.77005546605731,6888.994006126872,8.837825494069282
전남,2021,2023,3-2. 산후조리 여건,65.83529956009862,2138.02875309236,7.668107151297978
전남,2022,2024,3-2. 산후조리 여건,67.91725621856828,2591.6540466084048,7.860437358438052
전북,2016,2018,3-2. 산후조리 여건,53.75646363769341,2250.471070153843,7.719339090515768
전북,2017,2019,3-2. 산후조리 여건,54.58966443918823,3959.075972343167,8.28401848899964
전북,2018,2020,3-2. 산후조리 여건,55.34499466205184,4558.571789944673,8.424983992385126
전북,2019,2021,3-2. 산후조리 여건,55.48230716912501,4738.399684478741,8.463665757824332
전북,2020,2022,3-2. 산후조리 여건,55.717166188705725,4349.06453638045,8.377945959922206
전북,2021,2023,3-2. 산후조리 여건,56.82367139750074,4208.191807002221,8.345025938414658
전북,2022,2024,3-2. 산후조리 여건,58.98627046748707,5853.8324830763395,8.675022664704727
제주,2016,2018,3-2. 산후조리 여건,47.48142614500304,1745.7876348382788,7.465533742835652
제주,2017,2019,3-2. 산후조리 여건,48.769309932355135,3231.660770135996,8.081060844950153
제주,2018,2020,3-2. 산후조리 여건,49.93682867018865,3642.417603826169,8.200677422287907
제주,2019,2021,3-2. 산후조리 여건,50.14907348721585,3904.60280715078,8.270167418388636
제주,2020,2022,3-2. 산후조리 여건,50.512096570113485,4330.658552906407,8.37370578527908
제주,2021,2023,3-2. 산후조리 여건,52.22242872110411,4325.7783650014035,8.37257851751284
제주,2022,2024,3-2. 산후조리 여건,55.565171881914,4587.0327939281115,8.431206625984856
충남,2016,2018,3-2. 산후조리 여건,45.28024263813373,3029.200322013787,8.016384009193892
충남,2017,2019,3-2. 산후조리 여건,46.33100241302547,5288.57436373222,8.573493061073108
충남,2018,2020,3-2. 산후조리 여건,47.28355864379386,7867.425104073528,8.970613207545282
충남,2019,2021,3-2. 산후조리 여건,47.45672513470837,7098.799118067921,8.867821769399276
충남,2020,2022,3-2. 산후조리 여건,47.75290873187149,9544.923884800355,9.163869524016386
충남,2021,2023,3-2. 산후조리 여건,49.14833605506187,11428.137688639115,9.34392131112918
충남,2022,2024,3-2. 산후조리 여건,51.87561633117674,5483.077113172771,8.609604102066344
충북,2016,2018,3-2. 산후조리 여건,50.77859207925105,1608.652570952128,7.383773640251866
충북,2017,2019,3-2. 산후조리 여건,51.69972903181776,2832.529065985296,7.949278233536696
충북,2018,2020,3-2. 산후조리 여건,52.53477693194205,3571.7015538533487,8.18107732636607
충북,2019,2021,3-2. 산후조리 여건,52.68658142383373,4913.05783679189,8.499855322810781
충북,2020,2022,3-2. 산후조리 여건,52.946227503375745,4499.68964987837,8.41198591954451
충북,2021,2023,3-2. 산후조리 여건,54.169513455813664,3856.9638412852046,8.257894821022894
충북,2022,2024,3-2. 산후조리 여건,56.5603535910811,4648.7600059578535,8.44457088562751
강원,2016,2018,3-3. 아동안전 수준,5.763878670002088,1206.5664122117505,7.09636238377558
강원,2017,2019,3-3. 아동안전 수준,24.946309772771023,49.174394368107514,3.9155048242180746
강원,2018,2020,3-3. 아동안전 수준,46.601395488479774,53.31259236554936,3.9947561036556833
강원,2019,2021,3-3. 아동안전 수준,49.779847027866246,531.9921950854543,6.278506780691752
강원,2020,2022,3-3. 아동안전 수준,53.26297963915507,1299.7301411499786,7.170681032823407
강원,2021,2023,3-3. 아동안전 수준,59.332718658733015,1230.599786513019,7.116069242709163
강원,2022,2024,3-3. 아동안전 수준,58.54926671652524,9.882946383039284,2.387197012030768
경기,2016,2018,3-3. 아동안전 수준,27.18004069255953,228.2677956372759,5.434890733586364
경기,2017,2019,3-3. 아동안전 수준,38.988982402810805,376.9223832201717,5.934688839139017
경기,2018,2020,3-3. 아동안전 수준,49.28158093469103,232.35951047639284,5.452580227838689
경기,2019,2021,3-3. 아동안전 수준,58.91004847919341,399.4395498343785,5.992562818373193
경기,2020,2022,3-3. 아동안전 수준,74.25428824790757,476.1445626935072,6.167819511416395
경기,2021,2023,3-3. 아동안전 수준,70.4425400577412,509.4528685444677,6.235298309237725
경기,2022,2024,3-3. 아동안전 수준,68.83975568278068,585.7747001847797,6.374640930453157
경남,2016,2018,3-3. 아동안전 수준,36.57153219808241,15.707415602244264,2.8158526689011336
경남,2017,2019,3-3. 아동안전 수준,45.69395954197174,272.2252215304927,5.610296442361174
경남,2018,2020,3-3. 아동안전 수준,57.4265547685345,406.3124061697983,6.0095804737284135
경남,2019,2021,3-3. 아동안전 수준,62.54589844085686,281.2303171935047,5.642723465234125
경남,2020,2022,3-3. 아동안전 수준,73.366165664526,986.7776464501736,6.895457618219142
경남,2021,2023,3-3. 아동안전 수준,76.97777393769881,292.76627517825403,5.682784468785718
경남,2022,2024,3-3. 아동안전 수준,80.09553277880957,341.6574257057719,5.836731189198651
경북,2016,2018,3-3. 아동안전 수준,28.491117731389902,227.24974586331535,5.4304404060607245
경북,2017,2019,3-3. 아동안전 수준,32.406780115598615,284.7785063663053,5.655217057511333
경북,2018,2020,3-3. 아동안전 수준,40.24487562417128,293.8861614586997,5.686589388503476
경북,2019,2021,3-3. 아동안전 수준,44.01383965386506,1001.377039404096,6.910129497697111
경북,2020,2022,3-3. 아동안전 수준,57.33494865228164,1326.9295321382829,7.191376265479597
경북,2021,2023,3-3. 아동안전 수준,59.6006854408693,535.3115930001891,6.284715322388078
경북,2022,2024,3-3. 아동안전 수준,62.39776815924101,575.5744683540703,6.357104504574381
광주,2016,2018,3-3. 아동안전 수준,14.268004034439883,1009.730989210872,6.918429099747283
광주,2017,2019,3-3. 아동안전 수준,23.581363745677297,1905.1762528463337,7.552854552575928
광주,2018,2020,3-3. 아동안전 수준,34.97665275709039,527.8450163158445,6.270695414104519
광주,2019,2021,3-3. 아동안전 수준,50.68073407067701,54.84328057862456,4.022549206345627
광주,2020,2022,3-3. 아동안전 수준,72.98206087498771,106.38022779107116,4.676376066346906
광주,2021,2023,3-3. 아동안전 수준,65.14442950335754,54.08570725633096,4.008890286072969
광주,2022,2024,3-3. 아동안전 수준,59.33611490540024,24.85050645332152,3.2523301927672184
대구,2016,2018,3-3. 아동안전 수준,31.21134023927024,521.8167381524194,6.259230997596428
대구,2017,2019,3-3. 아동안전 수준,28.821809417907797,960.543813391706,6.86854013174074
대구,2018,2020,3-3. 아동안전 수준,31.99576473487752,446.4075860398356,6.103470004745619
대구,2019,2021,3-3. 아동안전 수준,29.734984346735075,1932.1693592962008,7.56691609011234
대구,2020,2022,3-3. 아동안전 수준,49.2124287968931,254.49238786409876,5.543192616104432
대구,2021,2023,3-3. 아동안전 수준,55.14785959431295,499.03204512093527,6.214672186610371
대구,2022,2024,3-3. 아동안전 수준,62.45604898969756,548.3094005023631,6.3086618538055665
대전,2016,2018,3-3. 아동안전 수준,25.29983198650653,2198.519052234848,7.695994002826661
대전,2017,2019,3-3. 아동안전 수준,36.11323419538222,186.11583965866876,5.231727888481666
대전,2018,2020,3-3. 아동안전 수준,51.237761468625685,2816.4302862278973,7.943580502476634
대전,2019,2021,3-3. 아동안전 수준,56.26026059820642,3846.9414886545833,8.255293606018894
대전,2020,2022,3-3. 아동안전 수준,76.71817449806296,3331.8118064244386,8.111571612994563
대전,2021,2023,3-3. 아동안전 수준,76.12148905518136,1035.3833032014306,6.94349233817747
대전,2022,2024,3-3. 아동안전 수준,78.30994593895394,1859.4218698863292,7.5285585527561905
부산,2016,2018,3-3. 아동안전 수준,49.79965049226258,7519.974210256794,8.925450957789383
부산,2017,2019,3-3. 아동안전 수준,58.31289805154502,3460.191882342927,8.14936828339958
부산,2018,2020,3-3. 아동안전 수준,69.85074099300735,2662.0499266727384,7.887227333919349
부산,2019,2021,3-3. 아동안전 수준,73.16651412487433,1989.122278238307,7.5959513621816965
부산,2020,2022,3-3. 아동안전 수준,81.77348553019358,2313.619381538773,7.747000538980739
부산,2021,2023,3-3. 아동안전 수준,80.07519617750934,2244.3686233474086,7.716624984179566
부산,2022,2024,3-3. 아동안전 수준,80.18694119747813,4319.478552304263,8.371121451099306
서울,2016,2018,3-3. 아동안전 수준,34.876316392172484,3927.0383136258974,8.275895423404867
서울,2017,2019,3-3. 아동안전 수준,48.35173880013909,2697.325727385746,7.900386758682054
서울,2018,2020,3-3. 아동안전 수준,62.93178796380554,4653.626403248042,8.445616929400822
서울,2019,2021,3-3. 아동안전 수준,65.18833330511109,6431.022367121708,8.769044288328146
서울,2020,2022,3-3. 아동안전 수준,77.07890536786002,8718.561755642058,9.073324258259582
서울,2021,2023,3-3. 아동안전 수준,78.94968082956616,3075.42228889064,8.031522606277782
서울,2022,2024,3-3. 아동안전 수준,80.14796232556252,2199.783365059879,7.6965686509939575
세종,2016,2018,3-3. 아동안전 수준,51.32466938765263,5611.48728896013,8.632749267274693
세종,2017,2019,3-3. 아동안전 수준,58.0307182763494,0.0,0.0
세종,2018,2020,3-3. 아동안전 수준,71.9592380829598,179.7887199375388,5.197329056285754
세종,2019,2021,3-3. 아동안전 수준,81.52257717631197,167.67984024193433,5.128002481770573
세종,2020,2022,3-3. 아동안전 수준,100.0,0.0,0.0
세종,2021,2023,3-3. 아동안전 수준,93.12061631169352,0.0,0.0
세종,2022,2024,3-3. 아동안전 수준,82.45456136985874,2229.417561462559,7.709944094218206
울산,2016,2018,3-3. 아동안전 수준,32.07508779862313,153.53061188940617,5.040392211918125
울산,2017,2019,3-3. 아동안전 수준,50.546219430663974,69.03020955490241,4.248926714021973
울산,2018,2020,3-3. 아동안전 수준,65.71525333809902,72.40455028865253,4.295985926732395
울산,2019,2021,3-3. 아동안전 수준,70.89346558149279,11.91405243365314,2.558316054413869
울산,2020,2022,3-3. 아동안전 수준,87.17973323297979,17.133395208584016,2.8977552774260547
울산,2021,2023,3-3. 아동안전 수준,85.64213661714149,63.059335669630805,4.159809773687507
울산,2022,2024,3-3. 아동안전 수준,82.47352616617002,52.82095789896444,3.985662943337409
인천,2016,2018,3-3. 아동안전 수준,34.85373034569501,313.89286948376014,5.752232484102622
인천,2017,2019,3-3. 아동안전 수준,44.17363022908483,3660.3221603258585,8.20557960715246
인천,2018,2020,3-3. 아동안전 수준,53.96834469192585,3490.288389487039,8.158026113113587
인천,2019,2021,3-3. 아동안전 수준,62.91573269904093,3332.320180062313,8.111724137318982
인천,2020,2022,3-3. 아동안전 수준,77.390922964171,4133.187935279001,8.327046200088661
인천,2021,2023,3-3. 아동안전 수준,79.42607290747648,4437.8553418267375,8.398151816293739
인천,2022,2024,3-3. 아동안전 수준,81.42646347154104,6674.588961969673,8.806212713379006
전남,2016,2018,3-3. 아동안전 수준,19.787885108451835,421.56666096883725,6.046347211792712
전남,2017,2019,3-3. 아동안전 수준,31.23110753550664,51.01139796851021,3.9514628862645553
전남,2018,2020,3-3. 아동안전 수준,51.92523606383272,23.44588234109835,3.196461790331067
전남,2019,2021,3-3. 아동안전 수준,52.53166316752857,353.75849216677227,5.8714372542082405
전남,2020,2022,3-3. 아동안전 수준,60.64034266210704,2648.767508058709,7.8822271823234855
전남,2021,2023,3-3. 아동안전 수준,59.116283152208645,28.930609288328565,3.398881678768282
전남,2022,2024,3-3. 아동안전 수준,55.83913099662709,7.826392720560325,2.1777464057287697
전북,2016,2018,3-3. 아동안전 수준,29.5794959849715,3797.8267362824745,8.242447544430393
전북,2017,2019,3-3. 아동안전 수준,44.04325782269614,0.0,0.0
전북,2018,2020,3-3. 아동안전 수준,61.471280453090195,0.0,0.0
전북,2019,2021,3-3. 아동안전 수준,62.740902839632874,3592.7182814293537,8.186942678469661
전북,2020,2022,3-3. 아동안전 수준,69.84865590787905,500.0366791602017,6.216679310301615
전북,2021,2023,3-3. 아동안전 수준,70.52573995757314,485.2689651317876,6.186761897013787
전북,2022,2024,3-3. 아동안전 수준,68.99269906090923,450.9141940196355,6.113492325571307
제주,2016,2018,3-3. 아동안전 수준,12.925374122793585,13011.384597929207,9.473656844328987
제주,2017,2019,3-3. 아동안전 수준,24.319403389974717,8791.212772997073,9.081621696540973
제주,2018,2020,3-3. 아동안전 수준,39.36478130389047,10468.352220759356,9.256207431918018
제주,2019,2021,3-3. 아동안전 수준,42.717582938133496,16827.80147860558,9.730847071256639
제주,2020,2022,3-3. 아동안전 수준,59.50079635926041,10309.087476735083,9.24087806162439
제주,2021,2023,3-3. 아동안전 수준,48.46459017123534,8851.627768608338,9.088469616935654
제주,2022,2024,3-3. 아동안전 수준,47.44567966364062,8768.318296816076,9.079014351081153
충남,2016,2018,3-3. 아동안전 수준,35.1089156276808,39.012346292883166,3.6891880638111436
충남,2017,2019,3-3. 아동안전 수준,46.36640218974969,10.275377125566232,2.422621332773162
충남,2018,2020,3-3. 아동안전 수준,59.889757605938755,50.62901073340944,3.944083738014777
충남,2019,2021,3-3. 아동안전 수준,59.2959678055697,323.67581470983265,5.7828271913017995
충남,2020,2022,3-3. 아동안전 수준,68.3883315611416,532.8186851385842,6.280056240364138
충남,2021,2023,3-3. 아동안전 수준,72.6546361110207,605.4006091101655,6.407540838796928
충남,2022,2024,3-3. 아동안전 수준,75.79849850265587,33.698809402342256,3.546705375192479
충북,2016,2018,3-3. 아동안전 수준,16.943615246443184,3109.2451841600473,8.042456839416277
충북,2017,2019,3-3. 아동안전 수준,26.57852912159067,3134.73249649209,8.050618076968481
충북,2018,2020,3-3. 아동안전 수준,38.2693387745511,58.517388095099825,4.086268506751135
충북,2019,2021,3-3. 아동안전 수준,43.08530688465137,73.89209987371278,4.316048409308862
충북,2020,2022,3-3. 아동안전 수준,57.90934409326699,8.284890355498545,2.22838838595719
충북,2021,2023,3-3. 아동안전 수준,60.06094713502119,0.0,0.0
충북,2022,2024,3-3. 아동안전 수준,59.33859599560993,115.63766947360352,4.759072287553221
강원,2016,2018,4-1. 일·가정 양립 여건,18.862932732901783,89.59651575829828,4.506415754895502
강원,2017,2019,4-1. 일·가정 양립 여건,32.77511961722488,220.5397080751489,5.400601842380728
강원,2018,2020,4-1. 일·가정 양립 여건,27.903828503036024,202.14357938604132,5.3139130166477475
강원,2019,2021,4-1. 일·가정 양립 여건,33.15331877049661,211.34928022442543,5.358232467181722
강원,2020,2022,4-1. 일·가정 양립 여건,50.00614610844014,983.3638526900738,6.891995597698524
강원,2021,2023,4-1. 일·가정 양립 여건,48.68214740304379,119.9114653161842,4.79505858617801
강원,2022,2024,4-1. 일·가정 양립 여건,63.02686467919045,204.24755858281185,5.3242168534155665
경기,2016,2018,4-1. 일·가정 양립 여건,22.541514213340836,663.9236232815558,6.499672181851648
경기,2017,2019,4-1. 일·가정 양립 여건,29.361103292991828,232.659570033717,5.4538652271508585
경기,2018,2020,4-1. 일·가정 양립 여건,23.029136006012884,220.78833016705948,5.401723459316849
경기,2019,2021,4-1. 일·가정 양립 여건,23.899338852291045,582.4134003442078,6.368896026563397
경기,2020,2022,4-1. 일·가정 양립 여건,37.81813085297097,224.74988017670813,5.419427661518252
경기,2021,2023,4-1. 일·가정 양립 여건,34.54718703428592,475.1389465216495,6.16570971609285
경기,2022,2024,4-1. 일·가정 양립 여건,49.73883723656126,468.2108423815517,6.151052224742405
경남,2016,2018,4-1. 일·가정 양립 여건,8.789755136504379,0.0,0.0
경남,2017,2019,4-1. 일·가정 양립 여건,19.589079650999167,1047.91339981876,6.955510050001564
경남,2018,2020,4-1. 일·가정 양립 여건,16.792269854332247,737.7237879699117,6.6049240864934085
경남,2019,2021,4-1. 일·가정 양립 여건,16.88671434391443,1014.7139282250708,6.923347021783472
경남,2020,2022,4-1. 일·가정 양립 여건,32.93303852230283,1145.010116863967,7.044041725214747
경남,2021,2023,4-1. 일·가정 양립 여건,31.113255454279106,758.3590934456064,6.632474779406619
경남,2022,2024,4-1. 일·가정 양립 여건,44.5366208107849,606.496137381597,6.409345816974897
경북,2016,2018,4-1. 일·가정 양립 여건,12.0349000844357,405.003808442007,6.006362539956769
경북,2017,2019,4-1. 일·가정 양립 여건,18.173374613003087,2044.2874624933715,7.623293627054498
경북,2018,2020,4-1. 일·가정 양립 여건,16.59984982011859,1534.7869345103818,7.3367981895744
경북,2019,2021,4-1. 일·가정 양립 여건,18.438546912618975,975.9398580475143,6.884425092366565
경북,2020,2022,4-1. 일·가정 양립 여건,36.173990559761705,1037.4767665492948,6.945510270941973
경북,2021,2023,4-1. 일·가정 양립 여건,33.42337582934511,1285.3889149285976,7.159594281261173
경북,2022,2024,4-1. 일·가정 양립 여건,48.300995385854854,1238.84799777513,7.12274406864583
광주,2016,2018,4-1. 일·가정 양립 여건,24.514494793132567,4300.001390879482,8.366603156168823
광주,2017,2019,4-1. 일·가정 양립 여건,28.90796509991557,715.2296611471955,6.574000871321677
광주,2018,2020,4-1. 일·가정 양립 여건,25.352284454451645,301.7382705208484,5.712868638564083
광주,2019,2021,4-1. 일·가정 양립 여건,25.840701695316593,591.6894777919213,6.3846706156278055
광주,2020,2022,4-1. 일·가정 양립 여건,41.822147125262184,375.28580359627887,5.9303489705956265
광주,2021,2023,4-1. 일·가정 양립 여건,41.7550636977134,118.9885559639281,4.787396371267062
광주,2022,2024,4-1. 일·가정 양립 여건,56.98350036937628,374.88764021010746,5.929290269503106
대구,2016,2018,4-1. 일·가정 양립 여건,22.580917534477923,212.00267478300088,5.361304723297249
대구,2017,2019,4-1. 일·가정 양립 여건,26.194764987334647,236.4850389027152,5.470104627396654
대구,2018,2020,4-1. 일·가정 양립 여건,19.762053647026963,298.5498353197631,5.702280798771022
대구,2019,2021,4-1. 일·가정 양립 여건,23.545930761924705,228.7419632894753,5.436956780382299
대구,2020,2022,4-1. 일·가정 양립 여건,40.931496379835664,194.55920689083123,5.2758631821225075
대구,2021,2023,4-1. 일·가정 양립 여건,35.22610024767871,158.15609720153992,5.069885464031262
대구,2022,2024,4-1. 일·가정 양립 여건,48.94576980203338,173.88515710375867,5.164129513379053
대전,2016,2018,4-1. 일·가정 양립 여건,25.930199831128615,1921.5390562758855,7.561402016531513
대전,2017,2019,4-1. 일·가정 양립 여건,34.39909935265973,2189.781343599065,7.692013537079562
대전,2018,2020,4-1. 일·가정 양립 여건,43.771271282057626,3812.989298561792,8.24643098032575
대전,2019,2021,4-1. 일·가정 양립 여건,42.12756824524415,3548.663585707277,8.174608113389514
대전,2020,2022,4-1. 일·가정 양립 여건,58.88866395513767,231.75151240543892,5.449971414118616
대전,2021,2023,4-1. 일·가정 양립 여건,56.37789711223377,279.60316755405324,5.636941456108043
대전,2022,2024,4-1. 일·가정 양립 여건,70.90102661355255,321.7161157538754,5.776773038170019
부산,2016,2018,4-1. 일·가정 양립 여건,24.565156206023076,267.14772825468197,5.591538053473159
부산,2017,2019,4-1. 일·가정 양립 여건,29.84238671545172,511.0385483013034,6.2383999118563676
부산,2018,2020,4-1. 일·가정 양립 여건,26.473090397079904,516.984645425437,6.249945599784313
부산,2019,2021,4-1. 일·가정 양립 여건,28.08202826726422,567.3187990584269,6.342682527218265
부산,2020,2022,4-1. 일·가정 양립 여건,45.74721316218803,555.1360969737705,6.3210130430269595
부산,2021,2023,4-1. 일·가정 양립 여건,41.97717239653847,408.0387707636593,6.013809945593307
부산,2022,2024,4-1. 일·가정 양립 여건,55.08511827467339,367.3546607204193,5.909046226015842
서울,2016,2018,4-1. 일·가정 양립 여건,40.58260624824093,471.07471344092914,6.157137264247236
서울,2017,2019,4-1. 일·가정 양립 여건,46.97438784126091,603.4718857891346,6.404355160766747
서울,2018,2020,4-1. 일·가정 양립 여건,39.074502162562936,1411.0348230947852,7.2527870799975105
서울,2019,2021,4-1. 일·가정 양립 여건,39.46528539012872,668.1733758225108,6.506043183238303
서울,2020,2022,4-1. 일·가정 양립 여건,54.40673070828132,700.5796906855068,6.553334493497473
서울,2021,2023,4-1. 일·가정 양립 여건,49.369600861791106,1051.492594375707,6.958916529309176
서울,2022,2024,4-1. 일·가정 양립 여건,62.37409149204299,404.3152102674846,6.004665061347273
세종,2016,2018,4-1. 일·가정 양립 여건,38.5280045032367,0.0,0.0
세종,2017,2019,4-1. 일·가정 양립 여건,41.933577258654665,0.0,0.0
세종,2018,2020,4-1. 일·가정 양립 여건,62.84620948636736,0.0,0.0
세종,2019,2021,4-1. 일·가정 양립 여건,63.77542559792893,4769.892598310739,8.470288693904672
세종,2020,2022,4-1. 일·가정 양립 여건,70.71582700065672,4357.292281181721,8.379835580988924
세종,2021,2023,4-1. 일·가정 양립 여건,66.31524750228262,5873.001714074408,8.678291403565538
세종,2022,2024,4-1. 일·가정 양립 여건,78.74561750505313,5121.773295621792,8.541451230690237
울산,2016,2018,4-1. 일·가정 양립 여건,4.064171122994646,100.69215455084432,4.621950157019291
울산,2017,2019,4-1. 일·가정 양립 여건,15.826062482409236,242.10595235197655,5.49349736622173
울산,2018,2020,4-1. 일·가정 양립 여건,14.764674953133609,3598.707273096832,8.18860780810946
울산,2019,2021,4-1. 일·가정 양립 여건,14.933294921236069,92.33390636081184,4.53618345406242
울산,2020,2022,4-1. 일·가정 양립 여건,27.988592075814463,283.652876231002,5.651270459793616
울산,2021,2023,4-1. 일·가정 양립 여건,27.42530380202843,124.26398499603718,4.830423390386821
울산,2022,2024,4-1. 일·가정 양립 여건,42.850936857922854,948.9558298400162,6.856415488608419
인천,2016,2018,4-1. 일·가정 양립 여건,16.642274134534194,118.53842524604109,4.783637869861463
인천,2017,2019,4-1. 일·가정 양립 여건,25.29974669293555,594.2585850274368,6.388995907820611
인천,2018,2020,4-1. 일·가정 양립 여건,22.22425795453089,296.5832865719161,5.695694140669217
인천,2019,2021,4-1. 일·가정 양립 여건,26.39480316923069,480.4161021239105,6.17673197332284
인천,2020,2022,4-1. 일·가정 양립 여건,41.07351551305128,493.4458486648924,6.203437637816445
인천,2021,2023,4-1. 일·가정 양립 여건,34.86107443605722,914.0677656436236,6.8189981233458585
인천,2022,2024,4-1. 일·가정 양립 여건,51.802461371305185,766.3000122475596,6.642877875145511
전남,2016,2018,4-1. 일·가정 양립 여건,12.077117928511129,45395.815448362715,10.72319723726002
전남,2017,2019,4-1. 일·가정 양립 여건,18.916408668730657,467.0923187478043,6.148665538745634
전남,2018,2020,4-1. 일·가정 양립 여건,20.57565955630652,114.1444271869262,4.746187228976816
전남,2019,2021,4-1. 일·가정 양립 여건,24.4989548389018,110.94255160094912,4.7179858075660235
전남,2020,2022,4-1. 일·가정 양립 여건,40.71688521141061,116.08932295650574,4.762937087595268
전남,2021,2023,4-1. 일·가정 양립 여건,36.86383984560074,269.45175317560916,5.600093720735357
전남,2022,2024,4-1. 일·가정 양립 여건,52.01799717025247,149.81951779358337,5.016083875538143
전북,2016,2018,4-1. 일·가정 양립 여건,16.251055446101887,794.6897563781824,6.679209356577086
전북,2017,2019,4-1. 일·가정 양립 여건,22.74134534196454,747.6149842510861,6.618224811635334
전북,2018,2020,4-1. 일·가정 양립 여건,21.50674527965577,1000.492211156075,6.909246377897473
전북,2019,2021,4-1. 일·가정 양립 여건,21.162689494794584,249.9011328453028,5.525058968488938
전북,2020,2022,4-1. 일·가정 양립 여건,35.5858365485604,398.4760633212121,5.990153846818548
전북,2021,2023,4-1. 일·가정 양립 여건,37.13158046292696,342.9545090114076,5.840509407382846
전북,2022,2024,4-1. 일·가정 양립 여건,50.58715721950986,389.9487545220827,5.968576488792543
제주,2016,2018,4-1. 일·가정 양립 여건,34.59893048128344,21628.08123278876,9.981794041521084
제주,2017,2019,4-1. 일·가정 양립 여건,39.09653813678582,28831.617591192116,10.269262580516891
제주,2018,2020,4-1. 일·가정 양립 여건,34.931254422777016,1083.75047254707,6.989105260305994
제주,2019,2021,4-1. 일·가정 양립 여건,39.46197309000668,1020.165925172138,6.928700317372451
제주,2020,2022,4-1. 일·가정 양립 여건,56.81823955440812,1169.1842745427664,7.064916514999243
제주,2021,2023,4-1. 일·가정 양립 여건,56.68464322720748,1204.973300692402,7.095042238312714
제주,2022,2024,4-1. 일·가정 양립 여건,70.62923753724533,290.8850064442217,5.676359911156176
충남,2016,2018,4-1. 일·가정 양립 여건,11.54798761609908,192.89437889258903,5.26731357210477
충남,2017,2019,4-1. 일·가정 양립 여건,18.936110329299183,108.16186447964456,4.692831775940191
충남,2018,2020,4-1. 일·가정 양립 여건,19.095515238912004,149.19399971440865,5.011927789892976
충남,2019,2021,4-1. 일·가정 양립 여건,20.994397607168366,360.9826050416478,5.89159615830008
충남,2020,2022,4-1. 일·가정 양립 여건,38.34667507175422,384.42619152054857,5.954349712987557
충남,2021,2023,4-1. 일·가정 양립 여건,35.81779830269397,385.3422924653594,5.956723744563305
충남,2022,2024,4-1. 일·가정 양립 여건,49.439076924878954,0.0,0.0
충북,2016,2018,4-1. 일·가정 양립 여건,17.343090346186326,144.07994365894564,4.97728492606989
충북,2017,2019,4-1. 일·가정 양립 여건,23.368983957219257,404.8521016765603,6.005988811650251
충북,2018,2020,4-1. 일·가정 양립 여건,29.75338557412457,458.861957867673,6.130926352854633
충북,2019,2021,4-1. 일·가정 양립 여건,31.790120621953353,403.6181681781104,6.002943827774204
충북,2020,2022,4-1. 일·가정 양립 여건,46.622307474243506,407.8817219819043,6.0134259259114975
충북,2021,2023,4-1. 일·가정 양립 여건,46.32683619148994,192.6876190483866,5.266246650189335
충북,2022,2024,4-1. 일·가정 양립 여건,57.15222143461236,306.6912103430354,5.729096716248996
강원,2016,2018,4-2. 사회적 가치관,52.59750797948196,25.385679464851183,3.272821418462807
강원,2017,2019,4-2. 사회적 가치관,54.68770029737093,716.7540512442339,6.576126963351992
강원,2018,2020,4-2. 사회적 가치관,56.77789261525989,771.5516839569784,6.6496989113325515
강원,2019,2021,4-2. 사회적 가치관,59.90181111698443,361.8994524390846,5.894125805369952
강원,2020,2022,4-2. 사회적 가치관,63.025729618708944,803.2318511267789,6.689887599655972
강원,2021,2023,4-2. 사회적 가치관,60.47996702925007,485.6749293532599,6.1875964040132825
강원,2022,2024,4-2. 사회적 가치관,57.93420443979114,7014.915342681283,8.855936467656711
경기,2016,2018,4-2. 사회적 가치관,40.303856711320385,122.01887184779125,4.812337773260131
경기,2017,2019,4-2. 사회적 가치관,40.64678584999992,106.00670938896424,4.672891537065816
경기,2018,2020,4-2. 사회적 가치관,40.98971498867945,3492.8798914636964,8.158768114448794
경기,2019,2021,4-2. 사회적 가치관,44.48384555603792,139.3031064671065,4.943805128467759
경기,2020,2022,4-2. 사회적 가치관,47.97797612339636,267.16373779953307,5.591597755888151
경기,2021,2023,4-2. 사회적 가치관,43.257337031313575,144.08843842842057,4.9773434766908515
경기,2022,2024,4-2. 사회적 가치관,38.53669793923081,223.7364349745905,5.414928315466116
경남,2016,2018,4-2. 사회적 가치관,48.83458094317528,1.0243966697115825,0.7052717152821305
경남,2017,2019,4-2. 사회적 가치관,49.65667955250468,381.866747391582,5.947687010605478
경남,2018,2020,4-2. 사회적 가치관,50.47877816183404,370.7429699394456,5.918202674440393
경남,2019,2021,4-2. 사회적 가치관,57.49043830791197,157.0790600811989,5.063095288139262
경남,2020,2022,4-2. 사회적 가치관,64.5020984539899,157.5879389660793,5.066309259436902
경남,2021,2023,4-2. 사회적 가치관,54.55779833089615,188.8814678569381,5.246400024098456
경남,2022,2024,4-2. 사회적 가치관,44.61349820780233,154.56668669735285,5.047074493047152
경북,2016,2018,4-2. 사회적 가치관,60.070866111372666,696.3827439523565,6.5473343905347345
경북,2017,2019,4-2. 사회적 가치관,57.49659176312784,772.4778546365892,6.650897039527758
경북,2018,2020,4-2. 사회적 가치관,54.92231741488304,1532.6228243376372,7.335388074469954
경북,2019,2021,4-2. 사회적 가치관,49.71995961107984,212.82441735006617,5.365155198571592
경북,2020,2022,4-2. 사회적 가치관,44.517601807276584,1058.616575272086,6.965662400227703
경북,2021,2023,4-2. 사회적 가치관,49.60700285980926,304.518570868371,5.722010565203948
경북,2022,2024,4-2. 사회적 가치관,54.69640391234197,801.1427740714171,6.6872866145553225
광주,2016,2018,4-2. 사회적 가치관,45.21020957484512,133.26238544080937,4.899795985675943
광주,2017,2019,4-2. 사회적 가치관,47.68582284818604,96.99365856792178,4.584902768086293
광주,2018,2020,4-2. 사회적 가치관,50.16143612152694,81.14632340377908,4.408502088810778
광주,2019,2021,4-2. 사회적 가치관,59.27243146350169,245.1726374035977,5.506033067864689
광주,2020,2022,4-2. 사회적 가치관,68.38342680547647,99.73146355412922,4.612458199325155
광주,2021,2023,4-2. 사회적 가치관,69.87579580723205,25.961139483038863,3.2943965508422894
광주,2022,2024,4-2. 사회적 가치관,71.36816480898761,32.66066562436542,3.5163299635037224
대구,2016,2018,4-2. 사회적 가치관,41.84296720109421,187.19882983046432,5.237499009440474
대구,2017,2019,4-2. 사회적 가치관,41.42472875592035,234.60069596325135,5.462138405776682
대구,2018,2020,4-2. 사회적 가치관,41.00649031074651,252.7281042659387,5.536263238025783
대구,2019,2021,4-2. 사회적 가치관,44.101948107884574,202.600024627821,5.316157405638153
대구,2020,2022,4-2. 사회적 가치관,47.1974059050227,181.81222437039747,5.2084595297075555
대구,2021,2023,4-2. 사회적 가치관,43.26395930182932,77.56974794625935,4.363986739167558
대구,2022,2024,4-2. 사회적 가치관,39.33051269863595,61.76942320474152,4.1394680632596845
대전,2016,2018,4-2. 사회적 가치관,47.661077300812465,85.44469445411885,4.459504838980753
대전,2017,2019,4-2. 사회적 가치관,45.21278403942595,376.90404349286894,5.934640310199943
대전,2018,2020,4-2. 사회적 가치관,42.76449077803942,517.3990800136038,6.250745370371374
대전,2019,2021,4-2. 사회적 가치관,48.21386094562168,400.2598080681069,5.994609117928925
대전,2020,2022,4-2. 사회적 가치관,53.663231113204,160.17904217044688,5.082515810270735
대전,2021,2023,4-2. 사회적 가치관,57.98912634102812,1204.9903007786356,7.09505633478268
대전,2022,2024,4-2. 사회적 가치관,62.315021568852266,723.3401220297716,6.585261063881866
부산,2016,2018,4-2. 사회적 가치관,53.08654522860261,11573.723384988552,9.356578981043702
부산,2017,2019,4-2. 사회적 가치관,52.50486387025011,209.59645529408303,5.34994376809613
부산,2018,2020,4-2. 사회적 가치관,51.92318251189765,132.36154114149625,4.893063794625737
부산,2019,2021,4-2. 사회적 가치관,54.71143270244337,348.58747229039665,5.856753808729692
부산,2020,2022,4-2. 사회적 가치관,57.499682892989114,359.90484532882203,5.88861433724114
부산,2021,2023,4-2. 사회적 가치관,48.22730183085562,511.5246128537572,6.239348734939898
부산,2022,2024,4-2. 사회적 가치관,38.95492076872214,201.73893451229688,5.311919114501443
서울,2016,2018,4-2. 사회적 가치관,34.135093628135934,86.9476743816591,4.476742028328661
서울,2017,2019,4-2. 사회적 가치관,35.81402270555238,36.24136716300162,3.617420163953078
서울,2018,2020,4-2. 사회적 가치관,37.492951782968824,49.62607818621753,3.9244668227054462
서울,2019,2021,4-2. 사회적 가치관,40.733286462066246,28.689533311692102,3.390794569948595
서울,2020,2022,4-2. 사회적 가치관,43.97362114116368,20.18315370092689,3.0532062290380972
서울,2021,2023,4-2. 사회적 가치관,36.56485899665679,646.1832535798445,6.472629490223859
서울,2022,2024,4-2. 사회적 가치관,29.156096852149886,294.15458578962233,5.68749923871532
세종,2016,2018,4-2. 사회적 가치관,46.23525764621661,135.70263378531033,4.917808010444888
세종,2017,2019,4-2. 사회적 가치관,48.4564703162554,347.3470671713536,5.85319930223975
세종,2018,2020,4-2. 사회적 가치관,50.67768298629413,182.99923279356625,5.214931588000109
세종,2019,2021,4-2. 사회적 가치관,53.109597777250976,167.67984024193433,5.128002481770573
세종,2020,2022,4-2. 사회적 가치관,55.541512568207786,107.48538834034606,4.686615494237509
세종,2021,2023,4-2. 사회적 가치관,49.11828546925655,105.91526986608493,4.672036650356497
세종,2022,2024,4-2. 사회적 가치관,42.69505837030536,102.38427377554808,4.638452859361728
울산,2016,2018,4-2. 사회적 가치관,35.30196041712811,462.5857397187303,6.1389913511105565
울산,2017,2019,4-2. 사회적 가치관,30.855066623460843,293.12828115342614,5.684016002628061
울산,2018,2020,4-2. 사회적 가치관,26.408172829793585,442.4722517639877,6.0946352333074625
울산,2019,2021,4-2. 사회적 가치관,33.51657413772688,126.0903882561624,4.84489855185951
울산,2020,2022,4-2. 사회적 가치관,40.62497544566017,318.8715219375359,5.7679194212282985
울산,2021,2023,4-2. 사회적 가치관,41.19868883600374,124.26398499603718,4.830423390386821
울산,2022,2024,4-2. 사회적 가치관,41.77240222634732,141.1594564541291,4.956949360359409
인천,2016,2018,4-2. 사회적 가치관,41.91312571441239,34.31375467648558,3.5642725389369994
인천,2017,2019,4-2. 사회적 가치관,42.389869197313,53.59979394365117,4.000030108817936
인천,2018,2020,4-2. 사회적 가치관,42.8666126802136,35.714217754733355,3.6031640847998023
인천,2019,2021,4-2. 사회적 가치관,47.30791670210839,32.858648494324065,3.522194461387535
인천,2020,2022,4-2. 사회적 가치관,51.74922072400319,31.352516016253084,3.476691792768139
인천,2021,2023,4-2. 사회적 가치관,46.32109733377644,31.755062459789684,3.489057529060046
인천,2022,2024,4-2. 사회적 가치관,40.89297394354965,14.895680583645866,2.7660474109136217
전남,2016,2018,4-2. 사회적 가치관,73.54920886054998,152.35137675071184,5.032731868353099
전남,2017,2019,4-2. 사회적 가치관,70.14390324643676,304.2246023423199,5.721047906719505
전남,2018,2020,4-2. 사회적 가치관,66.73859763232352,380.07009268727853,5.942983328514057
전남,2019,2021,4-2. 사회적 가치관,69.12689049512286,175.83118528649874,5.175195522016195
전남,2020,2022,4-2. 사회적 가치관,71.51518335792217,712.3557252361134,6.569980209373031
전남,2021,2023,4-2. 사회적 가치관,70.8136499407579,149.1911812319689,5.011909024104125
전남,2022,2024,4-2. 사회적 가치관,70.11211652359364,313.6147368738816,5.7513488327371185
전북,2016,2018,4-2. 사회적 가치관,61.91340369444008,155.55095468175946,5.053381546008432
전북,2017,2019,4-2. 사회적 가치관,64.06476950503833,209.00385117154516,5.347125869461433
전북,2018,2020,4-2. 사회적 가치관,66.21613531563662,250.12305278901871,5.525943069153891
전북,2019,2021,4-2. 사회적 가치관,66.16251147756323,349.861585983424,5.860391803765074
전북,2020,2022,4-2. 사회적 가치관,66.10888763948982,191.1729239322157,5.25839561217029
전북,2021,2023,4-2. 사회적 가치관,62.68532939311024,235.0521549857096,5.464052776311816
전북,2022,2024,4-2. 사회적 가치관,59.26177114673068,230.63340791055336,5.445155983614503
제주,2016,2018,4-2. 사회적 가치관,56.1762135952194,91.52002437826782,4.527425100855074
제주,2017,2019,4-2. 사회적 가치관,60.59091850541982,100.98939906674988,4.624868877164961
제주,2018,2020,4-2. 사회적 가치관,65.00562341562026,98.21488657457824,4.597288069308
제주,2019,2021,4-2. 사회적 가치관,64.02265364163142,886.8861833351331,6.7888435628575525
제주,2020,2022,4-2. 사회적 가치관,63.03968386764265,777.8972706624539,6.657879163827395
제주,2021,2023,4-2. 사회적 가치관,56.299808104507214,816.9567409725844,6.706809451307748
제주,2022,2024,4-2. 사회적 가치관,49.55993234137183,625.0298343596353,6.43939802868592
충남,2016,2018,4-2. 사회적 가치관,50.03602775172641,243.01440711608475,5.497227269107806
충남,2017,2019,4-2. 사회적 가치관,53.49276351750264,234.17043659843048,5.460310513389662
충남,2018,2020,4-2. 사회적 가치관,56.94949928327886,252.06784067271937,5.533657597734548
충남,2019,2021,4-2. 사회적 가치관,59.50140746074913,559.6018549772269,6.329010947639282
충남,2020,2022,4-2. 사회적 가치관,62.05331563821936,574.149480340923,6.354629972822395
충남,2021,2023,4-2. 사회적 가치관,55.30765127518557,508.8247976568773,6.2340671326909245
충남,2022,2024,4-2. 사회적 가치관,48.56198691215179,0.0,0.0
충북,2016,2018,4-2. 사회적 가치관,58.36178898162967,233.40950872749195,5.457069623123636
충북,2017,2019,4-2. 사회적 가치관,61.262166097974266,244.77760048175008,5.504427063938545
충북,2018,2020,4-2. 사회적 가치관,64.1625432143189,433.88502392464255,6.075081683334981
충북,2019,2021,4-2. 사회적 가치관,55.46496771934651,171.34602027319437,5.149504201737146
충북,2020,2022,4-2. 사회적 가치관,46.767392224374184,216.06994047140205,5.38021960793076
충북,2021,2023,4-2. 사회적 가치관,50.54370034365542,132.95445714338675,4.897499870117033
충북,2022,2024,4-2. 사회적 가치관,54.32000846293672,128.83544696787348,4.866267856108694
