지역,지표_id,연도,지표명,missing_position,nearest_observed_year,distance_from_observation,carry_direction,consecutive_missing_years,long_range_backcast,sensitivity_required,policy_risk_level,missing_cause,cause_status,imputation_policy,block_imputation,analysis_included_after_imputation,original_row_exists,auxiliary_scenario_policy,auxiliary_boundary_year,rule_id,evidence,policy_note
강원,childbirth_perception,2016,출산에 대한 인식,leading_missing,2018,2,backward,2,True,True,high,조사 비실시 연도,confirmed,boundary_carry,False,True,True,,,childbirth_leading_non_survey,configs/structural_indicators_verification.yaml:576,지표의 첫 비교 가능 관측연도인 2018년 이전 구간이다.
강원,childbirth_perception,2017,출산에 대한 인식,leading_missing,2018,1,backward,2,True,True,high,조사 비실시 연도,confirmed,boundary_carry,False,True,True,,,childbirth_leading_non_survey,configs/structural_indicators_verification.yaml:576,지표의 첫 비교 가능 관측연도인 2018년 이전 구간이다.
강원,childbirth_perception,2019,출산에 대한 인식,intermediate_missing,,,,,False,False,not_applicable,조사 비실시 연도,confirmed,linear_interpolation,False,True,True,,,childbirth_interior_non_survey,configs/structural_indicators_verification.yaml:576,2018·2020·2022·2024 관측값 사이의 비조사연도이다.
강원,childbirth_perception,2021,출산에 대한 인식,intermediate_missing,,,,,False,False,not_applicable,조사 비실시 연도,confirmed,linear_interpolation,False,True,True,,,childbirth_interior_non_survey,configs/structural_indicators_verification.yaml:576,2018·2020·2022·2024 관측값 사이의 비조사연도이다.
강원,childbirth_perception,2023,출산에 대한 인식,intermediate_missing,,,,,False,False,not_applicable,조사 비실시 연도,confirmed,linear_interpolation,False,True,True,,,childbirth_interior_non_survey,configs/structural_indicators_verification.yaml:576,2018·2020·2022·2024 관측값 사이의 비조사연도이다.
강원,childcare_equal_participation,2016,돌봄노동 공동 참여도,leading_missing,2020,4,backward,4,True,True,high,조사 비실시 연도,confirmed,boundary_carry,False,True,False,,,family_survey_boundary_non_survey,configs/structural_indicators_verification.yaml:790,2020·2023 관측 범위 밖의 비조사연도이며 본계열 boundary carry 후보이다.
강원,childcare_equal_participation,2017,돌봄노동 공동 참여도,leading_missing,2020,3,backward,4,True,True,high,조사 비실시 연도,confirmed,boundary_carry,False,True,False,,,family_survey_boundary_non_survey,configs/structural_indicators_verification.yaml:790,2020·2023 관측 범위 밖의 비조사연도이며 본계열 boundary carry 후보이다.
강원,childcare_equal_participation,2018,돌봄노동 공동 참여도,leading_missing,2020,2,backward,4,True,True,high,조사 비실시 연도,confirmed,boundary_carry,False,True,False,,,family_survey_boundary_non_survey,configs/structural_indicators_verification.yaml:790,2020·2023 관측 범위 밖의 비조사연도이며 본계열 boundary carry 후보이다.
강원,childcare_equal_participation,2019,돌봄노동 공동 참여도,leading_missing,2020,1,backward,4,True,True,high,조사 비실시 연도,confirmed,boundary_carry,False,True,False,,,family_survey_boundary_non_survey,configs/structural_indicators_verification.yaml:790,2020·2023 관측 범위 밖의 비조사연도이며 본계열 boundary carry 후보이다.
강원,childcare_equal_participation,2021,돌봄노동 공동 참여도,intermediate_missing,,,,,False,False,not_applicable,조사 비실시 연도,confirmed,linear_interpolation,False,True,False,,,family_survey_interior_non_survey,configs/structural_indicators_verification.yaml:790,2020년과 2023년 실제 관측값 사이의 비조사연도이다.
강원,childcare_equal_participation,2022,돌봄노동 공동 참여도,intermediate_missing,,,,,False,False,not_applicable,조사 비실시 연도,confirmed,linear_interpolation,False,True,False,,,family_survey_interior_non_survey,configs/structural_indicators_verification.yaml:790,2020년과 2023년 실제 관측값 사이의 비조사연도이다.
강원,childcare_equal_participation,2024,돌봄노동 공동 참여도,trailing_missing,2023,1,forward,1,False,True,medium,조사 비실시 연도,confirmed,boundary_carry,False,True,False,,,family_survey_boundary_non_survey,configs/structural_indicators_verification.yaml:790,2020·2023 관측 범위 밖의 비조사연도이며 본계열 boundary carry 후보이다.
강원,delivery_bed_supply,2016,(대체)분만실 병상수 보급도,leading_missing,,,,,False,False,not_applicable,원자료 부재,confirmed,keep_missing,True,False,True,,,delivery_bed_before_source_start,reports/20260725_구조환경지표_통합파일_결측치_검증_결과.md:59,"원자료는 2018년 3분기부터 시작한다. 20260725 검증 리포트가 이 구간을 ""통계 자체가 최근에 신설됨(시계열 시작점 문제)""으로 분류하고 보간(경계값 이월 포함) 불가로 판단했으므로 boundary_carry를 적용하지 않고 결측으로 유지한다."
강원,delivery_bed_supply,2017,(대체)분만실 병상수 보급도,leading_missing,,,,,False,False,not_applicable,원자료 부재,confirmed,keep_missing,True,False,True,,,delivery_bed_before_source_start,reports/20260725_구조환경지표_통합파일_결측치_검증_결과.md:59,"원자료는 2018년 3분기부터 시작한다. 20260725 검증 리포트가 이 구간을 ""통계 자체가 최근에 신설됨(시계열 시작점 문제)""으로 분류하고 보간(경계값 이월 포함) 불가로 판단했으므로 boundary_carry를 적용하지 않고 결측으로 유지한다."
강원,family_friendly_certification_rate,2016,가족친화 인증기업 비율,leading_missing,,,,,False,False,not_applicable,원인 미확정,unresolved,pending_review,True,False,True,auxiliary_raking_composition_ratio,,family_friendly_provincial_unresolved,configs/structural_indicators_verification.yaml:518,"공식 명단을 확보하지 못한 17개 시도의 2016·2017·2019년 51건은 임의 대체하지 않는다. 2019(중간 결측)는 2018·2020 선형보간 후 전국 실측 합계로 raking, 2016·2017(선행 결측)은 2018년 지역 구성비 × 해당 연도 전국 실측 합계로 추정한 보조 시나리오만 별도 열에 기록한다(`reports/20260805_가족친화_지역별_51건_보조시나리오_후보.csv`)."
강원,family_friendly_certification_rate,2017,가족친화 인증기업 비율,leading_missing,,,,,False,False,not_applicable,원인 미확정,unresolved,pending_review,True,False,True,auxiliary_raking_composition_ratio,,family_friendly_provincial_unresolved,configs/structural_indicators_verification.yaml:518,"공식 명단을 확보하지 못한 17개 시도의 2016·2017·2019년 51건은 임의 대체하지 않는다. 2019(중간 결측)는 2018·2020 선형보간 후 전국 실측 합계로 raking, 2016·2017(선행 결측)은 2018년 지역 구성비 × 해당 연도 전국 실측 합계로 추정한 보조 시나리오만 별도 열에 기록한다(`reports/20260805_가족친화_지역별_51건_보조시나리오_후보.csv`)."
강원,family_friendly_certification_rate,2019,가족친화 인증기업 비율,intermediate_missing,,,,,False,False,not_applicable,원인 미확정,unresolved,pending_review,True,False,True,auxiliary_raking_composition_ratio,,family_friendly_provincial_unresolved,configs/structural_indicators_verification.yaml:518,"공식 명단을 확보하지 못한 17개 시도의 2016·2017·2019년 51건은 임의 대체하지 않는다. 2019(중간 결측)는 2018·2020 선형보간 후 전국 실측 합계로 raking, 2016·2017(선행 결측)은 2018년 지역 구성비 × 해당 연도 전국 실측 합계로 추정한 보조 시나리오만 별도 열에 기록한다(`reports/20260805_가족친화_지역별_51건_보조시나리오_후보.csv`)."
강원,household_chore_equal_participation,2016,가사노동 공동 참여도,leading_missing,2020,4,backward,4,True,True,high,조사 비실시 연도,confirmed,boundary_carry,False,True,False,,,family_survey_boundary_non_survey,configs/structural_indicators_verification.yaml:790,2020·2023 관측 범위 밖의 비조사연도이며 본계열 boundary carry 후보이다.
강원,household_chore_equal_participation,2017,가사노동 공동 참여도,leading_missing,2020,3,backward,4,True,True,high,조사 비실시 연도,confirmed,boundary_carry,False,True,False,,,family_survey_boundary_non_survey,configs/structural_indicators_verification.yaml:790,2020·2023 관측 범위 밖의 비조사연도이며 본계열 boundary carry 후보이다.
강원,household_chore_equal_participation,2018,가사노동 공동 참여도,leading_missing,2020,2,backward,4,True,True,high,조사 비실시 연도,confirmed,boundary_carry,False,True,False,,,family_survey_boundary_non_survey,configs/structural_indicators_verification.yaml:790,2020·2023 관측 범위 밖의 비조사연도이며 본계열 boundary carry 후보이다.
강원,household_chore_equal_participation,2019,가사노동 공동 참여도,leading_missing,2020,1,backward,4,True,True,high,조사 비실시 연도,confirmed,boundary_carry,False,True,False,,,family_survey_boundary_non_survey,configs/structural_indicators_verification.yaml:790,2020·2023 관측 범위 밖의 비조사연도이며 본계열 boundary carry 후보이다.
강원,household_chore_equal_participation,2021,가사노동 공동 참여도,intermediate_missing,,,,,False,False,not_applicable,조사 비실시 연도,confirmed,linear_interpolation,False,True,False,,,family_survey_interior_non_survey,configs/structural_indicators_verification.yaml:790,2020년과 2023년 실제 관측값 사이의 비조사연도이다.
강원,household_chore_equal_participation,2022,가사노동 공동 참여도,intermediate_missing,,,,,False,False,not_applicable,조사 비실시 연도,confirmed,linear_interpolation,False,True,False,,,family_survey_interior_non_survey,configs/structural_indicators_verification.yaml:790,2020년과 2023년 실제 관측값 사이의 비조사연도이다.
강원,household_chore_equal_participation,2024,가사노동 공동 참여도,trailing_missing,2023,1,forward,1,False,True,medium,조사 비실시 연도,confirmed,boundary_carry,False,True,False,,,family_survey_boundary_non_survey,configs/structural_indicators_verification.yaml:790,2020·2023 관측 범위 밖의 비조사연도이며 본계열 boundary carry 후보이다.
강원,housework_gender_equality,2017,가사분담에 대한 성평등 인식,intermediate_missing,,,,,False,False,not_applicable,조사 비실시 연도,confirmed,pending_review,True,False,True,,,nonlinear_housework_pending_review,reports/20260725_구조환경지표_통합파일_결측치_검증_결과.md:78,비선형 변환 전 구성요소와 변환 후 지표 중 어느 단계에서 처리할지 검토가 필요하다.
강원,housework_gender_equality,2019,가사분담에 대한 성평등 인식,intermediate_missing,,,,,False,False,not_applicable,조사 비실시 연도,confirmed,pending_review,True,False,True,,,nonlinear_housework_pending_review,reports/20260725_구조환경지표_통합파일_결측치_검증_결과.md:78,비선형 변환 전 구성요소와 변환 후 지표 중 어느 단계에서 처리할지 검토가 필요하다.
강원,housework_gender_equality,2021,가사분담에 대한 성평등 인식,intermediate_missing,,,,,False,False,not_applicable,조사 비실시 연도,confirmed,pending_review,True,False,True,,,nonlinear_housework_pending_review,reports/20260725_구조환경지표_통합파일_결측치_검증_결과.md:78,비선형 변환 전 구성요소와 변환 후 지표 중 어느 단계에서 처리할지 검토가 필요하다.
강원,housework_gender_equality,2023,가사분담에 대한 성평등 인식,intermediate_missing,,,,,False,False,not_applicable,조사 비실시 연도,confirmed,pending_review,True,False,True,,,nonlinear_housework_pending_review,reports/20260725_구조환경지표_통합파일_결측치_검증_결과.md:78,비선형 변환 전 구성요소와 변환 후 지표 중 어느 단계에서 처리할지 검토가 필요하다.
강원,income_satisfaction,2016,소득만족도,leading_missing,2017,1,backward,1,False,True,medium,조사 비실시 연도,confirmed,boundary_carry,False,True,True,auxiliary_boundary_interpolation,2015,income_leisure_leading_non_survey,configs/structural_indicators_verification.yaml:145,본계열은 boundary carry 후보이며 2015년 값은 별도 보조 시나리오에서만 사용한다.
강원,income_satisfaction,2018,소득만족도,intermediate_missing,,,,,False,False,not_applicable,조사 비실시 연도,confirmed,linear_interpolation,False,True,True,,,income_leisure_interior_non_survey,reports/20260725_구조환경지표_통합파일_결측치_검증_결과.md:57,실제 관측값 사이의 비조사연도로 본계열 선형보간 후보이다.
강원,income_satisfaction,2020,소득만족도,intermediate_missing,,,,,False,False,not_applicable,조사 비실시 연도,confirmed,linear_interpolation,False,True,True,,,income_leisure_interior_non_survey,reports/20260725_구조환경지표_통합파일_결측치_검증_결과.md:57,실제 관측값 사이의 비조사연도로 본계열 선형보간 후보이다.
강원,income_satisfaction,2022,소득만족도,intermediate_missing,,,,,False,False,not_applicable,조사 비실시 연도,confirmed,linear_interpolation,False,True,True,,,income_leisure_interior_non_survey,reports/20260725_구조환경지표_통합파일_결측치_검증_결과.md:57,실제 관측값 사이의 비조사연도로 본계열 선형보간 후보이다.
강원,income_satisfaction,2024,소득만족도,trailing_missing,2023,1,forward,1,False,True,medium,조사 비실시 연도,confirmed,boundary_carry,False,True,True,auxiliary_boundary_interpolation,2025,income_leisure_trailing_non_survey,configs/structural_indicators_verification.yaml:145,본계열은 boundary carry 후보이며 2025년 값은 별도 보조 시나리오에서만 사용한다.
강원,leisure_satisfaction,2016,여가생활 만족도,leading_missing,2017,1,backward,1,False,True,medium,조사 비실시 연도,confirmed,boundary_carry,False,True,True,auxiliary_boundary_interpolation,2015,income_leisure_leading_non_survey,configs/structural_indicators_verification.yaml:145,본계열은 boundary carry 후보이며 2015년 값은 별도 보조 시나리오에서만 사용한다.
강원,leisure_satisfaction,2018,여가생활 만족도,intermediate_missing,,,,,False,False,not_applicable,조사 비실시 연도,confirmed,linear_interpolation,False,True,True,,,income_leisure_interior_non_survey,reports/20260725_구조환경지표_통합파일_결측치_검증_결과.md:57,실제 관측값 사이의 비조사연도로 본계열 선형보간 후보이다.
강원,leisure_satisfaction,2020,여가생활 만족도,intermediate_missing,,,,,False,False,not_applicable,조사 비실시 연도,confirmed,linear_interpolation,False,True,True,,,income_leisure_interior_non_survey,reports/20260725_구조환경지표_통합파일_결측치_검증_결과.md:57,실제 관측값 사이의 비조사연도로 본계열 선형보간 후보이다.
강원,leisure_satisfaction,2022,여가생활 만족도,intermediate_missing,,,,,False,False,not_applicable,조사 비실시 연도,confirmed,linear_interpolation,False,True,True,,,income_leisure_interior_non_survey,reports/20260725_구조환경지표_통합파일_결측치_검증_결과.md:57,실제 관측값 사이의 비조사연도로 본계열 선형보간 후보이다.
강원,leisure_satisfaction,2024,여가생활 만족도,trailing_missing,2023,1,forward,1,False,True,medium,조사 비실시 연도,confirmed,boundary_carry,False,True,True,auxiliary_boundary_interpolation,2025,income_leisure_trailing_non_survey,configs/structural_indicators_verification.yaml:145,본계열은 boundary carry 후보이며 2025년 값은 별도 보조 시나리오에서만 사용한다.
강원,marriage_perception,2017,결혼에 대한 인식,intermediate_missing,,,,,False,False,not_applicable,조사 비실시 연도,confirmed,linear_interpolation,False,True,True,,,social_survey_interior_non_survey,configs/structural_indicators_verification.yaml:460,2016·2018·2020·2022·2024 관측값 사이의 비조사연도이다.
강원,marriage_perception,2019,결혼에 대한 인식,intermediate_missing,,,,,False,False,not_applicable,조사 비실시 연도,confirmed,linear_interpolation,False,True,True,,,social_survey_interior_non_survey,configs/structural_indicators_verification.yaml:460,2016·2018·2020·2022·2024 관측값 사이의 비조사연도이다.
강원,marriage_perception,2021,결혼에 대한 인식,intermediate_missing,,,,,False,False,not_applicable,조사 비실시 연도,confirmed,linear_interpolation,False,True,True,,,social_survey_interior_non_survey,configs/structural_indicators_verification.yaml:460,2016·2018·2020·2022·2024 관측값 사이의 비조사연도이다.
강원,marriage_perception,2023,결혼에 대한 인식,intermediate_missing,,,,,False,False,not_applicable,조사 비실시 연도,confirmed,linear_interpolation,False,True,True,,,social_survey_interior_non_survey,configs/structural_indicators_verification.yaml:460,2016·2018·2020·2022·2024 관측값 사이의 비조사연도이다.
강원,postpartum_center_fee,2016,산후조리원 이용 요금,leading_missing,,,,,False,False,not_applicable,원자료 부재,confirmed,keep_missing,True,False,True,,,postpartum_before_source_start,reports/20260725_구조환경지표_통합파일_결측치_검증_결과.md:59,"승인된 원자료는 2023년부터 존재한다. 20260725 검증 리포트가 이 구간을 ""통계 자체가 최근에 신설됨(시계열 시작점 문제)""으로 분류하고 2023년 값을 과거로 이월하는 것은 존재하지 않는 시계열 구간을 만드는 것이라 보간 불가로 판단했으므로 boundary_carry를 적용하지 않고 결측으로 유지한다."
강원,postpartum_center_fee,2017,산후조리원 이용 요금,leading_missing,,,,,False,False,not_applicable,원자료 부재,confirmed,keep_missing,True,False,True,,,postpartum_before_source_start,reports/20260725_구조환경지표_통합파일_결측치_검증_결과.md:59,"승인된 원자료는 2023년부터 존재한다. 20260725 검증 리포트가 이 구간을 ""통계 자체가 최근에 신설됨(시계열 시작점 문제)""으로 분류하고 2023년 값을 과거로 이월하는 것은 존재하지 않는 시계열 구간을 만드는 것이라 보간 불가로 판단했으므로 boundary_carry를 적용하지 않고 결측으로 유지한다."
강원,postpartum_center_fee,2018,산후조리원 이용 요금,leading_missing,,,,,False,False,not_applicable,원자료 부재,confirmed,keep_missing,True,False,True,,,postpartum_before_source_start,reports/20260725_구조환경지표_통합파일_결측치_검증_결과.md:59,"승인된 원자료는 2023년부터 존재한다. 20260725 검증 리포트가 이 구간을 ""통계 자체가 최근에 신설됨(시계열 시작점 문제)""으로 분류하고 2023년 값을 과거로 이월하는 것은 존재하지 않는 시계열 구간을 만드는 것이라 보간 불가로 판단했으므로 boundary_carry를 적용하지 않고 결측으로 유지한다."
강원,postpartum_center_fee,2019,산후조리원 이용 요금,leading_missing,,,,,False,False,not_applicable,원자료 부재,confirmed,keep_missing,True,False,True,,,postpartum_before_source_start,reports/20260725_구조환경지표_통합파일_결측치_검증_결과.md:59,"승인된 원자료는 2023년부터 존재한다. 20260725 검증 리포트가 이 구간을 ""통계 자체가 최근에 신설됨(시계열 시작점 문제)""으로 분류하고 2023년 값을 과거로 이월하는 것은 존재하지 않는 시계열 구간을 만드는 것이라 보간 불가로 판단했으므로 boundary_carry를 적용하지 않고 결측으로 유지한다."
강원,postpartum_center_fee,2020,산후조리원 이용 요금,leading_missing,,,,,False,False,not_applicable,원자료 부재,confirmed,keep_missing,True,False,True,,,postpartum_before_source_start,reports/20260725_구조환경지표_통합파일_결측치_검증_결과.md:59,"승인된 원자료는 2023년부터 존재한다. 20260725 검증 리포트가 이 구간을 ""통계 자체가 최근에 신설됨(시계열 시작점 문제)""으로 분류하고 2023년 값을 과거로 이월하는 것은 존재하지 않는 시계열 구간을 만드는 것이라 보간 불가로 판단했으므로 boundary_carry를 적용하지 않고 결측으로 유지한다."
강원,postpartum_center_fee,2021,산후조리원 이용 요금,leading_missing,,,,,False,False,not_applicable,원자료 부재,confirmed,keep_missing,True,False,True,,,postpartum_before_source_start,reports/20260725_구조환경지표_통합파일_결측치_검증_결과.md:59,"승인된 원자료는 2023년부터 존재한다. 20260725 검증 리포트가 이 구간을 ""통계 자체가 최근에 신설됨(시계열 시작점 문제)""으로 분류하고 2023년 값을 과거로 이월하는 것은 존재하지 않는 시계열 구간을 만드는 것이라 보간 불가로 판단했으므로 boundary_carry를 적용하지 않고 결측으로 유지한다."
강원,postpartum_center_fee,2022,산후조리원 이용 요금,leading_missing,,,,,False,False,not_applicable,원자료 부재,confirmed,keep_missing,True,False,True,,,postpartum_before_source_start,reports/20260725_구조환경지표_통합파일_결측치_검증_결과.md:59,"승인된 원자료는 2023년부터 존재한다. 20260725 검증 리포트가 이 구간을 ""통계 자체가 최근에 신설됨(시계열 시작점 문제)""으로 분류하고 2023년 값을 과거로 이월하는 것은 존재하지 않는 시계열 구간을 만드는 것이라 보간 불가로 판단했으므로 boundary_carry를 적용하지 않고 결측으로 유지한다."
강원,postpartum_center_supply,2016,산후조리원 보급도,leading_missing,,,,,False,False,not_applicable,원자료 부재,confirmed,keep_missing,True,False,True,,,postpartum_before_source_start,reports/20260725_구조환경지표_통합파일_결측치_검증_결과.md:59,"승인된 원자료는 2023년부터 존재한다. 20260725 검증 리포트가 이 구간을 ""통계 자체가 최근에 신설됨(시계열 시작점 문제)""으로 분류하고 2023년 값을 과거로 이월하는 것은 존재하지 않는 시계열 구간을 만드는 것이라 보간 불가로 판단했으므로 boundary_carry를 적용하지 않고 결측으로 유지한다."
강원,postpartum_center_supply,2017,산후조리원 보급도,leading_missing,,,,,False,False,not_applicable,원자료 부재,confirmed,keep_missing,True,False,True,,,postpartum_before_source_start,reports/20260725_구조환경지표_통합파일_결측치_검증_결과.md:59,"승인된 원자료는 2023년부터 존재한다. 20260725 검증 리포트가 이 구간을 ""통계 자체가 최근에 신설됨(시계열 시작점 문제)""으로 분류하고 2023년 값을 과거로 이월하는 것은 존재하지 않는 시계열 구간을 만드는 것이라 보간 불가로 판단했으므로 boundary_carry를 적용하지 않고 결측으로 유지한다."
강원,postpartum_center_supply,2018,산후조리원 보급도,leading_missing,,,,,False,False,not_applicable,원자료 부재,confirmed,keep_missing,True,False,True,,,postpartum_before_source_start,reports/20260725_구조환경지표_통합파일_결측치_검증_결과.md:59,"승인된 원자료는 2023년부터 존재한다. 20260725 검증 리포트가 이 구간을 ""통계 자체가 최근에 신설됨(시계열 시작점 문제)""으로 분류하고 2023년 값을 과거로 이월하는 것은 존재하지 않는 시계열 구간을 만드는 것이라 보간 불가로 판단했으므로 boundary_carry를 적용하지 않고 결측으로 유지한다."
강원,postpartum_center_supply,2019,산후조리원 보급도,leading_missing,,,,,False,False,not_applicable,원자료 부재,confirmed,keep_missing,True,False,True,,,postpartum_before_source_start,reports/20260725_구조환경지표_통합파일_결측치_검증_결과.md:59,"승인된 원자료는 2023년부터 존재한다. 20260725 검증 리포트가 이 구간을 ""통계 자체가 최근에 신설됨(시계열 시작점 문제)""으로 분류하고 2023년 값을 과거로 이월하는 것은 존재하지 않는 시계열 구간을 만드는 것이라 보간 불가로 판단했으므로 boundary_carry를 적용하지 않고 결측으로 유지한다."
강원,postpartum_center_supply,2020,산후조리원 보급도,leading_missing,,,,,False,False,not_applicable,원자료 부재,confirmed,keep_missing,True,False,True,,,postpartum_before_source_start,reports/20260725_구조환경지표_통합파일_결측치_검증_결과.md:59,"승인된 원자료는 2023년부터 존재한다. 20260725 검증 리포트가 이 구간을 ""통계 자체가 최근에 신설됨(시계열 시작점 문제)""으로 분류하고 2023년 값을 과거로 이월하는 것은 존재하지 않는 시계열 구간을 만드는 것이라 보간 불가로 판단했으므로 boundary_carry를 적용하지 않고 결측으로 유지한다."
강원,postpartum_center_supply,2021,산후조리원 보급도,leading_missing,,,,,False,False,not_applicable,원자료 부재,confirmed,keep_missing,True,False,True,,,postpartum_before_source_start,reports/20260725_구조환경지표_통합파일_결측치_검증_결과.md:59,"승인된 원자료는 2023년부터 존재한다. 20260725 검증 리포트가 이 구간을 ""통계 자체가 최근에 신설됨(시계열 시작점 문제)""으로 분류하고 2023년 값을 과거로 이월하는 것은 존재하지 않는 시계열 구간을 만드는 것이라 보간 불가로 판단했으므로 boundary_carry를 적용하지 않고 결측으로 유지한다."
강원,postpartum_center_supply,2022,산후조리원 보급도,leading_missing,,,,,False,False,not_applicable,원자료 부재,confirmed,keep_missing,True,False,True,,,postpartum_before_source_start,reports/20260725_구조환경지표_통합파일_결측치_검증_결과.md:59,"승인된 원자료는 2023년부터 존재한다. 20260725 검증 리포트가 이 구간을 ""통계 자체가 최근에 신설됨(시계열 시작점 문제)""으로 분류하고 2023년 값을 과거로 이월하는 것은 존재하지 않는 시계열 구간을 만드는 것이라 보간 불가로 판단했으므로 boundary_carry를 적용하지 않고 결측으로 유지한다."
강원,social_safety_perception,2017,사회 안전에 대한 인식,intermediate_missing,,,,,False,False,not_applicable,조사 비실시 연도,confirmed,linear_interpolation,False,True,True,,,social_survey_interior_non_survey,configs/structural_indicators_verification.yaml:460,2016·2018·2020·2022·2024 관측값 사이의 비조사연도이다.
강원,social_safety_perception,2019,사회 안전에 대한 인식,intermediate_missing,,,,,False,False,not_applicable,조사 비실시 연도,confirmed,linear_interpolation,False,True,True,,,social_survey_interior_non_survey,configs/structural_indicators_verification.yaml:460,2016·2018·2020·2022·2024 관측값 사이의 비조사연도이다.
강원,social_safety_perception,2021,사회 안전에 대한 인식,intermediate_missing,,,,,False,False,not_applicable,조사 비실시 연도,confirmed,linear_interpolation,False,True,True,,,social_survey_interior_non_survey,configs/structural_indicators_verification.yaml:460,2016·2018·2020·2022·2024 관측값 사이의 비조사연도이다.
강원,social_safety_perception,2023,사회 안전에 대한 인식,intermediate_missing,,,,,False,False,not_applicable,조사 비실시 연도,confirmed,linear_interpolation,False,True,True,,,social_survey_interior_non_survey,configs/structural_indicators_verification.yaml:460,2016·2018·2020·2022·2024 관측값 사이의 비조사연도이다.
강원,socioeconomic_status_perception,2016,사회경제적 지위에 대한 인식,leading_missing,2020,4,backward,4,True,True,high,조사 비실시 연도,confirmed,boundary_carry,False,True,False,,,family_survey_boundary_non_survey,configs/structural_indicators_verification.yaml:790,2020·2023 관측 범위 밖의 비조사연도이며 본계열 boundary carry 후보이다.
강원,socioeconomic_status_perception,2017,사회경제적 지위에 대한 인식,leading_missing,2020,3,backward,4,True,True,high,조사 비실시 연도,confirmed,boundary_carry,False,True,False,,,family_survey_boundary_non_survey,configs/structural_indicators_verification.yaml:790,2020·2023 관측 범위 밖의 비조사연도이며 본계열 boundary carry 후보이다.
강원,socioeconomic_status_perception,2018,사회경제적 지위에 대한 인식,leading_missing,2020,2,backward,4,True,True,high,조사 비실시 연도,confirmed,boundary_carry,False,True,False,,,family_survey_boundary_non_survey,configs/structural_indicators_verification.yaml:790,2020·2023 관측 범위 밖의 비조사연도이며 본계열 boundary carry 후보이다.
강원,socioeconomic_status_perception,2019,사회경제적 지위에 대한 인식,leading_missing,2020,1,backward,4,True,True,high,조사 비실시 연도,confirmed,boundary_carry,False,True,False,,,family_survey_boundary_non_survey,configs/structural_indicators_verification.yaml:790,2020·2023 관측 범위 밖의 비조사연도이며 본계열 boundary carry 후보이다.
강원,socioeconomic_status_perception,2021,사회경제적 지위에 대한 인식,intermediate_missing,,,,,False,False,not_applicable,조사 비실시 연도,confirmed,linear_interpolation,False,True,False,,,family_survey_interior_non_survey,configs/structural_indicators_verification.yaml:790,2020년과 2023년 실제 관측값 사이의 비조사연도이다.
강원,socioeconomic_status_perception,2022,사회경제적 지위에 대한 인식,intermediate_missing,,,,,False,False,not_applicable,조사 비실시 연도,confirmed,linear_interpolation,False,True,False,,,family_survey_interior_non_survey,configs/structural_indicators_verification.yaml:790,2020년과 2023년 실제 관측값 사이의 비조사연도이다.
강원,socioeconomic_status_perception,2024,사회경제적 지위에 대한 인식,trailing_missing,2023,1,forward,1,False,True,medium,조사 비실시 연도,confirmed,boundary_carry,False,True,False,,,family_survey_boundary_non_survey,configs/structural_indicators_verification.yaml:790,2020·2023 관측 범위 밖의 비조사연도이며 본계열 boundary carry 후보이다.
경기,childbirth_perception,2016,출산에 대한 인식,leading_missing,2018,2,backward,2,True,True,high,조사 비실시 연도,confirmed,boundary_carry,False,True,True,,,childbirth_leading_non_survey,configs/structural_indicators_verification.yaml:576,지표의 첫 비교 가능 관측연도인 2018년 이전 구간이다.
경기,childbirth_perception,2017,출산에 대한 인식,leading_missing,2018,1,backward,2,True,True,high,조사 비실시 연도,confirmed,boundary_carry,False,True,True,,,childbirth_leading_non_survey,configs/structural_indicators_verification.yaml:576,지표의 첫 비교 가능 관측연도인 2018년 이전 구간이다.
경기,childbirth_perception,2019,출산에 대한 인식,intermediate_missing,,,,,False,False,not_applicable,조사 비실시 연도,confirmed,linear_interpolation,False,True,True,,,childbirth_interior_non_survey,configs/structural_indicators_verification.yaml:576,2018·2020·2022·2024 관측값 사이의 비조사연도이다.
경기,childbirth_perception,2021,출산에 대한 인식,intermediate_missing,,,,,False,False,not_applicable,조사 비실시 연도,confirmed,linear_interpolation,False,True,True,,,childbirth_interior_non_survey,configs/structural_indicators_verification.yaml:576,2018·2020·2022·2024 관측값 사이의 비조사연도이다.
경기,childbirth_perception,2023,출산에 대한 인식,intermediate_missing,,,,,False,False,not_applicable,조사 비실시 연도,confirmed,linear_interpolation,False,True,True,,,childbirth_interior_non_survey,configs/structural_indicators_verification.yaml:576,2018·2020·2022·2024 관측값 사이의 비조사연도이다.
경기,childcare_equal_participation,2016,돌봄노동 공동 참여도,leading_missing,2020,4,backward,4,True,True,high,조사 비실시 연도,confirmed,boundary_carry,False,True,False,,,family_survey_boundary_non_survey,configs/structural_indicators_verification.yaml:790,2020·2023 관측 범위 밖의 비조사연도이며 본계열 boundary carry 후보이다.
경기,childcare_equal_participation,2017,돌봄노동 공동 참여도,leading_missing,2020,3,backward,4,True,True,high,조사 비실시 연도,confirmed,boundary_carry,False,True,False,,,family_survey_boundary_non_survey,configs/structural_indicators_verification.yaml:790,2020·2023 관측 범위 밖의 비조사연도이며 본계열 boundary carry 후보이다.
경기,childcare_equal_participation,2018,돌봄노동 공동 참여도,leading_missing,2020,2,backward,4,True,True,high,조사 비실시 연도,confirmed,boundary_carry,False,True,False,,,family_survey_boundary_non_survey,configs/structural_indicators_verification.yaml:790,2020·2023 관측 범위 밖의 비조사연도이며 본계열 boundary carry 후보이다.
경기,childcare_equal_participation,2019,돌봄노동 공동 참여도,leading_missing,2020,1,backward,4,True,True,high,조사 비실시 연도,confirmed,boundary_carry,False,True,False,,,family_survey_boundary_non_survey,configs/structural_indicators_verification.yaml:790,2020·2023 관측 범위 밖의 비조사연도이며 본계열 boundary carry 후보이다.
경기,childcare_equal_participation,2021,돌봄노동 공동 참여도,intermediate_missing,,,,,False,False,not_applicable,조사 비실시 연도,confirmed,linear_interpolation,False,True,False,,,family_survey_interior_non_survey,configs/structural_indicators_verification.yaml:790,2020년과 2023년 실제 관측값 사이의 비조사연도이다.
경기,childcare_equal_participation,2022,돌봄노동 공동 참여도,intermediate_missing,,,,,False,False,not_applicable,조사 비실시 연도,confirmed,linear_interpolation,False,True,False,,,family_survey_interior_non_survey,configs/structural_indicators_verification.yaml:790,2020년과 2023년 실제 관측값 사이의 비조사연도이다.
경기,childcare_equal_participation,2024,돌봄노동 공동 참여도,trailing_missing,2023,1,forward,1,False,True,medium,조사 비실시 연도,confirmed,boundary_carry,False,True,False,,,family_survey_boundary_non_survey,configs/structural_indicators_verification.yaml:790,2020·2023 관측 범위 밖의 비조사연도이며 본계열 boundary carry 후보이다.
경기,delivery_bed_supply,2016,(대체)분만실 병상수 보급도,leading_missing,,,,,False,False,not_applicable,원자료 부재,confirmed,keep_missing,True,False,True,,,delivery_bed_before_source_start,reports/20260725_구조환경지표_통합파일_결측치_검증_결과.md:59,"원자료는 2018년 3분기부터 시작한다. 20260725 검증 리포트가 이 구간을 ""통계 자체가 최근에 신설됨(시계열 시작점 문제)""으로 분류하고 보간(경계값 이월 포함) 불가로 판단했으므로 boundary_carry를 적용하지 않고 결측으로 유지한다."
경기,delivery_bed_supply,2017,(대체)분만실 병상수 보급도,leading_missing,,,,,False,False,not_applicable,원자료 부재,confirmed,keep_missing,True,False,True,,,delivery_bed_before_source_start,reports/20260725_구조환경지표_통합파일_결측치_검증_결과.md:59,"원자료는 2018년 3분기부터 시작한다. 20260725 검증 리포트가 이 구간을 ""통계 자체가 최근에 신설됨(시계열 시작점 문제)""으로 분류하고 보간(경계값 이월 포함) 불가로 판단했으므로 boundary_carry를 적용하지 않고 결측으로 유지한다."
경기,family_friendly_certification_rate,2016,가족친화 인증기업 비율,leading_missing,,,,,False,False,not_applicable,원인 미확정,unresolved,pending_review,True,False,True,auxiliary_raking_composition_ratio,,family_friendly_provincial_unresolved,configs/structural_indicators_verification.yaml:518,"공식 명단을 확보하지 못한 17개 시도의 2016·2017·2019년 51건은 임의 대체하지 않는다. 2019(중간 결측)는 2018·2020 선형보간 후 전국 실측 합계로 raking, 2016·2017(선행 결측)은 2018년 지역 구성비 × 해당 연도 전국 실측 합계로 추정한 보조 시나리오만 별도 열에 기록한다(`reports/20260805_가족친화_지역별_51건_보조시나리오_후보.csv`)."
경기,family_friendly_certification_rate,2017,가족친화 인증기업 비율,leading_missing,,,,,False,False,not_applicable,원인 미확정,unresolved,pending_review,True,False,True,auxiliary_raking_composition_ratio,,family_friendly_provincial_unresolved,configs/structural_indicators_verification.yaml:518,"공식 명단을 확보하지 못한 17개 시도의 2016·2017·2019년 51건은 임의 대체하지 않는다. 2019(중간 결측)는 2018·2020 선형보간 후 전국 실측 합계로 raking, 2016·2017(선행 결측)은 2018년 지역 구성비 × 해당 연도 전국 실측 합계로 추정한 보조 시나리오만 별도 열에 기록한다(`reports/20260805_가족친화_지역별_51건_보조시나리오_후보.csv`)."
경기,family_friendly_certification_rate,2019,가족친화 인증기업 비율,intermediate_missing,,,,,False,False,not_applicable,원인 미확정,unresolved,pending_review,True,False,True,auxiliary_raking_composition_ratio,,family_friendly_provincial_unresolved,configs/structural_indicators_verification.yaml:518,"공식 명단을 확보하지 못한 17개 시도의 2016·2017·2019년 51건은 임의 대체하지 않는다. 2019(중간 결측)는 2018·2020 선형보간 후 전국 실측 합계로 raking, 2016·2017(선행 결측)은 2018년 지역 구성비 × 해당 연도 전국 실측 합계로 추정한 보조 시나리오만 별도 열에 기록한다(`reports/20260805_가족친화_지역별_51건_보조시나리오_후보.csv`)."
경기,household_chore_equal_participation,2016,가사노동 공동 참여도,leading_missing,2020,4,backward,4,True,True,high,조사 비실시 연도,confirmed,boundary_carry,False,True,False,,,family_survey_boundary_non_survey,configs/structural_indicators_verification.yaml:790,2020·2023 관측 범위 밖의 비조사연도이며 본계열 boundary carry 후보이다.
경기,household_chore_equal_participation,2017,가사노동 공동 참여도,leading_missing,2020,3,backward,4,True,True,high,조사 비실시 연도,confirmed,boundary_carry,False,True,False,,,family_survey_boundary_non_survey,configs/structural_indicators_verification.yaml:790,2020·2023 관측 범위 밖의 비조사연도이며 본계열 boundary carry 후보이다.
경기,household_chore_equal_participation,2018,가사노동 공동 참여도,leading_missing,2020,2,backward,4,True,True,high,조사 비실시 연도,confirmed,boundary_carry,False,True,False,,,family_survey_boundary_non_survey,configs/structural_indicators_verification.yaml:790,2020·2023 관측 범위 밖의 비조사연도이며 본계열 boundary carry 후보이다.
경기,household_chore_equal_participation,2019,가사노동 공동 참여도,leading_missing,2020,1,backward,4,True,True,high,조사 비실시 연도,confirmed,boundary_carry,False,True,False,,,family_survey_boundary_non_survey,configs/structural_indicators_verification.yaml:790,2020·2023 관측 범위 밖의 비조사연도이며 본계열 boundary carry 후보이다.
경기,household_chore_equal_participation,2021,가사노동 공동 참여도,intermediate_missing,,,,,False,False,not_applicable,조사 비실시 연도,confirmed,linear_interpolation,False,True,False,,,family_survey_interior_non_survey,configs/structural_indicators_verification.yaml:790,2020년과 2023년 실제 관측값 사이의 비조사연도이다.
경기,household_chore_equal_participation,2022,가사노동 공동 참여도,intermediate_missing,,,,,False,False,not_applicable,조사 비실시 연도,confirmed,linear_interpolation,False,True,False,,,family_survey_interior_non_survey,configs/structural_indicators_verification.yaml:790,2020년과 2023년 실제 관측값 사이의 비조사연도이다.
경기,household_chore_equal_participation,2024,가사노동 공동 참여도,trailing_missing,2023,1,forward,1,False,True,medium,조사 비실시 연도,confirmed,boundary_carry,False,True,False,,,family_survey_boundary_non_survey,configs/structural_indicators_verification.yaml:790,2020·2023 관측 범위 밖의 비조사연도이며 본계열 boundary carry 후보이다.
경기,housework_gender_equality,2017,가사분담에 대한 성평등 인식,intermediate_missing,,,,,False,False,not_applicable,조사 비실시 연도,confirmed,pending_review,True,False,True,,,nonlinear_housework_pending_review,reports/20260725_구조환경지표_통합파일_결측치_검증_결과.md:78,비선형 변환 전 구성요소와 변환 후 지표 중 어느 단계에서 처리할지 검토가 필요하다.
경기,housework_gender_equality,2019,가사분담에 대한 성평등 인식,intermediate_missing,,,,,False,False,not_applicable,조사 비실시 연도,confirmed,pending_review,True,False,True,,,nonlinear_housework_pending_review,reports/20260725_구조환경지표_통합파일_결측치_검증_결과.md:78,비선형 변환 전 구성요소와 변환 후 지표 중 어느 단계에서 처리할지 검토가 필요하다.
경기,housework_gender_equality,2021,가사분담에 대한 성평등 인식,intermediate_missing,,,,,False,False,not_applicable,조사 비실시 연도,confirmed,pending_review,True,False,True,,,nonlinear_housework_pending_review,reports/20260725_구조환경지표_통합파일_결측치_검증_결과.md:78,비선형 변환 전 구성요소와 변환 후 지표 중 어느 단계에서 처리할지 검토가 필요하다.
경기,housework_gender_equality,2023,가사분담에 대한 성평등 인식,intermediate_missing,,,,,False,False,not_applicable,조사 비실시 연도,confirmed,pending_review,True,False,True,,,nonlinear_housework_pending_review,reports/20260725_구조환경지표_통합파일_결측치_검증_결과.md:78,비선형 변환 전 구성요소와 변환 후 지표 중 어느 단계에서 처리할지 검토가 필요하다.
경기,income_satisfaction,2016,소득만족도,leading_missing,2017,1,backward,1,False,True,medium,조사 비실시 연도,confirmed,boundary_carry,False,True,True,auxiliary_boundary_interpolation,2015,income_leisure_leading_non_survey,configs/structural_indicators_verification.yaml:145,본계열은 boundary carry 후보이며 2015년 값은 별도 보조 시나리오에서만 사용한다.
경기,income_satisfaction,2018,소득만족도,intermediate_missing,,,,,False,False,not_applicable,조사 비실시 연도,confirmed,linear_interpolation,False,True,True,,,income_leisure_interior_non_survey,reports/20260725_구조환경지표_통합파일_결측치_검증_결과.md:57,실제 관측값 사이의 비조사연도로 본계열 선형보간 후보이다.
경기,income_satisfaction,2020,소득만족도,intermediate_missing,,,,,False,False,not_applicable,조사 비실시 연도,confirmed,linear_interpolation,False,True,True,,,income_leisure_interior_non_survey,reports/20260725_구조환경지표_통합파일_결측치_검증_결과.md:57,실제 관측값 사이의 비조사연도로 본계열 선형보간 후보이다.
경기,income_satisfaction,2022,소득만족도,intermediate_missing,,,,,False,False,not_applicable,조사 비실시 연도,confirmed,linear_interpolation,False,True,True,,,income_leisure_interior_non_survey,reports/20260725_구조환경지표_통합파일_결측치_검증_결과.md:57,실제 관측값 사이의 비조사연도로 본계열 선형보간 후보이다.
경기,income_satisfaction,2024,소득만족도,trailing_missing,2023,1,forward,1,False,True,medium,조사 비실시 연도,confirmed,boundary_carry,False,True,True,auxiliary_boundary_interpolation,2025,income_leisure_trailing_non_survey,configs/structural_indicators_verification.yaml:145,본계열은 boundary carry 후보이며 2025년 값은 별도 보조 시나리오에서만 사용한다.
경기,leisure_satisfaction,2016,여가생활 만족도,leading_missing,2017,1,backward,1,False,True,medium,조사 비실시 연도,confirmed,boundary_carry,False,True,True,auxiliary_boundary_interpolation,2015,income_leisure_leading_non_survey,configs/structural_indicators_verification.yaml:145,본계열은 boundary carry 후보이며 2015년 값은 별도 보조 시나리오에서만 사용한다.
경기,leisure_satisfaction,2018,여가생활 만족도,intermediate_missing,,,,,False,False,not_applicable,조사 비실시 연도,confirmed,linear_interpolation,False,True,True,,,income_leisure_interior_non_survey,reports/20260725_구조환경지표_통합파일_결측치_검증_결과.md:57,실제 관측값 사이의 비조사연도로 본계열 선형보간 후보이다.
경기,leisure_satisfaction,2020,여가생활 만족도,intermediate_missing,,,,,False,False,not_applicable,조사 비실시 연도,confirmed,linear_interpolation,False,True,True,,,income_leisure_interior_non_survey,reports/20260725_구조환경지표_통합파일_결측치_검증_결과.md:57,실제 관측값 사이의 비조사연도로 본계열 선형보간 후보이다.
경기,leisure_satisfaction,2022,여가생활 만족도,intermediate_missing,,,,,False,False,not_applicable,조사 비실시 연도,confirmed,linear_interpolation,False,True,True,,,income_leisure_interior_non_survey,reports/20260725_구조환경지표_통합파일_결측치_검증_결과.md:57,실제 관측값 사이의 비조사연도로 본계열 선형보간 후보이다.
경기,leisure_satisfaction,2024,여가생활 만족도,trailing_missing,2023,1,forward,1,False,True,medium,조사 비실시 연도,confirmed,boundary_carry,False,True,True,auxiliary_boundary_interpolation,2025,income_leisure_trailing_non_survey,configs/structural_indicators_verification.yaml:145,본계열은 boundary carry 후보이며 2025년 값은 별도 보조 시나리오에서만 사용한다.
경기,marriage_perception,2017,결혼에 대한 인식,intermediate_missing,,,,,False,False,not_applicable,조사 비실시 연도,confirmed,linear_interpolation,False,True,True,,,social_survey_interior_non_survey,configs/structural_indicators_verification.yaml:460,2016·2018·2020·2022·2024 관측값 사이의 비조사연도이다.
경기,marriage_perception,2019,결혼에 대한 인식,intermediate_missing,,,,,False,False,not_applicable,조사 비실시 연도,confirmed,linear_interpolation,False,True,True,,,social_survey_interior_non_survey,configs/structural_indicators_verification.yaml:460,2016·2018·2020·2022·2024 관측값 사이의 비조사연도이다.
경기,marriage_perception,2021,결혼에 대한 인식,intermediate_missing,,,,,False,False,not_applicable,조사 비실시 연도,confirmed,linear_interpolation,False,True,True,,,social_survey_interior_non_survey,configs/structural_indicators_verification.yaml:460,2016·2018·2020·2022·2024 관측값 사이의 비조사연도이다.
경기,marriage_perception,2023,결혼에 대한 인식,intermediate_missing,,,,,False,False,not_applicable,조사 비실시 연도,confirmed,linear_interpolation,False,True,True,,,social_survey_interior_non_survey,configs/structural_indicators_verification.yaml:460,2016·2018·2020·2022·2024 관측값 사이의 비조사연도이다.
경기,postpartum_center_fee,2016,산후조리원 이용 요금,leading_missing,,,,,False,False,not_applicable,원자료 부재,confirmed,keep_missing,True,False,True,,,postpartum_before_source_start,reports/20260725_구조환경지표_통합파일_결측치_검증_결과.md:59,"승인된 원자료는 2023년부터 존재한다. 20260725 검증 리포트가 이 구간을 ""통계 자체가 최근에 신설됨(시계열 시작점 문제)""으로 분류하고 2023년 값을 과거로 이월하는 것은 존재하지 않는 시계열 구간을 만드는 것이라 보간 불가로 판단했으므로 boundary_carry를 적용하지 않고 결측으로 유지한다."
경기,postpartum_center_fee,2017,산후조리원 이용 요금,leading_missing,,,,,False,False,not_applicable,원자료 부재,confirmed,keep_missing,True,False,True,,,postpartum_before_source_start,reports/20260725_구조환경지표_통합파일_결측치_검증_결과.md:59,"승인된 원자료는 2023년부터 존재한다. 20260725 검증 리포트가 이 구간을 ""통계 자체가 최근에 신설됨(시계열 시작점 문제)""으로 분류하고 2023년 값을 과거로 이월하는 것은 존재하지 않는 시계열 구간을 만드는 것이라 보간 불가로 판단했으므로 boundary_carry를 적용하지 않고 결측으로 유지한다."
경기,postpartum_center_fee,2018,산후조리원 이용 요금,leading_missing,,,,,False,False,not_applicable,원자료 부재,confirmed,keep_missing,True,False,True,,,postpartum_before_source_start,reports/20260725_구조환경지표_통합파일_결측치_검증_결과.md:59,"승인된 원자료는 2023년부터 존재한다. 20260725 검증 리포트가 이 구간을 ""통계 자체가 최근에 신설됨(시계열 시작점 문제)""으로 분류하고 2023년 값을 과거로 이월하는 것은 존재하지 않는 시계열 구간을 만드는 것이라 보간 불가로 판단했으므로 boundary_carry를 적용하지 않고 결측으로 유지한다."
경기,postpartum_center_fee,2019,산후조리원 이용 요금,leading_missing,,,,,False,False,not_applicable,원자료 부재,confirmed,keep_missing,True,False,True,,,postpartum_before_source_start,reports/20260725_구조환경지표_통합파일_결측치_검증_결과.md:59,"승인된 원자료는 2023년부터 존재한다. 20260725 검증 리포트가 이 구간을 ""통계 자체가 최근에 신설됨(시계열 시작점 문제)""으로 분류하고 2023년 값을 과거로 이월하는 것은 존재하지 않는 시계열 구간을 만드는 것이라 보간 불가로 판단했으므로 boundary_carry를 적용하지 않고 결측으로 유지한다."
경기,postpartum_center_fee,2020,산후조리원 이용 요금,leading_missing,,,,,False,False,not_applicable,원자료 부재,confirmed,keep_missing,True,False,True,,,postpartum_before_source_start,reports/20260725_구조환경지표_통합파일_결측치_검증_결과.md:59,"승인된 원자료는 2023년부터 존재한다. 20260725 검증 리포트가 이 구간을 ""통계 자체가 최근에 신설됨(시계열 시작점 문제)""으로 분류하고 2023년 값을 과거로 이월하는 것은 존재하지 않는 시계열 구간을 만드는 것이라 보간 불가로 판단했으므로 boundary_carry를 적용하지 않고 결측으로 유지한다."
경기,postpartum_center_fee,2021,산후조리원 이용 요금,leading_missing,,,,,False,False,not_applicable,원자료 부재,confirmed,keep_missing,True,False,True,,,postpartum_before_source_start,reports/20260725_구조환경지표_통합파일_결측치_검증_결과.md:59,"승인된 원자료는 2023년부터 존재한다. 20260725 검증 리포트가 이 구간을 ""통계 자체가 최근에 신설됨(시계열 시작점 문제)""으로 분류하고 2023년 값을 과거로 이월하는 것은 존재하지 않는 시계열 구간을 만드는 것이라 보간 불가로 판단했으므로 boundary_carry를 적용하지 않고 결측으로 유지한다."
경기,postpartum_center_fee,2022,산후조리원 이용 요금,leading_missing,,,,,False,False,not_applicable,원자료 부재,confirmed,keep_missing,True,False,True,,,postpartum_before_source_start,reports/20260725_구조환경지표_통합파일_결측치_검증_결과.md:59,"승인된 원자료는 2023년부터 존재한다. 20260725 검증 리포트가 이 구간을 ""통계 자체가 최근에 신설됨(시계열 시작점 문제)""으로 분류하고 2023년 값을 과거로 이월하는 것은 존재하지 않는 시계열 구간을 만드는 것이라 보간 불가로 판단했으므로 boundary_carry를 적용하지 않고 결측으로 유지한다."
경기,postpartum_center_supply,2016,산후조리원 보급도,leading_missing,,,,,False,False,not_applicable,원자료 부재,confirmed,keep_missing,True,False,True,,,postpartum_before_source_start,reports/20260725_구조환경지표_통합파일_결측치_검증_결과.md:59,"승인된 원자료는 2023년부터 존재한다. 20260725 검증 리포트가 이 구간을 ""통계 자체가 최근에 신설됨(시계열 시작점 문제)""으로 분류하고 2023년 값을 과거로 이월하는 것은 존재하지 않는 시계열 구간을 만드는 것이라 보간 불가로 판단했으므로 boundary_carry를 적용하지 않고 결측으로 유지한다."
경기,postpartum_center_supply,2017,산후조리원 보급도,leading_missing,,,,,False,False,not_applicable,원자료 부재,confirmed,keep_missing,True,False,True,,,postpartum_before_source_start,reports/20260725_구조환경지표_통합파일_결측치_검증_결과.md:59,"승인된 원자료는 2023년부터 존재한다. 20260725 검증 리포트가 이 구간을 ""통계 자체가 최근에 신설됨(시계열 시작점 문제)""으로 분류하고 2023년 값을 과거로 이월하는 것은 존재하지 않는 시계열 구간을 만드는 것이라 보간 불가로 판단했으므로 boundary_carry를 적용하지 않고 결측으로 유지한다."
경기,postpartum_center_supply,2018,산후조리원 보급도,leading_missing,,,,,False,False,not_applicable,원자료 부재,confirmed,keep_missing,True,False,True,,,postpartum_before_source_start,reports/20260725_구조환경지표_통합파일_결측치_검증_결과.md:59,"승인된 원자료는 2023년부터 존재한다. 20260725 검증 리포트가 이 구간을 ""통계 자체가 최근에 신설됨(시계열 시작점 문제)""으로 분류하고 2023년 값을 과거로 이월하는 것은 존재하지 않는 시계열 구간을 만드는 것이라 보간 불가로 판단했으므로 boundary_carry를 적용하지 않고 결측으로 유지한다."
경기,postpartum_center_supply,2019,산후조리원 보급도,leading_missing,,,,,False,False,not_applicable,원자료 부재,confirmed,keep_missing,True,False,True,,,postpartum_before_source_start,reports/20260725_구조환경지표_통합파일_결측치_검증_결과.md:59,"승인된 원자료는 2023년부터 존재한다. 20260725 검증 리포트가 이 구간을 ""통계 자체가 최근에 신설됨(시계열 시작점 문제)""으로 분류하고 2023년 값을 과거로 이월하는 것은 존재하지 않는 시계열 구간을 만드는 것이라 보간 불가로 판단했으므로 boundary_carry를 적용하지 않고 결측으로 유지한다."
경기,postpartum_center_supply,2020,산후조리원 보급도,leading_missing,,,,,False,False,not_applicable,원자료 부재,confirmed,keep_missing,True,False,True,,,postpartum_before_source_start,reports/20260725_구조환경지표_통합파일_결측치_검증_결과.md:59,"승인된 원자료는 2023년부터 존재한다. 20260725 검증 리포트가 이 구간을 ""통계 자체가 최근에 신설됨(시계열 시작점 문제)""으로 분류하고 2023년 값을 과거로 이월하는 것은 존재하지 않는 시계열 구간을 만드는 것이라 보간 불가로 판단했으므로 boundary_carry를 적용하지 않고 결측으로 유지한다."
경기,postpartum_center_supply,2021,산후조리원 보급도,leading_missing,,,,,False,False,not_applicable,원자료 부재,confirmed,keep_missing,True,False,True,,,postpartum_before_source_start,reports/20260725_구조환경지표_통합파일_결측치_검증_결과.md:59,"승인된 원자료는 2023년부터 존재한다. 20260725 검증 리포트가 이 구간을 ""통계 자체가 최근에 신설됨(시계열 시작점 문제)""으로 분류하고 2023년 값을 과거로 이월하는 것은 존재하지 않는 시계열 구간을 만드는 것이라 보간 불가로 판단했으므로 boundary_carry를 적용하지 않고 결측으로 유지한다."
경기,postpartum_center_supply,2022,산후조리원 보급도,leading_missing,,,,,False,False,not_applicable,원자료 부재,confirmed,keep_missing,True,False,True,,,postpartum_before_source_start,reports/20260725_구조환경지표_통합파일_결측치_검증_결과.md:59,"승인된 원자료는 2023년부터 존재한다. 20260725 검증 리포트가 이 구간을 ""통계 자체가 최근에 신설됨(시계열 시작점 문제)""으로 분류하고 2023년 값을 과거로 이월하는 것은 존재하지 않는 시계열 구간을 만드는 것이라 보간 불가로 판단했으므로 boundary_carry를 적용하지 않고 결측으로 유지한다."
경기,social_safety_perception,2017,사회 안전에 대한 인식,intermediate_missing,,,,,False,False,not_applicable,조사 비실시 연도,confirmed,linear_interpolation,False,True,True,,,social_survey_interior_non_survey,configs/structural_indicators_verification.yaml:460,2016·2018·2020·2022·2024 관측값 사이의 비조사연도이다.
경기,social_safety_perception,2019,사회 안전에 대한 인식,intermediate_missing,,,,,False,False,not_applicable,조사 비실시 연도,confirmed,linear_interpolation,False,True,True,,,social_survey_interior_non_survey,configs/structural_indicators_verification.yaml:460,2016·2018·2020·2022·2024 관측값 사이의 비조사연도이다.
경기,social_safety_perception,2021,사회 안전에 대한 인식,intermediate_missing,,,,,False,False,not_applicable,조사 비실시 연도,confirmed,linear_interpolation,False,True,True,,,social_survey_interior_non_survey,configs/structural_indicators_verification.yaml:460,2016·2018·2020·2022·2024 관측값 사이의 비조사연도이다.
경기,social_safety_perception,2023,사회 안전에 대한 인식,intermediate_missing,,,,,False,False,not_applicable,조사 비실시 연도,confirmed,linear_interpolation,False,True,True,,,social_survey_interior_non_survey,configs/structural_indicators_verification.yaml:460,2016·2018·2020·2022·2024 관측값 사이의 비조사연도이다.
경기,socioeconomic_status_perception,2016,사회경제적 지위에 대한 인식,leading_missing,2020,4,backward,4,True,True,high,조사 비실시 연도,confirmed,boundary_carry,False,True,False,,,family_survey_boundary_non_survey,configs/structural_indicators_verification.yaml:790,2020·2023 관측 범위 밖의 비조사연도이며 본계열 boundary carry 후보이다.
경기,socioeconomic_status_perception,2017,사회경제적 지위에 대한 인식,leading_missing,2020,3,backward,4,True,True,high,조사 비실시 연도,confirmed,boundary_carry,False,True,False,,,family_survey_boundary_non_survey,configs/structural_indicators_verification.yaml:790,2020·2023 관측 범위 밖의 비조사연도이며 본계열 boundary carry 후보이다.
경기,socioeconomic_status_perception,2018,사회경제적 지위에 대한 인식,leading_missing,2020,2,backward,4,True,True,high,조사 비실시 연도,confirmed,boundary_carry,False,True,False,,,family_survey_boundary_non_survey,configs/structural_indicators_verification.yaml:790,2020·2023 관측 범위 밖의 비조사연도이며 본계열 boundary carry 후보이다.
경기,socioeconomic_status_perception,2019,사회경제적 지위에 대한 인식,leading_missing,2020,1,backward,4,True,True,high,조사 비실시 연도,confirmed,boundary_carry,False,True,False,,,family_survey_boundary_non_survey,configs/structural_indicators_verification.yaml:790,2020·2023 관측 범위 밖의 비조사연도이며 본계열 boundary carry 후보이다.
경기,socioeconomic_status_perception,2021,사회경제적 지위에 대한 인식,intermediate_missing,,,,,False,False,not_applicable,조사 비실시 연도,confirmed,linear_interpolation,False,True,False,,,family_survey_interior_non_survey,configs/structural_indicators_verification.yaml:790,2020년과 2023년 실제 관측값 사이의 비조사연도이다.
경기,socioeconomic_status_perception,2022,사회경제적 지위에 대한 인식,intermediate_missing,,,,,False,False,not_applicable,조사 비실시 연도,confirmed,linear_interpolation,False,True,False,,,family_survey_interior_non_survey,configs/structural_indicators_verification.yaml:790,2020년과 2023년 실제 관측값 사이의 비조사연도이다.
경기,socioeconomic_status_perception,2024,사회경제적 지위에 대한 인식,trailing_missing,2023,1,forward,1,False,True,medium,조사 비실시 연도,confirmed,boundary_carry,False,True,False,,,family_survey_boundary_non_survey,configs/structural_indicators_verification.yaml:790,2020·2023 관측 범위 밖의 비조사연도이며 본계열 boundary carry 후보이다.
경남,childbirth_perception,2016,출산에 대한 인식,leading_missing,2018,2,backward,2,True,True,high,조사 비실시 연도,confirmed,boundary_carry,False,True,True,,,childbirth_leading_non_survey,configs/structural_indicators_verification.yaml:576,지표의 첫 비교 가능 관측연도인 2018년 이전 구간이다.
경남,childbirth_perception,2017,출산에 대한 인식,leading_missing,2018,1,backward,2,True,True,high,조사 비실시 연도,confirmed,boundary_carry,False,True,True,,,childbirth_leading_non_survey,configs/structural_indicators_verification.yaml:576,지표의 첫 비교 가능 관측연도인 2018년 이전 구간이다.
경남,childbirth_perception,2019,출산에 대한 인식,intermediate_missing,,,,,False,False,not_applicable,조사 비실시 연도,confirmed,linear_interpolation,False,True,True,,,childbirth_interior_non_survey,configs/structural_indicators_verification.yaml:576,2018·2020·2022·2024 관측값 사이의 비조사연도이다.
경남,childbirth_perception,2021,출산에 대한 인식,intermediate_missing,,,,,False,False,not_applicable,조사 비실시 연도,confirmed,linear_interpolation,False,True,True,,,childbirth_interior_non_survey,configs/structural_indicators_verification.yaml:576,2018·2020·2022·2024 관측값 사이의 비조사연도이다.
경남,childbirth_perception,2023,출산에 대한 인식,intermediate_missing,,,,,False,False,not_applicable,조사 비실시 연도,confirmed,linear_interpolation,False,True,True,,,childbirth_interior_non_survey,configs/structural_indicators_verification.yaml:576,2018·2020·2022·2024 관측값 사이의 비조사연도이다.
경남,childcare_equal_participation,2016,돌봄노동 공동 참여도,leading_missing,2020,4,backward,4,True,True,high,조사 비실시 연도,confirmed,boundary_carry,False,True,False,,,family_survey_boundary_non_survey,configs/structural_indicators_verification.yaml:790,2020·2023 관측 범위 밖의 비조사연도이며 본계열 boundary carry 후보이다.
경남,childcare_equal_participation,2017,돌봄노동 공동 참여도,leading_missing,2020,3,backward,4,True,True,high,조사 비실시 연도,confirmed,boundary_carry,False,True,False,,,family_survey_boundary_non_survey,configs/structural_indicators_verification.yaml:790,2020·2023 관측 범위 밖의 비조사연도이며 본계열 boundary carry 후보이다.
경남,childcare_equal_participation,2018,돌봄노동 공동 참여도,leading_missing,2020,2,backward,4,True,True,high,조사 비실시 연도,confirmed,boundary_carry,False,True,False,,,family_survey_boundary_non_survey,configs/structural_indicators_verification.yaml:790,2020·2023 관측 범위 밖의 비조사연도이며 본계열 boundary carry 후보이다.
경남,childcare_equal_participation,2019,돌봄노동 공동 참여도,leading_missing,2020,1,backward,4,True,True,high,조사 비실시 연도,confirmed,boundary_carry,False,True,False,,,family_survey_boundary_non_survey,configs/structural_indicators_verification.yaml:790,2020·2023 관측 범위 밖의 비조사연도이며 본계열 boundary carry 후보이다.
경남,childcare_equal_participation,2021,돌봄노동 공동 참여도,intermediate_missing,,,,,False,False,not_applicable,조사 비실시 연도,confirmed,linear_interpolation,False,True,False,,,family_survey_interior_non_survey,configs/structural_indicators_verification.yaml:790,2020년과 2023년 실제 관측값 사이의 비조사연도이다.
경남,childcare_equal_participation,2022,돌봄노동 공동 참여도,intermediate_missing,,,,,False,False,not_applicable,조사 비실시 연도,confirmed,linear_interpolation,False,True,False,,,family_survey_interior_non_survey,configs/structural_indicators_verification.yaml:790,2020년과 2023년 실제 관측값 사이의 비조사연도이다.
경남,childcare_equal_participation,2024,돌봄노동 공동 참여도,trailing_missing,2023,1,forward,1,False,True,medium,조사 비실시 연도,confirmed,boundary_carry,False,True,False,,,family_survey_boundary_non_survey,configs/structural_indicators_verification.yaml:790,2020·2023 관측 범위 밖의 비조사연도이며 본계열 boundary carry 후보이다.
경남,delivery_bed_supply,2016,(대체)분만실 병상수 보급도,leading_missing,,,,,False,False,not_applicable,원자료 부재,confirmed,keep_missing,True,False,True,,,delivery_bed_before_source_start,reports/20260725_구조환경지표_통합파일_결측치_검증_결과.md:59,"원자료는 2018년 3분기부터 시작한다. 20260725 검증 리포트가 이 구간을 ""통계 자체가 최근에 신설됨(시계열 시작점 문제)""으로 분류하고 보간(경계값 이월 포함) 불가로 판단했으므로 boundary_carry를 적용하지 않고 결측으로 유지한다."
경남,delivery_bed_supply,2017,(대체)분만실 병상수 보급도,leading_missing,,,,,False,False,not_applicable,원자료 부재,confirmed,keep_missing,True,False,True,,,delivery_bed_before_source_start,reports/20260725_구조환경지표_통합파일_결측치_검증_결과.md:59,"원자료는 2018년 3분기부터 시작한다. 20260725 검증 리포트가 이 구간을 ""통계 자체가 최근에 신설됨(시계열 시작점 문제)""으로 분류하고 보간(경계값 이월 포함) 불가로 판단했으므로 boundary_carry를 적용하지 않고 결측으로 유지한다."
경남,family_friendly_certification_rate,2016,가족친화 인증기업 비율,leading_missing,,,,,False,False,not_applicable,원인 미확정,unresolved,pending_review,True,False,True,auxiliary_raking_composition_ratio,,family_friendly_provincial_unresolved,configs/structural_indicators_verification.yaml:518,"공식 명단을 확보하지 못한 17개 시도의 2016·2017·2019년 51건은 임의 대체하지 않는다. 2019(중간 결측)는 2018·2020 선형보간 후 전국 실측 합계로 raking, 2016·2017(선행 결측)은 2018년 지역 구성비 × 해당 연도 전국 실측 합계로 추정한 보조 시나리오만 별도 열에 기록한다(`reports/20260805_가족친화_지역별_51건_보조시나리오_후보.csv`)."
경남,family_friendly_certification_rate,2017,가족친화 인증기업 비율,leading_missing,,,,,False,False,not_applicable,원인 미확정,unresolved,pending_review,True,False,True,auxiliary_raking_composition_ratio,,family_friendly_provincial_unresolved,configs/structural_indicators_verification.yaml:518,"공식 명단을 확보하지 못한 17개 시도의 2016·2017·2019년 51건은 임의 대체하지 않는다. 2019(중간 결측)는 2018·2020 선형보간 후 전국 실측 합계로 raking, 2016·2017(선행 결측)은 2018년 지역 구성비 × 해당 연도 전국 실측 합계로 추정한 보조 시나리오만 별도 열에 기록한다(`reports/20260805_가족친화_지역별_51건_보조시나리오_후보.csv`)."
경남,family_friendly_certification_rate,2019,가족친화 인증기업 비율,intermediate_missing,,,,,False,False,not_applicable,원인 미확정,unresolved,pending_review,True,False,True,auxiliary_raking_composition_ratio,,family_friendly_provincial_unresolved,configs/structural_indicators_verification.yaml:518,"공식 명단을 확보하지 못한 17개 시도의 2016·2017·2019년 51건은 임의 대체하지 않는다. 2019(중간 결측)는 2018·2020 선형보간 후 전국 실측 합계로 raking, 2016·2017(선행 결측)은 2018년 지역 구성비 × 해당 연도 전국 실측 합계로 추정한 보조 시나리오만 별도 열에 기록한다(`reports/20260805_가족친화_지역별_51건_보조시나리오_후보.csv`)."
경남,household_chore_equal_participation,2016,가사노동 공동 참여도,leading_missing,2020,4,backward,4,True,True,high,조사 비실시 연도,confirmed,boundary_carry,False,True,False,,,family_survey_boundary_non_survey,configs/structural_indicators_verification.yaml:790,2020·2023 관측 범위 밖의 비조사연도이며 본계열 boundary carry 후보이다.
경남,household_chore_equal_participation,2017,가사노동 공동 참여도,leading_missing,2020,3,backward,4,True,True,high,조사 비실시 연도,confirmed,boundary_carry,False,True,False,,,family_survey_boundary_non_survey,configs/structural_indicators_verification.yaml:790,2020·2023 관측 범위 밖의 비조사연도이며 본계열 boundary carry 후보이다.
경남,household_chore_equal_participation,2018,가사노동 공동 참여도,leading_missing,2020,2,backward,4,True,True,high,조사 비실시 연도,confirmed,boundary_carry,False,True,False,,,family_survey_boundary_non_survey,configs/structural_indicators_verification.yaml:790,2020·2023 관측 범위 밖의 비조사연도이며 본계열 boundary carry 후보이다.
경남,household_chore_equal_participation,2019,가사노동 공동 참여도,leading_missing,2020,1,backward,4,True,True,high,조사 비실시 연도,confirmed,boundary_carry,False,True,False,,,family_survey_boundary_non_survey,configs/structural_indicators_verification.yaml:790,2020·2023 관측 범위 밖의 비조사연도이며 본계열 boundary carry 후보이다.
경남,household_chore_equal_participation,2021,가사노동 공동 참여도,intermediate_missing,,,,,False,False,not_applicable,조사 비실시 연도,confirmed,linear_interpolation,False,True,False,,,family_survey_interior_non_survey,configs/structural_indicators_verification.yaml:790,2020년과 2023년 실제 관측값 사이의 비조사연도이다.
경남,household_chore_equal_participation,2022,가사노동 공동 참여도,intermediate_missing,,,,,False,False,not_applicable,조사 비실시 연도,confirmed,linear_interpolation,False,True,False,,,family_survey_interior_non_survey,configs/structural_indicators_verification.yaml:790,2020년과 2023년 실제 관측값 사이의 비조사연도이다.
경남,household_chore_equal_participation,2024,가사노동 공동 참여도,trailing_missing,2023,1,forward,1,False,True,medium,조사 비실시 연도,confirmed,boundary_carry,False,True,False,,,family_survey_boundary_non_survey,configs/structural_indicators_verification.yaml:790,2020·2023 관측 범위 밖의 비조사연도이며 본계열 boundary carry 후보이다.
경남,housework_gender_equality,2017,가사분담에 대한 성평등 인식,intermediate_missing,,,,,False,False,not_applicable,조사 비실시 연도,confirmed,pending_review,True,False,True,,,nonlinear_housework_pending_review,reports/20260725_구조환경지표_통합파일_결측치_검증_결과.md:78,비선형 변환 전 구성요소와 변환 후 지표 중 어느 단계에서 처리할지 검토가 필요하다.
경남,housework_gender_equality,2019,가사분담에 대한 성평등 인식,intermediate_missing,,,,,False,False,not_applicable,조사 비실시 연도,confirmed,pending_review,True,False,True,,,nonlinear_housework_pending_review,reports/20260725_구조환경지표_통합파일_결측치_검증_결과.md:78,비선형 변환 전 구성요소와 변환 후 지표 중 어느 단계에서 처리할지 검토가 필요하다.
경남,housework_gender_equality,2021,가사분담에 대한 성평등 인식,intermediate_missing,,,,,False,False,not_applicable,조사 비실시 연도,confirmed,pending_review,True,False,True,,,nonlinear_housework_pending_review,reports/20260725_구조환경지표_통합파일_결측치_검증_결과.md:78,비선형 변환 전 구성요소와 변환 후 지표 중 어느 단계에서 처리할지 검토가 필요하다.
경남,housework_gender_equality,2023,가사분담에 대한 성평등 인식,intermediate_missing,,,,,False,False,not_applicable,조사 비실시 연도,confirmed,pending_review,True,False,True,,,nonlinear_housework_pending_review,reports/20260725_구조환경지표_통합파일_결측치_검증_결과.md:78,비선형 변환 전 구성요소와 변환 후 지표 중 어느 단계에서 처리할지 검토가 필요하다.
경남,income_satisfaction,2016,소득만족도,leading_missing,2017,1,backward,1,False,True,medium,조사 비실시 연도,confirmed,boundary_carry,False,True,True,auxiliary_boundary_interpolation,2015,income_leisure_leading_non_survey,configs/structural_indicators_verification.yaml:145,본계열은 boundary carry 후보이며 2015년 값은 별도 보조 시나리오에서만 사용한다.
경남,income_satisfaction,2018,소득만족도,intermediate_missing,,,,,False,False,not_applicable,조사 비실시 연도,confirmed,linear_interpolation,False,True,True,,,income_leisure_interior_non_survey,reports/20260725_구조환경지표_통합파일_결측치_검증_결과.md:57,실제 관측값 사이의 비조사연도로 본계열 선형보간 후보이다.
경남,income_satisfaction,2020,소득만족도,intermediate_missing,,,,,False,False,not_applicable,조사 비실시 연도,confirmed,linear_interpolation,False,True,True,,,income_leisure_interior_non_survey,reports/20260725_구조환경지표_통합파일_결측치_검증_결과.md:57,실제 관측값 사이의 비조사연도로 본계열 선형보간 후보이다.
경남,income_satisfaction,2022,소득만족도,intermediate_missing,,,,,False,False,not_applicable,조사 비실시 연도,confirmed,linear_interpolation,False,True,True,,,income_leisure_interior_non_survey,reports/20260725_구조환경지표_통합파일_결측치_검증_결과.md:57,실제 관측값 사이의 비조사연도로 본계열 선형보간 후보이다.
경남,income_satisfaction,2024,소득만족도,trailing_missing,2023,1,forward,1,False,True,medium,조사 비실시 연도,confirmed,boundary_carry,False,True,True,auxiliary_boundary_interpolation,2025,income_leisure_trailing_non_survey,configs/structural_indicators_verification.yaml:145,본계열은 boundary carry 후보이며 2025년 값은 별도 보조 시나리오에서만 사용한다.
경남,leisure_satisfaction,2016,여가생활 만족도,leading_missing,2017,1,backward,1,False,True,medium,조사 비실시 연도,confirmed,boundary_carry,False,True,True,auxiliary_boundary_interpolation,2015,income_leisure_leading_non_survey,configs/structural_indicators_verification.yaml:145,본계열은 boundary carry 후보이며 2015년 값은 별도 보조 시나리오에서만 사용한다.
경남,leisure_satisfaction,2018,여가생활 만족도,intermediate_missing,,,,,False,False,not_applicable,조사 비실시 연도,confirmed,linear_interpolation,False,True,True,,,income_leisure_interior_non_survey,reports/20260725_구조환경지표_통합파일_결측치_검증_결과.md:57,실제 관측값 사이의 비조사연도로 본계열 선형보간 후보이다.
경남,leisure_satisfaction,2020,여가생활 만족도,intermediate_missing,,,,,False,False,not_applicable,조사 비실시 연도,confirmed,linear_interpolation,False,True,True,,,income_leisure_interior_non_survey,reports/20260725_구조환경지표_통합파일_결측치_검증_결과.md:57,실제 관측값 사이의 비조사연도로 본계열 선형보간 후보이다.
경남,leisure_satisfaction,2022,여가생활 만족도,intermediate_missing,,,,,False,False,not_applicable,조사 비실시 연도,confirmed,linear_interpolation,False,True,True,,,income_leisure_interior_non_survey,reports/20260725_구조환경지표_통합파일_결측치_검증_결과.md:57,실제 관측값 사이의 비조사연도로 본계열 선형보간 후보이다.
경남,leisure_satisfaction,2024,여가생활 만족도,trailing_missing,2023,1,forward,1,False,True,medium,조사 비실시 연도,confirmed,boundary_carry,False,True,True,auxiliary_boundary_interpolation,2025,income_leisure_trailing_non_survey,configs/structural_indicators_verification.yaml:145,본계열은 boundary carry 후보이며 2025년 값은 별도 보조 시나리오에서만 사용한다.
경남,marriage_perception,2017,결혼에 대한 인식,intermediate_missing,,,,,False,False,not_applicable,조사 비실시 연도,confirmed,linear_interpolation,False,True,True,,,social_survey_interior_non_survey,configs/structural_indicators_verification.yaml:460,2016·2018·2020·2022·2024 관측값 사이의 비조사연도이다.
경남,marriage_perception,2019,결혼에 대한 인식,intermediate_missing,,,,,False,False,not_applicable,조사 비실시 연도,confirmed,linear_interpolation,False,True,True,,,social_survey_interior_non_survey,configs/structural_indicators_verification.yaml:460,2016·2018·2020·2022·2024 관측값 사이의 비조사연도이다.
경남,marriage_perception,2021,결혼에 대한 인식,intermediate_missing,,,,,False,False,not_applicable,조사 비실시 연도,confirmed,linear_interpolation,False,True,True,,,social_survey_interior_non_survey,configs/structural_indicators_verification.yaml:460,2016·2018·2020·2022·2024 관측값 사이의 비조사연도이다.
경남,marriage_perception,2023,결혼에 대한 인식,intermediate_missing,,,,,False,False,not_applicable,조사 비실시 연도,confirmed,linear_interpolation,False,True,True,,,social_survey_interior_non_survey,configs/structural_indicators_verification.yaml:460,2016·2018·2020·2022·2024 관측값 사이의 비조사연도이다.
경남,postpartum_center_fee,2016,산후조리원 이용 요금,leading_missing,,,,,False,False,not_applicable,원자료 부재,confirmed,keep_missing,True,False,True,,,postpartum_before_source_start,reports/20260725_구조환경지표_통합파일_결측치_검증_결과.md:59,"승인된 원자료는 2023년부터 존재한다. 20260725 검증 리포트가 이 구간을 ""통계 자체가 최근에 신설됨(시계열 시작점 문제)""으로 분류하고 2023년 값을 과거로 이월하는 것은 존재하지 않는 시계열 구간을 만드는 것이라 보간 불가로 판단했으므로 boundary_carry를 적용하지 않고 결측으로 유지한다."
경남,postpartum_center_fee,2017,산후조리원 이용 요금,leading_missing,,,,,False,False,not_applicable,원자료 부재,confirmed,keep_missing,True,False,True,,,postpartum_before_source_start,reports/20260725_구조환경지표_통합파일_결측치_검증_결과.md:59,"승인된 원자료는 2023년부터 존재한다. 20260725 검증 리포트가 이 구간을 ""통계 자체가 최근에 신설됨(시계열 시작점 문제)""으로 분류하고 2023년 값을 과거로 이월하는 것은 존재하지 않는 시계열 구간을 만드는 것이라 보간 불가로 판단했으므로 boundary_carry를 적용하지 않고 결측으로 유지한다."
경남,postpartum_center_fee,2018,산후조리원 이용 요금,leading_missing,,,,,False,False,not_applicable,원자료 부재,confirmed,keep_missing,True,False,True,,,postpartum_before_source_start,reports/20260725_구조환경지표_통합파일_결측치_검증_결과.md:59,"승인된 원자료는 2023년부터 존재한다. 20260725 검증 리포트가 이 구간을 ""통계 자체가 최근에 신설됨(시계열 시작점 문제)""으로 분류하고 2023년 값을 과거로 이월하는 것은 존재하지 않는 시계열 구간을 만드는 것이라 보간 불가로 판단했으므로 boundary_carry를 적용하지 않고 결측으로 유지한다."
경남,postpartum_center_fee,2019,산후조리원 이용 요금,leading_missing,,,,,False,False,not_applicable,원자료 부재,confirmed,keep_missing,True,False,True,,,postpartum_before_source_start,reports/20260725_구조환경지표_통합파일_결측치_검증_결과.md:59,"승인된 원자료는 2023년부터 존재한다. 20260725 검증 리포트가 이 구간을 ""통계 자체가 최근에 신설됨(시계열 시작점 문제)""으로 분류하고 2023년 값을 과거로 이월하는 것은 존재하지 않는 시계열 구간을 만드는 것이라 보간 불가로 판단했으므로 boundary_carry를 적용하지 않고 결측으로 유지한다."
경남,postpartum_center_fee,2020,산후조리원 이용 요금,leading_missing,,,,,False,False,not_applicable,원자료 부재,confirmed,keep_missing,True,False,True,,,postpartum_before_source_start,reports/20260725_구조환경지표_통합파일_결측치_검증_결과.md:59,"승인된 원자료는 2023년부터 존재한다. 20260725 검증 리포트가 이 구간을 ""통계 자체가 최근에 신설됨(시계열 시작점 문제)""으로 분류하고 2023년 값을 과거로 이월하는 것은 존재하지 않는 시계열 구간을 만드는 것이라 보간 불가로 판단했으므로 boundary_carry를 적용하지 않고 결측으로 유지한다."
경남,postpartum_center_fee,2021,산후조리원 이용 요금,leading_missing,,,,,False,False,not_applicable,원자료 부재,confirmed,keep_missing,True,False,True,,,postpartum_before_source_start,reports/20260725_구조환경지표_통합파일_결측치_검증_결과.md:59,"승인된 원자료는 2023년부터 존재한다. 20260725 검증 리포트가 이 구간을 ""통계 자체가 최근에 신설됨(시계열 시작점 문제)""으로 분류하고 2023년 값을 과거로 이월하는 것은 존재하지 않는 시계열 구간을 만드는 것이라 보간 불가로 판단했으므로 boundary_carry를 적용하지 않고 결측으로 유지한다."
경남,postpartum_center_fee,2022,산후조리원 이용 요금,leading_missing,,,,,False,False,not_applicable,원자료 부재,confirmed,keep_missing,True,False,True,,,postpartum_before_source_start,reports/20260725_구조환경지표_통합파일_결측치_검증_결과.md:59,"승인된 원자료는 2023년부터 존재한다. 20260725 검증 리포트가 이 구간을 ""통계 자체가 최근에 신설됨(시계열 시작점 문제)""으로 분류하고 2023년 값을 과거로 이월하는 것은 존재하지 않는 시계열 구간을 만드는 것이라 보간 불가로 판단했으므로 boundary_carry를 적용하지 않고 결측으로 유지한다."
경남,postpartum_center_supply,2016,산후조리원 보급도,leading_missing,,,,,False,False,not_applicable,원자료 부재,confirmed,keep_missing,True,False,True,,,postpartum_before_source_start,reports/20260725_구조환경지표_통합파일_결측치_검증_결과.md:59,"승인된 원자료는 2023년부터 존재한다. 20260725 검증 리포트가 이 구간을 ""통계 자체가 최근에 신설됨(시계열 시작점 문제)""으로 분류하고 2023년 값을 과거로 이월하는 것은 존재하지 않는 시계열 구간을 만드는 것이라 보간 불가로 판단했으므로 boundary_carry를 적용하지 않고 결측으로 유지한다."
경남,postpartum_center_supply,2017,산후조리원 보급도,leading_missing,,,,,False,False,not_applicable,원자료 부재,confirmed,keep_missing,True,False,True,,,postpartum_before_source_start,reports/20260725_구조환경지표_통합파일_결측치_검증_결과.md:59,"승인된 원자료는 2023년부터 존재한다. 20260725 검증 리포트가 이 구간을 ""통계 자체가 최근에 신설됨(시계열 시작점 문제)""으로 분류하고 2023년 값을 과거로 이월하는 것은 존재하지 않는 시계열 구간을 만드는 것이라 보간 불가로 판단했으므로 boundary_carry를 적용하지 않고 결측으로 유지한다."
경남,postpartum_center_supply,2018,산후조리원 보급도,leading_missing,,,,,False,False,not_applicable,원자료 부재,confirmed,keep_missing,True,False,True,,,postpartum_before_source_start,reports/20260725_구조환경지표_통합파일_결측치_검증_결과.md:59,"승인된 원자료는 2023년부터 존재한다. 20260725 검증 리포트가 이 구간을 ""통계 자체가 최근에 신설됨(시계열 시작점 문제)""으로 분류하고 2023년 값을 과거로 이월하는 것은 존재하지 않는 시계열 구간을 만드는 것이라 보간 불가로 판단했으므로 boundary_carry를 적용하지 않고 결측으로 유지한다."
경남,postpartum_center_supply,2019,산후조리원 보급도,leading_missing,,,,,False,False,not_applicable,원자료 부재,confirmed,keep_missing,True,False,True,,,postpartum_before_source_start,reports/20260725_구조환경지표_통합파일_결측치_검증_결과.md:59,"승인된 원자료는 2023년부터 존재한다. 20260725 검증 리포트가 이 구간을 ""통계 자체가 최근에 신설됨(시계열 시작점 문제)""으로 분류하고 2023년 값을 과거로 이월하는 것은 존재하지 않는 시계열 구간을 만드는 것이라 보간 불가로 판단했으므로 boundary_carry를 적용하지 않고 결측으로 유지한다."
경남,postpartum_center_supply,2020,산후조리원 보급도,leading_missing,,,,,False,False,not_applicable,원자료 부재,confirmed,keep_missing,True,False,True,,,postpartum_before_source_start,reports/20260725_구조환경지표_통합파일_결측치_검증_결과.md:59,"승인된 원자료는 2023년부터 존재한다. 20260725 검증 리포트가 이 구간을 ""통계 자체가 최근에 신설됨(시계열 시작점 문제)""으로 분류하고 2023년 값을 과거로 이월하는 것은 존재하지 않는 시계열 구간을 만드는 것이라 보간 불가로 판단했으므로 boundary_carry를 적용하지 않고 결측으로 유지한다."
경남,postpartum_center_supply,2021,산후조리원 보급도,leading_missing,,,,,False,False,not_applicable,원자료 부재,confirmed,keep_missing,True,False,True,,,postpartum_before_source_start,reports/20260725_구조환경지표_통합파일_결측치_검증_결과.md:59,"승인된 원자료는 2023년부터 존재한다. 20260725 검증 리포트가 이 구간을 ""통계 자체가 최근에 신설됨(시계열 시작점 문제)""으로 분류하고 2023년 값을 과거로 이월하는 것은 존재하지 않는 시계열 구간을 만드는 것이라 보간 불가로 판단했으므로 boundary_carry를 적용하지 않고 결측으로 유지한다."
경남,postpartum_center_supply,2022,산후조리원 보급도,leading_missing,,,,,False,False,not_applicable,원자료 부재,confirmed,keep_missing,True,False,True,,,postpartum_before_source_start,reports/20260725_구조환경지표_통합파일_결측치_검증_결과.md:59,"승인된 원자료는 2023년부터 존재한다. 20260725 검증 리포트가 이 구간을 ""통계 자체가 최근에 신설됨(시계열 시작점 문제)""으로 분류하고 2023년 값을 과거로 이월하는 것은 존재하지 않는 시계열 구간을 만드는 것이라 보간 불가로 판단했으므로 boundary_carry를 적용하지 않고 결측으로 유지한다."
경남,social_safety_perception,2017,사회 안전에 대한 인식,intermediate_missing,,,,,False,False,not_applicable,조사 비실시 연도,confirmed,linear_interpolation,False,True,True,,,social_survey_interior_non_survey,configs/structural_indicators_verification.yaml:460,2016·2018·2020·2022·2024 관측값 사이의 비조사연도이다.
경남,social_safety_perception,2019,사회 안전에 대한 인식,intermediate_missing,,,,,False,False,not_applicable,조사 비실시 연도,confirmed,linear_interpolation,False,True,True,,,social_survey_interior_non_survey,configs/structural_indicators_verification.yaml:460,2016·2018·2020·2022·2024 관측값 사이의 비조사연도이다.
경남,social_safety_perception,2021,사회 안전에 대한 인식,intermediate_missing,,,,,False,False,not_applicable,조사 비실시 연도,confirmed,linear_interpolation,False,True,True,,,social_survey_interior_non_survey,configs/structural_indicators_verification.yaml:460,2016·2018·2020·2022·2024 관측값 사이의 비조사연도이다.
경남,social_safety_perception,2023,사회 안전에 대한 인식,intermediate_missing,,,,,False,False,not_applicable,조사 비실시 연도,confirmed,linear_interpolation,False,True,True,,,social_survey_interior_non_survey,configs/structural_indicators_verification.yaml:460,2016·2018·2020·2022·2024 관측값 사이의 비조사연도이다.
경남,socioeconomic_status_perception,2016,사회경제적 지위에 대한 인식,leading_missing,2020,4,backward,4,True,True,high,조사 비실시 연도,confirmed,boundary_carry,False,True,False,,,family_survey_boundary_non_survey,configs/structural_indicators_verification.yaml:790,2020·2023 관측 범위 밖의 비조사연도이며 본계열 boundary carry 후보이다.
경남,socioeconomic_status_perception,2017,사회경제적 지위에 대한 인식,leading_missing,2020,3,backward,4,True,True,high,조사 비실시 연도,confirmed,boundary_carry,False,True,False,,,family_survey_boundary_non_survey,configs/structural_indicators_verification.yaml:790,2020·2023 관측 범위 밖의 비조사연도이며 본계열 boundary carry 후보이다.
경남,socioeconomic_status_perception,2018,사회경제적 지위에 대한 인식,leading_missing,2020,2,backward,4,True,True,high,조사 비실시 연도,confirmed,boundary_carry,False,True,False,,,family_survey_boundary_non_survey,configs/structural_indicators_verification.yaml:790,2020·2023 관측 범위 밖의 비조사연도이며 본계열 boundary carry 후보이다.
경남,socioeconomic_status_perception,2019,사회경제적 지위에 대한 인식,leading_missing,2020,1,backward,4,True,True,high,조사 비실시 연도,confirmed,boundary_carry,False,True,False,,,family_survey_boundary_non_survey,configs/structural_indicators_verification.yaml:790,2020·2023 관측 범위 밖의 비조사연도이며 본계열 boundary carry 후보이다.
경남,socioeconomic_status_perception,2021,사회경제적 지위에 대한 인식,intermediate_missing,,,,,False,False,not_applicable,조사 비실시 연도,confirmed,linear_interpolation,False,True,False,,,family_survey_interior_non_survey,configs/structural_indicators_verification.yaml:790,2020년과 2023년 실제 관측값 사이의 비조사연도이다.
경남,socioeconomic_status_perception,2022,사회경제적 지위에 대한 인식,intermediate_missing,,,,,False,False,not_applicable,조사 비실시 연도,confirmed,linear_interpolation,False,True,False,,,family_survey_interior_non_survey,configs/structural_indicators_verification.yaml:790,2020년과 2023년 실제 관측값 사이의 비조사연도이다.
경남,socioeconomic_status_perception,2024,사회경제적 지위에 대한 인식,trailing_missing,2023,1,forward,1,False,True,medium,조사 비실시 연도,confirmed,boundary_carry,False,True,False,,,family_survey_boundary_non_survey,configs/structural_indicators_verification.yaml:790,2020·2023 관측 범위 밖의 비조사연도이며 본계열 boundary carry 후보이다.
경북,childbirth_perception,2016,출산에 대한 인식,leading_missing,2018,2,backward,2,True,True,high,조사 비실시 연도,confirmed,boundary_carry,False,True,True,,,childbirth_leading_non_survey,configs/structural_indicators_verification.yaml:576,지표의 첫 비교 가능 관측연도인 2018년 이전 구간이다.
경북,childbirth_perception,2017,출산에 대한 인식,leading_missing,2018,1,backward,2,True,True,high,조사 비실시 연도,confirmed,boundary_carry,False,True,True,,,childbirth_leading_non_survey,configs/structural_indicators_verification.yaml:576,지표의 첫 비교 가능 관측연도인 2018년 이전 구간이다.
경북,childbirth_perception,2019,출산에 대한 인식,intermediate_missing,,,,,False,False,not_applicable,조사 비실시 연도,confirmed,linear_interpolation,False,True,True,,,childbirth_interior_non_survey,configs/structural_indicators_verification.yaml:576,2018·2020·2022·2024 관측값 사이의 비조사연도이다.
경북,childbirth_perception,2021,출산에 대한 인식,intermediate_missing,,,,,False,False,not_applicable,조사 비실시 연도,confirmed,linear_interpolation,False,True,True,,,childbirth_interior_non_survey,configs/structural_indicators_verification.yaml:576,2018·2020·2022·2024 관측값 사이의 비조사연도이다.
경북,childbirth_perception,2023,출산에 대한 인식,intermediate_missing,,,,,False,False,not_applicable,조사 비실시 연도,confirmed,linear_interpolation,False,True,True,,,childbirth_interior_non_survey,configs/structural_indicators_verification.yaml:576,2018·2020·2022·2024 관측값 사이의 비조사연도이다.
경북,childcare_equal_participation,2016,돌봄노동 공동 참여도,leading_missing,2020,4,backward,4,True,True,high,조사 비실시 연도,confirmed,boundary_carry,False,True,False,,,family_survey_boundary_non_survey,configs/structural_indicators_verification.yaml:790,2020·2023 관측 범위 밖의 비조사연도이며 본계열 boundary carry 후보이다.
경북,childcare_equal_participation,2017,돌봄노동 공동 참여도,leading_missing,2020,3,backward,4,True,True,high,조사 비실시 연도,confirmed,boundary_carry,False,True,False,,,family_survey_boundary_non_survey,configs/structural_indicators_verification.yaml:790,2020·2023 관측 범위 밖의 비조사연도이며 본계열 boundary carry 후보이다.
경북,childcare_equal_participation,2018,돌봄노동 공동 참여도,leading_missing,2020,2,backward,4,True,True,high,조사 비실시 연도,confirmed,boundary_carry,False,True,False,,,family_survey_boundary_non_survey,configs/structural_indicators_verification.yaml:790,2020·2023 관측 범위 밖의 비조사연도이며 본계열 boundary carry 후보이다.
경북,childcare_equal_participation,2019,돌봄노동 공동 참여도,leading_missing,2020,1,backward,4,True,True,high,조사 비실시 연도,confirmed,boundary_carry,False,True,False,,,family_survey_boundary_non_survey,configs/structural_indicators_verification.yaml:790,2020·2023 관측 범위 밖의 비조사연도이며 본계열 boundary carry 후보이다.
경북,childcare_equal_participation,2021,돌봄노동 공동 참여도,intermediate_missing,,,,,False,False,not_applicable,조사 비실시 연도,confirmed,linear_interpolation,False,True,False,,,family_survey_interior_non_survey,configs/structural_indicators_verification.yaml:790,2020년과 2023년 실제 관측값 사이의 비조사연도이다.
경북,childcare_equal_participation,2022,돌봄노동 공동 참여도,intermediate_missing,,,,,False,False,not_applicable,조사 비실시 연도,confirmed,linear_interpolation,False,True,False,,,family_survey_interior_non_survey,configs/structural_indicators_verification.yaml:790,2020년과 2023년 실제 관측값 사이의 비조사연도이다.
경북,childcare_equal_participation,2024,돌봄노동 공동 참여도,trailing_missing,2023,1,forward,1,False,True,medium,조사 비실시 연도,confirmed,boundary_carry,False,True,False,,,family_survey_boundary_non_survey,configs/structural_indicators_verification.yaml:790,2020·2023 관측 범위 밖의 비조사연도이며 본계열 boundary carry 후보이다.
경북,delivery_bed_supply,2016,(대체)분만실 병상수 보급도,leading_missing,,,,,False,False,not_applicable,원자료 부재,confirmed,keep_missing,True,False,True,,,delivery_bed_before_source_start,reports/20260725_구조환경지표_통합파일_결측치_검증_결과.md:59,"원자료는 2018년 3분기부터 시작한다. 20260725 검증 리포트가 이 구간을 ""통계 자체가 최근에 신설됨(시계열 시작점 문제)""으로 분류하고 보간(경계값 이월 포함) 불가로 판단했으므로 boundary_carry를 적용하지 않고 결측으로 유지한다."
경북,delivery_bed_supply,2017,(대체)분만실 병상수 보급도,leading_missing,,,,,False,False,not_applicable,원자료 부재,confirmed,keep_missing,True,False,True,,,delivery_bed_before_source_start,reports/20260725_구조환경지표_통합파일_결측치_검증_결과.md:59,"원자료는 2018년 3분기부터 시작한다. 20260725 검증 리포트가 이 구간을 ""통계 자체가 최근에 신설됨(시계열 시작점 문제)""으로 분류하고 보간(경계값 이월 포함) 불가로 판단했으므로 boundary_carry를 적용하지 않고 결측으로 유지한다."
경북,family_friendly_certification_rate,2016,가족친화 인증기업 비율,leading_missing,,,,,False,False,not_applicable,원인 미확정,unresolved,pending_review,True,False,True,auxiliary_raking_composition_ratio,,family_friendly_provincial_unresolved,configs/structural_indicators_verification.yaml:518,"공식 명단을 확보하지 못한 17개 시도의 2016·2017·2019년 51건은 임의 대체하지 않는다. 2019(중간 결측)는 2018·2020 선형보간 후 전국 실측 합계로 raking, 2016·2017(선행 결측)은 2018년 지역 구성비 × 해당 연도 전국 실측 합계로 추정한 보조 시나리오만 별도 열에 기록한다(`reports/20260805_가족친화_지역별_51건_보조시나리오_후보.csv`)."
경북,family_friendly_certification_rate,2017,가족친화 인증기업 비율,leading_missing,,,,,False,False,not_applicable,원인 미확정,unresolved,pending_review,True,False,True,auxiliary_raking_composition_ratio,,family_friendly_provincial_unresolved,configs/structural_indicators_verification.yaml:518,"공식 명단을 확보하지 못한 17개 시도의 2016·2017·2019년 51건은 임의 대체하지 않는다. 2019(중간 결측)는 2018·2020 선형보간 후 전국 실측 합계로 raking, 2016·2017(선행 결측)은 2018년 지역 구성비 × 해당 연도 전국 실측 합계로 추정한 보조 시나리오만 별도 열에 기록한다(`reports/20260805_가족친화_지역별_51건_보조시나리오_후보.csv`)."
경북,family_friendly_certification_rate,2019,가족친화 인증기업 비율,intermediate_missing,,,,,False,False,not_applicable,원인 미확정,unresolved,pending_review,True,False,True,auxiliary_raking_composition_ratio,,family_friendly_provincial_unresolved,configs/structural_indicators_verification.yaml:518,"공식 명단을 확보하지 못한 17개 시도의 2016·2017·2019년 51건은 임의 대체하지 않는다. 2019(중간 결측)는 2018·2020 선형보간 후 전국 실측 합계로 raking, 2016·2017(선행 결측)은 2018년 지역 구성비 × 해당 연도 전국 실측 합계로 추정한 보조 시나리오만 별도 열에 기록한다(`reports/20260805_가족친화_지역별_51건_보조시나리오_후보.csv`)."
경북,household_chore_equal_participation,2016,가사노동 공동 참여도,leading_missing,2020,4,backward,4,True,True,high,조사 비실시 연도,confirmed,boundary_carry,False,True,False,,,family_survey_boundary_non_survey,configs/structural_indicators_verification.yaml:790,2020·2023 관측 범위 밖의 비조사연도이며 본계열 boundary carry 후보이다.
경북,household_chore_equal_participation,2017,가사노동 공동 참여도,leading_missing,2020,3,backward,4,True,True,high,조사 비실시 연도,confirmed,boundary_carry,False,True,False,,,family_survey_boundary_non_survey,configs/structural_indicators_verification.yaml:790,2020·2023 관측 범위 밖의 비조사연도이며 본계열 boundary carry 후보이다.
경북,household_chore_equal_participation,2018,가사노동 공동 참여도,leading_missing,2020,2,backward,4,True,True,high,조사 비실시 연도,confirmed,boundary_carry,False,True,False,,,family_survey_boundary_non_survey,configs/structural_indicators_verification.yaml:790,2020·2023 관측 범위 밖의 비조사연도이며 본계열 boundary carry 후보이다.
경북,household_chore_equal_participation,2019,가사노동 공동 참여도,leading_missing,2020,1,backward,4,True,True,high,조사 비실시 연도,confirmed,boundary_carry,False,True,False,,,family_survey_boundary_non_survey,configs/structural_indicators_verification.yaml:790,2020·2023 관측 범위 밖의 비조사연도이며 본계열 boundary carry 후보이다.
경북,household_chore_equal_participation,2021,가사노동 공동 참여도,intermediate_missing,,,,,False,False,not_applicable,조사 비실시 연도,confirmed,linear_interpolation,False,True,False,,,family_survey_interior_non_survey,configs/structural_indicators_verification.yaml:790,2020년과 2023년 실제 관측값 사이의 비조사연도이다.
경북,household_chore_equal_participation,2022,가사노동 공동 참여도,intermediate_missing,,,,,False,False,not_applicable,조사 비실시 연도,confirmed,linear_interpolation,False,True,False,,,family_survey_interior_non_survey,configs/structural_indicators_verification.yaml:790,2020년과 2023년 실제 관측값 사이의 비조사연도이다.
경북,household_chore_equal_participation,2024,가사노동 공동 참여도,trailing_missing,2023,1,forward,1,False,True,medium,조사 비실시 연도,confirmed,boundary_carry,False,True,False,,,family_survey_boundary_non_survey,configs/structural_indicators_verification.yaml:790,2020·2023 관측 범위 밖의 비조사연도이며 본계열 boundary carry 후보이다.
경북,housework_gender_equality,2017,가사분담에 대한 성평등 인식,intermediate_missing,,,,,False,False,not_applicable,조사 비실시 연도,confirmed,pending_review,True,False,True,,,nonlinear_housework_pending_review,reports/20260725_구조환경지표_통합파일_결측치_검증_결과.md:78,비선형 변환 전 구성요소와 변환 후 지표 중 어느 단계에서 처리할지 검토가 필요하다.
경북,housework_gender_equality,2019,가사분담에 대한 성평등 인식,intermediate_missing,,,,,False,False,not_applicable,조사 비실시 연도,confirmed,pending_review,True,False,True,,,nonlinear_housework_pending_review,reports/20260725_구조환경지표_통합파일_결측치_검증_결과.md:78,비선형 변환 전 구성요소와 변환 후 지표 중 어느 단계에서 처리할지 검토가 필요하다.
경북,housework_gender_equality,2021,가사분담에 대한 성평등 인식,intermediate_missing,,,,,False,False,not_applicable,조사 비실시 연도,confirmed,pending_review,True,False,True,,,nonlinear_housework_pending_review,reports/20260725_구조환경지표_통합파일_결측치_검증_결과.md:78,비선형 변환 전 구성요소와 변환 후 지표 중 어느 단계에서 처리할지 검토가 필요하다.
경북,housework_gender_equality,2023,가사분담에 대한 성평등 인식,intermediate_missing,,,,,False,False,not_applicable,조사 비실시 연도,confirmed,pending_review,True,False,True,,,nonlinear_housework_pending_review,reports/20260725_구조환경지표_통합파일_결측치_검증_결과.md:78,비선형 변환 전 구성요소와 변환 후 지표 중 어느 단계에서 처리할지 검토가 필요하다.
경북,income_satisfaction,2016,소득만족도,leading_missing,2017,1,backward,1,False,True,medium,조사 비실시 연도,confirmed,boundary_carry,False,True,True,auxiliary_boundary_interpolation,2015,income_leisure_leading_non_survey,configs/structural_indicators_verification.yaml:145,본계열은 boundary carry 후보이며 2015년 값은 별도 보조 시나리오에서만 사용한다.
경북,income_satisfaction,2018,소득만족도,intermediate_missing,,,,,False,False,not_applicable,조사 비실시 연도,confirmed,linear_interpolation,False,True,True,,,income_leisure_interior_non_survey,reports/20260725_구조환경지표_통합파일_결측치_검증_결과.md:57,실제 관측값 사이의 비조사연도로 본계열 선형보간 후보이다.
경북,income_satisfaction,2020,소득만족도,intermediate_missing,,,,,False,False,not_applicable,조사 비실시 연도,confirmed,linear_interpolation,False,True,True,,,income_leisure_interior_non_survey,reports/20260725_구조환경지표_통합파일_결측치_검증_결과.md:57,실제 관측값 사이의 비조사연도로 본계열 선형보간 후보이다.
경북,income_satisfaction,2022,소득만족도,intermediate_missing,,,,,False,False,not_applicable,조사 비실시 연도,confirmed,linear_interpolation,False,True,True,,,income_leisure_interior_non_survey,reports/20260725_구조환경지표_통합파일_결측치_검증_결과.md:57,실제 관측값 사이의 비조사연도로 본계열 선형보간 후보이다.
경북,income_satisfaction,2024,소득만족도,trailing_missing,2023,1,forward,1,False,True,medium,조사 비실시 연도,confirmed,boundary_carry,False,True,True,auxiliary_boundary_interpolation,2025,income_leisure_trailing_non_survey,configs/structural_indicators_verification.yaml:145,본계열은 boundary carry 후보이며 2025년 값은 별도 보조 시나리오에서만 사용한다.
경북,leisure_satisfaction,2016,여가생활 만족도,leading_missing,2017,1,backward,1,False,True,medium,조사 비실시 연도,confirmed,boundary_carry,False,True,True,auxiliary_boundary_interpolation,2015,income_leisure_leading_non_survey,configs/structural_indicators_verification.yaml:145,본계열은 boundary carry 후보이며 2015년 값은 별도 보조 시나리오에서만 사용한다.
경북,leisure_satisfaction,2018,여가생활 만족도,intermediate_missing,,,,,False,False,not_applicable,조사 비실시 연도,confirmed,linear_interpolation,False,True,True,,,income_leisure_interior_non_survey,reports/20260725_구조환경지표_통합파일_결측치_검증_결과.md:57,실제 관측값 사이의 비조사연도로 본계열 선형보간 후보이다.
경북,leisure_satisfaction,2020,여가생활 만족도,intermediate_missing,,,,,False,False,not_applicable,조사 비실시 연도,confirmed,linear_interpolation,False,True,True,,,income_leisure_interior_non_survey,reports/20260725_구조환경지표_통합파일_결측치_검증_결과.md:57,실제 관측값 사이의 비조사연도로 본계열 선형보간 후보이다.
경북,leisure_satisfaction,2022,여가생활 만족도,intermediate_missing,,,,,False,False,not_applicable,조사 비실시 연도,confirmed,linear_interpolation,False,True,True,,,income_leisure_interior_non_survey,reports/20260725_구조환경지표_통합파일_결측치_검증_결과.md:57,실제 관측값 사이의 비조사연도로 본계열 선형보간 후보이다.
경북,leisure_satisfaction,2024,여가생활 만족도,trailing_missing,2023,1,forward,1,False,True,medium,조사 비실시 연도,confirmed,boundary_carry,False,True,True,auxiliary_boundary_interpolation,2025,income_leisure_trailing_non_survey,configs/structural_indicators_verification.yaml:145,본계열은 boundary carry 후보이며 2025년 값은 별도 보조 시나리오에서만 사용한다.
경북,marriage_perception,2017,결혼에 대한 인식,intermediate_missing,,,,,False,False,not_applicable,조사 비실시 연도,confirmed,linear_interpolation,False,True,True,,,social_survey_interior_non_survey,configs/structural_indicators_verification.yaml:460,2016·2018·2020·2022·2024 관측값 사이의 비조사연도이다.
경북,marriage_perception,2019,결혼에 대한 인식,intermediate_missing,,,,,False,False,not_applicable,조사 비실시 연도,confirmed,linear_interpolation,False,True,True,,,social_survey_interior_non_survey,configs/structural_indicators_verification.yaml:460,2016·2018·2020·2022·2024 관측값 사이의 비조사연도이다.
경북,marriage_perception,2021,결혼에 대한 인식,intermediate_missing,,,,,False,False,not_applicable,조사 비실시 연도,confirmed,linear_interpolation,False,True,True,,,social_survey_interior_non_survey,configs/structural_indicators_verification.yaml:460,2016·2018·2020·2022·2024 관측값 사이의 비조사연도이다.
경북,marriage_perception,2023,결혼에 대한 인식,intermediate_missing,,,,,False,False,not_applicable,조사 비실시 연도,confirmed,linear_interpolation,False,True,True,,,social_survey_interior_non_survey,configs/structural_indicators_verification.yaml:460,2016·2018·2020·2022·2024 관측값 사이의 비조사연도이다.
경북,postpartum_center_fee,2016,산후조리원 이용 요금,leading_missing,,,,,False,False,not_applicable,원자료 부재,confirmed,keep_missing,True,False,True,,,postpartum_before_source_start,reports/20260725_구조환경지표_통합파일_결측치_검증_결과.md:59,"승인된 원자료는 2023년부터 존재한다. 20260725 검증 리포트가 이 구간을 ""통계 자체가 최근에 신설됨(시계열 시작점 문제)""으로 분류하고 2023년 값을 과거로 이월하는 것은 존재하지 않는 시계열 구간을 만드는 것이라 보간 불가로 판단했으므로 boundary_carry를 적용하지 않고 결측으로 유지한다."
경북,postpartum_center_fee,2017,산후조리원 이용 요금,leading_missing,,,,,False,False,not_applicable,원자료 부재,confirmed,keep_missing,True,False,True,,,postpartum_before_source_start,reports/20260725_구조환경지표_통합파일_결측치_검증_결과.md:59,"승인된 원자료는 2023년부터 존재한다. 20260725 검증 리포트가 이 구간을 ""통계 자체가 최근에 신설됨(시계열 시작점 문제)""으로 분류하고 2023년 값을 과거로 이월하는 것은 존재하지 않는 시계열 구간을 만드는 것이라 보간 불가로 판단했으므로 boundary_carry를 적용하지 않고 결측으로 유지한다."
경북,postpartum_center_fee,2018,산후조리원 이용 요금,leading_missing,,,,,False,False,not_applicable,원자료 부재,confirmed,keep_missing,True,False,True,,,postpartum_before_source_start,reports/20260725_구조환경지표_통합파일_결측치_검증_결과.md:59,"승인된 원자료는 2023년부터 존재한다. 20260725 검증 리포트가 이 구간을 ""통계 자체가 최근에 신설됨(시계열 시작점 문제)""으로 분류하고 2023년 값을 과거로 이월하는 것은 존재하지 않는 시계열 구간을 만드는 것이라 보간 불가로 판단했으므로 boundary_carry를 적용하지 않고 결측으로 유지한다."
경북,postpartum_center_fee,2019,산후조리원 이용 요금,leading_missing,,,,,False,False,not_applicable,원자료 부재,confirmed,keep_missing,True,False,True,,,postpartum_before_source_start,reports/20260725_구조환경지표_통합파일_결측치_검증_결과.md:59,"승인된 원자료는 2023년부터 존재한다. 20260725 검증 리포트가 이 구간을 ""통계 자체가 최근에 신설됨(시계열 시작점 문제)""으로 분류하고 2023년 값을 과거로 이월하는 것은 존재하지 않는 시계열 구간을 만드는 것이라 보간 불가로 판단했으므로 boundary_carry를 적용하지 않고 결측으로 유지한다."
경북,postpartum_center_fee,2020,산후조리원 이용 요금,leading_missing,,,,,False,False,not_applicable,원자료 부재,confirmed,keep_missing,True,False,True,,,postpartum_before_source_start,reports/20260725_구조환경지표_통합파일_결측치_검증_결과.md:59,"승인된 원자료는 2023년부터 존재한다. 20260725 검증 리포트가 이 구간을 ""통계 자체가 최근에 신설됨(시계열 시작점 문제)""으로 분류하고 2023년 값을 과거로 이월하는 것은 존재하지 않는 시계열 구간을 만드는 것이라 보간 불가로 판단했으므로 boundary_carry를 적용하지 않고 결측으로 유지한다."
경북,postpartum_center_fee,2021,산후조리원 이용 요금,leading_missing,,,,,False,False,not_applicable,원자료 부재,confirmed,keep_missing,True,False,True,,,postpartum_before_source_start,reports/20260725_구조환경지표_통합파일_결측치_검증_결과.md:59,"승인된 원자료는 2023년부터 존재한다. 20260725 검증 리포트가 이 구간을 ""통계 자체가 최근에 신설됨(시계열 시작점 문제)""으로 분류하고 2023년 값을 과거로 이월하는 것은 존재하지 않는 시계열 구간을 만드는 것이라 보간 불가로 판단했으므로 boundary_carry를 적용하지 않고 결측으로 유지한다."
경북,postpartum_center_fee,2022,산후조리원 이용 요금,leading_missing,,,,,False,False,not_applicable,원자료 부재,confirmed,keep_missing,True,False,True,,,postpartum_before_source_start,reports/20260725_구조환경지표_통합파일_결측치_검증_결과.md:59,"승인된 원자료는 2023년부터 존재한다. 20260725 검증 리포트가 이 구간을 ""통계 자체가 최근에 신설됨(시계열 시작점 문제)""으로 분류하고 2023년 값을 과거로 이월하는 것은 존재하지 않는 시계열 구간을 만드는 것이라 보간 불가로 판단했으므로 boundary_carry를 적용하지 않고 결측으로 유지한다."
경북,postpartum_center_supply,2016,산후조리원 보급도,leading_missing,,,,,False,False,not_applicable,원자료 부재,confirmed,keep_missing,True,False,True,,,postpartum_before_source_start,reports/20260725_구조환경지표_통합파일_결측치_검증_결과.md:59,"승인된 원자료는 2023년부터 존재한다. 20260725 검증 리포트가 이 구간을 ""통계 자체가 최근에 신설됨(시계열 시작점 문제)""으로 분류하고 2023년 값을 과거로 이월하는 것은 존재하지 않는 시계열 구간을 만드는 것이라 보간 불가로 판단했으므로 boundary_carry를 적용하지 않고 결측으로 유지한다."
경북,postpartum_center_supply,2017,산후조리원 보급도,leading_missing,,,,,False,False,not_applicable,원자료 부재,confirmed,keep_missing,True,False,True,,,postpartum_before_source_start,reports/20260725_구조환경지표_통합파일_결측치_검증_결과.md:59,"승인된 원자료는 2023년부터 존재한다. 20260725 검증 리포트가 이 구간을 ""통계 자체가 최근에 신설됨(시계열 시작점 문제)""으로 분류하고 2023년 값을 과거로 이월하는 것은 존재하지 않는 시계열 구간을 만드는 것이라 보간 불가로 판단했으므로 boundary_carry를 적용하지 않고 결측으로 유지한다."
경북,postpartum_center_supply,2018,산후조리원 보급도,leading_missing,,,,,False,False,not_applicable,원자료 부재,confirmed,keep_missing,True,False,True,,,postpartum_before_source_start,reports/20260725_구조환경지표_통합파일_결측치_검증_결과.md:59,"승인된 원자료는 2023년부터 존재한다. 20260725 검증 리포트가 이 구간을 ""통계 자체가 최근에 신설됨(시계열 시작점 문제)""으로 분류하고 2023년 값을 과거로 이월하는 것은 존재하지 않는 시계열 구간을 만드는 것이라 보간 불가로 판단했으므로 boundary_carry를 적용하지 않고 결측으로 유지한다."
경북,postpartum_center_supply,2019,산후조리원 보급도,leading_missing,,,,,False,False,not_applicable,원자료 부재,confirmed,keep_missing,True,False,True,,,postpartum_before_source_start,reports/20260725_구조환경지표_통합파일_결측치_검증_결과.md:59,"승인된 원자료는 2023년부터 존재한다. 20260725 검증 리포트가 이 구간을 ""통계 자체가 최근에 신설됨(시계열 시작점 문제)""으로 분류하고 2023년 값을 과거로 이월하는 것은 존재하지 않는 시계열 구간을 만드는 것이라 보간 불가로 판단했으므로 boundary_carry를 적용하지 않고 결측으로 유지한다."
경북,postpartum_center_supply,2020,산후조리원 보급도,leading_missing,,,,,False,False,not_applicable,원자료 부재,confirmed,keep_missing,True,False,True,,,postpartum_before_source_start,reports/20260725_구조환경지표_통합파일_결측치_검증_결과.md:59,"승인된 원자료는 2023년부터 존재한다. 20260725 검증 리포트가 이 구간을 ""통계 자체가 최근에 신설됨(시계열 시작점 문제)""으로 분류하고 2023년 값을 과거로 이월하는 것은 존재하지 않는 시계열 구간을 만드는 것이라 보간 불가로 판단했으므로 boundary_carry를 적용하지 않고 결측으로 유지한다."
경북,postpartum_center_supply,2021,산후조리원 보급도,leading_missing,,,,,False,False,not_applicable,원자료 부재,confirmed,keep_missing,True,False,True,,,postpartum_before_source_start,reports/20260725_구조환경지표_통합파일_결측치_검증_결과.md:59,"승인된 원자료는 2023년부터 존재한다. 20260725 검증 리포트가 이 구간을 ""통계 자체가 최근에 신설됨(시계열 시작점 문제)""으로 분류하고 2023년 값을 과거로 이월하는 것은 존재하지 않는 시계열 구간을 만드는 것이라 보간 불가로 판단했으므로 boundary_carry를 적용하지 않고 결측으로 유지한다."
경북,postpartum_center_supply,2022,산후조리원 보급도,leading_missing,,,,,False,False,not_applicable,원자료 부재,confirmed,keep_missing,True,False,True,,,postpartum_before_source_start,reports/20260725_구조환경지표_통합파일_결측치_검증_결과.md:59,"승인된 원자료는 2023년부터 존재한다. 20260725 검증 리포트가 이 구간을 ""통계 자체가 최근에 신설됨(시계열 시작점 문제)""으로 분류하고 2023년 값을 과거로 이월하는 것은 존재하지 않는 시계열 구간을 만드는 것이라 보간 불가로 판단했으므로 boundary_carry를 적용하지 않고 결측으로 유지한다."
경북,social_safety_perception,2017,사회 안전에 대한 인식,intermediate_missing,,,,,False,False,not_applicable,조사 비실시 연도,confirmed,linear_interpolation,False,True,True,,,social_survey_interior_non_survey,configs/structural_indicators_verification.yaml:460,2016·2018·2020·2022·2024 관측값 사이의 비조사연도이다.
경북,social_safety_perception,2019,사회 안전에 대한 인식,intermediate_missing,,,,,False,False,not_applicable,조사 비실시 연도,confirmed,linear_interpolation,False,True,True,,,social_survey_interior_non_survey,configs/structural_indicators_verification.yaml:460,2016·2018·2020·2022·2024 관측값 사이의 비조사연도이다.
경북,social_safety_perception,2021,사회 안전에 대한 인식,intermediate_missing,,,,,False,False,not_applicable,조사 비실시 연도,confirmed,linear_interpolation,False,True,True,,,social_survey_interior_non_survey,configs/structural_indicators_verification.yaml:460,2016·2018·2020·2022·2024 관측값 사이의 비조사연도이다.
경북,social_safety_perception,2023,사회 안전에 대한 인식,intermediate_missing,,,,,False,False,not_applicable,조사 비실시 연도,confirmed,linear_interpolation,False,True,True,,,social_survey_interior_non_survey,configs/structural_indicators_verification.yaml:460,2016·2018·2020·2022·2024 관측값 사이의 비조사연도이다.
경북,socioeconomic_status_perception,2016,사회경제적 지위에 대한 인식,leading_missing,2020,4,backward,4,True,True,high,조사 비실시 연도,confirmed,boundary_carry,False,True,False,,,family_survey_boundary_non_survey,configs/structural_indicators_verification.yaml:790,2020·2023 관측 범위 밖의 비조사연도이며 본계열 boundary carry 후보이다.
경북,socioeconomic_status_perception,2017,사회경제적 지위에 대한 인식,leading_missing,2020,3,backward,4,True,True,high,조사 비실시 연도,confirmed,boundary_carry,False,True,False,,,family_survey_boundary_non_survey,configs/structural_indicators_verification.yaml:790,2020·2023 관측 범위 밖의 비조사연도이며 본계열 boundary carry 후보이다.
경북,socioeconomic_status_perception,2018,사회경제적 지위에 대한 인식,leading_missing,2020,2,backward,4,True,True,high,조사 비실시 연도,confirmed,boundary_carry,False,True,False,,,family_survey_boundary_non_survey,configs/structural_indicators_verification.yaml:790,2020·2023 관측 범위 밖의 비조사연도이며 본계열 boundary carry 후보이다.
경북,socioeconomic_status_perception,2019,사회경제적 지위에 대한 인식,leading_missing,2020,1,backward,4,True,True,high,조사 비실시 연도,confirmed,boundary_carry,False,True,False,,,family_survey_boundary_non_survey,configs/structural_indicators_verification.yaml:790,2020·2023 관측 범위 밖의 비조사연도이며 본계열 boundary carry 후보이다.
경북,socioeconomic_status_perception,2021,사회경제적 지위에 대한 인식,intermediate_missing,,,,,False,False,not_applicable,조사 비실시 연도,confirmed,linear_interpolation,False,True,False,,,family_survey_interior_non_survey,configs/structural_indicators_verification.yaml:790,2020년과 2023년 실제 관측값 사이의 비조사연도이다.
경북,socioeconomic_status_perception,2022,사회경제적 지위에 대한 인식,intermediate_missing,,,,,False,False,not_applicable,조사 비실시 연도,confirmed,linear_interpolation,False,True,False,,,family_survey_interior_non_survey,configs/structural_indicators_verification.yaml:790,2020년과 2023년 실제 관측값 사이의 비조사연도이다.
경북,socioeconomic_status_perception,2024,사회경제적 지위에 대한 인식,trailing_missing,2023,1,forward,1,False,True,medium,조사 비실시 연도,confirmed,boundary_carry,False,True,False,,,family_survey_boundary_non_survey,configs/structural_indicators_verification.yaml:790,2020·2023 관측 범위 밖의 비조사연도이며 본계열 boundary carry 후보이다.
광주,childbirth_perception,2016,출산에 대한 인식,leading_missing,2018,2,backward,2,True,True,high,조사 비실시 연도,confirmed,boundary_carry,False,True,True,,,childbirth_leading_non_survey,configs/structural_indicators_verification.yaml:576,지표의 첫 비교 가능 관측연도인 2018년 이전 구간이다.
광주,childbirth_perception,2017,출산에 대한 인식,leading_missing,2018,1,backward,2,True,True,high,조사 비실시 연도,confirmed,boundary_carry,False,True,True,,,childbirth_leading_non_survey,configs/structural_indicators_verification.yaml:576,지표의 첫 비교 가능 관측연도인 2018년 이전 구간이다.
광주,childbirth_perception,2019,출산에 대한 인식,intermediate_missing,,,,,False,False,not_applicable,조사 비실시 연도,confirmed,linear_interpolation,False,True,True,,,childbirth_interior_non_survey,configs/structural_indicators_verification.yaml:576,2018·2020·2022·2024 관측값 사이의 비조사연도이다.
광주,childbirth_perception,2021,출산에 대한 인식,intermediate_missing,,,,,False,False,not_applicable,조사 비실시 연도,confirmed,linear_interpolation,False,True,True,,,childbirth_interior_non_survey,configs/structural_indicators_verification.yaml:576,2018·2020·2022·2024 관측값 사이의 비조사연도이다.
광주,childbirth_perception,2023,출산에 대한 인식,intermediate_missing,,,,,False,False,not_applicable,조사 비실시 연도,confirmed,linear_interpolation,False,True,True,,,childbirth_interior_non_survey,configs/structural_indicators_verification.yaml:576,2018·2020·2022·2024 관측값 사이의 비조사연도이다.
광주,childcare_equal_participation,2016,돌봄노동 공동 참여도,leading_missing,2020,4,backward,4,True,True,high,조사 비실시 연도,confirmed,boundary_carry,False,True,False,,,family_survey_boundary_non_survey,configs/structural_indicators_verification.yaml:790,2020·2023 관측 범위 밖의 비조사연도이며 본계열 boundary carry 후보이다.
광주,childcare_equal_participation,2017,돌봄노동 공동 참여도,leading_missing,2020,3,backward,4,True,True,high,조사 비실시 연도,confirmed,boundary_carry,False,True,False,,,family_survey_boundary_non_survey,configs/structural_indicators_verification.yaml:790,2020·2023 관측 범위 밖의 비조사연도이며 본계열 boundary carry 후보이다.
광주,childcare_equal_participation,2018,돌봄노동 공동 참여도,leading_missing,2020,2,backward,4,True,True,high,조사 비실시 연도,confirmed,boundary_carry,False,True,False,,,family_survey_boundary_non_survey,configs/structural_indicators_verification.yaml:790,2020·2023 관측 범위 밖의 비조사연도이며 본계열 boundary carry 후보이다.
광주,childcare_equal_participation,2019,돌봄노동 공동 참여도,leading_missing,2020,1,backward,4,True,True,high,조사 비실시 연도,confirmed,boundary_carry,False,True,False,,,family_survey_boundary_non_survey,configs/structural_indicators_verification.yaml:790,2020·2023 관측 범위 밖의 비조사연도이며 본계열 boundary carry 후보이다.
광주,childcare_equal_participation,2021,돌봄노동 공동 참여도,intermediate_missing,,,,,False,False,not_applicable,조사 비실시 연도,confirmed,linear_interpolation,False,True,False,,,family_survey_interior_non_survey,configs/structural_indicators_verification.yaml:790,2020년과 2023년 실제 관측값 사이의 비조사연도이다.
광주,childcare_equal_participation,2022,돌봄노동 공동 참여도,intermediate_missing,,,,,False,False,not_applicable,조사 비실시 연도,confirmed,linear_interpolation,False,True,False,,,family_survey_interior_non_survey,configs/structural_indicators_verification.yaml:790,2020년과 2023년 실제 관측값 사이의 비조사연도이다.
광주,childcare_equal_participation,2024,돌봄노동 공동 참여도,trailing_missing,2023,1,forward,1,False,True,medium,조사 비실시 연도,confirmed,boundary_carry,False,True,False,,,family_survey_boundary_non_survey,configs/structural_indicators_verification.yaml:790,2020·2023 관측 범위 밖의 비조사연도이며 본계열 boundary carry 후보이다.
광주,delivery_bed_supply,2016,(대체)분만실 병상수 보급도,leading_missing,,,,,False,False,not_applicable,원자료 부재,confirmed,keep_missing,True,False,True,,,delivery_bed_before_source_start,reports/20260725_구조환경지표_통합파일_결측치_검증_결과.md:59,"원자료는 2018년 3분기부터 시작한다. 20260725 검증 리포트가 이 구간을 ""통계 자체가 최근에 신설됨(시계열 시작점 문제)""으로 분류하고 보간(경계값 이월 포함) 불가로 판단했으므로 boundary_carry를 적용하지 않고 결측으로 유지한다."
광주,delivery_bed_supply,2017,(대체)분만실 병상수 보급도,leading_missing,,,,,False,False,not_applicable,원자료 부재,confirmed,keep_missing,True,False,True,,,delivery_bed_before_source_start,reports/20260725_구조환경지표_통합파일_결측치_검증_결과.md:59,"원자료는 2018년 3분기부터 시작한다. 20260725 검증 리포트가 이 구간을 ""통계 자체가 최근에 신설됨(시계열 시작점 문제)""으로 분류하고 보간(경계값 이월 포함) 불가로 판단했으므로 boundary_carry를 적용하지 않고 결측으로 유지한다."
광주,family_friendly_certification_rate,2016,가족친화 인증기업 비율,leading_missing,,,,,False,False,not_applicable,원인 미확정,unresolved,pending_review,True,False,True,auxiliary_raking_composition_ratio,,family_friendly_provincial_unresolved,configs/structural_indicators_verification.yaml:518,"공식 명단을 확보하지 못한 17개 시도의 2016·2017·2019년 51건은 임의 대체하지 않는다. 2019(중간 결측)는 2018·2020 선형보간 후 전국 실측 합계로 raking, 2016·2017(선행 결측)은 2018년 지역 구성비 × 해당 연도 전국 실측 합계로 추정한 보조 시나리오만 별도 열에 기록한다(`reports/20260805_가족친화_지역별_51건_보조시나리오_후보.csv`)."
광주,family_friendly_certification_rate,2017,가족친화 인증기업 비율,leading_missing,,,,,False,False,not_applicable,원인 미확정,unresolved,pending_review,True,False,True,auxiliary_raking_composition_ratio,,family_friendly_provincial_unresolved,configs/structural_indicators_verification.yaml:518,"공식 명단을 확보하지 못한 17개 시도의 2016·2017·2019년 51건은 임의 대체하지 않는다. 2019(중간 결측)는 2018·2020 선형보간 후 전국 실측 합계로 raking, 2016·2017(선행 결측)은 2018년 지역 구성비 × 해당 연도 전국 실측 합계로 추정한 보조 시나리오만 별도 열에 기록한다(`reports/20260805_가족친화_지역별_51건_보조시나리오_후보.csv`)."
광주,family_friendly_certification_rate,2019,가족친화 인증기업 비율,intermediate_missing,,,,,False,False,not_applicable,원인 미확정,unresolved,pending_review,True,False,True,auxiliary_raking_composition_ratio,,family_friendly_provincial_unresolved,configs/structural_indicators_verification.yaml:518,"공식 명단을 확보하지 못한 17개 시도의 2016·2017·2019년 51건은 임의 대체하지 않는다. 2019(중간 결측)는 2018·2020 선형보간 후 전국 실측 합계로 raking, 2016·2017(선행 결측)은 2018년 지역 구성비 × 해당 연도 전국 실측 합계로 추정한 보조 시나리오만 별도 열에 기록한다(`reports/20260805_가족친화_지역별_51건_보조시나리오_후보.csv`)."
광주,household_chore_equal_participation,2016,가사노동 공동 참여도,leading_missing,2020,4,backward,4,True,True,high,조사 비실시 연도,confirmed,boundary_carry,False,True,False,,,family_survey_boundary_non_survey,configs/structural_indicators_verification.yaml:790,2020·2023 관측 범위 밖의 비조사연도이며 본계열 boundary carry 후보이다.
광주,household_chore_equal_participation,2017,가사노동 공동 참여도,leading_missing,2020,3,backward,4,True,True,high,조사 비실시 연도,confirmed,boundary_carry,False,True,False,,,family_survey_boundary_non_survey,configs/structural_indicators_verification.yaml:790,2020·2023 관측 범위 밖의 비조사연도이며 본계열 boundary carry 후보이다.
광주,household_chore_equal_participation,2018,가사노동 공동 참여도,leading_missing,2020,2,backward,4,True,True,high,조사 비실시 연도,confirmed,boundary_carry,False,True,False,,,family_survey_boundary_non_survey,configs/structural_indicators_verification.yaml:790,2020·2023 관측 범위 밖의 비조사연도이며 본계열 boundary carry 후보이다.
광주,household_chore_equal_participation,2019,가사노동 공동 참여도,leading_missing,2020,1,backward,4,True,True,high,조사 비실시 연도,confirmed,boundary_carry,False,True,False,,,family_survey_boundary_non_survey,configs/structural_indicators_verification.yaml:790,2020·2023 관측 범위 밖의 비조사연도이며 본계열 boundary carry 후보이다.
광주,household_chore_equal_participation,2021,가사노동 공동 참여도,intermediate_missing,,,,,False,False,not_applicable,조사 비실시 연도,confirmed,linear_interpolation,False,True,False,,,family_survey_interior_non_survey,configs/structural_indicators_verification.yaml:790,2020년과 2023년 실제 관측값 사이의 비조사연도이다.
광주,household_chore_equal_participation,2022,가사노동 공동 참여도,intermediate_missing,,,,,False,False,not_applicable,조사 비실시 연도,confirmed,linear_interpolation,False,True,False,,,family_survey_interior_non_survey,configs/structural_indicators_verification.yaml:790,2020년과 2023년 실제 관측값 사이의 비조사연도이다.
광주,household_chore_equal_participation,2024,가사노동 공동 참여도,trailing_missing,2023,1,forward,1,False,True,medium,조사 비실시 연도,confirmed,boundary_carry,False,True,False,,,family_survey_boundary_non_survey,configs/structural_indicators_verification.yaml:790,2020·2023 관측 범위 밖의 비조사연도이며 본계열 boundary carry 후보이다.
광주,housework_gender_equality,2017,가사분담에 대한 성평등 인식,intermediate_missing,,,,,False,False,not_applicable,조사 비실시 연도,confirmed,pending_review,True,False,True,,,nonlinear_housework_pending_review,reports/20260725_구조환경지표_통합파일_결측치_검증_결과.md:78,비선형 변환 전 구성요소와 변환 후 지표 중 어느 단계에서 처리할지 검토가 필요하다.
광주,housework_gender_equality,2019,가사분담에 대한 성평등 인식,intermediate_missing,,,,,False,False,not_applicable,조사 비실시 연도,confirmed,pending_review,True,False,True,,,nonlinear_housework_pending_review,reports/20260725_구조환경지표_통합파일_결측치_검증_결과.md:78,비선형 변환 전 구성요소와 변환 후 지표 중 어느 단계에서 처리할지 검토가 필요하다.
광주,housework_gender_equality,2021,가사분담에 대한 성평등 인식,intermediate_missing,,,,,False,False,not_applicable,조사 비실시 연도,confirmed,pending_review,True,False,True,,,nonlinear_housework_pending_review,reports/20260725_구조환경지표_통합파일_결측치_검증_결과.md:78,비선형 변환 전 구성요소와 변환 후 지표 중 어느 단계에서 처리할지 검토가 필요하다.
광주,housework_gender_equality,2023,가사분담에 대한 성평등 인식,intermediate_missing,,,,,False,False,not_applicable,조사 비실시 연도,confirmed,pending_review,True,False,True,,,nonlinear_housework_pending_review,reports/20260725_구조환경지표_통합파일_결측치_검증_결과.md:78,비선형 변환 전 구성요소와 변환 후 지표 중 어느 단계에서 처리할지 검토가 필요하다.
광주,income_satisfaction,2016,소득만족도,leading_missing,2017,1,backward,1,False,True,medium,조사 비실시 연도,confirmed,boundary_carry,False,True,True,auxiliary_boundary_interpolation,2015,income_leisure_leading_non_survey,configs/structural_indicators_verification.yaml:145,본계열은 boundary carry 후보이며 2015년 값은 별도 보조 시나리오에서만 사용한다.
광주,income_satisfaction,2018,소득만족도,intermediate_missing,,,,,False,False,not_applicable,조사 비실시 연도,confirmed,linear_interpolation,False,True,True,,,income_leisure_interior_non_survey,reports/20260725_구조환경지표_통합파일_결측치_검증_결과.md:57,실제 관측값 사이의 비조사연도로 본계열 선형보간 후보이다.
광주,income_satisfaction,2020,소득만족도,intermediate_missing,,,,,False,False,not_applicable,조사 비실시 연도,confirmed,linear_interpolation,False,True,True,,,income_leisure_interior_non_survey,reports/20260725_구조환경지표_통합파일_결측치_검증_결과.md:57,실제 관측값 사이의 비조사연도로 본계열 선형보간 후보이다.
광주,income_satisfaction,2022,소득만족도,intermediate_missing,,,,,False,False,not_applicable,조사 비실시 연도,confirmed,linear_interpolation,False,True,True,,,income_leisure_interior_non_survey,reports/20260725_구조환경지표_통합파일_결측치_검증_결과.md:57,실제 관측값 사이의 비조사연도로 본계열 선형보간 후보이다.
광주,income_satisfaction,2024,소득만족도,trailing_missing,2023,1,forward,1,False,True,medium,조사 비실시 연도,confirmed,boundary_carry,False,True,True,auxiliary_boundary_interpolation,2025,income_leisure_trailing_non_survey,configs/structural_indicators_verification.yaml:145,본계열은 boundary carry 후보이며 2025년 값은 별도 보조 시나리오에서만 사용한다.
광주,leisure_satisfaction,2016,여가생활 만족도,leading_missing,2017,1,backward,1,False,True,medium,조사 비실시 연도,confirmed,boundary_carry,False,True,True,auxiliary_boundary_interpolation,2015,income_leisure_leading_non_survey,configs/structural_indicators_verification.yaml:145,본계열은 boundary carry 후보이며 2015년 값은 별도 보조 시나리오에서만 사용한다.
광주,leisure_satisfaction,2018,여가생활 만족도,intermediate_missing,,,,,False,False,not_applicable,조사 비실시 연도,confirmed,linear_interpolation,False,True,True,,,income_leisure_interior_non_survey,reports/20260725_구조환경지표_통합파일_결측치_검증_결과.md:57,실제 관측값 사이의 비조사연도로 본계열 선형보간 후보이다.
광주,leisure_satisfaction,2020,여가생활 만족도,intermediate_missing,,,,,False,False,not_applicable,조사 비실시 연도,confirmed,linear_interpolation,False,True,True,,,income_leisure_interior_non_survey,reports/20260725_구조환경지표_통합파일_결측치_검증_결과.md:57,실제 관측값 사이의 비조사연도로 본계열 선형보간 후보이다.
광주,leisure_satisfaction,2022,여가생활 만족도,intermediate_missing,,,,,False,False,not_applicable,조사 비실시 연도,confirmed,linear_interpolation,False,True,True,,,income_leisure_interior_non_survey,reports/20260725_구조환경지표_통합파일_결측치_검증_결과.md:57,실제 관측값 사이의 비조사연도로 본계열 선형보간 후보이다.
광주,leisure_satisfaction,2024,여가생활 만족도,trailing_missing,2023,1,forward,1,False,True,medium,조사 비실시 연도,confirmed,boundary_carry,False,True,True,auxiliary_boundary_interpolation,2025,income_leisure_trailing_non_survey,configs/structural_indicators_verification.yaml:145,본계열은 boundary carry 후보이며 2025년 값은 별도 보조 시나리오에서만 사용한다.
광주,marriage_perception,2017,결혼에 대한 인식,intermediate_missing,,,,,False,False,not_applicable,조사 비실시 연도,confirmed,linear_interpolation,False,True,True,,,social_survey_interior_non_survey,configs/structural_indicators_verification.yaml:460,2016·2018·2020·2022·2024 관측값 사이의 비조사연도이다.
광주,marriage_perception,2019,결혼에 대한 인식,intermediate_missing,,,,,False,False,not_applicable,조사 비실시 연도,confirmed,linear_interpolation,False,True,True,,,social_survey_interior_non_survey,configs/structural_indicators_verification.yaml:460,2016·2018·2020·2022·2024 관측값 사이의 비조사연도이다.
광주,marriage_perception,2021,결혼에 대한 인식,intermediate_missing,,,,,False,False,not_applicable,조사 비실시 연도,confirmed,linear_interpolation,False,True,True,,,social_survey_interior_non_survey,configs/structural_indicators_verification.yaml:460,2016·2018·2020·2022·2024 관측값 사이의 비조사연도이다.
광주,marriage_perception,2023,결혼에 대한 인식,intermediate_missing,,,,,False,False,not_applicable,조사 비실시 연도,confirmed,linear_interpolation,False,True,True,,,social_survey_interior_non_survey,configs/structural_indicators_verification.yaml:460,2016·2018·2020·2022·2024 관측값 사이의 비조사연도이다.
광주,postpartum_center_fee,2016,산후조리원 이용 요금,leading_missing,,,,,False,False,not_applicable,원자료 부재,confirmed,keep_missing,True,False,True,,,postpartum_before_source_start,reports/20260725_구조환경지표_통합파일_결측치_검증_결과.md:59,"승인된 원자료는 2023년부터 존재한다. 20260725 검증 리포트가 이 구간을 ""통계 자체가 최근에 신설됨(시계열 시작점 문제)""으로 분류하고 2023년 값을 과거로 이월하는 것은 존재하지 않는 시계열 구간을 만드는 것이라 보간 불가로 판단했으므로 boundary_carry를 적용하지 않고 결측으로 유지한다."
광주,postpartum_center_fee,2017,산후조리원 이용 요금,leading_missing,,,,,False,False,not_applicable,원자료 부재,confirmed,keep_missing,True,False,True,,,postpartum_before_source_start,reports/20260725_구조환경지표_통합파일_결측치_검증_결과.md:59,"승인된 원자료는 2023년부터 존재한다. 20260725 검증 리포트가 이 구간을 ""통계 자체가 최근에 신설됨(시계열 시작점 문제)""으로 분류하고 2023년 값을 과거로 이월하는 것은 존재하지 않는 시계열 구간을 만드는 것이라 보간 불가로 판단했으므로 boundary_carry를 적용하지 않고 결측으로 유지한다."
광주,postpartum_center_fee,2018,산후조리원 이용 요금,leading_missing,,,,,False,False,not_applicable,원자료 부재,confirmed,keep_missing,True,False,True,,,postpartum_before_source_start,reports/20260725_구조환경지표_통합파일_결측치_검증_결과.md:59,"승인된 원자료는 2023년부터 존재한다. 20260725 검증 리포트가 이 구간을 ""통계 자체가 최근에 신설됨(시계열 시작점 문제)""으로 분류하고 2023년 값을 과거로 이월하는 것은 존재하지 않는 시계열 구간을 만드는 것이라 보간 불가로 판단했으므로 boundary_carry를 적용하지 않고 결측으로 유지한다."
광주,postpartum_center_fee,2019,산후조리원 이용 요금,leading_missing,,,,,False,False,not_applicable,원자료 부재,confirmed,keep_missing,True,False,True,,,postpartum_before_source_start,reports/20260725_구조환경지표_통합파일_결측치_검증_결과.md:59,"승인된 원자료는 2023년부터 존재한다. 20260725 검증 리포트가 이 구간을 ""통계 자체가 최근에 신설됨(시계열 시작점 문제)""으로 분류하고 2023년 값을 과거로 이월하는 것은 존재하지 않는 시계열 구간을 만드는 것이라 보간 불가로 판단했으므로 boundary_carry를 적용하지 않고 결측으로 유지한다."
광주,postpartum_center_fee,2020,산후조리원 이용 요금,leading_missing,,,,,False,False,not_applicable,원자료 부재,confirmed,keep_missing,True,False,True,,,postpartum_before_source_start,reports/20260725_구조환경지표_통합파일_결측치_검증_결과.md:59,"승인된 원자료는 2023년부터 존재한다. 20260725 검증 리포트가 이 구간을 ""통계 자체가 최근에 신설됨(시계열 시작점 문제)""으로 분류하고 2023년 값을 과거로 이월하는 것은 존재하지 않는 시계열 구간을 만드는 것이라 보간 불가로 판단했으므로 boundary_carry를 적용하지 않고 결측으로 유지한다."
광주,postpartum_center_fee,2021,산후조리원 이용 요금,leading_missing,,,,,False,False,not_applicable,원자료 부재,confirmed,keep_missing,True,False,True,,,postpartum_before_source_start,reports/20260725_구조환경지표_통합파일_결측치_검증_결과.md:59,"승인된 원자료는 2023년부터 존재한다. 20260725 검증 리포트가 이 구간을 ""통계 자체가 최근에 신설됨(시계열 시작점 문제)""으로 분류하고 2023년 값을 과거로 이월하는 것은 존재하지 않는 시계열 구간을 만드는 것이라 보간 불가로 판단했으므로 boundary_carry를 적용하지 않고 결측으로 유지한다."
광주,postpartum_center_fee,2022,산후조리원 이용 요금,leading_missing,,,,,False,False,not_applicable,원자료 부재,confirmed,keep_missing,True,False,True,,,postpartum_before_source_start,reports/20260725_구조환경지표_통합파일_결측치_검증_결과.md:59,"승인된 원자료는 2023년부터 존재한다. 20260725 검증 리포트가 이 구간을 ""통계 자체가 최근에 신설됨(시계열 시작점 문제)""으로 분류하고 2023년 값을 과거로 이월하는 것은 존재하지 않는 시계열 구간을 만드는 것이라 보간 불가로 판단했으므로 boundary_carry를 적용하지 않고 결측으로 유지한다."
광주,postpartum_center_supply,2016,산후조리원 보급도,leading_missing,,,,,False,False,not_applicable,원자료 부재,confirmed,keep_missing,True,False,True,,,postpartum_before_source_start,reports/20260725_구조환경지표_통합파일_결측치_검증_결과.md:59,"승인된 원자료는 2023년부터 존재한다. 20260725 검증 리포트가 이 구간을 ""통계 자체가 최근에 신설됨(시계열 시작점 문제)""으로 분류하고 2023년 값을 과거로 이월하는 것은 존재하지 않는 시계열 구간을 만드는 것이라 보간 불가로 판단했으므로 boundary_carry를 적용하지 않고 결측으로 유지한다."
광주,postpartum_center_supply,2017,산후조리원 보급도,leading_missing,,,,,False,False,not_applicable,원자료 부재,confirmed,keep_missing,True,False,True,,,postpartum_before_source_start,reports/20260725_구조환경지표_통합파일_결측치_검증_결과.md:59,"승인된 원자료는 2023년부터 존재한다. 20260725 검증 리포트가 이 구간을 ""통계 자체가 최근에 신설됨(시계열 시작점 문제)""으로 분류하고 2023년 값을 과거로 이월하는 것은 존재하지 않는 시계열 구간을 만드는 것이라 보간 불가로 판단했으므로 boundary_carry를 적용하지 않고 결측으로 유지한다."
광주,postpartum_center_supply,2018,산후조리원 보급도,leading_missing,,,,,False,False,not_applicable,원자료 부재,confirmed,keep_missing,True,False,True,,,postpartum_before_source_start,reports/20260725_구조환경지표_통합파일_결측치_검증_결과.md:59,"승인된 원자료는 2023년부터 존재한다. 20260725 검증 리포트가 이 구간을 ""통계 자체가 최근에 신설됨(시계열 시작점 문제)""으로 분류하고 2023년 값을 과거로 이월하는 것은 존재하지 않는 시계열 구간을 만드는 것이라 보간 불가로 판단했으므로 boundary_carry를 적용하지 않고 결측으로 유지한다."
광주,postpartum_center_supply,2019,산후조리원 보급도,leading_missing,,,,,False,False,not_applicable,원자료 부재,confirmed,keep_missing,True,False,True,,,postpartum_before_source_start,reports/20260725_구조환경지표_통합파일_결측치_검증_결과.md:59,"승인된 원자료는 2023년부터 존재한다. 20260725 검증 리포트가 이 구간을 ""통계 자체가 최근에 신설됨(시계열 시작점 문제)""으로 분류하고 2023년 값을 과거로 이월하는 것은 존재하지 않는 시계열 구간을 만드는 것이라 보간 불가로 판단했으므로 boundary_carry를 적용하지 않고 결측으로 유지한다."
광주,postpartum_center_supply,2020,산후조리원 보급도,leading_missing,,,,,False,False,not_applicable,원자료 부재,confirmed,keep_missing,True,False,True,,,postpartum_before_source_start,reports/20260725_구조환경지표_통합파일_결측치_검증_결과.md:59,"승인된 원자료는 2023년부터 존재한다. 20260725 검증 리포트가 이 구간을 ""통계 자체가 최근에 신설됨(시계열 시작점 문제)""으로 분류하고 2023년 값을 과거로 이월하는 것은 존재하지 않는 시계열 구간을 만드는 것이라 보간 불가로 판단했으므로 boundary_carry를 적용하지 않고 결측으로 유지한다."
광주,postpartum_center_supply,2021,산후조리원 보급도,leading_missing,,,,,False,False,not_applicable,원자료 부재,confirmed,keep_missing,True,False,True,,,postpartum_before_source_start,reports/20260725_구조환경지표_통합파일_결측치_검증_결과.md:59,"승인된 원자료는 2023년부터 존재한다. 20260725 검증 리포트가 이 구간을 ""통계 자체가 최근에 신설됨(시계열 시작점 문제)""으로 분류하고 2023년 값을 과거로 이월하는 것은 존재하지 않는 시계열 구간을 만드는 것이라 보간 불가로 판단했으므로 boundary_carry를 적용하지 않고 결측으로 유지한다."
광주,postpartum_center_supply,2022,산후조리원 보급도,leading_missing,,,,,False,False,not_applicable,원자료 부재,confirmed,keep_missing,True,False,True,,,postpartum_before_source_start,reports/20260725_구조환경지표_통합파일_결측치_검증_결과.md:59,"승인된 원자료는 2023년부터 존재한다. 20260725 검증 리포트가 이 구간을 ""통계 자체가 최근에 신설됨(시계열 시작점 문제)""으로 분류하고 2023년 값을 과거로 이월하는 것은 존재하지 않는 시계열 구간을 만드는 것이라 보간 불가로 판단했으므로 boundary_carry를 적용하지 않고 결측으로 유지한다."
광주,social_safety_perception,2017,사회 안전에 대한 인식,intermediate_missing,,,,,False,False,not_applicable,조사 비실시 연도,confirmed,linear_interpolation,False,True,True,,,social_survey_interior_non_survey,configs/structural_indicators_verification.yaml:460,2016·2018·2020·2022·2024 관측값 사이의 비조사연도이다.
광주,social_safety_perception,2019,사회 안전에 대한 인식,intermediate_missing,,,,,False,False,not_applicable,조사 비실시 연도,confirmed,linear_interpolation,False,True,True,,,social_survey_interior_non_survey,configs/structural_indicators_verification.yaml:460,2016·2018·2020·2022·2024 관측값 사이의 비조사연도이다.
광주,social_safety_perception,2021,사회 안전에 대한 인식,intermediate_missing,,,,,False,False,not_applicable,조사 비실시 연도,confirmed,linear_interpolation,False,True,True,,,social_survey_interior_non_survey,configs/structural_indicators_verification.yaml:460,2016·2018·2020·2022·2024 관측값 사이의 비조사연도이다.
광주,social_safety_perception,2023,사회 안전에 대한 인식,intermediate_missing,,,,,False,False,not_applicable,조사 비실시 연도,confirmed,linear_interpolation,False,True,True,,,social_survey_interior_non_survey,configs/structural_indicators_verification.yaml:460,2016·2018·2020·2022·2024 관측값 사이의 비조사연도이다.
광주,socioeconomic_status_perception,2016,사회경제적 지위에 대한 인식,leading_missing,2020,4,backward,4,True,True,high,조사 비실시 연도,confirmed,boundary_carry,False,True,False,,,family_survey_boundary_non_survey,configs/structural_indicators_verification.yaml:790,2020·2023 관측 범위 밖의 비조사연도이며 본계열 boundary carry 후보이다.
광주,socioeconomic_status_perception,2017,사회경제적 지위에 대한 인식,leading_missing,2020,3,backward,4,True,True,high,조사 비실시 연도,confirmed,boundary_carry,False,True,False,,,family_survey_boundary_non_survey,configs/structural_indicators_verification.yaml:790,2020·2023 관측 범위 밖의 비조사연도이며 본계열 boundary carry 후보이다.
광주,socioeconomic_status_perception,2018,사회경제적 지위에 대한 인식,leading_missing,2020,2,backward,4,True,True,high,조사 비실시 연도,confirmed,boundary_carry,False,True,False,,,family_survey_boundary_non_survey,configs/structural_indicators_verification.yaml:790,2020·2023 관측 범위 밖의 비조사연도이며 본계열 boundary carry 후보이다.
광주,socioeconomic_status_perception,2019,사회경제적 지위에 대한 인식,leading_missing,2020,1,backward,4,True,True,high,조사 비실시 연도,confirmed,boundary_carry,False,True,False,,,family_survey_boundary_non_survey,configs/structural_indicators_verification.yaml:790,2020·2023 관측 범위 밖의 비조사연도이며 본계열 boundary carry 후보이다.
광주,socioeconomic_status_perception,2021,사회경제적 지위에 대한 인식,intermediate_missing,,,,,False,False,not_applicable,조사 비실시 연도,confirmed,linear_interpolation,False,True,False,,,family_survey_interior_non_survey,configs/structural_indicators_verification.yaml:790,2020년과 2023년 실제 관측값 사이의 비조사연도이다.
광주,socioeconomic_status_perception,2022,사회경제적 지위에 대한 인식,intermediate_missing,,,,,False,False,not_applicable,조사 비실시 연도,confirmed,linear_interpolation,False,True,False,,,family_survey_interior_non_survey,configs/structural_indicators_verification.yaml:790,2020년과 2023년 실제 관측값 사이의 비조사연도이다.
광주,socioeconomic_status_perception,2024,사회경제적 지위에 대한 인식,trailing_missing,2023,1,forward,1,False,True,medium,조사 비실시 연도,confirmed,boundary_carry,False,True,False,,,family_survey_boundary_non_survey,configs/structural_indicators_verification.yaml:790,2020·2023 관측 범위 밖의 비조사연도이며 본계열 boundary carry 후보이다.
대구,childbirth_perception,2016,출산에 대한 인식,leading_missing,2018,2,backward,2,True,True,high,조사 비실시 연도,confirmed,boundary_carry,False,True,True,,,childbirth_leading_non_survey,configs/structural_indicators_verification.yaml:576,지표의 첫 비교 가능 관측연도인 2018년 이전 구간이다.
대구,childbirth_perception,2017,출산에 대한 인식,leading_missing,2018,1,backward,2,True,True,high,조사 비실시 연도,confirmed,boundary_carry,False,True,True,,,childbirth_leading_non_survey,configs/structural_indicators_verification.yaml:576,지표의 첫 비교 가능 관측연도인 2018년 이전 구간이다.
대구,childbirth_perception,2019,출산에 대한 인식,intermediate_missing,,,,,False,False,not_applicable,조사 비실시 연도,confirmed,linear_interpolation,False,True,True,,,childbirth_interior_non_survey,configs/structural_indicators_verification.yaml:576,2018·2020·2022·2024 관측값 사이의 비조사연도이다.
대구,childbirth_perception,2021,출산에 대한 인식,intermediate_missing,,,,,False,False,not_applicable,조사 비실시 연도,confirmed,linear_interpolation,False,True,True,,,childbirth_interior_non_survey,configs/structural_indicators_verification.yaml:576,2018·2020·2022·2024 관측값 사이의 비조사연도이다.
대구,childbirth_perception,2023,출산에 대한 인식,intermediate_missing,,,,,False,False,not_applicable,조사 비실시 연도,confirmed,linear_interpolation,False,True,True,,,childbirth_interior_non_survey,configs/structural_indicators_verification.yaml:576,2018·2020·2022·2024 관측값 사이의 비조사연도이다.
대구,childcare_equal_participation,2016,돌봄노동 공동 참여도,leading_missing,2020,4,backward,4,True,True,high,조사 비실시 연도,confirmed,boundary_carry,False,True,False,,,family_survey_boundary_non_survey,configs/structural_indicators_verification.yaml:790,2020·2023 관측 범위 밖의 비조사연도이며 본계열 boundary carry 후보이다.
대구,childcare_equal_participation,2017,돌봄노동 공동 참여도,leading_missing,2020,3,backward,4,True,True,high,조사 비실시 연도,confirmed,boundary_carry,False,True,False,,,family_survey_boundary_non_survey,configs/structural_indicators_verification.yaml:790,2020·2023 관측 범위 밖의 비조사연도이며 본계열 boundary carry 후보이다.
대구,childcare_equal_participation,2018,돌봄노동 공동 참여도,leading_missing,2020,2,backward,4,True,True,high,조사 비실시 연도,confirmed,boundary_carry,False,True,False,,,family_survey_boundary_non_survey,configs/structural_indicators_verification.yaml:790,2020·2023 관측 범위 밖의 비조사연도이며 본계열 boundary carry 후보이다.
대구,childcare_equal_participation,2019,돌봄노동 공동 참여도,leading_missing,2020,1,backward,4,True,True,high,조사 비실시 연도,confirmed,boundary_carry,False,True,False,,,family_survey_boundary_non_survey,configs/structural_indicators_verification.yaml:790,2020·2023 관측 범위 밖의 비조사연도이며 본계열 boundary carry 후보이다.
대구,childcare_equal_participation,2021,돌봄노동 공동 참여도,intermediate_missing,,,,,False,False,not_applicable,조사 비실시 연도,confirmed,linear_interpolation,False,True,False,,,family_survey_interior_non_survey,configs/structural_indicators_verification.yaml:790,2020년과 2023년 실제 관측값 사이의 비조사연도이다.
대구,childcare_equal_participation,2022,돌봄노동 공동 참여도,intermediate_missing,,,,,False,False,not_applicable,조사 비실시 연도,confirmed,linear_interpolation,False,True,False,,,family_survey_interior_non_survey,configs/structural_indicators_verification.yaml:790,2020년과 2023년 실제 관측값 사이의 비조사연도이다.
대구,childcare_equal_participation,2024,돌봄노동 공동 참여도,trailing_missing,2023,1,forward,1,False,True,medium,조사 비실시 연도,confirmed,boundary_carry,False,True,False,,,family_survey_boundary_non_survey,configs/structural_indicators_verification.yaml:790,2020·2023 관측 범위 밖의 비조사연도이며 본계열 boundary carry 후보이다.
대구,delivery_bed_supply,2016,(대체)분만실 병상수 보급도,leading_missing,,,,,False,False,not_applicable,원자료 부재,confirmed,keep_missing,True,False,True,,,delivery_bed_before_source_start,reports/20260725_구조환경지표_통합파일_결측치_검증_결과.md:59,"원자료는 2018년 3분기부터 시작한다. 20260725 검증 리포트가 이 구간을 ""통계 자체가 최근에 신설됨(시계열 시작점 문제)""으로 분류하고 보간(경계값 이월 포함) 불가로 판단했으므로 boundary_carry를 적용하지 않고 결측으로 유지한다."
대구,delivery_bed_supply,2017,(대체)분만실 병상수 보급도,leading_missing,,,,,False,False,not_applicable,원자료 부재,confirmed,keep_missing,True,False,True,,,delivery_bed_before_source_start,reports/20260725_구조환경지표_통합파일_결측치_검증_결과.md:59,"원자료는 2018년 3분기부터 시작한다. 20260725 검증 리포트가 이 구간을 ""통계 자체가 최근에 신설됨(시계열 시작점 문제)""으로 분류하고 보간(경계값 이월 포함) 불가로 판단했으므로 boundary_carry를 적용하지 않고 결측으로 유지한다."
대구,family_friendly_certification_rate,2016,가족친화 인증기업 비율,leading_missing,,,,,False,False,not_applicable,원인 미확정,unresolved,pending_review,True,False,True,auxiliary_raking_composition_ratio,,family_friendly_provincial_unresolved,configs/structural_indicators_verification.yaml:518,"공식 명단을 확보하지 못한 17개 시도의 2016·2017·2019년 51건은 임의 대체하지 않는다. 2019(중간 결측)는 2018·2020 선형보간 후 전국 실측 합계로 raking, 2016·2017(선행 결측)은 2018년 지역 구성비 × 해당 연도 전국 실측 합계로 추정한 보조 시나리오만 별도 열에 기록한다(`reports/20260805_가족친화_지역별_51건_보조시나리오_후보.csv`)."
대구,family_friendly_certification_rate,2017,가족친화 인증기업 비율,leading_missing,,,,,False,False,not_applicable,원인 미확정,unresolved,pending_review,True,False,True,auxiliary_raking_composition_ratio,,family_friendly_provincial_unresolved,configs/structural_indicators_verification.yaml:518,"공식 명단을 확보하지 못한 17개 시도의 2016·2017·2019년 51건은 임의 대체하지 않는다. 2019(중간 결측)는 2018·2020 선형보간 후 전국 실측 합계로 raking, 2016·2017(선행 결측)은 2018년 지역 구성비 × 해당 연도 전국 실측 합계로 추정한 보조 시나리오만 별도 열에 기록한다(`reports/20260805_가족친화_지역별_51건_보조시나리오_후보.csv`)."
대구,family_friendly_certification_rate,2019,가족친화 인증기업 비율,intermediate_missing,,,,,False,False,not_applicable,원인 미확정,unresolved,pending_review,True,False,True,auxiliary_raking_composition_ratio,,family_friendly_provincial_unresolved,configs/structural_indicators_verification.yaml:518,"공식 명단을 확보하지 못한 17개 시도의 2016·2017·2019년 51건은 임의 대체하지 않는다. 2019(중간 결측)는 2018·2020 선형보간 후 전국 실측 합계로 raking, 2016·2017(선행 결측)은 2018년 지역 구성비 × 해당 연도 전국 실측 합계로 추정한 보조 시나리오만 별도 열에 기록한다(`reports/20260805_가족친화_지역별_51건_보조시나리오_후보.csv`)."
대구,household_chore_equal_participation,2016,가사노동 공동 참여도,leading_missing,2020,4,backward,4,True,True,high,조사 비실시 연도,confirmed,boundary_carry,False,True,False,,,family_survey_boundary_non_survey,configs/structural_indicators_verification.yaml:790,2020·2023 관측 범위 밖의 비조사연도이며 본계열 boundary carry 후보이다.
대구,household_chore_equal_participation,2017,가사노동 공동 참여도,leading_missing,2020,3,backward,4,True,True,high,조사 비실시 연도,confirmed,boundary_carry,False,True,False,,,family_survey_boundary_non_survey,configs/structural_indicators_verification.yaml:790,2020·2023 관측 범위 밖의 비조사연도이며 본계열 boundary carry 후보이다.
대구,household_chore_equal_participation,2018,가사노동 공동 참여도,leading_missing,2020,2,backward,4,True,True,high,조사 비실시 연도,confirmed,boundary_carry,False,True,False,,,family_survey_boundary_non_survey,configs/structural_indicators_verification.yaml:790,2020·2023 관측 범위 밖의 비조사연도이며 본계열 boundary carry 후보이다.
대구,household_chore_equal_participation,2019,가사노동 공동 참여도,leading_missing,2020,1,backward,4,True,True,high,조사 비실시 연도,confirmed,boundary_carry,False,True,False,,,family_survey_boundary_non_survey,configs/structural_indicators_verification.yaml:790,2020·2023 관측 범위 밖의 비조사연도이며 본계열 boundary carry 후보이다.
대구,household_chore_equal_participation,2021,가사노동 공동 참여도,intermediate_missing,,,,,False,False,not_applicable,조사 비실시 연도,confirmed,linear_interpolation,False,True,False,,,family_survey_interior_non_survey,configs/structural_indicators_verification.yaml:790,2020년과 2023년 실제 관측값 사이의 비조사연도이다.
대구,household_chore_equal_participation,2022,가사노동 공동 참여도,intermediate_missing,,,,,False,False,not_applicable,조사 비실시 연도,confirmed,linear_interpolation,False,True,False,,,family_survey_interior_non_survey,configs/structural_indicators_verification.yaml:790,2020년과 2023년 실제 관측값 사이의 비조사연도이다.
대구,household_chore_equal_participation,2024,가사노동 공동 참여도,trailing_missing,2023,1,forward,1,False,True,medium,조사 비실시 연도,confirmed,boundary_carry,False,True,False,,,family_survey_boundary_non_survey,configs/structural_indicators_verification.yaml:790,2020·2023 관측 범위 밖의 비조사연도이며 본계열 boundary carry 후보이다.
대구,housework_gender_equality,2017,가사분담에 대한 성평등 인식,intermediate_missing,,,,,False,False,not_applicable,조사 비실시 연도,confirmed,pending_review,True,False,True,,,nonlinear_housework_pending_review,reports/20260725_구조환경지표_통합파일_결측치_검증_결과.md:78,비선형 변환 전 구성요소와 변환 후 지표 중 어느 단계에서 처리할지 검토가 필요하다.
대구,housework_gender_equality,2019,가사분담에 대한 성평등 인식,intermediate_missing,,,,,False,False,not_applicable,조사 비실시 연도,confirmed,pending_review,True,False,True,,,nonlinear_housework_pending_review,reports/20260725_구조환경지표_통합파일_결측치_검증_결과.md:78,비선형 변환 전 구성요소와 변환 후 지표 중 어느 단계에서 처리할지 검토가 필요하다.
대구,housework_gender_equality,2021,가사분담에 대한 성평등 인식,intermediate_missing,,,,,False,False,not_applicable,조사 비실시 연도,confirmed,pending_review,True,False,True,,,nonlinear_housework_pending_review,reports/20260725_구조환경지표_통합파일_결측치_검증_결과.md:78,비선형 변환 전 구성요소와 변환 후 지표 중 어느 단계에서 처리할지 검토가 필요하다.
대구,housework_gender_equality,2023,가사분담에 대한 성평등 인식,intermediate_missing,,,,,False,False,not_applicable,조사 비실시 연도,confirmed,pending_review,True,False,True,,,nonlinear_housework_pending_review,reports/20260725_구조환경지표_통합파일_결측치_검증_결과.md:78,비선형 변환 전 구성요소와 변환 후 지표 중 어느 단계에서 처리할지 검토가 필요하다.
대구,income_satisfaction,2016,소득만족도,leading_missing,2017,1,backward,1,False,True,medium,조사 비실시 연도,confirmed,boundary_carry,False,True,True,auxiliary_boundary_interpolation,2015,income_leisure_leading_non_survey,configs/structural_indicators_verification.yaml:145,본계열은 boundary carry 후보이며 2015년 값은 별도 보조 시나리오에서만 사용한다.
대구,income_satisfaction,2018,소득만족도,intermediate_missing,,,,,False,False,not_applicable,조사 비실시 연도,confirmed,linear_interpolation,False,True,True,,,income_leisure_interior_non_survey,reports/20260725_구조환경지표_통합파일_결측치_검증_결과.md:57,실제 관측값 사이의 비조사연도로 본계열 선형보간 후보이다.
대구,income_satisfaction,2020,소득만족도,intermediate_missing,,,,,False,False,not_applicable,조사 비실시 연도,confirmed,linear_interpolation,False,True,True,,,income_leisure_interior_non_survey,reports/20260725_구조환경지표_통합파일_결측치_검증_결과.md:57,실제 관측값 사이의 비조사연도로 본계열 선형보간 후보이다.
대구,income_satisfaction,2022,소득만족도,intermediate_missing,,,,,False,False,not_applicable,조사 비실시 연도,confirmed,linear_interpolation,False,True,True,,,income_leisure_interior_non_survey,reports/20260725_구조환경지표_통합파일_결측치_검증_결과.md:57,실제 관측값 사이의 비조사연도로 본계열 선형보간 후보이다.
대구,income_satisfaction,2024,소득만족도,trailing_missing,2023,1,forward,1,False,True,medium,조사 비실시 연도,confirmed,boundary_carry,False,True,True,auxiliary_boundary_interpolation,2025,income_leisure_trailing_non_survey,configs/structural_indicators_verification.yaml:145,본계열은 boundary carry 후보이며 2025년 값은 별도 보조 시나리오에서만 사용한다.
대구,leisure_satisfaction,2016,여가생활 만족도,leading_missing,2017,1,backward,1,False,True,medium,조사 비실시 연도,confirmed,boundary_carry,False,True,True,auxiliary_boundary_interpolation,2015,income_leisure_leading_non_survey,configs/structural_indicators_verification.yaml:145,본계열은 boundary carry 후보이며 2015년 값은 별도 보조 시나리오에서만 사용한다.
대구,leisure_satisfaction,2018,여가생활 만족도,intermediate_missing,,,,,False,False,not_applicable,조사 비실시 연도,confirmed,linear_interpolation,False,True,True,,,income_leisure_interior_non_survey,reports/20260725_구조환경지표_통합파일_결측치_검증_결과.md:57,실제 관측값 사이의 비조사연도로 본계열 선형보간 후보이다.
대구,leisure_satisfaction,2020,여가생활 만족도,intermediate_missing,,,,,False,False,not_applicable,조사 비실시 연도,confirmed,linear_interpolation,False,True,True,,,income_leisure_interior_non_survey,reports/20260725_구조환경지표_통합파일_결측치_검증_결과.md:57,실제 관측값 사이의 비조사연도로 본계열 선형보간 후보이다.
대구,leisure_satisfaction,2022,여가생활 만족도,intermediate_missing,,,,,False,False,not_applicable,조사 비실시 연도,confirmed,linear_interpolation,False,True,True,,,income_leisure_interior_non_survey,reports/20260725_구조환경지표_통합파일_결측치_검증_결과.md:57,실제 관측값 사이의 비조사연도로 본계열 선형보간 후보이다.
대구,leisure_satisfaction,2024,여가생활 만족도,trailing_missing,2023,1,forward,1,False,True,medium,조사 비실시 연도,confirmed,boundary_carry,False,True,True,auxiliary_boundary_interpolation,2025,income_leisure_trailing_non_survey,configs/structural_indicators_verification.yaml:145,본계열은 boundary carry 후보이며 2025년 값은 별도 보조 시나리오에서만 사용한다.
대구,marriage_perception,2017,결혼에 대한 인식,intermediate_missing,,,,,False,False,not_applicable,조사 비실시 연도,confirmed,linear_interpolation,False,True,True,,,social_survey_interior_non_survey,configs/structural_indicators_verification.yaml:460,2016·2018·2020·2022·2024 관측값 사이의 비조사연도이다.
대구,marriage_perception,2019,결혼에 대한 인식,intermediate_missing,,,,,False,False,not_applicable,조사 비실시 연도,confirmed,linear_interpolation,False,True,True,,,social_survey_interior_non_survey,configs/structural_indicators_verification.yaml:460,2016·2018·2020·2022·2024 관측값 사이의 비조사연도이다.
대구,marriage_perception,2021,결혼에 대한 인식,intermediate_missing,,,,,False,False,not_applicable,조사 비실시 연도,confirmed,linear_interpolation,False,True,True,,,social_survey_interior_non_survey,configs/structural_indicators_verification.yaml:460,2016·2018·2020·2022·2024 관측값 사이의 비조사연도이다.
대구,marriage_perception,2023,결혼에 대한 인식,intermediate_missing,,,,,False,False,not_applicable,조사 비실시 연도,confirmed,linear_interpolation,False,True,True,,,social_survey_interior_non_survey,configs/structural_indicators_verification.yaml:460,2016·2018·2020·2022·2024 관측값 사이의 비조사연도이다.
대구,postpartum_center_fee,2016,산후조리원 이용 요금,leading_missing,,,,,False,False,not_applicable,원자료 부재,confirmed,keep_missing,True,False,True,,,postpartum_before_source_start,reports/20260725_구조환경지표_통합파일_결측치_검증_결과.md:59,"승인된 원자료는 2023년부터 존재한다. 20260725 검증 리포트가 이 구간을 ""통계 자체가 최근에 신설됨(시계열 시작점 문제)""으로 분류하고 2023년 값을 과거로 이월하는 것은 존재하지 않는 시계열 구간을 만드는 것이라 보간 불가로 판단했으므로 boundary_carry를 적용하지 않고 결측으로 유지한다."
대구,postpartum_center_fee,2017,산후조리원 이용 요금,leading_missing,,,,,False,False,not_applicable,원자료 부재,confirmed,keep_missing,True,False,True,,,postpartum_before_source_start,reports/20260725_구조환경지표_통합파일_결측치_검증_결과.md:59,"승인된 원자료는 2023년부터 존재한다. 20260725 검증 리포트가 이 구간을 ""통계 자체가 최근에 신설됨(시계열 시작점 문제)""으로 분류하고 2023년 값을 과거로 이월하는 것은 존재하지 않는 시계열 구간을 만드는 것이라 보간 불가로 판단했으므로 boundary_carry를 적용하지 않고 결측으로 유지한다."
대구,postpartum_center_fee,2018,산후조리원 이용 요금,leading_missing,,,,,False,False,not_applicable,원자료 부재,confirmed,keep_missing,True,False,True,,,postpartum_before_source_start,reports/20260725_구조환경지표_통합파일_결측치_검증_결과.md:59,"승인된 원자료는 2023년부터 존재한다. 20260725 검증 리포트가 이 구간을 ""통계 자체가 최근에 신설됨(시계열 시작점 문제)""으로 분류하고 2023년 값을 과거로 이월하는 것은 존재하지 않는 시계열 구간을 만드는 것이라 보간 불가로 판단했으므로 boundary_carry를 적용하지 않고 결측으로 유지한다."
대구,postpartum_center_fee,2019,산후조리원 이용 요금,leading_missing,,,,,False,False,not_applicable,원자료 부재,confirmed,keep_missing,True,False,True,,,postpartum_before_source_start,reports/20260725_구조환경지표_통합파일_결측치_검증_결과.md:59,"승인된 원자료는 2023년부터 존재한다. 20260725 검증 리포트가 이 구간을 ""통계 자체가 최근에 신설됨(시계열 시작점 문제)""으로 분류하고 2023년 값을 과거로 이월하는 것은 존재하지 않는 시계열 구간을 만드는 것이라 보간 불가로 판단했으므로 boundary_carry를 적용하지 않고 결측으로 유지한다."
대구,postpartum_center_fee,2020,산후조리원 이용 요금,leading_missing,,,,,False,False,not_applicable,원자료 부재,confirmed,keep_missing,True,False,True,,,postpartum_before_source_start,reports/20260725_구조환경지표_통합파일_결측치_검증_결과.md:59,"승인된 원자료는 2023년부터 존재한다. 20260725 검증 리포트가 이 구간을 ""통계 자체가 최근에 신설됨(시계열 시작점 문제)""으로 분류하고 2023년 값을 과거로 이월하는 것은 존재하지 않는 시계열 구간을 만드는 것이라 보간 불가로 판단했으므로 boundary_carry를 적용하지 않고 결측으로 유지한다."
대구,postpartum_center_fee,2021,산후조리원 이용 요금,leading_missing,,,,,False,False,not_applicable,원자료 부재,confirmed,keep_missing,True,False,True,,,postpartum_before_source_start,reports/20260725_구조환경지표_통합파일_결측치_검증_결과.md:59,"승인된 원자료는 2023년부터 존재한다. 20260725 검증 리포트가 이 구간을 ""통계 자체가 최근에 신설됨(시계열 시작점 문제)""으로 분류하고 2023년 값을 과거로 이월하는 것은 존재하지 않는 시계열 구간을 만드는 것이라 보간 불가로 판단했으므로 boundary_carry를 적용하지 않고 결측으로 유지한다."
대구,postpartum_center_fee,2022,산후조리원 이용 요금,leading_missing,,,,,False,False,not_applicable,원자료 부재,confirmed,keep_missing,True,False,True,,,postpartum_before_source_start,reports/20260725_구조환경지표_통합파일_결측치_검증_결과.md:59,"승인된 원자료는 2023년부터 존재한다. 20260725 검증 리포트가 이 구간을 ""통계 자체가 최근에 신설됨(시계열 시작점 문제)""으로 분류하고 2023년 값을 과거로 이월하는 것은 존재하지 않는 시계열 구간을 만드는 것이라 보간 불가로 판단했으므로 boundary_carry를 적용하지 않고 결측으로 유지한다."
대구,postpartum_center_supply,2016,산후조리원 보급도,leading_missing,,,,,False,False,not_applicable,원자료 부재,confirmed,keep_missing,True,False,True,,,postpartum_before_source_start,reports/20260725_구조환경지표_통합파일_결측치_검증_결과.md:59,"승인된 원자료는 2023년부터 존재한다. 20260725 검증 리포트가 이 구간을 ""통계 자체가 최근에 신설됨(시계열 시작점 문제)""으로 분류하고 2023년 값을 과거로 이월하는 것은 존재하지 않는 시계열 구간을 만드는 것이라 보간 불가로 판단했으므로 boundary_carry를 적용하지 않고 결측으로 유지한다."
대구,postpartum_center_supply,2017,산후조리원 보급도,leading_missing,,,,,False,False,not_applicable,원자료 부재,confirmed,keep_missing,True,False,True,,,postpartum_before_source_start,reports/20260725_구조환경지표_통합파일_결측치_검증_결과.md:59,"승인된 원자료는 2023년부터 존재한다. 20260725 검증 리포트가 이 구간을 ""통계 자체가 최근에 신설됨(시계열 시작점 문제)""으로 분류하고 2023년 값을 과거로 이월하는 것은 존재하지 않는 시계열 구간을 만드는 것이라 보간 불가로 판단했으므로 boundary_carry를 적용하지 않고 결측으로 유지한다."
대구,postpartum_center_supply,2018,산후조리원 보급도,leading_missing,,,,,False,False,not_applicable,원자료 부재,confirmed,keep_missing,True,False,True,,,postpartum_before_source_start,reports/20260725_구조환경지표_통합파일_결측치_검증_결과.md:59,"승인된 원자료는 2023년부터 존재한다. 20260725 검증 리포트가 이 구간을 ""통계 자체가 최근에 신설됨(시계열 시작점 문제)""으로 분류하고 2023년 값을 과거로 이월하는 것은 존재하지 않는 시계열 구간을 만드는 것이라 보간 불가로 판단했으므로 boundary_carry를 적용하지 않고 결측으로 유지한다."
대구,postpartum_center_supply,2019,산후조리원 보급도,leading_missing,,,,,False,False,not_applicable,원자료 부재,confirmed,keep_missing,True,False,True,,,postpartum_before_source_start,reports/20260725_구조환경지표_통합파일_결측치_검증_결과.md:59,"승인된 원자료는 2023년부터 존재한다. 20260725 검증 리포트가 이 구간을 ""통계 자체가 최근에 신설됨(시계열 시작점 문제)""으로 분류하고 2023년 값을 과거로 이월하는 것은 존재하지 않는 시계열 구간을 만드는 것이라 보간 불가로 판단했으므로 boundary_carry를 적용하지 않고 결측으로 유지한다."
대구,postpartum_center_supply,2020,산후조리원 보급도,leading_missing,,,,,False,False,not_applicable,원자료 부재,confirmed,keep_missing,True,False,True,,,postpartum_before_source_start,reports/20260725_구조환경지표_통합파일_결측치_검증_결과.md:59,"승인된 원자료는 2023년부터 존재한다. 20260725 검증 리포트가 이 구간을 ""통계 자체가 최근에 신설됨(시계열 시작점 문제)""으로 분류하고 2023년 값을 과거로 이월하는 것은 존재하지 않는 시계열 구간을 만드는 것이라 보간 불가로 판단했으므로 boundary_carry를 적용하지 않고 결측으로 유지한다."
대구,postpartum_center_supply,2021,산후조리원 보급도,leading_missing,,,,,False,False,not_applicable,원자료 부재,confirmed,keep_missing,True,False,True,,,postpartum_before_source_start,reports/20260725_구조환경지표_통합파일_결측치_검증_결과.md:59,"승인된 원자료는 2023년부터 존재한다. 20260725 검증 리포트가 이 구간을 ""통계 자체가 최근에 신설됨(시계열 시작점 문제)""으로 분류하고 2023년 값을 과거로 이월하는 것은 존재하지 않는 시계열 구간을 만드는 것이라 보간 불가로 판단했으므로 boundary_carry를 적용하지 않고 결측으로 유지한다."
대구,postpartum_center_supply,2022,산후조리원 보급도,leading_missing,,,,,False,False,not_applicable,원자료 부재,confirmed,keep_missing,True,False,True,,,postpartum_before_source_start,reports/20260725_구조환경지표_통합파일_결측치_검증_결과.md:59,"승인된 원자료는 2023년부터 존재한다. 20260725 검증 리포트가 이 구간을 ""통계 자체가 최근에 신설됨(시계열 시작점 문제)""으로 분류하고 2023년 값을 과거로 이월하는 것은 존재하지 않는 시계열 구간을 만드는 것이라 보간 불가로 판단했으므로 boundary_carry를 적용하지 않고 결측으로 유지한다."
대구,social_safety_perception,2017,사회 안전에 대한 인식,intermediate_missing,,,,,False,False,not_applicable,조사 비실시 연도,confirmed,linear_interpolation,False,True,True,,,social_survey_interior_non_survey,configs/structural_indicators_verification.yaml:460,2016·2018·2020·2022·2024 관측값 사이의 비조사연도이다.
대구,social_safety_perception,2019,사회 안전에 대한 인식,intermediate_missing,,,,,False,False,not_applicable,조사 비실시 연도,confirmed,linear_interpolation,False,True,True,,,social_survey_interior_non_survey,configs/structural_indicators_verification.yaml:460,2016·2018·2020·2022·2024 관측값 사이의 비조사연도이다.
대구,social_safety_perception,2021,사회 안전에 대한 인식,intermediate_missing,,,,,False,False,not_applicable,조사 비실시 연도,confirmed,linear_interpolation,False,True,True,,,social_survey_interior_non_survey,configs/structural_indicators_verification.yaml:460,2016·2018·2020·2022·2024 관측값 사이의 비조사연도이다.
대구,social_safety_perception,2023,사회 안전에 대한 인식,intermediate_missing,,,,,False,False,not_applicable,조사 비실시 연도,confirmed,linear_interpolation,False,True,True,,,social_survey_interior_non_survey,configs/structural_indicators_verification.yaml:460,2016·2018·2020·2022·2024 관측값 사이의 비조사연도이다.
대구,socioeconomic_status_perception,2016,사회경제적 지위에 대한 인식,leading_missing,2020,4,backward,4,True,True,high,조사 비실시 연도,confirmed,boundary_carry,False,True,False,,,family_survey_boundary_non_survey,configs/structural_indicators_verification.yaml:790,2020·2023 관측 범위 밖의 비조사연도이며 본계열 boundary carry 후보이다.
대구,socioeconomic_status_perception,2017,사회경제적 지위에 대한 인식,leading_missing,2020,3,backward,4,True,True,high,조사 비실시 연도,confirmed,boundary_carry,False,True,False,,,family_survey_boundary_non_survey,configs/structural_indicators_verification.yaml:790,2020·2023 관측 범위 밖의 비조사연도이며 본계열 boundary carry 후보이다.
대구,socioeconomic_status_perception,2018,사회경제적 지위에 대한 인식,leading_missing,2020,2,backward,4,True,True,high,조사 비실시 연도,confirmed,boundary_carry,False,True,False,,,family_survey_boundary_non_survey,configs/structural_indicators_verification.yaml:790,2020·2023 관측 범위 밖의 비조사연도이며 본계열 boundary carry 후보이다.
대구,socioeconomic_status_perception,2019,사회경제적 지위에 대한 인식,leading_missing,2020,1,backward,4,True,True,high,조사 비실시 연도,confirmed,boundary_carry,False,True,False,,,family_survey_boundary_non_survey,configs/structural_indicators_verification.yaml:790,2020·2023 관측 범위 밖의 비조사연도이며 본계열 boundary carry 후보이다.
대구,socioeconomic_status_perception,2021,사회경제적 지위에 대한 인식,intermediate_missing,,,,,False,False,not_applicable,조사 비실시 연도,confirmed,linear_interpolation,False,True,False,,,family_survey_interior_non_survey,configs/structural_indicators_verification.yaml:790,2020년과 2023년 실제 관측값 사이의 비조사연도이다.
대구,socioeconomic_status_perception,2022,사회경제적 지위에 대한 인식,intermediate_missing,,,,,False,False,not_applicable,조사 비실시 연도,confirmed,linear_interpolation,False,True,False,,,family_survey_interior_non_survey,configs/structural_indicators_verification.yaml:790,2020년과 2023년 실제 관측값 사이의 비조사연도이다.
대구,socioeconomic_status_perception,2024,사회경제적 지위에 대한 인식,trailing_missing,2023,1,forward,1,False,True,medium,조사 비실시 연도,confirmed,boundary_carry,False,True,False,,,family_survey_boundary_non_survey,configs/structural_indicators_verification.yaml:790,2020·2023 관측 범위 밖의 비조사연도이며 본계열 boundary carry 후보이다.
대전,childbirth_perception,2016,출산에 대한 인식,leading_missing,2018,2,backward,2,True,True,high,조사 비실시 연도,confirmed,boundary_carry,False,True,True,,,childbirth_leading_non_survey,configs/structural_indicators_verification.yaml:576,지표의 첫 비교 가능 관측연도인 2018년 이전 구간이다.
대전,childbirth_perception,2017,출산에 대한 인식,leading_missing,2018,1,backward,2,True,True,high,조사 비실시 연도,confirmed,boundary_carry,False,True,True,,,childbirth_leading_non_survey,configs/structural_indicators_verification.yaml:576,지표의 첫 비교 가능 관측연도인 2018년 이전 구간이다.
대전,childbirth_perception,2019,출산에 대한 인식,intermediate_missing,,,,,False,False,not_applicable,조사 비실시 연도,confirmed,linear_interpolation,False,True,True,,,childbirth_interior_non_survey,configs/structural_indicators_verification.yaml:576,2018·2020·2022·2024 관측값 사이의 비조사연도이다.
대전,childbirth_perception,2021,출산에 대한 인식,intermediate_missing,,,,,False,False,not_applicable,조사 비실시 연도,confirmed,linear_interpolation,False,True,True,,,childbirth_interior_non_survey,configs/structural_indicators_verification.yaml:576,2018·2020·2022·2024 관측값 사이의 비조사연도이다.
대전,childbirth_perception,2023,출산에 대한 인식,intermediate_missing,,,,,False,False,not_applicable,조사 비실시 연도,confirmed,linear_interpolation,False,True,True,,,childbirth_interior_non_survey,configs/structural_indicators_verification.yaml:576,2018·2020·2022·2024 관측값 사이의 비조사연도이다.
대전,childcare_equal_participation,2016,돌봄노동 공동 참여도,leading_missing,2020,4,backward,4,True,True,high,조사 비실시 연도,confirmed,boundary_carry,False,True,False,,,family_survey_boundary_non_survey,configs/structural_indicators_verification.yaml:790,2020·2023 관측 범위 밖의 비조사연도이며 본계열 boundary carry 후보이다.
대전,childcare_equal_participation,2017,돌봄노동 공동 참여도,leading_missing,2020,3,backward,4,True,True,high,조사 비실시 연도,confirmed,boundary_carry,False,True,False,,,family_survey_boundary_non_survey,configs/structural_indicators_verification.yaml:790,2020·2023 관측 범위 밖의 비조사연도이며 본계열 boundary carry 후보이다.
대전,childcare_equal_participation,2018,돌봄노동 공동 참여도,leading_missing,2020,2,backward,4,True,True,high,조사 비실시 연도,confirmed,boundary_carry,False,True,False,,,family_survey_boundary_non_survey,configs/structural_indicators_verification.yaml:790,2020·2023 관측 범위 밖의 비조사연도이며 본계열 boundary carry 후보이다.
대전,childcare_equal_participation,2019,돌봄노동 공동 참여도,leading_missing,2020,1,backward,4,True,True,high,조사 비실시 연도,confirmed,boundary_carry,False,True,False,,,family_survey_boundary_non_survey,configs/structural_indicators_verification.yaml:790,2020·2023 관측 범위 밖의 비조사연도이며 본계열 boundary carry 후보이다.
대전,childcare_equal_participation,2021,돌봄노동 공동 참여도,intermediate_missing,,,,,False,False,not_applicable,조사 비실시 연도,confirmed,linear_interpolation,False,True,False,,,family_survey_interior_non_survey,configs/structural_indicators_verification.yaml:790,2020년과 2023년 실제 관측값 사이의 비조사연도이다.
대전,childcare_equal_participation,2022,돌봄노동 공동 참여도,intermediate_missing,,,,,False,False,not_applicable,조사 비실시 연도,confirmed,linear_interpolation,False,True,False,,,family_survey_interior_non_survey,configs/structural_indicators_verification.yaml:790,2020년과 2023년 실제 관측값 사이의 비조사연도이다.
대전,childcare_equal_participation,2024,돌봄노동 공동 참여도,trailing_missing,2023,1,forward,1,False,True,medium,조사 비실시 연도,confirmed,boundary_carry,False,True,False,,,family_survey_boundary_non_survey,configs/structural_indicators_verification.yaml:790,2020·2023 관측 범위 밖의 비조사연도이며 본계열 boundary carry 후보이다.
대전,delivery_bed_supply,2016,(대체)분만실 병상수 보급도,leading_missing,,,,,False,False,not_applicable,원자료 부재,confirmed,keep_missing,True,False,True,,,delivery_bed_before_source_start,reports/20260725_구조환경지표_통합파일_결측치_검증_결과.md:59,"원자료는 2018년 3분기부터 시작한다. 20260725 검증 리포트가 이 구간을 ""통계 자체가 최근에 신설됨(시계열 시작점 문제)""으로 분류하고 보간(경계값 이월 포함) 불가로 판단했으므로 boundary_carry를 적용하지 않고 결측으로 유지한다."
대전,delivery_bed_supply,2017,(대체)분만실 병상수 보급도,leading_missing,,,,,False,False,not_applicable,원자료 부재,confirmed,keep_missing,True,False,True,,,delivery_bed_before_source_start,reports/20260725_구조환경지표_통합파일_결측치_검증_결과.md:59,"원자료는 2018년 3분기부터 시작한다. 20260725 검증 리포트가 이 구간을 ""통계 자체가 최근에 신설됨(시계열 시작점 문제)""으로 분류하고 보간(경계값 이월 포함) 불가로 판단했으므로 boundary_carry를 적용하지 않고 결측으로 유지한다."
대전,family_friendly_certification_rate,2016,가족친화 인증기업 비율,leading_missing,,,,,False,False,not_applicable,원인 미확정,unresolved,pending_review,True,False,True,auxiliary_raking_composition_ratio,,family_friendly_provincial_unresolved,configs/structural_indicators_verification.yaml:518,"공식 명단을 확보하지 못한 17개 시도의 2016·2017·2019년 51건은 임의 대체하지 않는다. 2019(중간 결측)는 2018·2020 선형보간 후 전국 실측 합계로 raking, 2016·2017(선행 결측)은 2018년 지역 구성비 × 해당 연도 전국 실측 합계로 추정한 보조 시나리오만 별도 열에 기록한다(`reports/20260805_가족친화_지역별_51건_보조시나리오_후보.csv`)."
대전,family_friendly_certification_rate,2017,가족친화 인증기업 비율,leading_missing,,,,,False,False,not_applicable,원인 미확정,unresolved,pending_review,True,False,True,auxiliary_raking_composition_ratio,,family_friendly_provincial_unresolved,configs/structural_indicators_verification.yaml:518,"공식 명단을 확보하지 못한 17개 시도의 2016·2017·2019년 51건은 임의 대체하지 않는다. 2019(중간 결측)는 2018·2020 선형보간 후 전국 실측 합계로 raking, 2016·2017(선행 결측)은 2018년 지역 구성비 × 해당 연도 전국 실측 합계로 추정한 보조 시나리오만 별도 열에 기록한다(`reports/20260805_가족친화_지역별_51건_보조시나리오_후보.csv`)."
대전,family_friendly_certification_rate,2019,가족친화 인증기업 비율,intermediate_missing,,,,,False,False,not_applicable,원인 미확정,unresolved,pending_review,True,False,True,auxiliary_raking_composition_ratio,,family_friendly_provincial_unresolved,configs/structural_indicators_verification.yaml:518,"공식 명단을 확보하지 못한 17개 시도의 2016·2017·2019년 51건은 임의 대체하지 않는다. 2019(중간 결측)는 2018·2020 선형보간 후 전국 실측 합계로 raking, 2016·2017(선행 결측)은 2018년 지역 구성비 × 해당 연도 전국 실측 합계로 추정한 보조 시나리오만 별도 열에 기록한다(`reports/20260805_가족친화_지역별_51건_보조시나리오_후보.csv`)."
대전,household_chore_equal_participation,2016,가사노동 공동 참여도,leading_missing,2020,4,backward,4,True,True,high,조사 비실시 연도,confirmed,boundary_carry,False,True,False,,,family_survey_boundary_non_survey,configs/structural_indicators_verification.yaml:790,2020·2023 관측 범위 밖의 비조사연도이며 본계열 boundary carry 후보이다.
대전,household_chore_equal_participation,2017,가사노동 공동 참여도,leading_missing,2020,3,backward,4,True,True,high,조사 비실시 연도,confirmed,boundary_carry,False,True,False,,,family_survey_boundary_non_survey,configs/structural_indicators_verification.yaml:790,2020·2023 관측 범위 밖의 비조사연도이며 본계열 boundary carry 후보이다.
대전,household_chore_equal_participation,2018,가사노동 공동 참여도,leading_missing,2020,2,backward,4,True,True,high,조사 비실시 연도,confirmed,boundary_carry,False,True,False,,,family_survey_boundary_non_survey,configs/structural_indicators_verification.yaml:790,2020·2023 관측 범위 밖의 비조사연도이며 본계열 boundary carry 후보이다.
대전,household_chore_equal_participation,2019,가사노동 공동 참여도,leading_missing,2020,1,backward,4,True,True,high,조사 비실시 연도,confirmed,boundary_carry,False,True,False,,,family_survey_boundary_non_survey,configs/structural_indicators_verification.yaml:790,2020·2023 관측 범위 밖의 비조사연도이며 본계열 boundary carry 후보이다.
대전,household_chore_equal_participation,2021,가사노동 공동 참여도,intermediate_missing,,,,,False,False,not_applicable,조사 비실시 연도,confirmed,linear_interpolation,False,True,False,,,family_survey_interior_non_survey,configs/structural_indicators_verification.yaml:790,2020년과 2023년 실제 관측값 사이의 비조사연도이다.
대전,household_chore_equal_participation,2022,가사노동 공동 참여도,intermediate_missing,,,,,False,False,not_applicable,조사 비실시 연도,confirmed,linear_interpolation,False,True,False,,,family_survey_interior_non_survey,configs/structural_indicators_verification.yaml:790,2020년과 2023년 실제 관측값 사이의 비조사연도이다.
대전,household_chore_equal_participation,2024,가사노동 공동 참여도,trailing_missing,2023,1,forward,1,False,True,medium,조사 비실시 연도,confirmed,boundary_carry,False,True,False,,,family_survey_boundary_non_survey,configs/structural_indicators_verification.yaml:790,2020·2023 관측 범위 밖의 비조사연도이며 본계열 boundary carry 후보이다.
대전,housework_gender_equality,2017,가사분담에 대한 성평등 인식,intermediate_missing,,,,,False,False,not_applicable,조사 비실시 연도,confirmed,pending_review,True,False,True,,,nonlinear_housework_pending_review,reports/20260725_구조환경지표_통합파일_결측치_검증_결과.md:78,비선형 변환 전 구성요소와 변환 후 지표 중 어느 단계에서 처리할지 검토가 필요하다.
대전,housework_gender_equality,2019,가사분담에 대한 성평등 인식,intermediate_missing,,,,,False,False,not_applicable,조사 비실시 연도,confirmed,pending_review,True,False,True,,,nonlinear_housework_pending_review,reports/20260725_구조환경지표_통합파일_결측치_검증_결과.md:78,비선형 변환 전 구성요소와 변환 후 지표 중 어느 단계에서 처리할지 검토가 필요하다.
대전,housework_gender_equality,2021,가사분담에 대한 성평등 인식,intermediate_missing,,,,,False,False,not_applicable,조사 비실시 연도,confirmed,pending_review,True,False,True,,,nonlinear_housework_pending_review,reports/20260725_구조환경지표_통합파일_결측치_검증_결과.md:78,비선형 변환 전 구성요소와 변환 후 지표 중 어느 단계에서 처리할지 검토가 필요하다.
대전,housework_gender_equality,2023,가사분담에 대한 성평등 인식,intermediate_missing,,,,,False,False,not_applicable,조사 비실시 연도,confirmed,pending_review,True,False,True,,,nonlinear_housework_pending_review,reports/20260725_구조환경지표_통합파일_결측치_검증_결과.md:78,비선형 변환 전 구성요소와 변환 후 지표 중 어느 단계에서 처리할지 검토가 필요하다.
대전,income_satisfaction,2016,소득만족도,leading_missing,2017,1,backward,1,False,True,medium,조사 비실시 연도,confirmed,boundary_carry,False,True,True,auxiliary_boundary_interpolation,2015,income_leisure_leading_non_survey,configs/structural_indicators_verification.yaml:145,본계열은 boundary carry 후보이며 2015년 값은 별도 보조 시나리오에서만 사용한다.
대전,income_satisfaction,2018,소득만족도,intermediate_missing,,,,,False,False,not_applicable,조사 비실시 연도,confirmed,linear_interpolation,False,True,True,,,income_leisure_interior_non_survey,reports/20260725_구조환경지표_통합파일_결측치_검증_결과.md:57,실제 관측값 사이의 비조사연도로 본계열 선형보간 후보이다.
대전,income_satisfaction,2020,소득만족도,intermediate_missing,,,,,False,False,not_applicable,조사 비실시 연도,confirmed,linear_interpolation,False,True,True,,,income_leisure_interior_non_survey,reports/20260725_구조환경지표_통합파일_결측치_검증_결과.md:57,실제 관측값 사이의 비조사연도로 본계열 선형보간 후보이다.
대전,income_satisfaction,2022,소득만족도,intermediate_missing,,,,,False,False,not_applicable,조사 비실시 연도,confirmed,linear_interpolation,False,True,True,,,income_leisure_interior_non_survey,reports/20260725_구조환경지표_통합파일_결측치_검증_결과.md:57,실제 관측값 사이의 비조사연도로 본계열 선형보간 후보이다.
대전,income_satisfaction,2024,소득만족도,trailing_missing,2023,1,forward,1,False,True,medium,조사 비실시 연도,confirmed,boundary_carry,False,True,True,auxiliary_boundary_interpolation,2025,income_leisure_trailing_non_survey,configs/structural_indicators_verification.yaml:145,본계열은 boundary carry 후보이며 2025년 값은 별도 보조 시나리오에서만 사용한다.
대전,leisure_satisfaction,2016,여가생활 만족도,leading_missing,2017,1,backward,1,False,True,medium,조사 비실시 연도,confirmed,boundary_carry,False,True,True,auxiliary_boundary_interpolation,2015,income_leisure_leading_non_survey,configs/structural_indicators_verification.yaml:145,본계열은 boundary carry 후보이며 2015년 값은 별도 보조 시나리오에서만 사용한다.
대전,leisure_satisfaction,2018,여가생활 만족도,intermediate_missing,,,,,False,False,not_applicable,조사 비실시 연도,confirmed,linear_interpolation,False,True,True,,,income_leisure_interior_non_survey,reports/20260725_구조환경지표_통합파일_결측치_검증_결과.md:57,실제 관측값 사이의 비조사연도로 본계열 선형보간 후보이다.
대전,leisure_satisfaction,2020,여가생활 만족도,intermediate_missing,,,,,False,False,not_applicable,조사 비실시 연도,confirmed,linear_interpolation,False,True,True,,,income_leisure_interior_non_survey,reports/20260725_구조환경지표_통합파일_결측치_검증_결과.md:57,실제 관측값 사이의 비조사연도로 본계열 선형보간 후보이다.
대전,leisure_satisfaction,2022,여가생활 만족도,intermediate_missing,,,,,False,False,not_applicable,조사 비실시 연도,confirmed,linear_interpolation,False,True,True,,,income_leisure_interior_non_survey,reports/20260725_구조환경지표_통합파일_결측치_검증_결과.md:57,실제 관측값 사이의 비조사연도로 본계열 선형보간 후보이다.
대전,leisure_satisfaction,2024,여가생활 만족도,trailing_missing,2023,1,forward,1,False,True,medium,조사 비실시 연도,confirmed,boundary_carry,False,True,True,auxiliary_boundary_interpolation,2025,income_leisure_trailing_non_survey,configs/structural_indicators_verification.yaml:145,본계열은 boundary carry 후보이며 2025년 값은 별도 보조 시나리오에서만 사용한다.
대전,marriage_perception,2017,결혼에 대한 인식,intermediate_missing,,,,,False,False,not_applicable,조사 비실시 연도,confirmed,linear_interpolation,False,True,True,,,social_survey_interior_non_survey,configs/structural_indicators_verification.yaml:460,2016·2018·2020·2022·2024 관측값 사이의 비조사연도이다.
대전,marriage_perception,2019,결혼에 대한 인식,intermediate_missing,,,,,False,False,not_applicable,조사 비실시 연도,confirmed,linear_interpolation,False,True,True,,,social_survey_interior_non_survey,configs/structural_indicators_verification.yaml:460,2016·2018·2020·2022·2024 관측값 사이의 비조사연도이다.
대전,marriage_perception,2021,결혼에 대한 인식,intermediate_missing,,,,,False,False,not_applicable,조사 비실시 연도,confirmed,linear_interpolation,False,True,True,,,social_survey_interior_non_survey,configs/structural_indicators_verification.yaml:460,2016·2018·2020·2022·2024 관측값 사이의 비조사연도이다.
대전,marriage_perception,2023,결혼에 대한 인식,intermediate_missing,,,,,False,False,not_applicable,조사 비실시 연도,confirmed,linear_interpolation,False,True,True,,,social_survey_interior_non_survey,configs/structural_indicators_verification.yaml:460,2016·2018·2020·2022·2024 관측값 사이의 비조사연도이다.
대전,postpartum_center_fee,2016,산후조리원 이용 요금,leading_missing,,,,,False,False,not_applicable,원자료 부재,confirmed,keep_missing,True,False,True,,,postpartum_before_source_start,reports/20260725_구조환경지표_통합파일_결측치_검증_결과.md:59,"승인된 원자료는 2023년부터 존재한다. 20260725 검증 리포트가 이 구간을 ""통계 자체가 최근에 신설됨(시계열 시작점 문제)""으로 분류하고 2023년 값을 과거로 이월하는 것은 존재하지 않는 시계열 구간을 만드는 것이라 보간 불가로 판단했으므로 boundary_carry를 적용하지 않고 결측으로 유지한다."
대전,postpartum_center_fee,2017,산후조리원 이용 요금,leading_missing,,,,,False,False,not_applicable,원자료 부재,confirmed,keep_missing,True,False,True,,,postpartum_before_source_start,reports/20260725_구조환경지표_통합파일_결측치_검증_결과.md:59,"승인된 원자료는 2023년부터 존재한다. 20260725 검증 리포트가 이 구간을 ""통계 자체가 최근에 신설됨(시계열 시작점 문제)""으로 분류하고 2023년 값을 과거로 이월하는 것은 존재하지 않는 시계열 구간을 만드는 것이라 보간 불가로 판단했으므로 boundary_carry를 적용하지 않고 결측으로 유지한다."
대전,postpartum_center_fee,2018,산후조리원 이용 요금,leading_missing,,,,,False,False,not_applicable,원자료 부재,confirmed,keep_missing,True,False,True,,,postpartum_before_source_start,reports/20260725_구조환경지표_통합파일_결측치_검증_결과.md:59,"승인된 원자료는 2023년부터 존재한다. 20260725 검증 리포트가 이 구간을 ""통계 자체가 최근에 신설됨(시계열 시작점 문제)""으로 분류하고 2023년 값을 과거로 이월하는 것은 존재하지 않는 시계열 구간을 만드는 것이라 보간 불가로 판단했으므로 boundary_carry를 적용하지 않고 결측으로 유지한다."
대전,postpartum_center_fee,2019,산후조리원 이용 요금,leading_missing,,,,,False,False,not_applicable,원자료 부재,confirmed,keep_missing,True,False,True,,,postpartum_before_source_start,reports/20260725_구조환경지표_통합파일_결측치_검증_결과.md:59,"승인된 원자료는 2023년부터 존재한다. 20260725 검증 리포트가 이 구간을 ""통계 자체가 최근에 신설됨(시계열 시작점 문제)""으로 분류하고 2023년 값을 과거로 이월하는 것은 존재하지 않는 시계열 구간을 만드는 것이라 보간 불가로 판단했으므로 boundary_carry를 적용하지 않고 결측으로 유지한다."
대전,postpartum_center_fee,2020,산후조리원 이용 요금,leading_missing,,,,,False,False,not_applicable,원자료 부재,confirmed,keep_missing,True,False,True,,,postpartum_before_source_start,reports/20260725_구조환경지표_통합파일_결측치_검증_결과.md:59,"승인된 원자료는 2023년부터 존재한다. 20260725 검증 리포트가 이 구간을 ""통계 자체가 최근에 신설됨(시계열 시작점 문제)""으로 분류하고 2023년 값을 과거로 이월하는 것은 존재하지 않는 시계열 구간을 만드는 것이라 보간 불가로 판단했으므로 boundary_carry를 적용하지 않고 결측으로 유지한다."
대전,postpartum_center_fee,2021,산후조리원 이용 요금,leading_missing,,,,,False,False,not_applicable,원자료 부재,confirmed,keep_missing,True,False,True,,,postpartum_before_source_start,reports/20260725_구조환경지표_통합파일_결측치_검증_결과.md:59,"승인된 원자료는 2023년부터 존재한다. 20260725 검증 리포트가 이 구간을 ""통계 자체가 최근에 신설됨(시계열 시작점 문제)""으로 분류하고 2023년 값을 과거로 이월하는 것은 존재하지 않는 시계열 구간을 만드는 것이라 보간 불가로 판단했으므로 boundary_carry를 적용하지 않고 결측으로 유지한다."
대전,postpartum_center_fee,2022,산후조리원 이용 요금,leading_missing,,,,,False,False,not_applicable,원자료 부재,confirmed,keep_missing,True,False,True,,,postpartum_before_source_start,reports/20260725_구조환경지표_통합파일_결측치_검증_결과.md:59,"승인된 원자료는 2023년부터 존재한다. 20260725 검증 리포트가 이 구간을 ""통계 자체가 최근에 신설됨(시계열 시작점 문제)""으로 분류하고 2023년 값을 과거로 이월하는 것은 존재하지 않는 시계열 구간을 만드는 것이라 보간 불가로 판단했으므로 boundary_carry를 적용하지 않고 결측으로 유지한다."
대전,postpartum_center_supply,2016,산후조리원 보급도,leading_missing,,,,,False,False,not_applicable,원자료 부재,confirmed,keep_missing,True,False,True,,,postpartum_before_source_start,reports/20260725_구조환경지표_통합파일_결측치_검증_결과.md:59,"승인된 원자료는 2023년부터 존재한다. 20260725 검증 리포트가 이 구간을 ""통계 자체가 최근에 신설됨(시계열 시작점 문제)""으로 분류하고 2023년 값을 과거로 이월하는 것은 존재하지 않는 시계열 구간을 만드는 것이라 보간 불가로 판단했으므로 boundary_carry를 적용하지 않고 결측으로 유지한다."
대전,postpartum_center_supply,2017,산후조리원 보급도,leading_missing,,,,,False,False,not_applicable,원자료 부재,confirmed,keep_missing,True,False,True,,,postpartum_before_source_start,reports/20260725_구조환경지표_통합파일_결측치_검증_결과.md:59,"승인된 원자료는 2023년부터 존재한다. 20260725 검증 리포트가 이 구간을 ""통계 자체가 최근에 신설됨(시계열 시작점 문제)""으로 분류하고 2023년 값을 과거로 이월하는 것은 존재하지 않는 시계열 구간을 만드는 것이라 보간 불가로 판단했으므로 boundary_carry를 적용하지 않고 결측으로 유지한다."
대전,postpartum_center_supply,2018,산후조리원 보급도,leading_missing,,,,,False,False,not_applicable,원자료 부재,confirmed,keep_missing,True,False,True,,,postpartum_before_source_start,reports/20260725_구조환경지표_통합파일_결측치_검증_결과.md:59,"승인된 원자료는 2023년부터 존재한다. 20260725 검증 리포트가 이 구간을 ""통계 자체가 최근에 신설됨(시계열 시작점 문제)""으로 분류하고 2023년 값을 과거로 이월하는 것은 존재하지 않는 시계열 구간을 만드는 것이라 보간 불가로 판단했으므로 boundary_carry를 적용하지 않고 결측으로 유지한다."
대전,postpartum_center_supply,2019,산후조리원 보급도,leading_missing,,,,,False,False,not_applicable,원자료 부재,confirmed,keep_missing,True,False,True,,,postpartum_before_source_start,reports/20260725_구조환경지표_통합파일_결측치_검증_결과.md:59,"승인된 원자료는 2023년부터 존재한다. 20260725 검증 리포트가 이 구간을 ""통계 자체가 최근에 신설됨(시계열 시작점 문제)""으로 분류하고 2023년 값을 과거로 이월하는 것은 존재하지 않는 시계열 구간을 만드는 것이라 보간 불가로 판단했으므로 boundary_carry를 적용하지 않고 결측으로 유지한다."
대전,postpartum_center_supply,2020,산후조리원 보급도,leading_missing,,,,,False,False,not_applicable,원자료 부재,confirmed,keep_missing,True,False,True,,,postpartum_before_source_start,reports/20260725_구조환경지표_통합파일_결측치_검증_결과.md:59,"승인된 원자료는 2023년부터 존재한다. 20260725 검증 리포트가 이 구간을 ""통계 자체가 최근에 신설됨(시계열 시작점 문제)""으로 분류하고 2023년 값을 과거로 이월하는 것은 존재하지 않는 시계열 구간을 만드는 것이라 보간 불가로 판단했으므로 boundary_carry를 적용하지 않고 결측으로 유지한다."
대전,postpartum_center_supply,2021,산후조리원 보급도,leading_missing,,,,,False,False,not_applicable,원자료 부재,confirmed,keep_missing,True,False,True,,,postpartum_before_source_start,reports/20260725_구조환경지표_통합파일_결측치_검증_결과.md:59,"승인된 원자료는 2023년부터 존재한다. 20260725 검증 리포트가 이 구간을 ""통계 자체가 최근에 신설됨(시계열 시작점 문제)""으로 분류하고 2023년 값을 과거로 이월하는 것은 존재하지 않는 시계열 구간을 만드는 것이라 보간 불가로 판단했으므로 boundary_carry를 적용하지 않고 결측으로 유지한다."
대전,postpartum_center_supply,2022,산후조리원 보급도,leading_missing,,,,,False,False,not_applicable,원자료 부재,confirmed,keep_missing,True,False,True,,,postpartum_before_source_start,reports/20260725_구조환경지표_통합파일_결측치_검증_결과.md:59,"승인된 원자료는 2023년부터 존재한다. 20260725 검증 리포트가 이 구간을 ""통계 자체가 최근에 신설됨(시계열 시작점 문제)""으로 분류하고 2023년 값을 과거로 이월하는 것은 존재하지 않는 시계열 구간을 만드는 것이라 보간 불가로 판단했으므로 boundary_carry를 적용하지 않고 결측으로 유지한다."
대전,social_safety_perception,2017,사회 안전에 대한 인식,intermediate_missing,,,,,False,False,not_applicable,조사 비실시 연도,confirmed,linear_interpolation,False,True,True,,,social_survey_interior_non_survey,configs/structural_indicators_verification.yaml:460,2016·2018·2020·2022·2024 관측값 사이의 비조사연도이다.
대전,social_safety_perception,2019,사회 안전에 대한 인식,intermediate_missing,,,,,False,False,not_applicable,조사 비실시 연도,confirmed,linear_interpolation,False,True,True,,,social_survey_interior_non_survey,configs/structural_indicators_verification.yaml:460,2016·2018·2020·2022·2024 관측값 사이의 비조사연도이다.
대전,social_safety_perception,2021,사회 안전에 대한 인식,intermediate_missing,,,,,False,False,not_applicable,조사 비실시 연도,confirmed,linear_interpolation,False,True,True,,,social_survey_interior_non_survey,configs/structural_indicators_verification.yaml:460,2016·2018·2020·2022·2024 관측값 사이의 비조사연도이다.
대전,social_safety_perception,2023,사회 안전에 대한 인식,intermediate_missing,,,,,False,False,not_applicable,조사 비실시 연도,confirmed,linear_interpolation,False,True,True,,,social_survey_interior_non_survey,configs/structural_indicators_verification.yaml:460,2016·2018·2020·2022·2024 관측값 사이의 비조사연도이다.
대전,socioeconomic_status_perception,2016,사회경제적 지위에 대한 인식,leading_missing,2020,4,backward,4,True,True,high,조사 비실시 연도,confirmed,boundary_carry,False,True,False,,,family_survey_boundary_non_survey,configs/structural_indicators_verification.yaml:790,2020·2023 관측 범위 밖의 비조사연도이며 본계열 boundary carry 후보이다.
대전,socioeconomic_status_perception,2017,사회경제적 지위에 대한 인식,leading_missing,2020,3,backward,4,True,True,high,조사 비실시 연도,confirmed,boundary_carry,False,True,False,,,family_survey_boundary_non_survey,configs/structural_indicators_verification.yaml:790,2020·2023 관측 범위 밖의 비조사연도이며 본계열 boundary carry 후보이다.
대전,socioeconomic_status_perception,2018,사회경제적 지위에 대한 인식,leading_missing,2020,2,backward,4,True,True,high,조사 비실시 연도,confirmed,boundary_carry,False,True,False,,,family_survey_boundary_non_survey,configs/structural_indicators_verification.yaml:790,2020·2023 관측 범위 밖의 비조사연도이며 본계열 boundary carry 후보이다.
대전,socioeconomic_status_perception,2019,사회경제적 지위에 대한 인식,leading_missing,2020,1,backward,4,True,True,high,조사 비실시 연도,confirmed,boundary_carry,False,True,False,,,family_survey_boundary_non_survey,configs/structural_indicators_verification.yaml:790,2020·2023 관측 범위 밖의 비조사연도이며 본계열 boundary carry 후보이다.
대전,socioeconomic_status_perception,2021,사회경제적 지위에 대한 인식,intermediate_missing,,,,,False,False,not_applicable,조사 비실시 연도,confirmed,linear_interpolation,False,True,False,,,family_survey_interior_non_survey,configs/structural_indicators_verification.yaml:790,2020년과 2023년 실제 관측값 사이의 비조사연도이다.
대전,socioeconomic_status_perception,2022,사회경제적 지위에 대한 인식,intermediate_missing,,,,,False,False,not_applicable,조사 비실시 연도,confirmed,linear_interpolation,False,True,False,,,family_survey_interior_non_survey,configs/structural_indicators_verification.yaml:790,2020년과 2023년 실제 관측값 사이의 비조사연도이다.
대전,socioeconomic_status_perception,2024,사회경제적 지위에 대한 인식,trailing_missing,2023,1,forward,1,False,True,medium,조사 비실시 연도,confirmed,boundary_carry,False,True,False,,,family_survey_boundary_non_survey,configs/structural_indicators_verification.yaml:790,2020·2023 관측 범위 밖의 비조사연도이며 본계열 boundary carry 후보이다.
부산,childbirth_perception,2016,출산에 대한 인식,leading_missing,2018,2,backward,2,True,True,high,조사 비실시 연도,confirmed,boundary_carry,False,True,True,,,childbirth_leading_non_survey,configs/structural_indicators_verification.yaml:576,지표의 첫 비교 가능 관측연도인 2018년 이전 구간이다.
부산,childbirth_perception,2017,출산에 대한 인식,leading_missing,2018,1,backward,2,True,True,high,조사 비실시 연도,confirmed,boundary_carry,False,True,True,,,childbirth_leading_non_survey,configs/structural_indicators_verification.yaml:576,지표의 첫 비교 가능 관측연도인 2018년 이전 구간이다.
부산,childbirth_perception,2019,출산에 대한 인식,intermediate_missing,,,,,False,False,not_applicable,조사 비실시 연도,confirmed,linear_interpolation,False,True,True,,,childbirth_interior_non_survey,configs/structural_indicators_verification.yaml:576,2018·2020·2022·2024 관측값 사이의 비조사연도이다.
부산,childbirth_perception,2021,출산에 대한 인식,intermediate_missing,,,,,False,False,not_applicable,조사 비실시 연도,confirmed,linear_interpolation,False,True,True,,,childbirth_interior_non_survey,configs/structural_indicators_verification.yaml:576,2018·2020·2022·2024 관측값 사이의 비조사연도이다.
부산,childbirth_perception,2023,출산에 대한 인식,intermediate_missing,,,,,False,False,not_applicable,조사 비실시 연도,confirmed,linear_interpolation,False,True,True,,,childbirth_interior_non_survey,configs/structural_indicators_verification.yaml:576,2018·2020·2022·2024 관측값 사이의 비조사연도이다.
부산,childcare_equal_participation,2016,돌봄노동 공동 참여도,leading_missing,2020,4,backward,4,True,True,high,조사 비실시 연도,confirmed,boundary_carry,False,True,False,,,family_survey_boundary_non_survey,configs/structural_indicators_verification.yaml:790,2020·2023 관측 범위 밖의 비조사연도이며 본계열 boundary carry 후보이다.
부산,childcare_equal_participation,2017,돌봄노동 공동 참여도,leading_missing,2020,3,backward,4,True,True,high,조사 비실시 연도,confirmed,boundary_carry,False,True,False,,,family_survey_boundary_non_survey,configs/structural_indicators_verification.yaml:790,2020·2023 관측 범위 밖의 비조사연도이며 본계열 boundary carry 후보이다.
부산,childcare_equal_participation,2018,돌봄노동 공동 참여도,leading_missing,2020,2,backward,4,True,True,high,조사 비실시 연도,confirmed,boundary_carry,False,True,False,,,family_survey_boundary_non_survey,configs/structural_indicators_verification.yaml:790,2020·2023 관측 범위 밖의 비조사연도이며 본계열 boundary carry 후보이다.
부산,childcare_equal_participation,2019,돌봄노동 공동 참여도,leading_missing,2020,1,backward,4,True,True,high,조사 비실시 연도,confirmed,boundary_carry,False,True,False,,,family_survey_boundary_non_survey,configs/structural_indicators_verification.yaml:790,2020·2023 관측 범위 밖의 비조사연도이며 본계열 boundary carry 후보이다.
부산,childcare_equal_participation,2021,돌봄노동 공동 참여도,intermediate_missing,,,,,False,False,not_applicable,조사 비실시 연도,confirmed,linear_interpolation,False,True,False,,,family_survey_interior_non_survey,configs/structural_indicators_verification.yaml:790,2020년과 2023년 실제 관측값 사이의 비조사연도이다.
부산,childcare_equal_participation,2022,돌봄노동 공동 참여도,intermediate_missing,,,,,False,False,not_applicable,조사 비실시 연도,confirmed,linear_interpolation,False,True,False,,,family_survey_interior_non_survey,configs/structural_indicators_verification.yaml:790,2020년과 2023년 실제 관측값 사이의 비조사연도이다.
부산,childcare_equal_participation,2024,돌봄노동 공동 참여도,trailing_missing,2023,1,forward,1,False,True,medium,조사 비실시 연도,confirmed,boundary_carry,False,True,False,,,family_survey_boundary_non_survey,configs/structural_indicators_verification.yaml:790,2020·2023 관측 범위 밖의 비조사연도이며 본계열 boundary carry 후보이다.
부산,delivery_bed_supply,2016,(대체)분만실 병상수 보급도,leading_missing,,,,,False,False,not_applicable,원자료 부재,confirmed,keep_missing,True,False,True,,,delivery_bed_before_source_start,reports/20260725_구조환경지표_통합파일_결측치_검증_결과.md:59,"원자료는 2018년 3분기부터 시작한다. 20260725 검증 리포트가 이 구간을 ""통계 자체가 최근에 신설됨(시계열 시작점 문제)""으로 분류하고 보간(경계값 이월 포함) 불가로 판단했으므로 boundary_carry를 적용하지 않고 결측으로 유지한다."
부산,delivery_bed_supply,2017,(대체)분만실 병상수 보급도,leading_missing,,,,,False,False,not_applicable,원자료 부재,confirmed,keep_missing,True,False,True,,,delivery_bed_before_source_start,reports/20260725_구조환경지표_통합파일_결측치_검증_결과.md:59,"원자료는 2018년 3분기부터 시작한다. 20260725 검증 리포트가 이 구간을 ""통계 자체가 최근에 신설됨(시계열 시작점 문제)""으로 분류하고 보간(경계값 이월 포함) 불가로 판단했으므로 boundary_carry를 적용하지 않고 결측으로 유지한다."
부산,family_friendly_certification_rate,2016,가족친화 인증기업 비율,leading_missing,,,,,False,False,not_applicable,원인 미확정,unresolved,pending_review,True,False,True,auxiliary_raking_composition_ratio,,family_friendly_provincial_unresolved,configs/structural_indicators_verification.yaml:518,"공식 명단을 확보하지 못한 17개 시도의 2016·2017·2019년 51건은 임의 대체하지 않는다. 2019(중간 결측)는 2018·2020 선형보간 후 전국 실측 합계로 raking, 2016·2017(선행 결측)은 2018년 지역 구성비 × 해당 연도 전국 실측 합계로 추정한 보조 시나리오만 별도 열에 기록한다(`reports/20260805_가족친화_지역별_51건_보조시나리오_후보.csv`)."
부산,family_friendly_certification_rate,2017,가족친화 인증기업 비율,leading_missing,,,,,False,False,not_applicable,원인 미확정,unresolved,pending_review,True,False,True,auxiliary_raking_composition_ratio,,family_friendly_provincial_unresolved,configs/structural_indicators_verification.yaml:518,"공식 명단을 확보하지 못한 17개 시도의 2016·2017·2019년 51건은 임의 대체하지 않는다. 2019(중간 결측)는 2018·2020 선형보간 후 전국 실측 합계로 raking, 2016·2017(선행 결측)은 2018년 지역 구성비 × 해당 연도 전국 실측 합계로 추정한 보조 시나리오만 별도 열에 기록한다(`reports/20260805_가족친화_지역별_51건_보조시나리오_후보.csv`)."
부산,family_friendly_certification_rate,2019,가족친화 인증기업 비율,intermediate_missing,,,,,False,False,not_applicable,원인 미확정,unresolved,pending_review,True,False,True,auxiliary_raking_composition_ratio,,family_friendly_provincial_unresolved,configs/structural_indicators_verification.yaml:518,"공식 명단을 확보하지 못한 17개 시도의 2016·2017·2019년 51건은 임의 대체하지 않는다. 2019(중간 결측)는 2018·2020 선형보간 후 전국 실측 합계로 raking, 2016·2017(선행 결측)은 2018년 지역 구성비 × 해당 연도 전국 실측 합계로 추정한 보조 시나리오만 별도 열에 기록한다(`reports/20260805_가족친화_지역별_51건_보조시나리오_후보.csv`)."
부산,household_chore_equal_participation,2016,가사노동 공동 참여도,leading_missing,2020,4,backward,4,True,True,high,조사 비실시 연도,confirmed,boundary_carry,False,True,False,,,family_survey_boundary_non_survey,configs/structural_indicators_verification.yaml:790,2020·2023 관측 범위 밖의 비조사연도이며 본계열 boundary carry 후보이다.
부산,household_chore_equal_participation,2017,가사노동 공동 참여도,leading_missing,2020,3,backward,4,True,True,high,조사 비실시 연도,confirmed,boundary_carry,False,True,False,,,family_survey_boundary_non_survey,configs/structural_indicators_verification.yaml:790,2020·2023 관측 범위 밖의 비조사연도이며 본계열 boundary carry 후보이다.
부산,household_chore_equal_participation,2018,가사노동 공동 참여도,leading_missing,2020,2,backward,4,True,True,high,조사 비실시 연도,confirmed,boundary_carry,False,True,False,,,family_survey_boundary_non_survey,configs/structural_indicators_verification.yaml:790,2020·2023 관측 범위 밖의 비조사연도이며 본계열 boundary carry 후보이다.
부산,household_chore_equal_participation,2019,가사노동 공동 참여도,leading_missing,2020,1,backward,4,True,True,high,조사 비실시 연도,confirmed,boundary_carry,False,True,False,,,family_survey_boundary_non_survey,configs/structural_indicators_verification.yaml:790,2020·2023 관측 범위 밖의 비조사연도이며 본계열 boundary carry 후보이다.
부산,household_chore_equal_participation,2021,가사노동 공동 참여도,intermediate_missing,,,,,False,False,not_applicable,조사 비실시 연도,confirmed,linear_interpolation,False,True,False,,,family_survey_interior_non_survey,configs/structural_indicators_verification.yaml:790,2020년과 2023년 실제 관측값 사이의 비조사연도이다.
부산,household_chore_equal_participation,2022,가사노동 공동 참여도,intermediate_missing,,,,,False,False,not_applicable,조사 비실시 연도,confirmed,linear_interpolation,False,True,False,,,family_survey_interior_non_survey,configs/structural_indicators_verification.yaml:790,2020년과 2023년 실제 관측값 사이의 비조사연도이다.
부산,household_chore_equal_participation,2024,가사노동 공동 참여도,trailing_missing,2023,1,forward,1,False,True,medium,조사 비실시 연도,confirmed,boundary_carry,False,True,False,,,family_survey_boundary_non_survey,configs/structural_indicators_verification.yaml:790,2020·2023 관측 범위 밖의 비조사연도이며 본계열 boundary carry 후보이다.
부산,housework_gender_equality,2017,가사분담에 대한 성평등 인식,intermediate_missing,,,,,False,False,not_applicable,조사 비실시 연도,confirmed,pending_review,True,False,True,,,nonlinear_housework_pending_review,reports/20260725_구조환경지표_통합파일_결측치_검증_결과.md:78,비선형 변환 전 구성요소와 변환 후 지표 중 어느 단계에서 처리할지 검토가 필요하다.
부산,housework_gender_equality,2019,가사분담에 대한 성평등 인식,intermediate_missing,,,,,False,False,not_applicable,조사 비실시 연도,confirmed,pending_review,True,False,True,,,nonlinear_housework_pending_review,reports/20260725_구조환경지표_통합파일_결측치_검증_결과.md:78,비선형 변환 전 구성요소와 변환 후 지표 중 어느 단계에서 처리할지 검토가 필요하다.
부산,housework_gender_equality,2021,가사분담에 대한 성평등 인식,intermediate_missing,,,,,False,False,not_applicable,조사 비실시 연도,confirmed,pending_review,True,False,True,,,nonlinear_housework_pending_review,reports/20260725_구조환경지표_통합파일_결측치_검증_결과.md:78,비선형 변환 전 구성요소와 변환 후 지표 중 어느 단계에서 처리할지 검토가 필요하다.
부산,housework_gender_equality,2023,가사분담에 대한 성평등 인식,intermediate_missing,,,,,False,False,not_applicable,조사 비실시 연도,confirmed,pending_review,True,False,True,,,nonlinear_housework_pending_review,reports/20260725_구조환경지표_통합파일_결측치_검증_결과.md:78,비선형 변환 전 구성요소와 변환 후 지표 중 어느 단계에서 처리할지 검토가 필요하다.
부산,income_satisfaction,2016,소득만족도,leading_missing,2017,1,backward,1,False,True,medium,조사 비실시 연도,confirmed,boundary_carry,False,True,True,auxiliary_boundary_interpolation,2015,income_leisure_leading_non_survey,configs/structural_indicators_verification.yaml:145,본계열은 boundary carry 후보이며 2015년 값은 별도 보조 시나리오에서만 사용한다.
부산,income_satisfaction,2018,소득만족도,intermediate_missing,,,,,False,False,not_applicable,조사 비실시 연도,confirmed,linear_interpolation,False,True,True,,,income_leisure_interior_non_survey,reports/20260725_구조환경지표_통합파일_결측치_검증_결과.md:57,실제 관측값 사이의 비조사연도로 본계열 선형보간 후보이다.
부산,income_satisfaction,2020,소득만족도,intermediate_missing,,,,,False,False,not_applicable,조사 비실시 연도,confirmed,linear_interpolation,False,True,True,,,income_leisure_interior_non_survey,reports/20260725_구조환경지표_통합파일_결측치_검증_결과.md:57,실제 관측값 사이의 비조사연도로 본계열 선형보간 후보이다.
부산,income_satisfaction,2022,소득만족도,intermediate_missing,,,,,False,False,not_applicable,조사 비실시 연도,confirmed,linear_interpolation,False,True,True,,,income_leisure_interior_non_survey,reports/20260725_구조환경지표_통합파일_결측치_검증_결과.md:57,실제 관측값 사이의 비조사연도로 본계열 선형보간 후보이다.
부산,income_satisfaction,2024,소득만족도,trailing_missing,2023,1,forward,1,False,True,medium,조사 비실시 연도,confirmed,boundary_carry,False,True,True,auxiliary_boundary_interpolation,2025,income_leisure_trailing_non_survey,configs/structural_indicators_verification.yaml:145,본계열은 boundary carry 후보이며 2025년 값은 별도 보조 시나리오에서만 사용한다.
부산,leisure_satisfaction,2016,여가생활 만족도,leading_missing,2017,1,backward,1,False,True,medium,조사 비실시 연도,confirmed,boundary_carry,False,True,True,auxiliary_boundary_interpolation,2015,income_leisure_leading_non_survey,configs/structural_indicators_verification.yaml:145,본계열은 boundary carry 후보이며 2015년 값은 별도 보조 시나리오에서만 사용한다.
부산,leisure_satisfaction,2018,여가생활 만족도,intermediate_missing,,,,,False,False,not_applicable,조사 비실시 연도,confirmed,linear_interpolation,False,True,True,,,income_leisure_interior_non_survey,reports/20260725_구조환경지표_통합파일_결측치_검증_결과.md:57,실제 관측값 사이의 비조사연도로 본계열 선형보간 후보이다.
부산,leisure_satisfaction,2020,여가생활 만족도,intermediate_missing,,,,,False,False,not_applicable,조사 비실시 연도,confirmed,linear_interpolation,False,True,True,,,income_leisure_interior_non_survey,reports/20260725_구조환경지표_통합파일_결측치_검증_결과.md:57,실제 관측값 사이의 비조사연도로 본계열 선형보간 후보이다.
부산,leisure_satisfaction,2022,여가생활 만족도,intermediate_missing,,,,,False,False,not_applicable,조사 비실시 연도,confirmed,linear_interpolation,False,True,True,,,income_leisure_interior_non_survey,reports/20260725_구조환경지표_통합파일_결측치_검증_결과.md:57,실제 관측값 사이의 비조사연도로 본계열 선형보간 후보이다.
부산,leisure_satisfaction,2024,여가생활 만족도,trailing_missing,2023,1,forward,1,False,True,medium,조사 비실시 연도,confirmed,boundary_carry,False,True,True,auxiliary_boundary_interpolation,2025,income_leisure_trailing_non_survey,configs/structural_indicators_verification.yaml:145,본계열은 boundary carry 후보이며 2025년 값은 별도 보조 시나리오에서만 사용한다.
부산,marriage_perception,2017,결혼에 대한 인식,intermediate_missing,,,,,False,False,not_applicable,조사 비실시 연도,confirmed,linear_interpolation,False,True,True,,,social_survey_interior_non_survey,configs/structural_indicators_verification.yaml:460,2016·2018·2020·2022·2024 관측값 사이의 비조사연도이다.
부산,marriage_perception,2019,결혼에 대한 인식,intermediate_missing,,,,,False,False,not_applicable,조사 비실시 연도,confirmed,linear_interpolation,False,True,True,,,social_survey_interior_non_survey,configs/structural_indicators_verification.yaml:460,2016·2018·2020·2022·2024 관측값 사이의 비조사연도이다.
부산,marriage_perception,2021,결혼에 대한 인식,intermediate_missing,,,,,False,False,not_applicable,조사 비실시 연도,confirmed,linear_interpolation,False,True,True,,,social_survey_interior_non_survey,configs/structural_indicators_verification.yaml:460,2016·2018·2020·2022·2024 관측값 사이의 비조사연도이다.
부산,marriage_perception,2023,결혼에 대한 인식,intermediate_missing,,,,,False,False,not_applicable,조사 비실시 연도,confirmed,linear_interpolation,False,True,True,,,social_survey_interior_non_survey,configs/structural_indicators_verification.yaml:460,2016·2018·2020·2022·2024 관측값 사이의 비조사연도이다.
부산,postpartum_center_fee,2016,산후조리원 이용 요금,leading_missing,,,,,False,False,not_applicable,원자료 부재,confirmed,keep_missing,True,False,True,,,postpartum_before_source_start,reports/20260725_구조환경지표_통합파일_결측치_검증_결과.md:59,"승인된 원자료는 2023년부터 존재한다. 20260725 검증 리포트가 이 구간을 ""통계 자체가 최근에 신설됨(시계열 시작점 문제)""으로 분류하고 2023년 값을 과거로 이월하는 것은 존재하지 않는 시계열 구간을 만드는 것이라 보간 불가로 판단했으므로 boundary_carry를 적용하지 않고 결측으로 유지한다."
부산,postpartum_center_fee,2017,산후조리원 이용 요금,leading_missing,,,,,False,False,not_applicable,원자료 부재,confirmed,keep_missing,True,False,True,,,postpartum_before_source_start,reports/20260725_구조환경지표_통합파일_결측치_검증_결과.md:59,"승인된 원자료는 2023년부터 존재한다. 20260725 검증 리포트가 이 구간을 ""통계 자체가 최근에 신설됨(시계열 시작점 문제)""으로 분류하고 2023년 값을 과거로 이월하는 것은 존재하지 않는 시계열 구간을 만드는 것이라 보간 불가로 판단했으므로 boundary_carry를 적용하지 않고 결측으로 유지한다."
부산,postpartum_center_fee,2018,산후조리원 이용 요금,leading_missing,,,,,False,False,not_applicable,원자료 부재,confirmed,keep_missing,True,False,True,,,postpartum_before_source_start,reports/20260725_구조환경지표_통합파일_결측치_검증_결과.md:59,"승인된 원자료는 2023년부터 존재한다. 20260725 검증 리포트가 이 구간을 ""통계 자체가 최근에 신설됨(시계열 시작점 문제)""으로 분류하고 2023년 값을 과거로 이월하는 것은 존재하지 않는 시계열 구간을 만드는 것이라 보간 불가로 판단했으므로 boundary_carry를 적용하지 않고 결측으로 유지한다."
부산,postpartum_center_fee,2019,산후조리원 이용 요금,leading_missing,,,,,False,False,not_applicable,원자료 부재,confirmed,keep_missing,True,False,True,,,postpartum_before_source_start,reports/20260725_구조환경지표_통합파일_결측치_검증_결과.md:59,"승인된 원자료는 2023년부터 존재한다. 20260725 검증 리포트가 이 구간을 ""통계 자체가 최근에 신설됨(시계열 시작점 문제)""으로 분류하고 2023년 값을 과거로 이월하는 것은 존재하지 않는 시계열 구간을 만드는 것이라 보간 불가로 판단했으므로 boundary_carry를 적용하지 않고 결측으로 유지한다."
부산,postpartum_center_fee,2020,산후조리원 이용 요금,leading_missing,,,,,False,False,not_applicable,원자료 부재,confirmed,keep_missing,True,False,True,,,postpartum_before_source_start,reports/20260725_구조환경지표_통합파일_결측치_검증_결과.md:59,"승인된 원자료는 2023년부터 존재한다. 20260725 검증 리포트가 이 구간을 ""통계 자체가 최근에 신설됨(시계열 시작점 문제)""으로 분류하고 2023년 값을 과거로 이월하는 것은 존재하지 않는 시계열 구간을 만드는 것이라 보간 불가로 판단했으므로 boundary_carry를 적용하지 않고 결측으로 유지한다."
부산,postpartum_center_fee,2021,산후조리원 이용 요금,leading_missing,,,,,False,False,not_applicable,원자료 부재,confirmed,keep_missing,True,False,True,,,postpartum_before_source_start,reports/20260725_구조환경지표_통합파일_결측치_검증_결과.md:59,"승인된 원자료는 2023년부터 존재한다. 20260725 검증 리포트가 이 구간을 ""통계 자체가 최근에 신설됨(시계열 시작점 문제)""으로 분류하고 2023년 값을 과거로 이월하는 것은 존재하지 않는 시계열 구간을 만드는 것이라 보간 불가로 판단했으므로 boundary_carry를 적용하지 않고 결측으로 유지한다."
부산,postpartum_center_fee,2022,산후조리원 이용 요금,leading_missing,,,,,False,False,not_applicable,원자료 부재,confirmed,keep_missing,True,False,True,,,postpartum_before_source_start,reports/20260725_구조환경지표_통합파일_결측치_검증_결과.md:59,"승인된 원자료는 2023년부터 존재한다. 20260725 검증 리포트가 이 구간을 ""통계 자체가 최근에 신설됨(시계열 시작점 문제)""으로 분류하고 2023년 값을 과거로 이월하는 것은 존재하지 않는 시계열 구간을 만드는 것이라 보간 불가로 판단했으므로 boundary_carry를 적용하지 않고 결측으로 유지한다."
부산,postpartum_center_supply,2016,산후조리원 보급도,leading_missing,,,,,False,False,not_applicable,원자료 부재,confirmed,keep_missing,True,False,True,,,postpartum_before_source_start,reports/20260725_구조환경지표_통합파일_결측치_검증_결과.md:59,"승인된 원자료는 2023년부터 존재한다. 20260725 검증 리포트가 이 구간을 ""통계 자체가 최근에 신설됨(시계열 시작점 문제)""으로 분류하고 2023년 값을 과거로 이월하는 것은 존재하지 않는 시계열 구간을 만드는 것이라 보간 불가로 판단했으므로 boundary_carry를 적용하지 않고 결측으로 유지한다."
부산,postpartum_center_supply,2017,산후조리원 보급도,leading_missing,,,,,False,False,not_applicable,원자료 부재,confirmed,keep_missing,True,False,True,,,postpartum_before_source_start,reports/20260725_구조환경지표_통합파일_결측치_검증_결과.md:59,"승인된 원자료는 2023년부터 존재한다. 20260725 검증 리포트가 이 구간을 ""통계 자체가 최근에 신설됨(시계열 시작점 문제)""으로 분류하고 2023년 값을 과거로 이월하는 것은 존재하지 않는 시계열 구간을 만드는 것이라 보간 불가로 판단했으므로 boundary_carry를 적용하지 않고 결측으로 유지한다."
부산,postpartum_center_supply,2018,산후조리원 보급도,leading_missing,,,,,False,False,not_applicable,원자료 부재,confirmed,keep_missing,True,False,True,,,postpartum_before_source_start,reports/20260725_구조환경지표_통합파일_결측치_검증_결과.md:59,"승인된 원자료는 2023년부터 존재한다. 20260725 검증 리포트가 이 구간을 ""통계 자체가 최근에 신설됨(시계열 시작점 문제)""으로 분류하고 2023년 값을 과거로 이월하는 것은 존재하지 않는 시계열 구간을 만드는 것이라 보간 불가로 판단했으므로 boundary_carry를 적용하지 않고 결측으로 유지한다."
부산,postpartum_center_supply,2019,산후조리원 보급도,leading_missing,,,,,False,False,not_applicable,원자료 부재,confirmed,keep_missing,True,False,True,,,postpartum_before_source_start,reports/20260725_구조환경지표_통합파일_결측치_검증_결과.md:59,"승인된 원자료는 2023년부터 존재한다. 20260725 검증 리포트가 이 구간을 ""통계 자체가 최근에 신설됨(시계열 시작점 문제)""으로 분류하고 2023년 값을 과거로 이월하는 것은 존재하지 않는 시계열 구간을 만드는 것이라 보간 불가로 판단했으므로 boundary_carry를 적용하지 않고 결측으로 유지한다."
부산,postpartum_center_supply,2020,산후조리원 보급도,leading_missing,,,,,False,False,not_applicable,원자료 부재,confirmed,keep_missing,True,False,True,,,postpartum_before_source_start,reports/20260725_구조환경지표_통합파일_결측치_검증_결과.md:59,"승인된 원자료는 2023년부터 존재한다. 20260725 검증 리포트가 이 구간을 ""통계 자체가 최근에 신설됨(시계열 시작점 문제)""으로 분류하고 2023년 값을 과거로 이월하는 것은 존재하지 않는 시계열 구간을 만드는 것이라 보간 불가로 판단했으므로 boundary_carry를 적용하지 않고 결측으로 유지한다."
부산,postpartum_center_supply,2021,산후조리원 보급도,leading_missing,,,,,False,False,not_applicable,원자료 부재,confirmed,keep_missing,True,False,True,,,postpartum_before_source_start,reports/20260725_구조환경지표_통합파일_결측치_검증_결과.md:59,"승인된 원자료는 2023년부터 존재한다. 20260725 검증 리포트가 이 구간을 ""통계 자체가 최근에 신설됨(시계열 시작점 문제)""으로 분류하고 2023년 값을 과거로 이월하는 것은 존재하지 않는 시계열 구간을 만드는 것이라 보간 불가로 판단했으므로 boundary_carry를 적용하지 않고 결측으로 유지한다."
부산,postpartum_center_supply,2022,산후조리원 보급도,leading_missing,,,,,False,False,not_applicable,원자료 부재,confirmed,keep_missing,True,False,True,,,postpartum_before_source_start,reports/20260725_구조환경지표_통합파일_결측치_검증_결과.md:59,"승인된 원자료는 2023년부터 존재한다. 20260725 검증 리포트가 이 구간을 ""통계 자체가 최근에 신설됨(시계열 시작점 문제)""으로 분류하고 2023년 값을 과거로 이월하는 것은 존재하지 않는 시계열 구간을 만드는 것이라 보간 불가로 판단했으므로 boundary_carry를 적용하지 않고 결측으로 유지한다."
부산,social_safety_perception,2017,사회 안전에 대한 인식,intermediate_missing,,,,,False,False,not_applicable,조사 비실시 연도,confirmed,linear_interpolation,False,True,True,,,social_survey_interior_non_survey,configs/structural_indicators_verification.yaml:460,2016·2018·2020·2022·2024 관측값 사이의 비조사연도이다.
부산,social_safety_perception,2019,사회 안전에 대한 인식,intermediate_missing,,,,,False,False,not_applicable,조사 비실시 연도,confirmed,linear_interpolation,False,True,True,,,social_survey_interior_non_survey,configs/structural_indicators_verification.yaml:460,2016·2018·2020·2022·2024 관측값 사이의 비조사연도이다.
부산,social_safety_perception,2021,사회 안전에 대한 인식,intermediate_missing,,,,,False,False,not_applicable,조사 비실시 연도,confirmed,linear_interpolation,False,True,True,,,social_survey_interior_non_survey,configs/structural_indicators_verification.yaml:460,2016·2018·2020·2022·2024 관측값 사이의 비조사연도이다.
부산,social_safety_perception,2023,사회 안전에 대한 인식,intermediate_missing,,,,,False,False,not_applicable,조사 비실시 연도,confirmed,linear_interpolation,False,True,True,,,social_survey_interior_non_survey,configs/structural_indicators_verification.yaml:460,2016·2018·2020·2022·2024 관측값 사이의 비조사연도이다.
부산,socioeconomic_status_perception,2016,사회경제적 지위에 대한 인식,leading_missing,2020,4,backward,4,True,True,high,조사 비실시 연도,confirmed,boundary_carry,False,True,False,,,family_survey_boundary_non_survey,configs/structural_indicators_verification.yaml:790,2020·2023 관측 범위 밖의 비조사연도이며 본계열 boundary carry 후보이다.
부산,socioeconomic_status_perception,2017,사회경제적 지위에 대한 인식,leading_missing,2020,3,backward,4,True,True,high,조사 비실시 연도,confirmed,boundary_carry,False,True,False,,,family_survey_boundary_non_survey,configs/structural_indicators_verification.yaml:790,2020·2023 관측 범위 밖의 비조사연도이며 본계열 boundary carry 후보이다.
부산,socioeconomic_status_perception,2018,사회경제적 지위에 대한 인식,leading_missing,2020,2,backward,4,True,True,high,조사 비실시 연도,confirmed,boundary_carry,False,True,False,,,family_survey_boundary_non_survey,configs/structural_indicators_verification.yaml:790,2020·2023 관측 범위 밖의 비조사연도이며 본계열 boundary carry 후보이다.
부산,socioeconomic_status_perception,2019,사회경제적 지위에 대한 인식,leading_missing,2020,1,backward,4,True,True,high,조사 비실시 연도,confirmed,boundary_carry,False,True,False,,,family_survey_boundary_non_survey,configs/structural_indicators_verification.yaml:790,2020·2023 관측 범위 밖의 비조사연도이며 본계열 boundary carry 후보이다.
부산,socioeconomic_status_perception,2021,사회경제적 지위에 대한 인식,intermediate_missing,,,,,False,False,not_applicable,조사 비실시 연도,confirmed,linear_interpolation,False,True,False,,,family_survey_interior_non_survey,configs/structural_indicators_verification.yaml:790,2020년과 2023년 실제 관측값 사이의 비조사연도이다.
부산,socioeconomic_status_perception,2022,사회경제적 지위에 대한 인식,intermediate_missing,,,,,False,False,not_applicable,조사 비실시 연도,confirmed,linear_interpolation,False,True,False,,,family_survey_interior_non_survey,configs/structural_indicators_verification.yaml:790,2020년과 2023년 실제 관측값 사이의 비조사연도이다.
부산,socioeconomic_status_perception,2024,사회경제적 지위에 대한 인식,trailing_missing,2023,1,forward,1,False,True,medium,조사 비실시 연도,confirmed,boundary_carry,False,True,False,,,family_survey_boundary_non_survey,configs/structural_indicators_verification.yaml:790,2020·2023 관측 범위 밖의 비조사연도이며 본계열 boundary carry 후보이다.
서울,childbirth_perception,2016,출산에 대한 인식,leading_missing,2018,2,backward,2,True,True,high,조사 비실시 연도,confirmed,boundary_carry,False,True,True,,,childbirth_leading_non_survey,configs/structural_indicators_verification.yaml:576,지표의 첫 비교 가능 관측연도인 2018년 이전 구간이다.
서울,childbirth_perception,2017,출산에 대한 인식,leading_missing,2018,1,backward,2,True,True,high,조사 비실시 연도,confirmed,boundary_carry,False,True,True,,,childbirth_leading_non_survey,configs/structural_indicators_verification.yaml:576,지표의 첫 비교 가능 관측연도인 2018년 이전 구간이다.
서울,childbirth_perception,2019,출산에 대한 인식,intermediate_missing,,,,,False,False,not_applicable,조사 비실시 연도,confirmed,linear_interpolation,False,True,True,,,childbirth_interior_non_survey,configs/structural_indicators_verification.yaml:576,2018·2020·2022·2024 관측값 사이의 비조사연도이다.
서울,childbirth_perception,2021,출산에 대한 인식,intermediate_missing,,,,,False,False,not_applicable,조사 비실시 연도,confirmed,linear_interpolation,False,True,True,,,childbirth_interior_non_survey,configs/structural_indicators_verification.yaml:576,2018·2020·2022·2024 관측값 사이의 비조사연도이다.
서울,childbirth_perception,2023,출산에 대한 인식,intermediate_missing,,,,,False,False,not_applicable,조사 비실시 연도,confirmed,linear_interpolation,False,True,True,,,childbirth_interior_non_survey,configs/structural_indicators_verification.yaml:576,2018·2020·2022·2024 관측값 사이의 비조사연도이다.
서울,childcare_equal_participation,2016,돌봄노동 공동 참여도,leading_missing,2020,4,backward,4,True,True,high,조사 비실시 연도,confirmed,boundary_carry,False,True,False,,,family_survey_boundary_non_survey,configs/structural_indicators_verification.yaml:790,2020·2023 관측 범위 밖의 비조사연도이며 본계열 boundary carry 후보이다.
서울,childcare_equal_participation,2017,돌봄노동 공동 참여도,leading_missing,2020,3,backward,4,True,True,high,조사 비실시 연도,confirmed,boundary_carry,False,True,False,,,family_survey_boundary_non_survey,configs/structural_indicators_verification.yaml:790,2020·2023 관측 범위 밖의 비조사연도이며 본계열 boundary carry 후보이다.
서울,childcare_equal_participation,2018,돌봄노동 공동 참여도,leading_missing,2020,2,backward,4,True,True,high,조사 비실시 연도,confirmed,boundary_carry,False,True,False,,,family_survey_boundary_non_survey,configs/structural_indicators_verification.yaml:790,2020·2023 관측 범위 밖의 비조사연도이며 본계열 boundary carry 후보이다.
서울,childcare_equal_participation,2019,돌봄노동 공동 참여도,leading_missing,2020,1,backward,4,True,True,high,조사 비실시 연도,confirmed,boundary_carry,False,True,False,,,family_survey_boundary_non_survey,configs/structural_indicators_verification.yaml:790,2020·2023 관측 범위 밖의 비조사연도이며 본계열 boundary carry 후보이다.
서울,childcare_equal_participation,2021,돌봄노동 공동 참여도,intermediate_missing,,,,,False,False,not_applicable,조사 비실시 연도,confirmed,linear_interpolation,False,True,False,,,family_survey_interior_non_survey,configs/structural_indicators_verification.yaml:790,2020년과 2023년 실제 관측값 사이의 비조사연도이다.
서울,childcare_equal_participation,2022,돌봄노동 공동 참여도,intermediate_missing,,,,,False,False,not_applicable,조사 비실시 연도,confirmed,linear_interpolation,False,True,False,,,family_survey_interior_non_survey,configs/structural_indicators_verification.yaml:790,2020년과 2023년 실제 관측값 사이의 비조사연도이다.
서울,childcare_equal_participation,2024,돌봄노동 공동 참여도,trailing_missing,2023,1,forward,1,False,True,medium,조사 비실시 연도,confirmed,boundary_carry,False,True,False,,,family_survey_boundary_non_survey,configs/structural_indicators_verification.yaml:790,2020·2023 관측 범위 밖의 비조사연도이며 본계열 boundary carry 후보이다.
서울,delivery_bed_supply,2016,(대체)분만실 병상수 보급도,leading_missing,,,,,False,False,not_applicable,원자료 부재,confirmed,keep_missing,True,False,True,,,delivery_bed_before_source_start,reports/20260725_구조환경지표_통합파일_결측치_검증_결과.md:59,"원자료는 2018년 3분기부터 시작한다. 20260725 검증 리포트가 이 구간을 ""통계 자체가 최근에 신설됨(시계열 시작점 문제)""으로 분류하고 보간(경계값 이월 포함) 불가로 판단했으므로 boundary_carry를 적용하지 않고 결측으로 유지한다."
서울,delivery_bed_supply,2017,(대체)분만실 병상수 보급도,leading_missing,,,,,False,False,not_applicable,원자료 부재,confirmed,keep_missing,True,False,True,,,delivery_bed_before_source_start,reports/20260725_구조환경지표_통합파일_결측치_검증_결과.md:59,"원자료는 2018년 3분기부터 시작한다. 20260725 검증 리포트가 이 구간을 ""통계 자체가 최근에 신설됨(시계열 시작점 문제)""으로 분류하고 보간(경계값 이월 포함) 불가로 판단했으므로 boundary_carry를 적용하지 않고 결측으로 유지한다."
서울,family_friendly_certification_rate,2016,가족친화 인증기업 비율,leading_missing,,,,,False,False,not_applicable,원인 미확정,unresolved,pending_review,True,False,True,auxiliary_raking_composition_ratio,,family_friendly_provincial_unresolved,configs/structural_indicators_verification.yaml:518,"공식 명단을 확보하지 못한 17개 시도의 2016·2017·2019년 51건은 임의 대체하지 않는다. 2019(중간 결측)는 2018·2020 선형보간 후 전국 실측 합계로 raking, 2016·2017(선행 결측)은 2018년 지역 구성비 × 해당 연도 전국 실측 합계로 추정한 보조 시나리오만 별도 열에 기록한다(`reports/20260805_가족친화_지역별_51건_보조시나리오_후보.csv`)."
서울,family_friendly_certification_rate,2017,가족친화 인증기업 비율,leading_missing,,,,,False,False,not_applicable,원인 미확정,unresolved,pending_review,True,False,True,auxiliary_raking_composition_ratio,,family_friendly_provincial_unresolved,configs/structural_indicators_verification.yaml:518,"공식 명단을 확보하지 못한 17개 시도의 2016·2017·2019년 51건은 임의 대체하지 않는다. 2019(중간 결측)는 2018·2020 선형보간 후 전국 실측 합계로 raking, 2016·2017(선행 결측)은 2018년 지역 구성비 × 해당 연도 전국 실측 합계로 추정한 보조 시나리오만 별도 열에 기록한다(`reports/20260805_가족친화_지역별_51건_보조시나리오_후보.csv`)."
서울,family_friendly_certification_rate,2019,가족친화 인증기업 비율,intermediate_missing,,,,,False,False,not_applicable,원인 미확정,unresolved,pending_review,True,False,True,auxiliary_raking_composition_ratio,,family_friendly_provincial_unresolved,configs/structural_indicators_verification.yaml:518,"공식 명단을 확보하지 못한 17개 시도의 2016·2017·2019년 51건은 임의 대체하지 않는다. 2019(중간 결측)는 2018·2020 선형보간 후 전국 실측 합계로 raking, 2016·2017(선행 결측)은 2018년 지역 구성비 × 해당 연도 전국 실측 합계로 추정한 보조 시나리오만 별도 열에 기록한다(`reports/20260805_가족친화_지역별_51건_보조시나리오_후보.csv`)."
서울,household_chore_equal_participation,2016,가사노동 공동 참여도,leading_missing,2020,4,backward,4,True,True,high,조사 비실시 연도,confirmed,boundary_carry,False,True,False,,,family_survey_boundary_non_survey,configs/structural_indicators_verification.yaml:790,2020·2023 관측 범위 밖의 비조사연도이며 본계열 boundary carry 후보이다.
서울,household_chore_equal_participation,2017,가사노동 공동 참여도,leading_missing,2020,3,backward,4,True,True,high,조사 비실시 연도,confirmed,boundary_carry,False,True,False,,,family_survey_boundary_non_survey,configs/structural_indicators_verification.yaml:790,2020·2023 관측 범위 밖의 비조사연도이며 본계열 boundary carry 후보이다.
서울,household_chore_equal_participation,2018,가사노동 공동 참여도,leading_missing,2020,2,backward,4,True,True,high,조사 비실시 연도,confirmed,boundary_carry,False,True,False,,,family_survey_boundary_non_survey,configs/structural_indicators_verification.yaml:790,2020·2023 관측 범위 밖의 비조사연도이며 본계열 boundary carry 후보이다.
서울,household_chore_equal_participation,2019,가사노동 공동 참여도,leading_missing,2020,1,backward,4,True,True,high,조사 비실시 연도,confirmed,boundary_carry,False,True,False,,,family_survey_boundary_non_survey,configs/structural_indicators_verification.yaml:790,2020·2023 관측 범위 밖의 비조사연도이며 본계열 boundary carry 후보이다.
서울,household_chore_equal_participation,2021,가사노동 공동 참여도,intermediate_missing,,,,,False,False,not_applicable,조사 비실시 연도,confirmed,linear_interpolation,False,True,False,,,family_survey_interior_non_survey,configs/structural_indicators_verification.yaml:790,2020년과 2023년 실제 관측값 사이의 비조사연도이다.
서울,household_chore_equal_participation,2022,가사노동 공동 참여도,intermediate_missing,,,,,False,False,not_applicable,조사 비실시 연도,confirmed,linear_interpolation,False,True,False,,,family_survey_interior_non_survey,configs/structural_indicators_verification.yaml:790,2020년과 2023년 실제 관측값 사이의 비조사연도이다.
서울,household_chore_equal_participation,2024,가사노동 공동 참여도,trailing_missing,2023,1,forward,1,False,True,medium,조사 비실시 연도,confirmed,boundary_carry,False,True,False,,,family_survey_boundary_non_survey,configs/structural_indicators_verification.yaml:790,2020·2023 관측 범위 밖의 비조사연도이며 본계열 boundary carry 후보이다.
서울,housework_gender_equality,2017,가사분담에 대한 성평등 인식,intermediate_missing,,,,,False,False,not_applicable,조사 비실시 연도,confirmed,pending_review,True,False,True,,,nonlinear_housework_pending_review,reports/20260725_구조환경지표_통합파일_결측치_검증_결과.md:78,비선형 변환 전 구성요소와 변환 후 지표 중 어느 단계에서 처리할지 검토가 필요하다.
서울,housework_gender_equality,2019,가사분담에 대한 성평등 인식,intermediate_missing,,,,,False,False,not_applicable,조사 비실시 연도,confirmed,pending_review,True,False,True,,,nonlinear_housework_pending_review,reports/20260725_구조환경지표_통합파일_결측치_검증_결과.md:78,비선형 변환 전 구성요소와 변환 후 지표 중 어느 단계에서 처리할지 검토가 필요하다.
서울,housework_gender_equality,2021,가사분담에 대한 성평등 인식,intermediate_missing,,,,,False,False,not_applicable,조사 비실시 연도,confirmed,pending_review,True,False,True,,,nonlinear_housework_pending_review,reports/20260725_구조환경지표_통합파일_결측치_검증_결과.md:78,비선형 변환 전 구성요소와 변환 후 지표 중 어느 단계에서 처리할지 검토가 필요하다.
서울,housework_gender_equality,2023,가사분담에 대한 성평등 인식,intermediate_missing,,,,,False,False,not_applicable,조사 비실시 연도,confirmed,pending_review,True,False,True,,,nonlinear_housework_pending_review,reports/20260725_구조환경지표_통합파일_결측치_검증_결과.md:78,비선형 변환 전 구성요소와 변환 후 지표 중 어느 단계에서 처리할지 검토가 필요하다.
서울,income_satisfaction,2016,소득만족도,leading_missing,2017,1,backward,1,False,True,medium,조사 비실시 연도,confirmed,boundary_carry,False,True,True,auxiliary_boundary_interpolation,2015,income_leisure_leading_non_survey,configs/structural_indicators_verification.yaml:145,본계열은 boundary carry 후보이며 2015년 값은 별도 보조 시나리오에서만 사용한다.
서울,income_satisfaction,2018,소득만족도,intermediate_missing,,,,,False,False,not_applicable,조사 비실시 연도,confirmed,linear_interpolation,False,True,True,,,income_leisure_interior_non_survey,reports/20260725_구조환경지표_통합파일_결측치_검증_결과.md:57,실제 관측값 사이의 비조사연도로 본계열 선형보간 후보이다.
서울,income_satisfaction,2020,소득만족도,intermediate_missing,,,,,False,False,not_applicable,조사 비실시 연도,confirmed,linear_interpolation,False,True,True,,,income_leisure_interior_non_survey,reports/20260725_구조환경지표_통합파일_결측치_검증_결과.md:57,실제 관측값 사이의 비조사연도로 본계열 선형보간 후보이다.
서울,income_satisfaction,2022,소득만족도,intermediate_missing,,,,,False,False,not_applicable,조사 비실시 연도,confirmed,linear_interpolation,False,True,True,,,income_leisure_interior_non_survey,reports/20260725_구조환경지표_통합파일_결측치_검증_결과.md:57,실제 관측값 사이의 비조사연도로 본계열 선형보간 후보이다.
서울,income_satisfaction,2024,소득만족도,trailing_missing,2023,1,forward,1,False,True,medium,조사 비실시 연도,confirmed,boundary_carry,False,True,True,auxiliary_boundary_interpolation,2025,income_leisure_trailing_non_survey,configs/structural_indicators_verification.yaml:145,본계열은 boundary carry 후보이며 2025년 값은 별도 보조 시나리오에서만 사용한다.
서울,leisure_satisfaction,2016,여가생활 만족도,leading_missing,2017,1,backward,1,False,True,medium,조사 비실시 연도,confirmed,boundary_carry,False,True,True,auxiliary_boundary_interpolation,2015,income_leisure_leading_non_survey,configs/structural_indicators_verification.yaml:145,본계열은 boundary carry 후보이며 2015년 값은 별도 보조 시나리오에서만 사용한다.
서울,leisure_satisfaction,2018,여가생활 만족도,intermediate_missing,,,,,False,False,not_applicable,조사 비실시 연도,confirmed,linear_interpolation,False,True,True,,,income_leisure_interior_non_survey,reports/20260725_구조환경지표_통합파일_결측치_검증_결과.md:57,실제 관측값 사이의 비조사연도로 본계열 선형보간 후보이다.
서울,leisure_satisfaction,2020,여가생활 만족도,intermediate_missing,,,,,False,False,not_applicable,조사 비실시 연도,confirmed,linear_interpolation,False,True,True,,,income_leisure_interior_non_survey,reports/20260725_구조환경지표_통합파일_결측치_검증_결과.md:57,실제 관측값 사이의 비조사연도로 본계열 선형보간 후보이다.
서울,leisure_satisfaction,2022,여가생활 만족도,intermediate_missing,,,,,False,False,not_applicable,조사 비실시 연도,confirmed,linear_interpolation,False,True,True,,,income_leisure_interior_non_survey,reports/20260725_구조환경지표_통합파일_결측치_검증_결과.md:57,실제 관측값 사이의 비조사연도로 본계열 선형보간 후보이다.
서울,leisure_satisfaction,2024,여가생활 만족도,trailing_missing,2023,1,forward,1,False,True,medium,조사 비실시 연도,confirmed,boundary_carry,False,True,True,auxiliary_boundary_interpolation,2025,income_leisure_trailing_non_survey,configs/structural_indicators_verification.yaml:145,본계열은 boundary carry 후보이며 2025년 값은 별도 보조 시나리오에서만 사용한다.
서울,marriage_perception,2017,결혼에 대한 인식,intermediate_missing,,,,,False,False,not_applicable,조사 비실시 연도,confirmed,linear_interpolation,False,True,True,,,social_survey_interior_non_survey,configs/structural_indicators_verification.yaml:460,2016·2018·2020·2022·2024 관측값 사이의 비조사연도이다.
서울,marriage_perception,2019,결혼에 대한 인식,intermediate_missing,,,,,False,False,not_applicable,조사 비실시 연도,confirmed,linear_interpolation,False,True,True,,,social_survey_interior_non_survey,configs/structural_indicators_verification.yaml:460,2016·2018·2020·2022·2024 관측값 사이의 비조사연도이다.
서울,marriage_perception,2021,결혼에 대한 인식,intermediate_missing,,,,,False,False,not_applicable,조사 비실시 연도,confirmed,linear_interpolation,False,True,True,,,social_survey_interior_non_survey,configs/structural_indicators_verification.yaml:460,2016·2018·2020·2022·2024 관측값 사이의 비조사연도이다.
서울,marriage_perception,2023,결혼에 대한 인식,intermediate_missing,,,,,False,False,not_applicable,조사 비실시 연도,confirmed,linear_interpolation,False,True,True,,,social_survey_interior_non_survey,configs/structural_indicators_verification.yaml:460,2016·2018·2020·2022·2024 관측값 사이의 비조사연도이다.
서울,postpartum_center_fee,2016,산후조리원 이용 요금,leading_missing,,,,,False,False,not_applicable,원자료 부재,confirmed,keep_missing,True,False,True,,,postpartum_before_source_start,reports/20260725_구조환경지표_통합파일_결측치_검증_결과.md:59,"승인된 원자료는 2023년부터 존재한다. 20260725 검증 리포트가 이 구간을 ""통계 자체가 최근에 신설됨(시계열 시작점 문제)""으로 분류하고 2023년 값을 과거로 이월하는 것은 존재하지 않는 시계열 구간을 만드는 것이라 보간 불가로 판단했으므로 boundary_carry를 적용하지 않고 결측으로 유지한다."
서울,postpartum_center_fee,2017,산후조리원 이용 요금,leading_missing,,,,,False,False,not_applicable,원자료 부재,confirmed,keep_missing,True,False,True,,,postpartum_before_source_start,reports/20260725_구조환경지표_통합파일_결측치_검증_결과.md:59,"승인된 원자료는 2023년부터 존재한다. 20260725 검증 리포트가 이 구간을 ""통계 자체가 최근에 신설됨(시계열 시작점 문제)""으로 분류하고 2023년 값을 과거로 이월하는 것은 존재하지 않는 시계열 구간을 만드는 것이라 보간 불가로 판단했으므로 boundary_carry를 적용하지 않고 결측으로 유지한다."
서울,postpartum_center_fee,2018,산후조리원 이용 요금,leading_missing,,,,,False,False,not_applicable,원자료 부재,confirmed,keep_missing,True,False,True,,,postpartum_before_source_start,reports/20260725_구조환경지표_통합파일_결측치_검증_결과.md:59,"승인된 원자료는 2023년부터 존재한다. 20260725 검증 리포트가 이 구간을 ""통계 자체가 최근에 신설됨(시계열 시작점 문제)""으로 분류하고 2023년 값을 과거로 이월하는 것은 존재하지 않는 시계열 구간을 만드는 것이라 보간 불가로 판단했으므로 boundary_carry를 적용하지 않고 결측으로 유지한다."
서울,postpartum_center_fee,2019,산후조리원 이용 요금,leading_missing,,,,,False,False,not_applicable,원자료 부재,confirmed,keep_missing,True,False,True,,,postpartum_before_source_start,reports/20260725_구조환경지표_통합파일_결측치_검증_결과.md:59,"승인된 원자료는 2023년부터 존재한다. 20260725 검증 리포트가 이 구간을 ""통계 자체가 최근에 신설됨(시계열 시작점 문제)""으로 분류하고 2023년 값을 과거로 이월하는 것은 존재하지 않는 시계열 구간을 만드는 것이라 보간 불가로 판단했으므로 boundary_carry를 적용하지 않고 결측으로 유지한다."
서울,postpartum_center_fee,2020,산후조리원 이용 요금,leading_missing,,,,,False,False,not_applicable,원자료 부재,confirmed,keep_missing,True,False,True,,,postpartum_before_source_start,reports/20260725_구조환경지표_통합파일_결측치_검증_결과.md:59,"승인된 원자료는 2023년부터 존재한다. 20260725 검증 리포트가 이 구간을 ""통계 자체가 최근에 신설됨(시계열 시작점 문제)""으로 분류하고 2023년 값을 과거로 이월하는 것은 존재하지 않는 시계열 구간을 만드는 것이라 보간 불가로 판단했으므로 boundary_carry를 적용하지 않고 결측으로 유지한다."
서울,postpartum_center_fee,2021,산후조리원 이용 요금,leading_missing,,,,,False,False,not_applicable,원자료 부재,confirmed,keep_missing,True,False,True,,,postpartum_before_source_start,reports/20260725_구조환경지표_통합파일_결측치_검증_결과.md:59,"승인된 원자료는 2023년부터 존재한다. 20260725 검증 리포트가 이 구간을 ""통계 자체가 최근에 신설됨(시계열 시작점 문제)""으로 분류하고 2023년 값을 과거로 이월하는 것은 존재하지 않는 시계열 구간을 만드는 것이라 보간 불가로 판단했으므로 boundary_carry를 적용하지 않고 결측으로 유지한다."
서울,postpartum_center_fee,2022,산후조리원 이용 요금,leading_missing,,,,,False,False,not_applicable,원자료 부재,confirmed,keep_missing,True,False,True,,,postpartum_before_source_start,reports/20260725_구조환경지표_통합파일_결측치_검증_결과.md:59,"승인된 원자료는 2023년부터 존재한다. 20260725 검증 리포트가 이 구간을 ""통계 자체가 최근에 신설됨(시계열 시작점 문제)""으로 분류하고 2023년 값을 과거로 이월하는 것은 존재하지 않는 시계열 구간을 만드는 것이라 보간 불가로 판단했으므로 boundary_carry를 적용하지 않고 결측으로 유지한다."
서울,postpartum_center_supply,2016,산후조리원 보급도,leading_missing,,,,,False,False,not_applicable,원자료 부재,confirmed,keep_missing,True,False,True,,,postpartum_before_source_start,reports/20260725_구조환경지표_통합파일_결측치_검증_결과.md:59,"승인된 원자료는 2023년부터 존재한다. 20260725 검증 리포트가 이 구간을 ""통계 자체가 최근에 신설됨(시계열 시작점 문제)""으로 분류하고 2023년 값을 과거로 이월하는 것은 존재하지 않는 시계열 구간을 만드는 것이라 보간 불가로 판단했으므로 boundary_carry를 적용하지 않고 결측으로 유지한다."
서울,postpartum_center_supply,2017,산후조리원 보급도,leading_missing,,,,,False,False,not_applicable,원자료 부재,confirmed,keep_missing,True,False,True,,,postpartum_before_source_start,reports/20260725_구조환경지표_통합파일_결측치_검증_결과.md:59,"승인된 원자료는 2023년부터 존재한다. 20260725 검증 리포트가 이 구간을 ""통계 자체가 최근에 신설됨(시계열 시작점 문제)""으로 분류하고 2023년 값을 과거로 이월하는 것은 존재하지 않는 시계열 구간을 만드는 것이라 보간 불가로 판단했으므로 boundary_carry를 적용하지 않고 결측으로 유지한다."
서울,postpartum_center_supply,2018,산후조리원 보급도,leading_missing,,,,,False,False,not_applicable,원자료 부재,confirmed,keep_missing,True,False,True,,,postpartum_before_source_start,reports/20260725_구조환경지표_통합파일_결측치_검증_결과.md:59,"승인된 원자료는 2023년부터 존재한다. 20260725 검증 리포트가 이 구간을 ""통계 자체가 최근에 신설됨(시계열 시작점 문제)""으로 분류하고 2023년 값을 과거로 이월하는 것은 존재하지 않는 시계열 구간을 만드는 것이라 보간 불가로 판단했으므로 boundary_carry를 적용하지 않고 결측으로 유지한다."
서울,postpartum_center_supply,2019,산후조리원 보급도,leading_missing,,,,,False,False,not_applicable,원자료 부재,confirmed,keep_missing,True,False,True,,,postpartum_before_source_start,reports/20260725_구조환경지표_통합파일_결측치_검증_결과.md:59,"승인된 원자료는 2023년부터 존재한다. 20260725 검증 리포트가 이 구간을 ""통계 자체가 최근에 신설됨(시계열 시작점 문제)""으로 분류하고 2023년 값을 과거로 이월하는 것은 존재하지 않는 시계열 구간을 만드는 것이라 보간 불가로 판단했으므로 boundary_carry를 적용하지 않고 결측으로 유지한다."
서울,postpartum_center_supply,2020,산후조리원 보급도,leading_missing,,,,,False,False,not_applicable,원자료 부재,confirmed,keep_missing,True,False,True,,,postpartum_before_source_start,reports/20260725_구조환경지표_통합파일_결측치_검증_결과.md:59,"승인된 원자료는 2023년부터 존재한다. 20260725 검증 리포트가 이 구간을 ""통계 자체가 최근에 신설됨(시계열 시작점 문제)""으로 분류하고 2023년 값을 과거로 이월하는 것은 존재하지 않는 시계열 구간을 만드는 것이라 보간 불가로 판단했으므로 boundary_carry를 적용하지 않고 결측으로 유지한다."
서울,postpartum_center_supply,2021,산후조리원 보급도,leading_missing,,,,,False,False,not_applicable,원자료 부재,confirmed,keep_missing,True,False,True,,,postpartum_before_source_start,reports/20260725_구조환경지표_통합파일_결측치_검증_결과.md:59,"승인된 원자료는 2023년부터 존재한다. 20260725 검증 리포트가 이 구간을 ""통계 자체가 최근에 신설됨(시계열 시작점 문제)""으로 분류하고 2023년 값을 과거로 이월하는 것은 존재하지 않는 시계열 구간을 만드는 것이라 보간 불가로 판단했으므로 boundary_carry를 적용하지 않고 결측으로 유지한다."
서울,postpartum_center_supply,2022,산후조리원 보급도,leading_missing,,,,,False,False,not_applicable,원자료 부재,confirmed,keep_missing,True,False,True,,,postpartum_before_source_start,reports/20260725_구조환경지표_통합파일_결측치_검증_결과.md:59,"승인된 원자료는 2023년부터 존재한다. 20260725 검증 리포트가 이 구간을 ""통계 자체가 최근에 신설됨(시계열 시작점 문제)""으로 분류하고 2023년 값을 과거로 이월하는 것은 존재하지 않는 시계열 구간을 만드는 것이라 보간 불가로 판단했으므로 boundary_carry를 적용하지 않고 결측으로 유지한다."
서울,social_safety_perception,2017,사회 안전에 대한 인식,intermediate_missing,,,,,False,False,not_applicable,조사 비실시 연도,confirmed,linear_interpolation,False,True,True,,,social_survey_interior_non_survey,configs/structural_indicators_verification.yaml:460,2016·2018·2020·2022·2024 관측값 사이의 비조사연도이다.
서울,social_safety_perception,2019,사회 안전에 대한 인식,intermediate_missing,,,,,False,False,not_applicable,조사 비실시 연도,confirmed,linear_interpolation,False,True,True,,,social_survey_interior_non_survey,configs/structural_indicators_verification.yaml:460,2016·2018·2020·2022·2024 관측값 사이의 비조사연도이다.
서울,social_safety_perception,2021,사회 안전에 대한 인식,intermediate_missing,,,,,False,False,not_applicable,조사 비실시 연도,confirmed,linear_interpolation,False,True,True,,,social_survey_interior_non_survey,configs/structural_indicators_verification.yaml:460,2016·2018·2020·2022·2024 관측값 사이의 비조사연도이다.
서울,social_safety_perception,2023,사회 안전에 대한 인식,intermediate_missing,,,,,False,False,not_applicable,조사 비실시 연도,confirmed,linear_interpolation,False,True,True,,,social_survey_interior_non_survey,configs/structural_indicators_verification.yaml:460,2016·2018·2020·2022·2024 관측값 사이의 비조사연도이다.
서울,socioeconomic_status_perception,2016,사회경제적 지위에 대한 인식,leading_missing,2020,4,backward,4,True,True,high,조사 비실시 연도,confirmed,boundary_carry,False,True,False,,,family_survey_boundary_non_survey,configs/structural_indicators_verification.yaml:790,2020·2023 관측 범위 밖의 비조사연도이며 본계열 boundary carry 후보이다.
서울,socioeconomic_status_perception,2017,사회경제적 지위에 대한 인식,leading_missing,2020,3,backward,4,True,True,high,조사 비실시 연도,confirmed,boundary_carry,False,True,False,,,family_survey_boundary_non_survey,configs/structural_indicators_verification.yaml:790,2020·2023 관측 범위 밖의 비조사연도이며 본계열 boundary carry 후보이다.
서울,socioeconomic_status_perception,2018,사회경제적 지위에 대한 인식,leading_missing,2020,2,backward,4,True,True,high,조사 비실시 연도,confirmed,boundary_carry,False,True,False,,,family_survey_boundary_non_survey,configs/structural_indicators_verification.yaml:790,2020·2023 관측 범위 밖의 비조사연도이며 본계열 boundary carry 후보이다.
서울,socioeconomic_status_perception,2019,사회경제적 지위에 대한 인식,leading_missing,2020,1,backward,4,True,True,high,조사 비실시 연도,confirmed,boundary_carry,False,True,False,,,family_survey_boundary_non_survey,configs/structural_indicators_verification.yaml:790,2020·2023 관측 범위 밖의 비조사연도이며 본계열 boundary carry 후보이다.
서울,socioeconomic_status_perception,2021,사회경제적 지위에 대한 인식,intermediate_missing,,,,,False,False,not_applicable,조사 비실시 연도,confirmed,linear_interpolation,False,True,False,,,family_survey_interior_non_survey,configs/structural_indicators_verification.yaml:790,2020년과 2023년 실제 관측값 사이의 비조사연도이다.
서울,socioeconomic_status_perception,2022,사회경제적 지위에 대한 인식,intermediate_missing,,,,,False,False,not_applicable,조사 비실시 연도,confirmed,linear_interpolation,False,True,False,,,family_survey_interior_non_survey,configs/structural_indicators_verification.yaml:790,2020년과 2023년 실제 관측값 사이의 비조사연도이다.
서울,socioeconomic_status_perception,2024,사회경제적 지위에 대한 인식,trailing_missing,2023,1,forward,1,False,True,medium,조사 비실시 연도,confirmed,boundary_carry,False,True,False,,,family_survey_boundary_non_survey,configs/structural_indicators_verification.yaml:790,2020·2023 관측 범위 밖의 비조사연도이며 본계열 boundary carry 후보이다.
세종,childbirth_perception,2016,출산에 대한 인식,leading_missing,2018,2,backward,2,True,True,high,조사 비실시 연도,confirmed,boundary_carry,False,True,True,,,childbirth_leading_non_survey,configs/structural_indicators_verification.yaml:576,지표의 첫 비교 가능 관측연도인 2018년 이전 구간이다.
세종,childbirth_perception,2017,출산에 대한 인식,leading_missing,2018,1,backward,2,True,True,high,조사 비실시 연도,confirmed,boundary_carry,False,True,True,,,childbirth_leading_non_survey,configs/structural_indicators_verification.yaml:576,지표의 첫 비교 가능 관측연도인 2018년 이전 구간이다.
세종,childbirth_perception,2019,출산에 대한 인식,intermediate_missing,,,,,False,False,not_applicable,조사 비실시 연도,confirmed,linear_interpolation,False,True,True,,,childbirth_interior_non_survey,configs/structural_indicators_verification.yaml:576,2018·2020·2022·2024 관측값 사이의 비조사연도이다.
세종,childbirth_perception,2021,출산에 대한 인식,intermediate_missing,,,,,False,False,not_applicable,조사 비실시 연도,confirmed,linear_interpolation,False,True,True,,,childbirth_interior_non_survey,configs/structural_indicators_verification.yaml:576,2018·2020·2022·2024 관측값 사이의 비조사연도이다.
세종,childbirth_perception,2023,출산에 대한 인식,intermediate_missing,,,,,False,False,not_applicable,조사 비실시 연도,confirmed,linear_interpolation,False,True,True,,,childbirth_interior_non_survey,configs/structural_indicators_verification.yaml:576,2018·2020·2022·2024 관측값 사이의 비조사연도이다.
세종,childcare_equal_participation,2016,돌봄노동 공동 참여도,leading_missing,2020,4,backward,4,True,True,high,조사 비실시 연도,confirmed,boundary_carry,False,True,False,,,family_survey_boundary_non_survey,configs/structural_indicators_verification.yaml:790,2020·2023 관측 범위 밖의 비조사연도이며 본계열 boundary carry 후보이다.
세종,childcare_equal_participation,2017,돌봄노동 공동 참여도,leading_missing,2020,3,backward,4,True,True,high,조사 비실시 연도,confirmed,boundary_carry,False,True,False,,,family_survey_boundary_non_survey,configs/structural_indicators_verification.yaml:790,2020·2023 관측 범위 밖의 비조사연도이며 본계열 boundary carry 후보이다.
세종,childcare_equal_participation,2018,돌봄노동 공동 참여도,leading_missing,2020,2,backward,4,True,True,high,조사 비실시 연도,confirmed,boundary_carry,False,True,False,,,family_survey_boundary_non_survey,configs/structural_indicators_verification.yaml:790,2020·2023 관측 범위 밖의 비조사연도이며 본계열 boundary carry 후보이다.
세종,childcare_equal_participation,2019,돌봄노동 공동 참여도,leading_missing,2020,1,backward,4,True,True,high,조사 비실시 연도,confirmed,boundary_carry,False,True,False,,,family_survey_boundary_non_survey,configs/structural_indicators_verification.yaml:790,2020·2023 관측 범위 밖의 비조사연도이며 본계열 boundary carry 후보이다.
세종,childcare_equal_participation,2021,돌봄노동 공동 참여도,intermediate_missing,,,,,False,False,not_applicable,조사 비실시 연도,confirmed,linear_interpolation,False,True,False,,,family_survey_interior_non_survey,configs/structural_indicators_verification.yaml:790,2020년과 2023년 실제 관측값 사이의 비조사연도이다.
세종,childcare_equal_participation,2022,돌봄노동 공동 참여도,intermediate_missing,,,,,False,False,not_applicable,조사 비실시 연도,confirmed,linear_interpolation,False,True,False,,,family_survey_interior_non_survey,configs/structural_indicators_verification.yaml:790,2020년과 2023년 실제 관측값 사이의 비조사연도이다.
세종,childcare_equal_participation,2024,돌봄노동 공동 참여도,trailing_missing,2023,1,forward,1,False,True,medium,조사 비실시 연도,confirmed,boundary_carry,False,True,False,,,family_survey_boundary_non_survey,configs/structural_indicators_verification.yaml:790,2020·2023 관측 범위 밖의 비조사연도이며 본계열 boundary carry 후보이다.
세종,delivery_bed_supply,2016,(대체)분만실 병상수 보급도,leading_missing,,,,,False,False,not_applicable,원자료 부재,confirmed,keep_missing,True,False,True,,,delivery_bed_before_source_start,reports/20260725_구조환경지표_통합파일_결측치_검증_결과.md:59,"원자료는 2018년 3분기부터 시작한다. 20260725 검증 리포트가 이 구간을 ""통계 자체가 최근에 신설됨(시계열 시작점 문제)""으로 분류하고 보간(경계값 이월 포함) 불가로 판단했으므로 boundary_carry를 적용하지 않고 결측으로 유지한다."
세종,delivery_bed_supply,2017,(대체)분만실 병상수 보급도,leading_missing,,,,,False,False,not_applicable,원자료 부재,confirmed,keep_missing,True,False,True,,,delivery_bed_before_source_start,reports/20260725_구조환경지표_통합파일_결측치_검증_결과.md:59,"원자료는 2018년 3분기부터 시작한다. 20260725 검증 리포트가 이 구간을 ""통계 자체가 최근에 신설됨(시계열 시작점 문제)""으로 분류하고 보간(경계값 이월 포함) 불가로 판단했으므로 boundary_carry를 적용하지 않고 결측으로 유지한다."
세종,family_friendly_certification_rate,2016,가족친화 인증기업 비율,leading_missing,,,,,False,False,not_applicable,원인 미확정,unresolved,pending_review,True,False,True,auxiliary_raking_composition_ratio,,family_friendly_provincial_unresolved,configs/structural_indicators_verification.yaml:518,"공식 명단을 확보하지 못한 17개 시도의 2016·2017·2019년 51건은 임의 대체하지 않는다. 2019(중간 결측)는 2018·2020 선형보간 후 전국 실측 합계로 raking, 2016·2017(선행 결측)은 2018년 지역 구성비 × 해당 연도 전국 실측 합계로 추정한 보조 시나리오만 별도 열에 기록한다(`reports/20260805_가족친화_지역별_51건_보조시나리오_후보.csv`)."
세종,family_friendly_certification_rate,2017,가족친화 인증기업 비율,leading_missing,,,,,False,False,not_applicable,원인 미확정,unresolved,pending_review,True,False,True,auxiliary_raking_composition_ratio,,family_friendly_provincial_unresolved,configs/structural_indicators_verification.yaml:518,"공식 명단을 확보하지 못한 17개 시도의 2016·2017·2019년 51건은 임의 대체하지 않는다. 2019(중간 결측)는 2018·2020 선형보간 후 전국 실측 합계로 raking, 2016·2017(선행 결측)은 2018년 지역 구성비 × 해당 연도 전국 실측 합계로 추정한 보조 시나리오만 별도 열에 기록한다(`reports/20260805_가족친화_지역별_51건_보조시나리오_후보.csv`)."
세종,family_friendly_certification_rate,2019,가족친화 인증기업 비율,intermediate_missing,,,,,False,False,not_applicable,원인 미확정,unresolved,pending_review,True,False,True,auxiliary_raking_composition_ratio,,family_friendly_provincial_unresolved,configs/structural_indicators_verification.yaml:518,"공식 명단을 확보하지 못한 17개 시도의 2016·2017·2019년 51건은 임의 대체하지 않는다. 2019(중간 결측)는 2018·2020 선형보간 후 전국 실측 합계로 raking, 2016·2017(선행 결측)은 2018년 지역 구성비 × 해당 연도 전국 실측 합계로 추정한 보조 시나리오만 별도 열에 기록한다(`reports/20260805_가족친화_지역별_51건_보조시나리오_후보.csv`)."
세종,household_chore_equal_participation,2016,가사노동 공동 참여도,leading_missing,2020,4,backward,4,True,True,high,조사 비실시 연도,confirmed,boundary_carry,False,True,False,,,family_survey_boundary_non_survey,configs/structural_indicators_verification.yaml:790,2020·2023 관측 범위 밖의 비조사연도이며 본계열 boundary carry 후보이다.
세종,household_chore_equal_participation,2017,가사노동 공동 참여도,leading_missing,2020,3,backward,4,True,True,high,조사 비실시 연도,confirmed,boundary_carry,False,True,False,,,family_survey_boundary_non_survey,configs/structural_indicators_verification.yaml:790,2020·2023 관측 범위 밖의 비조사연도이며 본계열 boundary carry 후보이다.
세종,household_chore_equal_participation,2018,가사노동 공동 참여도,leading_missing,2020,2,backward,4,True,True,high,조사 비실시 연도,confirmed,boundary_carry,False,True,False,,,family_survey_boundary_non_survey,configs/structural_indicators_verification.yaml:790,2020·2023 관측 범위 밖의 비조사연도이며 본계열 boundary carry 후보이다.
세종,household_chore_equal_participation,2019,가사노동 공동 참여도,leading_missing,2020,1,backward,4,True,True,high,조사 비실시 연도,confirmed,boundary_carry,False,True,False,,,family_survey_boundary_non_survey,configs/structural_indicators_verification.yaml:790,2020·2023 관측 범위 밖의 비조사연도이며 본계열 boundary carry 후보이다.
세종,household_chore_equal_participation,2021,가사노동 공동 참여도,intermediate_missing,,,,,False,False,not_applicable,조사 비실시 연도,confirmed,linear_interpolation,False,True,False,,,family_survey_interior_non_survey,configs/structural_indicators_verification.yaml:790,2020년과 2023년 실제 관측값 사이의 비조사연도이다.
세종,household_chore_equal_participation,2022,가사노동 공동 참여도,intermediate_missing,,,,,False,False,not_applicable,조사 비실시 연도,confirmed,linear_interpolation,False,True,False,,,family_survey_interior_non_survey,configs/structural_indicators_verification.yaml:790,2020년과 2023년 실제 관측값 사이의 비조사연도이다.
세종,household_chore_equal_participation,2024,가사노동 공동 참여도,trailing_missing,2023,1,forward,1,False,True,medium,조사 비실시 연도,confirmed,boundary_carry,False,True,False,,,family_survey_boundary_non_survey,configs/structural_indicators_verification.yaml:790,2020·2023 관측 범위 밖의 비조사연도이며 본계열 boundary carry 후보이다.
세종,household_own_occupancy_rate,2016,전체 가구 자가점유비율,leading_missing,2017,1,backward,1,False,True,medium,원자료 부재,confirmed,boundary_carry,False,True,True,,,housing_sejong_combined_sample,configs/structural_indicators_verification.yaml:705,충남·세종 결합표본을 충남으로 산출해 세종 단독값이 없다.
세종,housework_gender_equality,2017,가사분담에 대한 성평등 인식,intermediate_missing,,,,,False,False,not_applicable,조사 비실시 연도,confirmed,pending_review,True,False,True,,,nonlinear_housework_pending_review,reports/20260725_구조환경지표_통합파일_결측치_검증_결과.md:78,비선형 변환 전 구성요소와 변환 후 지표 중 어느 단계에서 처리할지 검토가 필요하다.
세종,housework_gender_equality,2019,가사분담에 대한 성평등 인식,intermediate_missing,,,,,False,False,not_applicable,조사 비실시 연도,confirmed,pending_review,True,False,True,,,nonlinear_housework_pending_review,reports/20260725_구조환경지표_통합파일_결측치_검증_결과.md:78,비선형 변환 전 구성요소와 변환 후 지표 중 어느 단계에서 처리할지 검토가 필요하다.
세종,housework_gender_equality,2021,가사분담에 대한 성평등 인식,intermediate_missing,,,,,False,False,not_applicable,조사 비실시 연도,confirmed,pending_review,True,False,True,,,nonlinear_housework_pending_review,reports/20260725_구조환경지표_통합파일_결측치_검증_결과.md:78,비선형 변환 전 구성요소와 변환 후 지표 중 어느 단계에서 처리할지 검토가 필요하다.
세종,housework_gender_equality,2023,가사분담에 대한 성평등 인식,intermediate_missing,,,,,False,False,not_applicable,조사 비실시 연도,confirmed,pending_review,True,False,True,,,nonlinear_housework_pending_review,reports/20260725_구조환경지표_통합파일_결측치_검증_결과.md:78,비선형 변환 전 구성요소와 변환 후 지표 중 어느 단계에서 처리할지 검토가 필요하다.
세종,housing_price,2016,현재 주택가격,leading_missing,2017,1,backward,1,False,True,medium,원자료 부재,confirmed,boundary_carry,False,True,True,,,housing_sejong_combined_sample,configs/structural_indicators_verification.yaml:705,충남·세종 결합표본을 충남으로 산출해 세종 단독값이 없다.
세종,income_satisfaction,2016,소득만족도,leading_missing,2017,1,backward,1,False,True,medium,조사 비실시 연도,confirmed,boundary_carry,False,True,True,auxiliary_boundary_interpolation,2015,income_leisure_leading_non_survey,configs/structural_indicators_verification.yaml:145,본계열은 boundary carry 후보이며 2015년 값은 별도 보조 시나리오에서만 사용한다.
세종,income_satisfaction,2018,소득만족도,intermediate_missing,,,,,False,False,not_applicable,조사 비실시 연도,confirmed,linear_interpolation,False,True,True,,,income_leisure_interior_non_survey,reports/20260725_구조환경지표_통합파일_결측치_검증_결과.md:57,실제 관측값 사이의 비조사연도로 본계열 선형보간 후보이다.
세종,income_satisfaction,2020,소득만족도,intermediate_missing,,,,,False,False,not_applicable,조사 비실시 연도,confirmed,linear_interpolation,False,True,True,,,income_leisure_interior_non_survey,reports/20260725_구조환경지표_통합파일_결측치_검증_결과.md:57,실제 관측값 사이의 비조사연도로 본계열 선형보간 후보이다.
세종,income_satisfaction,2022,소득만족도,intermediate_missing,,,,,False,False,not_applicable,조사 비실시 연도,confirmed,linear_interpolation,False,True,True,,,income_leisure_interior_non_survey,reports/20260725_구조환경지표_통합파일_결측치_검증_결과.md:57,실제 관측값 사이의 비조사연도로 본계열 선형보간 후보이다.
세종,income_satisfaction,2024,소득만족도,trailing_missing,2023,1,forward,1,False,True,medium,조사 비실시 연도,confirmed,boundary_carry,False,True,True,auxiliary_boundary_interpolation,2025,income_leisure_trailing_non_survey,configs/structural_indicators_verification.yaml:145,본계열은 boundary carry 후보이며 2025년 값은 별도 보조 시나리오에서만 사용한다.
세종,leisure_satisfaction,2016,여가생활 만족도,leading_missing,2017,1,backward,1,False,True,medium,조사 비실시 연도,confirmed,boundary_carry,False,True,True,auxiliary_boundary_interpolation,2015,income_leisure_leading_non_survey,configs/structural_indicators_verification.yaml:145,본계열은 boundary carry 후보이며 2015년 값은 별도 보조 시나리오에서만 사용한다.
세종,leisure_satisfaction,2018,여가생활 만족도,intermediate_missing,,,,,False,False,not_applicable,조사 비실시 연도,confirmed,linear_interpolation,False,True,True,,,income_leisure_interior_non_survey,reports/20260725_구조환경지표_통합파일_결측치_검증_결과.md:57,실제 관측값 사이의 비조사연도로 본계열 선형보간 후보이다.
세종,leisure_satisfaction,2020,여가생활 만족도,intermediate_missing,,,,,False,False,not_applicable,조사 비실시 연도,confirmed,linear_interpolation,False,True,True,,,income_leisure_interior_non_survey,reports/20260725_구조환경지표_통합파일_결측치_검증_결과.md:57,실제 관측값 사이의 비조사연도로 본계열 선형보간 후보이다.
세종,leisure_satisfaction,2022,여가생활 만족도,intermediate_missing,,,,,False,False,not_applicable,조사 비실시 연도,confirmed,linear_interpolation,False,True,True,,,income_leisure_interior_non_survey,reports/20260725_구조환경지표_통합파일_결측치_검증_결과.md:57,실제 관측값 사이의 비조사연도로 본계열 선형보간 후보이다.
세종,leisure_satisfaction,2024,여가생활 만족도,trailing_missing,2023,1,forward,1,False,True,medium,조사 비실시 연도,confirmed,boundary_carry,False,True,True,auxiliary_boundary_interpolation,2025,income_leisure_trailing_non_survey,configs/structural_indicators_verification.yaml:145,본계열은 boundary carry 후보이며 2025년 값은 별도 보조 시나리오에서만 사용한다.
세종,marriage_perception,2017,결혼에 대한 인식,intermediate_missing,,,,,False,False,not_applicable,조사 비실시 연도,confirmed,linear_interpolation,False,True,True,,,social_survey_interior_non_survey,configs/structural_indicators_verification.yaml:460,2016·2018·2020·2022·2024 관측값 사이의 비조사연도이다.
세종,marriage_perception,2019,결혼에 대한 인식,intermediate_missing,,,,,False,False,not_applicable,조사 비실시 연도,confirmed,linear_interpolation,False,True,True,,,social_survey_interior_non_survey,configs/structural_indicators_verification.yaml:460,2016·2018·2020·2022·2024 관측값 사이의 비조사연도이다.
세종,marriage_perception,2021,결혼에 대한 인식,intermediate_missing,,,,,False,False,not_applicable,조사 비실시 연도,confirmed,linear_interpolation,False,True,True,,,social_survey_interior_non_survey,configs/structural_indicators_verification.yaml:460,2016·2018·2020·2022·2024 관측값 사이의 비조사연도이다.
세종,marriage_perception,2023,결혼에 대한 인식,intermediate_missing,,,,,False,False,not_applicable,조사 비실시 연도,confirmed,linear_interpolation,False,True,True,,,social_survey_interior_non_survey,configs/structural_indicators_verification.yaml:460,2016·2018·2020·2022·2024 관측값 사이의 비조사연도이다.
세종,postpartum_center_fee,2016,산후조리원 이용 요금,leading_missing,,,,,False,False,not_applicable,원자료 부재,confirmed,keep_missing,True,False,True,,,postpartum_before_source_start,reports/20260725_구조환경지표_통합파일_결측치_검증_결과.md:59,"승인된 원자료는 2023년부터 존재한다. 20260725 검증 리포트가 이 구간을 ""통계 자체가 최근에 신설됨(시계열 시작점 문제)""으로 분류하고 2023년 값을 과거로 이월하는 것은 존재하지 않는 시계열 구간을 만드는 것이라 보간 불가로 판단했으므로 boundary_carry를 적용하지 않고 결측으로 유지한다."
세종,postpartum_center_fee,2017,산후조리원 이용 요금,leading_missing,,,,,False,False,not_applicable,원자료 부재,confirmed,keep_missing,True,False,True,,,postpartum_before_source_start,reports/20260725_구조환경지표_통합파일_결측치_검증_결과.md:59,"승인된 원자료는 2023년부터 존재한다. 20260725 검증 리포트가 이 구간을 ""통계 자체가 최근에 신설됨(시계열 시작점 문제)""으로 분류하고 2023년 값을 과거로 이월하는 것은 존재하지 않는 시계열 구간을 만드는 것이라 보간 불가로 판단했으므로 boundary_carry를 적용하지 않고 결측으로 유지한다."
세종,postpartum_center_fee,2018,산후조리원 이용 요금,leading_missing,,,,,False,False,not_applicable,원자료 부재,confirmed,keep_missing,True,False,True,,,postpartum_before_source_start,reports/20260725_구조환경지표_통합파일_결측치_검증_결과.md:59,"승인된 원자료는 2023년부터 존재한다. 20260725 검증 리포트가 이 구간을 ""통계 자체가 최근에 신설됨(시계열 시작점 문제)""으로 분류하고 2023년 값을 과거로 이월하는 것은 존재하지 않는 시계열 구간을 만드는 것이라 보간 불가로 판단했으므로 boundary_carry를 적용하지 않고 결측으로 유지한다."
세종,postpartum_center_fee,2019,산후조리원 이용 요금,leading_missing,,,,,False,False,not_applicable,원자료 부재,confirmed,keep_missing,True,False,True,,,postpartum_before_source_start,reports/20260725_구조환경지표_통합파일_결측치_검증_결과.md:59,"승인된 원자료는 2023년부터 존재한다. 20260725 검증 리포트가 이 구간을 ""통계 자체가 최근에 신설됨(시계열 시작점 문제)""으로 분류하고 2023년 값을 과거로 이월하는 것은 존재하지 않는 시계열 구간을 만드는 것이라 보간 불가로 판단했으므로 boundary_carry를 적용하지 않고 결측으로 유지한다."
세종,postpartum_center_fee,2020,산후조리원 이용 요금,leading_missing,,,,,False,False,not_applicable,원자료 부재,confirmed,keep_missing,True,False,True,,,postpartum_before_source_start,reports/20260725_구조환경지표_통합파일_결측치_검증_결과.md:59,"승인된 원자료는 2023년부터 존재한다. 20260725 검증 리포트가 이 구간을 ""통계 자체가 최근에 신설됨(시계열 시작점 문제)""으로 분류하고 2023년 값을 과거로 이월하는 것은 존재하지 않는 시계열 구간을 만드는 것이라 보간 불가로 판단했으므로 boundary_carry를 적용하지 않고 결측으로 유지한다."
세종,postpartum_center_fee,2021,산후조리원 이용 요금,leading_missing,,,,,False,False,not_applicable,원자료 부재,confirmed,keep_missing,True,False,True,,,postpartum_before_source_start,reports/20260725_구조환경지표_통합파일_결측치_검증_결과.md:59,"승인된 원자료는 2023년부터 존재한다. 20260725 검증 리포트가 이 구간을 ""통계 자체가 최근에 신설됨(시계열 시작점 문제)""으로 분류하고 2023년 값을 과거로 이월하는 것은 존재하지 않는 시계열 구간을 만드는 것이라 보간 불가로 판단했으므로 boundary_carry를 적용하지 않고 결측으로 유지한다."
세종,postpartum_center_fee,2022,산후조리원 이용 요금,leading_missing,,,,,False,False,not_applicable,원자료 부재,confirmed,keep_missing,True,False,True,,,postpartum_before_source_start,reports/20260725_구조환경지표_통합파일_결측치_검증_결과.md:59,"승인된 원자료는 2023년부터 존재한다. 20260725 검증 리포트가 이 구간을 ""통계 자체가 최근에 신설됨(시계열 시작점 문제)""으로 분류하고 2023년 값을 과거로 이월하는 것은 존재하지 않는 시계열 구간을 만드는 것이라 보간 불가로 판단했으므로 boundary_carry를 적용하지 않고 결측으로 유지한다."
세종,postpartum_center_supply,2016,산후조리원 보급도,leading_missing,,,,,False,False,not_applicable,원자료 부재,confirmed,keep_missing,True,False,True,,,postpartum_before_source_start,reports/20260725_구조환경지표_통합파일_결측치_검증_결과.md:59,"승인된 원자료는 2023년부터 존재한다. 20260725 검증 리포트가 이 구간을 ""통계 자체가 최근에 신설됨(시계열 시작점 문제)""으로 분류하고 2023년 값을 과거로 이월하는 것은 존재하지 않는 시계열 구간을 만드는 것이라 보간 불가로 판단했으므로 boundary_carry를 적용하지 않고 결측으로 유지한다."
세종,postpartum_center_supply,2017,산후조리원 보급도,leading_missing,,,,,False,False,not_applicable,원자료 부재,confirmed,keep_missing,True,False,True,,,postpartum_before_source_start,reports/20260725_구조환경지표_통합파일_결측치_검증_결과.md:59,"승인된 원자료는 2023년부터 존재한다. 20260725 검증 리포트가 이 구간을 ""통계 자체가 최근에 신설됨(시계열 시작점 문제)""으로 분류하고 2023년 값을 과거로 이월하는 것은 존재하지 않는 시계열 구간을 만드는 것이라 보간 불가로 판단했으므로 boundary_carry를 적용하지 않고 결측으로 유지한다."
세종,postpartum_center_supply,2018,산후조리원 보급도,leading_missing,,,,,False,False,not_applicable,원자료 부재,confirmed,keep_missing,True,False,True,,,postpartum_before_source_start,reports/20260725_구조환경지표_통합파일_결측치_검증_결과.md:59,"승인된 원자료는 2023년부터 존재한다. 20260725 검증 리포트가 이 구간을 ""통계 자체가 최근에 신설됨(시계열 시작점 문제)""으로 분류하고 2023년 값을 과거로 이월하는 것은 존재하지 않는 시계열 구간을 만드는 것이라 보간 불가로 판단했으므로 boundary_carry를 적용하지 않고 결측으로 유지한다."
세종,postpartum_center_supply,2019,산후조리원 보급도,leading_missing,,,,,False,False,not_applicable,원자료 부재,confirmed,keep_missing,True,False,True,,,postpartum_before_source_start,reports/20260725_구조환경지표_통합파일_결측치_검증_결과.md:59,"승인된 원자료는 2023년부터 존재한다. 20260725 검증 리포트가 이 구간을 ""통계 자체가 최근에 신설됨(시계열 시작점 문제)""으로 분류하고 2023년 값을 과거로 이월하는 것은 존재하지 않는 시계열 구간을 만드는 것이라 보간 불가로 판단했으므로 boundary_carry를 적용하지 않고 결측으로 유지한다."
세종,postpartum_center_supply,2020,산후조리원 보급도,leading_missing,,,,,False,False,not_applicable,원자료 부재,confirmed,keep_missing,True,False,True,,,postpartum_before_source_start,reports/20260725_구조환경지표_통합파일_결측치_검증_결과.md:59,"승인된 원자료는 2023년부터 존재한다. 20260725 검증 리포트가 이 구간을 ""통계 자체가 최근에 신설됨(시계열 시작점 문제)""으로 분류하고 2023년 값을 과거로 이월하는 것은 존재하지 않는 시계열 구간을 만드는 것이라 보간 불가로 판단했으므로 boundary_carry를 적용하지 않고 결측으로 유지한다."
세종,postpartum_center_supply,2021,산후조리원 보급도,leading_missing,,,,,False,False,not_applicable,원자료 부재,confirmed,keep_missing,True,False,True,,,postpartum_before_source_start,reports/20260725_구조환경지표_통합파일_결측치_검증_결과.md:59,"승인된 원자료는 2023년부터 존재한다. 20260725 검증 리포트가 이 구간을 ""통계 자체가 최근에 신설됨(시계열 시작점 문제)""으로 분류하고 2023년 값을 과거로 이월하는 것은 존재하지 않는 시계열 구간을 만드는 것이라 보간 불가로 판단했으므로 boundary_carry를 적용하지 않고 결측으로 유지한다."
세종,postpartum_center_supply,2022,산후조리원 보급도,leading_missing,,,,,False,False,not_applicable,원자료 부재,confirmed,keep_missing,True,False,True,,,postpartum_before_source_start,reports/20260725_구조환경지표_통합파일_결측치_검증_결과.md:59,"승인된 원자료는 2023년부터 존재한다. 20260725 검증 리포트가 이 구간을 ""통계 자체가 최근에 신설됨(시계열 시작점 문제)""으로 분류하고 2023년 값을 과거로 이월하는 것은 존재하지 않는 시계열 구간을 만드는 것이라 보간 불가로 판단했으므로 boundary_carry를 적용하지 않고 결측으로 유지한다."
세종,renter_household_annual_housing_cost_hcc,2016,임차가구 연간 주거비 HCC,leading_missing,2017,1,backward,1,False,True,medium,원자료 부재,confirmed,boundary_carry,False,True,True,,,housing_sejong_combined_sample,configs/structural_indicators_verification.yaml:705,충남·세종 결합표본을 충남으로 산출해 세종 단독값이 없다.
세종,social_safety_perception,2017,사회 안전에 대한 인식,intermediate_missing,,,,,False,False,not_applicable,조사 비실시 연도,confirmed,linear_interpolation,False,True,True,,,social_survey_interior_non_survey,configs/structural_indicators_verification.yaml:460,2016·2018·2020·2022·2024 관측값 사이의 비조사연도이다.
세종,social_safety_perception,2019,사회 안전에 대한 인식,intermediate_missing,,,,,False,False,not_applicable,조사 비실시 연도,confirmed,linear_interpolation,False,True,True,,,social_survey_interior_non_survey,configs/structural_indicators_verification.yaml:460,2016·2018·2020·2022·2024 관측값 사이의 비조사연도이다.
세종,social_safety_perception,2021,사회 안전에 대한 인식,intermediate_missing,,,,,False,False,not_applicable,조사 비실시 연도,confirmed,linear_interpolation,False,True,True,,,social_survey_interior_non_survey,configs/structural_indicators_verification.yaml:460,2016·2018·2020·2022·2024 관측값 사이의 비조사연도이다.
세종,social_safety_perception,2023,사회 안전에 대한 인식,intermediate_missing,,,,,False,False,not_applicable,조사 비실시 연도,confirmed,linear_interpolation,False,True,True,,,social_survey_interior_non_survey,configs/structural_indicators_verification.yaml:460,2016·2018·2020·2022·2024 관측값 사이의 비조사연도이다.
세종,socioeconomic_status_perception,2016,사회경제적 지위에 대한 인식,leading_missing,2020,4,backward,4,True,True,high,조사 비실시 연도,confirmed,boundary_carry,False,True,False,,,family_survey_boundary_non_survey,configs/structural_indicators_verification.yaml:790,2020·2023 관측 범위 밖의 비조사연도이며 본계열 boundary carry 후보이다.
세종,socioeconomic_status_perception,2017,사회경제적 지위에 대한 인식,leading_missing,2020,3,backward,4,True,True,high,조사 비실시 연도,confirmed,boundary_carry,False,True,False,,,family_survey_boundary_non_survey,configs/structural_indicators_verification.yaml:790,2020·2023 관측 범위 밖의 비조사연도이며 본계열 boundary carry 후보이다.
세종,socioeconomic_status_perception,2018,사회경제적 지위에 대한 인식,leading_missing,2020,2,backward,4,True,True,high,조사 비실시 연도,confirmed,boundary_carry,False,True,False,,,family_survey_boundary_non_survey,configs/structural_indicators_verification.yaml:790,2020·2023 관측 범위 밖의 비조사연도이며 본계열 boundary carry 후보이다.
세종,socioeconomic_status_perception,2019,사회경제적 지위에 대한 인식,leading_missing,2020,1,backward,4,True,True,high,조사 비실시 연도,confirmed,boundary_carry,False,True,False,,,family_survey_boundary_non_survey,configs/structural_indicators_verification.yaml:790,2020·2023 관측 범위 밖의 비조사연도이며 본계열 boundary carry 후보이다.
세종,socioeconomic_status_perception,2021,사회경제적 지위에 대한 인식,intermediate_missing,,,,,False,False,not_applicable,조사 비실시 연도,confirmed,linear_interpolation,False,True,False,,,family_survey_interior_non_survey,configs/structural_indicators_verification.yaml:790,2020년과 2023년 실제 관측값 사이의 비조사연도이다.
세종,socioeconomic_status_perception,2022,사회경제적 지위에 대한 인식,intermediate_missing,,,,,False,False,not_applicable,조사 비실시 연도,confirmed,linear_interpolation,False,True,False,,,family_survey_interior_non_survey,configs/structural_indicators_verification.yaml:790,2020년과 2023년 실제 관측값 사이의 비조사연도이다.
세종,socioeconomic_status_perception,2024,사회경제적 지위에 대한 인식,trailing_missing,2023,1,forward,1,False,True,medium,조사 비실시 연도,confirmed,boundary_carry,False,True,False,,,family_survey_boundary_non_survey,configs/structural_indicators_verification.yaml:790,2020·2023 관측 범위 밖의 비조사연도이며 본계열 boundary carry 후보이다.
세종,work_hours,2016,근로시간,leading_missing,2020,4,backward,4,True,True,high,원자료 부재,confirmed,boundary_carry,False,True,True,,,work_hours_sejong_source_absent,reports/20260724_구조환경지표_21개_검증_진행상황.md:211,원자료 부재는 확인됐지만 표본 부족이 원인이라는 설명은 추정이다.
세종,work_hours,2017,근로시간,leading_missing,2020,3,backward,4,True,True,high,원자료 부재,confirmed,boundary_carry,False,True,True,,,work_hours_sejong_source_absent,reports/20260724_구조환경지표_21개_검증_진행상황.md:211,원자료 부재는 확인됐지만 표본 부족이 원인이라는 설명은 추정이다.
세종,work_hours,2018,근로시간,leading_missing,2020,2,backward,4,True,True,high,원자료 부재,confirmed,boundary_carry,False,True,True,,,work_hours_sejong_source_absent,reports/20260724_구조환경지표_21개_검증_진행상황.md:211,원자료 부재는 확인됐지만 표본 부족이 원인이라는 설명은 추정이다.
세종,work_hours,2019,근로시간,leading_missing,2020,1,backward,4,True,True,high,원자료 부재,confirmed,boundary_carry,False,True,True,,,work_hours_sejong_source_absent,reports/20260724_구조환경지표_21개_검증_진행상황.md:211,원자료 부재는 확인됐지만 표본 부족이 원인이라는 설명은 추정이다.
세종,youth_employment_rate,2016,청년고용률,leading_missing,2017,1,backward,1,False,True,medium,원자료 부재,confirmed,boundary_carry,False,True,True,,,youth_employment_2016_source_absent,reports/20260724_구조환경지표_21개_검증_진행상황.md:62,원자료의 결측 토큰은 확인됐지만 신설 지자체가 원인이라는 설명은 추정이다.
세종,youth_regular_employment_rate,2016,청년층 정규직 근로자 비율,leading_missing,2017,1,backward,1,False,True,medium,원자료 부재,confirmed,boundary_carry,False,True,True,,,youth_regular_sejong_source_absent,notebooks/20260727_EDA_지역별고용조사_청년층_정규직_근로자_비율_산출.ipynb:1503,2016년 상·하반기 원자료 모두 세종 코드 29가 없다.
울산,childbirth_perception,2016,출산에 대한 인식,leading_missing,2018,2,backward,2,True,True,high,조사 비실시 연도,confirmed,boundary_carry,False,True,True,,,childbirth_leading_non_survey,configs/structural_indicators_verification.yaml:576,지표의 첫 비교 가능 관측연도인 2018년 이전 구간이다.
울산,childbirth_perception,2017,출산에 대한 인식,leading_missing,2018,1,backward,2,True,True,high,조사 비실시 연도,confirmed,boundary_carry,False,True,True,,,childbirth_leading_non_survey,configs/structural_indicators_verification.yaml:576,지표의 첫 비교 가능 관측연도인 2018년 이전 구간이다.
울산,childbirth_perception,2019,출산에 대한 인식,intermediate_missing,,,,,False,False,not_applicable,조사 비실시 연도,confirmed,linear_interpolation,False,True,True,,,childbirth_interior_non_survey,configs/structural_indicators_verification.yaml:576,2018·2020·2022·2024 관측값 사이의 비조사연도이다.
울산,childbirth_perception,2021,출산에 대한 인식,intermediate_missing,,,,,False,False,not_applicable,조사 비실시 연도,confirmed,linear_interpolation,False,True,True,,,childbirth_interior_non_survey,configs/structural_indicators_verification.yaml:576,2018·2020·2022·2024 관측값 사이의 비조사연도이다.
울산,childbirth_perception,2023,출산에 대한 인식,intermediate_missing,,,,,False,False,not_applicable,조사 비실시 연도,confirmed,linear_interpolation,False,True,True,,,childbirth_interior_non_survey,configs/structural_indicators_verification.yaml:576,2018·2020·2022·2024 관측값 사이의 비조사연도이다.
울산,childcare_equal_participation,2016,돌봄노동 공동 참여도,leading_missing,2020,4,backward,4,True,True,high,조사 비실시 연도,confirmed,boundary_carry,False,True,False,,,family_survey_boundary_non_survey,configs/structural_indicators_verification.yaml:790,2020·2023 관측 범위 밖의 비조사연도이며 본계열 boundary carry 후보이다.
울산,childcare_equal_participation,2017,돌봄노동 공동 참여도,leading_missing,2020,3,backward,4,True,True,high,조사 비실시 연도,confirmed,boundary_carry,False,True,False,,,family_survey_boundary_non_survey,configs/structural_indicators_verification.yaml:790,2020·2023 관측 범위 밖의 비조사연도이며 본계열 boundary carry 후보이다.
울산,childcare_equal_participation,2018,돌봄노동 공동 참여도,leading_missing,2020,2,backward,4,True,True,high,조사 비실시 연도,confirmed,boundary_carry,False,True,False,,,family_survey_boundary_non_survey,configs/structural_indicators_verification.yaml:790,2020·2023 관측 범위 밖의 비조사연도이며 본계열 boundary carry 후보이다.
울산,childcare_equal_participation,2019,돌봄노동 공동 참여도,leading_missing,2020,1,backward,4,True,True,high,조사 비실시 연도,confirmed,boundary_carry,False,True,False,,,family_survey_boundary_non_survey,configs/structural_indicators_verification.yaml:790,2020·2023 관측 범위 밖의 비조사연도이며 본계열 boundary carry 후보이다.
울산,childcare_equal_participation,2021,돌봄노동 공동 참여도,intermediate_missing,,,,,False,False,not_applicable,조사 비실시 연도,confirmed,linear_interpolation,False,True,False,,,family_survey_interior_non_survey,configs/structural_indicators_verification.yaml:790,2020년과 2023년 실제 관측값 사이의 비조사연도이다.
울산,childcare_equal_participation,2022,돌봄노동 공동 참여도,intermediate_missing,,,,,False,False,not_applicable,조사 비실시 연도,confirmed,linear_interpolation,False,True,False,,,family_survey_interior_non_survey,configs/structural_indicators_verification.yaml:790,2020년과 2023년 실제 관측값 사이의 비조사연도이다.
울산,childcare_equal_participation,2024,돌봄노동 공동 참여도,trailing_missing,2023,1,forward,1,False,True,medium,조사 비실시 연도,confirmed,boundary_carry,False,True,False,,,family_survey_boundary_non_survey,configs/structural_indicators_verification.yaml:790,2020·2023 관측 범위 밖의 비조사연도이며 본계열 boundary carry 후보이다.
울산,delivery_bed_supply,2016,(대체)분만실 병상수 보급도,leading_missing,,,,,False,False,not_applicable,원자료 부재,confirmed,keep_missing,True,False,True,,,delivery_bed_before_source_start,reports/20260725_구조환경지표_통합파일_결측치_검증_결과.md:59,"원자료는 2018년 3분기부터 시작한다. 20260725 검증 리포트가 이 구간을 ""통계 자체가 최근에 신설됨(시계열 시작점 문제)""으로 분류하고 보간(경계값 이월 포함) 불가로 판단했으므로 boundary_carry를 적용하지 않고 결측으로 유지한다."
울산,delivery_bed_supply,2017,(대체)분만실 병상수 보급도,leading_missing,,,,,False,False,not_applicable,원자료 부재,confirmed,keep_missing,True,False,True,,,delivery_bed_before_source_start,reports/20260725_구조환경지표_통합파일_결측치_검증_결과.md:59,"원자료는 2018년 3분기부터 시작한다. 20260725 검증 리포트가 이 구간을 ""통계 자체가 최근에 신설됨(시계열 시작점 문제)""으로 분류하고 보간(경계값 이월 포함) 불가로 판단했으므로 boundary_carry를 적용하지 않고 결측으로 유지한다."
울산,family_friendly_certification_rate,2016,가족친화 인증기업 비율,leading_missing,,,,,False,False,not_applicable,원인 미확정,unresolved,pending_review,True,False,True,auxiliary_raking_composition_ratio,,family_friendly_provincial_unresolved,configs/structural_indicators_verification.yaml:518,"공식 명단을 확보하지 못한 17개 시도의 2016·2017·2019년 51건은 임의 대체하지 않는다. 2019(중간 결측)는 2018·2020 선형보간 후 전국 실측 합계로 raking, 2016·2017(선행 결측)은 2018년 지역 구성비 × 해당 연도 전국 실측 합계로 추정한 보조 시나리오만 별도 열에 기록한다(`reports/20260805_가족친화_지역별_51건_보조시나리오_후보.csv`)."
울산,family_friendly_certification_rate,2017,가족친화 인증기업 비율,leading_missing,,,,,False,False,not_applicable,원인 미확정,unresolved,pending_review,True,False,True,auxiliary_raking_composition_ratio,,family_friendly_provincial_unresolved,configs/structural_indicators_verification.yaml:518,"공식 명단을 확보하지 못한 17개 시도의 2016·2017·2019년 51건은 임의 대체하지 않는다. 2019(중간 결측)는 2018·2020 선형보간 후 전국 실측 합계로 raking, 2016·2017(선행 결측)은 2018년 지역 구성비 × 해당 연도 전국 실측 합계로 추정한 보조 시나리오만 별도 열에 기록한다(`reports/20260805_가족친화_지역별_51건_보조시나리오_후보.csv`)."
울산,family_friendly_certification_rate,2019,가족친화 인증기업 비율,intermediate_missing,,,,,False,False,not_applicable,원인 미확정,unresolved,pending_review,True,False,True,auxiliary_raking_composition_ratio,,family_friendly_provincial_unresolved,configs/structural_indicators_verification.yaml:518,"공식 명단을 확보하지 못한 17개 시도의 2016·2017·2019년 51건은 임의 대체하지 않는다. 2019(중간 결측)는 2018·2020 선형보간 후 전국 실측 합계로 raking, 2016·2017(선행 결측)은 2018년 지역 구성비 × 해당 연도 전국 실측 합계로 추정한 보조 시나리오만 별도 열에 기록한다(`reports/20260805_가족친화_지역별_51건_보조시나리오_후보.csv`)."
울산,household_chore_equal_participation,2016,가사노동 공동 참여도,leading_missing,2020,4,backward,4,True,True,high,조사 비실시 연도,confirmed,boundary_carry,False,True,False,,,family_survey_boundary_non_survey,configs/structural_indicators_verification.yaml:790,2020·2023 관측 범위 밖의 비조사연도이며 본계열 boundary carry 후보이다.
울산,household_chore_equal_participation,2017,가사노동 공동 참여도,leading_missing,2020,3,backward,4,True,True,high,조사 비실시 연도,confirmed,boundary_carry,False,True,False,,,family_survey_boundary_non_survey,configs/structural_indicators_verification.yaml:790,2020·2023 관측 범위 밖의 비조사연도이며 본계열 boundary carry 후보이다.
울산,household_chore_equal_participation,2018,가사노동 공동 참여도,leading_missing,2020,2,backward,4,True,True,high,조사 비실시 연도,confirmed,boundary_carry,False,True,False,,,family_survey_boundary_non_survey,configs/structural_indicators_verification.yaml:790,2020·2023 관측 범위 밖의 비조사연도이며 본계열 boundary carry 후보이다.
울산,household_chore_equal_participation,2019,가사노동 공동 참여도,leading_missing,2020,1,backward,4,True,True,high,조사 비실시 연도,confirmed,boundary_carry,False,True,False,,,family_survey_boundary_non_survey,configs/structural_indicators_verification.yaml:790,2020·2023 관측 범위 밖의 비조사연도이며 본계열 boundary carry 후보이다.
울산,household_chore_equal_participation,2021,가사노동 공동 참여도,intermediate_missing,,,,,False,False,not_applicable,조사 비실시 연도,confirmed,linear_interpolation,False,True,False,,,family_survey_interior_non_survey,configs/structural_indicators_verification.yaml:790,2020년과 2023년 실제 관측값 사이의 비조사연도이다.
울산,household_chore_equal_participation,2022,가사노동 공동 참여도,intermediate_missing,,,,,False,False,not_applicable,조사 비실시 연도,confirmed,linear_interpolation,False,True,False,,,family_survey_interior_non_survey,configs/structural_indicators_verification.yaml:790,2020년과 2023년 실제 관측값 사이의 비조사연도이다.
울산,household_chore_equal_participation,2024,가사노동 공동 참여도,trailing_missing,2023,1,forward,1,False,True,medium,조사 비실시 연도,confirmed,boundary_carry,False,True,False,,,family_survey_boundary_non_survey,configs/structural_indicators_verification.yaml:790,2020·2023 관측 범위 밖의 비조사연도이며 본계열 boundary carry 후보이다.
울산,housework_gender_equality,2017,가사분담에 대한 성평등 인식,intermediate_missing,,,,,False,False,not_applicable,조사 비실시 연도,confirmed,pending_review,True,False,True,,,nonlinear_housework_pending_review,reports/20260725_구조환경지표_통합파일_결측치_검증_결과.md:78,비선형 변환 전 구성요소와 변환 후 지표 중 어느 단계에서 처리할지 검토가 필요하다.
울산,housework_gender_equality,2019,가사분담에 대한 성평등 인식,intermediate_missing,,,,,False,False,not_applicable,조사 비실시 연도,confirmed,pending_review,True,False,True,,,nonlinear_housework_pending_review,reports/20260725_구조환경지표_통합파일_결측치_검증_결과.md:78,비선형 변환 전 구성요소와 변환 후 지표 중 어느 단계에서 처리할지 검토가 필요하다.
울산,housework_gender_equality,2021,가사분담에 대한 성평등 인식,intermediate_missing,,,,,False,False,not_applicable,조사 비실시 연도,confirmed,pending_review,True,False,True,,,nonlinear_housework_pending_review,reports/20260725_구조환경지표_통합파일_결측치_검증_결과.md:78,비선형 변환 전 구성요소와 변환 후 지표 중 어느 단계에서 처리할지 검토가 필요하다.
울산,housework_gender_equality,2023,가사분담에 대한 성평등 인식,intermediate_missing,,,,,False,False,not_applicable,조사 비실시 연도,confirmed,pending_review,True,False,True,,,nonlinear_housework_pending_review,reports/20260725_구조환경지표_통합파일_결측치_검증_결과.md:78,비선형 변환 전 구성요소와 변환 후 지표 중 어느 단계에서 처리할지 검토가 필요하다.
울산,income_satisfaction,2016,소득만족도,leading_missing,2017,1,backward,1,False,True,medium,조사 비실시 연도,confirmed,boundary_carry,False,True,True,auxiliary_boundary_interpolation,2015,income_leisure_leading_non_survey,configs/structural_indicators_verification.yaml:145,본계열은 boundary carry 후보이며 2015년 값은 별도 보조 시나리오에서만 사용한다.
울산,income_satisfaction,2018,소득만족도,intermediate_missing,,,,,False,False,not_applicable,조사 비실시 연도,confirmed,linear_interpolation,False,True,True,,,income_leisure_interior_non_survey,reports/20260725_구조환경지표_통합파일_결측치_검증_결과.md:57,실제 관측값 사이의 비조사연도로 본계열 선형보간 후보이다.
울산,income_satisfaction,2020,소득만족도,intermediate_missing,,,,,False,False,not_applicable,조사 비실시 연도,confirmed,linear_interpolation,False,True,True,,,income_leisure_interior_non_survey,reports/20260725_구조환경지표_통합파일_결측치_검증_결과.md:57,실제 관측값 사이의 비조사연도로 본계열 선형보간 후보이다.
울산,income_satisfaction,2022,소득만족도,intermediate_missing,,,,,False,False,not_applicable,조사 비실시 연도,confirmed,linear_interpolation,False,True,True,,,income_leisure_interior_non_survey,reports/20260725_구조환경지표_통합파일_결측치_검증_결과.md:57,실제 관측값 사이의 비조사연도로 본계열 선형보간 후보이다.
울산,income_satisfaction,2024,소득만족도,trailing_missing,2023,1,forward,1,False,True,medium,조사 비실시 연도,confirmed,boundary_carry,False,True,True,auxiliary_boundary_interpolation,2025,income_leisure_trailing_non_survey,configs/structural_indicators_verification.yaml:145,본계열은 boundary carry 후보이며 2025년 값은 별도 보조 시나리오에서만 사용한다.
울산,leisure_satisfaction,2016,여가생활 만족도,leading_missing,2017,1,backward,1,False,True,medium,조사 비실시 연도,confirmed,boundary_carry,False,True,True,auxiliary_boundary_interpolation,2015,income_leisure_leading_non_survey,configs/structural_indicators_verification.yaml:145,본계열은 boundary carry 후보이며 2015년 값은 별도 보조 시나리오에서만 사용한다.
울산,leisure_satisfaction,2018,여가생활 만족도,intermediate_missing,,,,,False,False,not_applicable,조사 비실시 연도,confirmed,linear_interpolation,False,True,True,,,income_leisure_interior_non_survey,reports/20260725_구조환경지표_통합파일_결측치_검증_결과.md:57,실제 관측값 사이의 비조사연도로 본계열 선형보간 후보이다.
울산,leisure_satisfaction,2020,여가생활 만족도,intermediate_missing,,,,,False,False,not_applicable,조사 비실시 연도,confirmed,linear_interpolation,False,True,True,,,income_leisure_interior_non_survey,reports/20260725_구조환경지표_통합파일_결측치_검증_결과.md:57,실제 관측값 사이의 비조사연도로 본계열 선형보간 후보이다.
울산,leisure_satisfaction,2022,여가생활 만족도,intermediate_missing,,,,,False,False,not_applicable,조사 비실시 연도,confirmed,linear_interpolation,False,True,True,,,income_leisure_interior_non_survey,reports/20260725_구조환경지표_통합파일_결측치_검증_결과.md:57,실제 관측값 사이의 비조사연도로 본계열 선형보간 후보이다.
울산,leisure_satisfaction,2024,여가생활 만족도,trailing_missing,2023,1,forward,1,False,True,medium,조사 비실시 연도,confirmed,boundary_carry,False,True,True,auxiliary_boundary_interpolation,2025,income_leisure_trailing_non_survey,configs/structural_indicators_verification.yaml:145,본계열은 boundary carry 후보이며 2025년 값은 별도 보조 시나리오에서만 사용한다.
울산,marriage_perception,2017,결혼에 대한 인식,intermediate_missing,,,,,False,False,not_applicable,조사 비실시 연도,confirmed,linear_interpolation,False,True,True,,,social_survey_interior_non_survey,configs/structural_indicators_verification.yaml:460,2016·2018·2020·2022·2024 관측값 사이의 비조사연도이다.
울산,marriage_perception,2019,결혼에 대한 인식,intermediate_missing,,,,,False,False,not_applicable,조사 비실시 연도,confirmed,linear_interpolation,False,True,True,,,social_survey_interior_non_survey,configs/structural_indicators_verification.yaml:460,2016·2018·2020·2022·2024 관측값 사이의 비조사연도이다.
울산,marriage_perception,2021,결혼에 대한 인식,intermediate_missing,,,,,False,False,not_applicable,조사 비실시 연도,confirmed,linear_interpolation,False,True,True,,,social_survey_interior_non_survey,configs/structural_indicators_verification.yaml:460,2016·2018·2020·2022·2024 관측값 사이의 비조사연도이다.
울산,marriage_perception,2023,결혼에 대한 인식,intermediate_missing,,,,,False,False,not_applicable,조사 비실시 연도,confirmed,linear_interpolation,False,True,True,,,social_survey_interior_non_survey,configs/structural_indicators_verification.yaml:460,2016·2018·2020·2022·2024 관측값 사이의 비조사연도이다.
울산,postpartum_center_fee,2016,산후조리원 이용 요금,leading_missing,,,,,False,False,not_applicable,원자료 부재,confirmed,keep_missing,True,False,True,,,postpartum_before_source_start,reports/20260725_구조환경지표_통합파일_결측치_검증_결과.md:59,"승인된 원자료는 2023년부터 존재한다. 20260725 검증 리포트가 이 구간을 ""통계 자체가 최근에 신설됨(시계열 시작점 문제)""으로 분류하고 2023년 값을 과거로 이월하는 것은 존재하지 않는 시계열 구간을 만드는 것이라 보간 불가로 판단했으므로 boundary_carry를 적용하지 않고 결측으로 유지한다."
울산,postpartum_center_fee,2017,산후조리원 이용 요금,leading_missing,,,,,False,False,not_applicable,원자료 부재,confirmed,keep_missing,True,False,True,,,postpartum_before_source_start,reports/20260725_구조환경지표_통합파일_결측치_검증_결과.md:59,"승인된 원자료는 2023년부터 존재한다. 20260725 검증 리포트가 이 구간을 ""통계 자체가 최근에 신설됨(시계열 시작점 문제)""으로 분류하고 2023년 값을 과거로 이월하는 것은 존재하지 않는 시계열 구간을 만드는 것이라 보간 불가로 판단했으므로 boundary_carry를 적용하지 않고 결측으로 유지한다."
울산,postpartum_center_fee,2018,산후조리원 이용 요금,leading_missing,,,,,False,False,not_applicable,원자료 부재,confirmed,keep_missing,True,False,True,,,postpartum_before_source_start,reports/20260725_구조환경지표_통합파일_결측치_검증_결과.md:59,"승인된 원자료는 2023년부터 존재한다. 20260725 검증 리포트가 이 구간을 ""통계 자체가 최근에 신설됨(시계열 시작점 문제)""으로 분류하고 2023년 값을 과거로 이월하는 것은 존재하지 않는 시계열 구간을 만드는 것이라 보간 불가로 판단했으므로 boundary_carry를 적용하지 않고 결측으로 유지한다."
울산,postpartum_center_fee,2019,산후조리원 이용 요금,leading_missing,,,,,False,False,not_applicable,원자료 부재,confirmed,keep_missing,True,False,True,,,postpartum_before_source_start,reports/20260725_구조환경지표_통합파일_결측치_검증_결과.md:59,"승인된 원자료는 2023년부터 존재한다. 20260725 검증 리포트가 이 구간을 ""통계 자체가 최근에 신설됨(시계열 시작점 문제)""으로 분류하고 2023년 값을 과거로 이월하는 것은 존재하지 않는 시계열 구간을 만드는 것이라 보간 불가로 판단했으므로 boundary_carry를 적용하지 않고 결측으로 유지한다."
울산,postpartum_center_fee,2020,산후조리원 이용 요금,leading_missing,,,,,False,False,not_applicable,원자료 부재,confirmed,keep_missing,True,False,True,,,postpartum_before_source_start,reports/20260725_구조환경지표_통합파일_결측치_검증_결과.md:59,"승인된 원자료는 2023년부터 존재한다. 20260725 검증 리포트가 이 구간을 ""통계 자체가 최근에 신설됨(시계열 시작점 문제)""으로 분류하고 2023년 값을 과거로 이월하는 것은 존재하지 않는 시계열 구간을 만드는 것이라 보간 불가로 판단했으므로 boundary_carry를 적용하지 않고 결측으로 유지한다."
울산,postpartum_center_fee,2021,산후조리원 이용 요금,leading_missing,,,,,False,False,not_applicable,원자료 부재,confirmed,keep_missing,True,False,True,,,postpartum_before_source_start,reports/20260725_구조환경지표_통합파일_결측치_검증_결과.md:59,"승인된 원자료는 2023년부터 존재한다. 20260725 검증 리포트가 이 구간을 ""통계 자체가 최근에 신설됨(시계열 시작점 문제)""으로 분류하고 2023년 값을 과거로 이월하는 것은 존재하지 않는 시계열 구간을 만드는 것이라 보간 불가로 판단했으므로 boundary_carry를 적용하지 않고 결측으로 유지한다."
울산,postpartum_center_fee,2022,산후조리원 이용 요금,leading_missing,,,,,False,False,not_applicable,원자료 부재,confirmed,keep_missing,True,False,True,,,postpartum_before_source_start,reports/20260725_구조환경지표_통합파일_결측치_검증_결과.md:59,"승인된 원자료는 2023년부터 존재한다. 20260725 검증 리포트가 이 구간을 ""통계 자체가 최근에 신설됨(시계열 시작점 문제)""으로 분류하고 2023년 값을 과거로 이월하는 것은 존재하지 않는 시계열 구간을 만드는 것이라 보간 불가로 판단했으므로 boundary_carry를 적용하지 않고 결측으로 유지한다."
울산,postpartum_center_supply,2016,산후조리원 보급도,leading_missing,,,,,False,False,not_applicable,원자료 부재,confirmed,keep_missing,True,False,True,,,postpartum_before_source_start,reports/20260725_구조환경지표_통합파일_결측치_검증_결과.md:59,"승인된 원자료는 2023년부터 존재한다. 20260725 검증 리포트가 이 구간을 ""통계 자체가 최근에 신설됨(시계열 시작점 문제)""으로 분류하고 2023년 값을 과거로 이월하는 것은 존재하지 않는 시계열 구간을 만드는 것이라 보간 불가로 판단했으므로 boundary_carry를 적용하지 않고 결측으로 유지한다."
울산,postpartum_center_supply,2017,산후조리원 보급도,leading_missing,,,,,False,False,not_applicable,원자료 부재,confirmed,keep_missing,True,False,True,,,postpartum_before_source_start,reports/20260725_구조환경지표_통합파일_결측치_검증_결과.md:59,"승인된 원자료는 2023년부터 존재한다. 20260725 검증 리포트가 이 구간을 ""통계 자체가 최근에 신설됨(시계열 시작점 문제)""으로 분류하고 2023년 값을 과거로 이월하는 것은 존재하지 않는 시계열 구간을 만드는 것이라 보간 불가로 판단했으므로 boundary_carry를 적용하지 않고 결측으로 유지한다."
울산,postpartum_center_supply,2018,산후조리원 보급도,leading_missing,,,,,False,False,not_applicable,원자료 부재,confirmed,keep_missing,True,False,True,,,postpartum_before_source_start,reports/20260725_구조환경지표_통합파일_결측치_검증_결과.md:59,"승인된 원자료는 2023년부터 존재한다. 20260725 검증 리포트가 이 구간을 ""통계 자체가 최근에 신설됨(시계열 시작점 문제)""으로 분류하고 2023년 값을 과거로 이월하는 것은 존재하지 않는 시계열 구간을 만드는 것이라 보간 불가로 판단했으므로 boundary_carry를 적용하지 않고 결측으로 유지한다."
울산,postpartum_center_supply,2019,산후조리원 보급도,leading_missing,,,,,False,False,not_applicable,원자료 부재,confirmed,keep_missing,True,False,True,,,postpartum_before_source_start,reports/20260725_구조환경지표_통합파일_결측치_검증_결과.md:59,"승인된 원자료는 2023년부터 존재한다. 20260725 검증 리포트가 이 구간을 ""통계 자체가 최근에 신설됨(시계열 시작점 문제)""으로 분류하고 2023년 값을 과거로 이월하는 것은 존재하지 않는 시계열 구간을 만드는 것이라 보간 불가로 판단했으므로 boundary_carry를 적용하지 않고 결측으로 유지한다."
울산,postpartum_center_supply,2020,산후조리원 보급도,leading_missing,,,,,False,False,not_applicable,원자료 부재,confirmed,keep_missing,True,False,True,,,postpartum_before_source_start,reports/20260725_구조환경지표_통합파일_결측치_검증_결과.md:59,"승인된 원자료는 2023년부터 존재한다. 20260725 검증 리포트가 이 구간을 ""통계 자체가 최근에 신설됨(시계열 시작점 문제)""으로 분류하고 2023년 값을 과거로 이월하는 것은 존재하지 않는 시계열 구간을 만드는 것이라 보간 불가로 판단했으므로 boundary_carry를 적용하지 않고 결측으로 유지한다."
울산,postpartum_center_supply,2021,산후조리원 보급도,leading_missing,,,,,False,False,not_applicable,원자료 부재,confirmed,keep_missing,True,False,True,,,postpartum_before_source_start,reports/20260725_구조환경지표_통합파일_결측치_검증_결과.md:59,"승인된 원자료는 2023년부터 존재한다. 20260725 검증 리포트가 이 구간을 ""통계 자체가 최근에 신설됨(시계열 시작점 문제)""으로 분류하고 2023년 값을 과거로 이월하는 것은 존재하지 않는 시계열 구간을 만드는 것이라 보간 불가로 판단했으므로 boundary_carry를 적용하지 않고 결측으로 유지한다."
울산,postpartum_center_supply,2022,산후조리원 보급도,leading_missing,,,,,False,False,not_applicable,원자료 부재,confirmed,keep_missing,True,False,True,,,postpartum_before_source_start,reports/20260725_구조환경지표_통합파일_결측치_검증_결과.md:59,"승인된 원자료는 2023년부터 존재한다. 20260725 검증 리포트가 이 구간을 ""통계 자체가 최근에 신설됨(시계열 시작점 문제)""으로 분류하고 2023년 값을 과거로 이월하는 것은 존재하지 않는 시계열 구간을 만드는 것이라 보간 불가로 판단했으므로 boundary_carry를 적용하지 않고 결측으로 유지한다."
울산,social_safety_perception,2017,사회 안전에 대한 인식,intermediate_missing,,,,,False,False,not_applicable,조사 비실시 연도,confirmed,linear_interpolation,False,True,True,,,social_survey_interior_non_survey,configs/structural_indicators_verification.yaml:460,2016·2018·2020·2022·2024 관측값 사이의 비조사연도이다.
울산,social_safety_perception,2019,사회 안전에 대한 인식,intermediate_missing,,,,,False,False,not_applicable,조사 비실시 연도,confirmed,linear_interpolation,False,True,True,,,social_survey_interior_non_survey,configs/structural_indicators_verification.yaml:460,2016·2018·2020·2022·2024 관측값 사이의 비조사연도이다.
울산,social_safety_perception,2021,사회 안전에 대한 인식,intermediate_missing,,,,,False,False,not_applicable,조사 비실시 연도,confirmed,linear_interpolation,False,True,True,,,social_survey_interior_non_survey,configs/structural_indicators_verification.yaml:460,2016·2018·2020·2022·2024 관측값 사이의 비조사연도이다.
울산,social_safety_perception,2023,사회 안전에 대한 인식,intermediate_missing,,,,,False,False,not_applicable,조사 비실시 연도,confirmed,linear_interpolation,False,True,True,,,social_survey_interior_non_survey,configs/structural_indicators_verification.yaml:460,2016·2018·2020·2022·2024 관측값 사이의 비조사연도이다.
울산,socioeconomic_status_perception,2016,사회경제적 지위에 대한 인식,leading_missing,2020,4,backward,4,True,True,high,조사 비실시 연도,confirmed,boundary_carry,False,True,False,,,family_survey_boundary_non_survey,configs/structural_indicators_verification.yaml:790,2020·2023 관측 범위 밖의 비조사연도이며 본계열 boundary carry 후보이다.
울산,socioeconomic_status_perception,2017,사회경제적 지위에 대한 인식,leading_missing,2020,3,backward,4,True,True,high,조사 비실시 연도,confirmed,boundary_carry,False,True,False,,,family_survey_boundary_non_survey,configs/structural_indicators_verification.yaml:790,2020·2023 관측 범위 밖의 비조사연도이며 본계열 boundary carry 후보이다.
울산,socioeconomic_status_perception,2018,사회경제적 지위에 대한 인식,leading_missing,2020,2,backward,4,True,True,high,조사 비실시 연도,confirmed,boundary_carry,False,True,False,,,family_survey_boundary_non_survey,configs/structural_indicators_verification.yaml:790,2020·2023 관측 범위 밖의 비조사연도이며 본계열 boundary carry 후보이다.
울산,socioeconomic_status_perception,2019,사회경제적 지위에 대한 인식,leading_missing,2020,1,backward,4,True,True,high,조사 비실시 연도,confirmed,boundary_carry,False,True,False,,,family_survey_boundary_non_survey,configs/structural_indicators_verification.yaml:790,2020·2023 관측 범위 밖의 비조사연도이며 본계열 boundary carry 후보이다.
울산,socioeconomic_status_perception,2021,사회경제적 지위에 대한 인식,intermediate_missing,,,,,False,False,not_applicable,조사 비실시 연도,confirmed,linear_interpolation,False,True,False,,,family_survey_interior_non_survey,configs/structural_indicators_verification.yaml:790,2020년과 2023년 실제 관측값 사이의 비조사연도이다.
울산,socioeconomic_status_perception,2022,사회경제적 지위에 대한 인식,intermediate_missing,,,,,False,False,not_applicable,조사 비실시 연도,confirmed,linear_interpolation,False,True,False,,,family_survey_interior_non_survey,configs/structural_indicators_verification.yaml:790,2020년과 2023년 실제 관측값 사이의 비조사연도이다.
울산,socioeconomic_status_perception,2024,사회경제적 지위에 대한 인식,trailing_missing,2023,1,forward,1,False,True,medium,조사 비실시 연도,confirmed,boundary_carry,False,True,False,,,family_survey_boundary_non_survey,configs/structural_indicators_verification.yaml:790,2020·2023 관측 범위 밖의 비조사연도이며 본계열 boundary carry 후보이다.
인천,childbirth_perception,2016,출산에 대한 인식,leading_missing,2018,2,backward,2,True,True,high,조사 비실시 연도,confirmed,boundary_carry,False,True,True,,,childbirth_leading_non_survey,configs/structural_indicators_verification.yaml:576,지표의 첫 비교 가능 관측연도인 2018년 이전 구간이다.
인천,childbirth_perception,2017,출산에 대한 인식,leading_missing,2018,1,backward,2,True,True,high,조사 비실시 연도,confirmed,boundary_carry,False,True,True,,,childbirth_leading_non_survey,configs/structural_indicators_verification.yaml:576,지표의 첫 비교 가능 관측연도인 2018년 이전 구간이다.
인천,childbirth_perception,2019,출산에 대한 인식,intermediate_missing,,,,,False,False,not_applicable,조사 비실시 연도,confirmed,linear_interpolation,False,True,True,,,childbirth_interior_non_survey,configs/structural_indicators_verification.yaml:576,2018·2020·2022·2024 관측값 사이의 비조사연도이다.
인천,childbirth_perception,2021,출산에 대한 인식,intermediate_missing,,,,,False,False,not_applicable,조사 비실시 연도,confirmed,linear_interpolation,False,True,True,,,childbirth_interior_non_survey,configs/structural_indicators_verification.yaml:576,2018·2020·2022·2024 관측값 사이의 비조사연도이다.
인천,childbirth_perception,2023,출산에 대한 인식,intermediate_missing,,,,,False,False,not_applicable,조사 비실시 연도,confirmed,linear_interpolation,False,True,True,,,childbirth_interior_non_survey,configs/structural_indicators_verification.yaml:576,2018·2020·2022·2024 관측값 사이의 비조사연도이다.
인천,childcare_equal_participation,2016,돌봄노동 공동 참여도,leading_missing,2020,4,backward,4,True,True,high,조사 비실시 연도,confirmed,boundary_carry,False,True,False,,,family_survey_boundary_non_survey,configs/structural_indicators_verification.yaml:790,2020·2023 관측 범위 밖의 비조사연도이며 본계열 boundary carry 후보이다.
인천,childcare_equal_participation,2017,돌봄노동 공동 참여도,leading_missing,2020,3,backward,4,True,True,high,조사 비실시 연도,confirmed,boundary_carry,False,True,False,,,family_survey_boundary_non_survey,configs/structural_indicators_verification.yaml:790,2020·2023 관측 범위 밖의 비조사연도이며 본계열 boundary carry 후보이다.
인천,childcare_equal_participation,2018,돌봄노동 공동 참여도,leading_missing,2020,2,backward,4,True,True,high,조사 비실시 연도,confirmed,boundary_carry,False,True,False,,,family_survey_boundary_non_survey,configs/structural_indicators_verification.yaml:790,2020·2023 관측 범위 밖의 비조사연도이며 본계열 boundary carry 후보이다.
인천,childcare_equal_participation,2019,돌봄노동 공동 참여도,leading_missing,2020,1,backward,4,True,True,high,조사 비실시 연도,confirmed,boundary_carry,False,True,False,,,family_survey_boundary_non_survey,configs/structural_indicators_verification.yaml:790,2020·2023 관측 범위 밖의 비조사연도이며 본계열 boundary carry 후보이다.
인천,childcare_equal_participation,2021,돌봄노동 공동 참여도,intermediate_missing,,,,,False,False,not_applicable,조사 비실시 연도,confirmed,linear_interpolation,False,True,False,,,family_survey_interior_non_survey,configs/structural_indicators_verification.yaml:790,2020년과 2023년 실제 관측값 사이의 비조사연도이다.
인천,childcare_equal_participation,2022,돌봄노동 공동 참여도,intermediate_missing,,,,,False,False,not_applicable,조사 비실시 연도,confirmed,linear_interpolation,False,True,False,,,family_survey_interior_non_survey,configs/structural_indicators_verification.yaml:790,2020년과 2023년 실제 관측값 사이의 비조사연도이다.
인천,childcare_equal_participation,2024,돌봄노동 공동 참여도,trailing_missing,2023,1,forward,1,False,True,medium,조사 비실시 연도,confirmed,boundary_carry,False,True,False,,,family_survey_boundary_non_survey,configs/structural_indicators_verification.yaml:790,2020·2023 관측 범위 밖의 비조사연도이며 본계열 boundary carry 후보이다.
인천,delivery_bed_supply,2016,(대체)분만실 병상수 보급도,leading_missing,,,,,False,False,not_applicable,원자료 부재,confirmed,keep_missing,True,False,True,,,delivery_bed_before_source_start,reports/20260725_구조환경지표_통합파일_결측치_검증_결과.md:59,"원자료는 2018년 3분기부터 시작한다. 20260725 검증 리포트가 이 구간을 ""통계 자체가 최근에 신설됨(시계열 시작점 문제)""으로 분류하고 보간(경계값 이월 포함) 불가로 판단했으므로 boundary_carry를 적용하지 않고 결측으로 유지한다."
인천,delivery_bed_supply,2017,(대체)분만실 병상수 보급도,leading_missing,,,,,False,False,not_applicable,원자료 부재,confirmed,keep_missing,True,False,True,,,delivery_bed_before_source_start,reports/20260725_구조환경지표_통합파일_결측치_검증_결과.md:59,"원자료는 2018년 3분기부터 시작한다. 20260725 검증 리포트가 이 구간을 ""통계 자체가 최근에 신설됨(시계열 시작점 문제)""으로 분류하고 보간(경계값 이월 포함) 불가로 판단했으므로 boundary_carry를 적용하지 않고 결측으로 유지한다."
인천,family_friendly_certification_rate,2016,가족친화 인증기업 비율,leading_missing,,,,,False,False,not_applicable,원인 미확정,unresolved,pending_review,True,False,True,auxiliary_raking_composition_ratio,,family_friendly_provincial_unresolved,configs/structural_indicators_verification.yaml:518,"공식 명단을 확보하지 못한 17개 시도의 2016·2017·2019년 51건은 임의 대체하지 않는다. 2019(중간 결측)는 2018·2020 선형보간 후 전국 실측 합계로 raking, 2016·2017(선행 결측)은 2018년 지역 구성비 × 해당 연도 전국 실측 합계로 추정한 보조 시나리오만 별도 열에 기록한다(`reports/20260805_가족친화_지역별_51건_보조시나리오_후보.csv`)."
인천,family_friendly_certification_rate,2017,가족친화 인증기업 비율,leading_missing,,,,,False,False,not_applicable,원인 미확정,unresolved,pending_review,True,False,True,auxiliary_raking_composition_ratio,,family_friendly_provincial_unresolved,configs/structural_indicators_verification.yaml:518,"공식 명단을 확보하지 못한 17개 시도의 2016·2017·2019년 51건은 임의 대체하지 않는다. 2019(중간 결측)는 2018·2020 선형보간 후 전국 실측 합계로 raking, 2016·2017(선행 결측)은 2018년 지역 구성비 × 해당 연도 전국 실측 합계로 추정한 보조 시나리오만 별도 열에 기록한다(`reports/20260805_가족친화_지역별_51건_보조시나리오_후보.csv`)."
인천,family_friendly_certification_rate,2019,가족친화 인증기업 비율,intermediate_missing,,,,,False,False,not_applicable,원인 미확정,unresolved,pending_review,True,False,True,auxiliary_raking_composition_ratio,,family_friendly_provincial_unresolved,configs/structural_indicators_verification.yaml:518,"공식 명단을 확보하지 못한 17개 시도의 2016·2017·2019년 51건은 임의 대체하지 않는다. 2019(중간 결측)는 2018·2020 선형보간 후 전국 실측 합계로 raking, 2016·2017(선행 결측)은 2018년 지역 구성비 × 해당 연도 전국 실측 합계로 추정한 보조 시나리오만 별도 열에 기록한다(`reports/20260805_가족친화_지역별_51건_보조시나리오_후보.csv`)."
인천,household_chore_equal_participation,2016,가사노동 공동 참여도,leading_missing,2020,4,backward,4,True,True,high,조사 비실시 연도,confirmed,boundary_carry,False,True,False,,,family_survey_boundary_non_survey,configs/structural_indicators_verification.yaml:790,2020·2023 관측 범위 밖의 비조사연도이며 본계열 boundary carry 후보이다.
인천,household_chore_equal_participation,2017,가사노동 공동 참여도,leading_missing,2020,3,backward,4,True,True,high,조사 비실시 연도,confirmed,boundary_carry,False,True,False,,,family_survey_boundary_non_survey,configs/structural_indicators_verification.yaml:790,2020·2023 관측 범위 밖의 비조사연도이며 본계열 boundary carry 후보이다.
인천,household_chore_equal_participation,2018,가사노동 공동 참여도,leading_missing,2020,2,backward,4,True,True,high,조사 비실시 연도,confirmed,boundary_carry,False,True,False,,,family_survey_boundary_non_survey,configs/structural_indicators_verification.yaml:790,2020·2023 관측 범위 밖의 비조사연도이며 본계열 boundary carry 후보이다.
인천,household_chore_equal_participation,2019,가사노동 공동 참여도,leading_missing,2020,1,backward,4,True,True,high,조사 비실시 연도,confirmed,boundary_carry,False,True,False,,,family_survey_boundary_non_survey,configs/structural_indicators_verification.yaml:790,2020·2023 관측 범위 밖의 비조사연도이며 본계열 boundary carry 후보이다.
인천,household_chore_equal_participation,2021,가사노동 공동 참여도,intermediate_missing,,,,,False,False,not_applicable,조사 비실시 연도,confirmed,linear_interpolation,False,True,False,,,family_survey_interior_non_survey,configs/structural_indicators_verification.yaml:790,2020년과 2023년 실제 관측값 사이의 비조사연도이다.
인천,household_chore_equal_participation,2022,가사노동 공동 참여도,intermediate_missing,,,,,False,False,not_applicable,조사 비실시 연도,confirmed,linear_interpolation,False,True,False,,,family_survey_interior_non_survey,configs/structural_indicators_verification.yaml:790,2020년과 2023년 실제 관측값 사이의 비조사연도이다.
인천,household_chore_equal_participation,2024,가사노동 공동 참여도,trailing_missing,2023,1,forward,1,False,True,medium,조사 비실시 연도,confirmed,boundary_carry,False,True,False,,,family_survey_boundary_non_survey,configs/structural_indicators_verification.yaml:790,2020·2023 관측 범위 밖의 비조사연도이며 본계열 boundary carry 후보이다.
인천,housework_gender_equality,2017,가사분담에 대한 성평등 인식,intermediate_missing,,,,,False,False,not_applicable,조사 비실시 연도,confirmed,pending_review,True,False,True,,,nonlinear_housework_pending_review,reports/20260725_구조환경지표_통합파일_결측치_검증_결과.md:78,비선형 변환 전 구성요소와 변환 후 지표 중 어느 단계에서 처리할지 검토가 필요하다.
인천,housework_gender_equality,2019,가사분담에 대한 성평등 인식,intermediate_missing,,,,,False,False,not_applicable,조사 비실시 연도,confirmed,pending_review,True,False,True,,,nonlinear_housework_pending_review,reports/20260725_구조환경지표_통합파일_결측치_검증_결과.md:78,비선형 변환 전 구성요소와 변환 후 지표 중 어느 단계에서 처리할지 검토가 필요하다.
인천,housework_gender_equality,2021,가사분담에 대한 성평등 인식,intermediate_missing,,,,,False,False,not_applicable,조사 비실시 연도,confirmed,pending_review,True,False,True,,,nonlinear_housework_pending_review,reports/20260725_구조환경지표_통합파일_결측치_검증_결과.md:78,비선형 변환 전 구성요소와 변환 후 지표 중 어느 단계에서 처리할지 검토가 필요하다.
인천,housework_gender_equality,2023,가사분담에 대한 성평등 인식,intermediate_missing,,,,,False,False,not_applicable,조사 비실시 연도,confirmed,pending_review,True,False,True,,,nonlinear_housework_pending_review,reports/20260725_구조환경지표_통합파일_결측치_검증_결과.md:78,비선형 변환 전 구성요소와 변환 후 지표 중 어느 단계에서 처리할지 검토가 필요하다.
인천,income_satisfaction,2016,소득만족도,leading_missing,2017,1,backward,1,False,True,medium,조사 비실시 연도,confirmed,boundary_carry,False,True,True,auxiliary_boundary_interpolation,2015,income_leisure_leading_non_survey,configs/structural_indicators_verification.yaml:145,본계열은 boundary carry 후보이며 2015년 값은 별도 보조 시나리오에서만 사용한다.
인천,income_satisfaction,2018,소득만족도,intermediate_missing,,,,,False,False,not_applicable,조사 비실시 연도,confirmed,linear_interpolation,False,True,True,,,income_leisure_interior_non_survey,reports/20260725_구조환경지표_통합파일_결측치_검증_결과.md:57,실제 관측값 사이의 비조사연도로 본계열 선형보간 후보이다.
인천,income_satisfaction,2020,소득만족도,intermediate_missing,,,,,False,False,not_applicable,조사 비실시 연도,confirmed,linear_interpolation,False,True,True,,,income_leisure_interior_non_survey,reports/20260725_구조환경지표_통합파일_결측치_검증_결과.md:57,실제 관측값 사이의 비조사연도로 본계열 선형보간 후보이다.
인천,income_satisfaction,2022,소득만족도,intermediate_missing,,,,,False,False,not_applicable,조사 비실시 연도,confirmed,linear_interpolation,False,True,True,,,income_leisure_interior_non_survey,reports/20260725_구조환경지표_통합파일_결측치_검증_결과.md:57,실제 관측값 사이의 비조사연도로 본계열 선형보간 후보이다.
인천,income_satisfaction,2024,소득만족도,trailing_missing,2023,1,forward,1,False,True,medium,조사 비실시 연도,confirmed,boundary_carry,False,True,True,auxiliary_boundary_interpolation,2025,income_leisure_trailing_non_survey,configs/structural_indicators_verification.yaml:145,본계열은 boundary carry 후보이며 2025년 값은 별도 보조 시나리오에서만 사용한다.
인천,leisure_satisfaction,2016,여가생활 만족도,leading_missing,2017,1,backward,1,False,True,medium,조사 비실시 연도,confirmed,boundary_carry,False,True,True,auxiliary_boundary_interpolation,2015,income_leisure_leading_non_survey,configs/structural_indicators_verification.yaml:145,본계열은 boundary carry 후보이며 2015년 값은 별도 보조 시나리오에서만 사용한다.
인천,leisure_satisfaction,2018,여가생활 만족도,intermediate_missing,,,,,False,False,not_applicable,조사 비실시 연도,confirmed,linear_interpolation,False,True,True,,,income_leisure_interior_non_survey,reports/20260725_구조환경지표_통합파일_결측치_검증_결과.md:57,실제 관측값 사이의 비조사연도로 본계열 선형보간 후보이다.
인천,leisure_satisfaction,2020,여가생활 만족도,intermediate_missing,,,,,False,False,not_applicable,조사 비실시 연도,confirmed,linear_interpolation,False,True,True,,,income_leisure_interior_non_survey,reports/20260725_구조환경지표_통합파일_결측치_검증_결과.md:57,실제 관측값 사이의 비조사연도로 본계열 선형보간 후보이다.
인천,leisure_satisfaction,2022,여가생활 만족도,intermediate_missing,,,,,False,False,not_applicable,조사 비실시 연도,confirmed,linear_interpolation,False,True,True,,,income_leisure_interior_non_survey,reports/20260725_구조환경지표_통합파일_결측치_검증_결과.md:57,실제 관측값 사이의 비조사연도로 본계열 선형보간 후보이다.
인천,leisure_satisfaction,2024,여가생활 만족도,trailing_missing,2023,1,forward,1,False,True,medium,조사 비실시 연도,confirmed,boundary_carry,False,True,True,auxiliary_boundary_interpolation,2025,income_leisure_trailing_non_survey,configs/structural_indicators_verification.yaml:145,본계열은 boundary carry 후보이며 2025년 값은 별도 보조 시나리오에서만 사용한다.
인천,marriage_perception,2017,결혼에 대한 인식,intermediate_missing,,,,,False,False,not_applicable,조사 비실시 연도,confirmed,linear_interpolation,False,True,True,,,social_survey_interior_non_survey,configs/structural_indicators_verification.yaml:460,2016·2018·2020·2022·2024 관측값 사이의 비조사연도이다.
인천,marriage_perception,2019,결혼에 대한 인식,intermediate_missing,,,,,False,False,not_applicable,조사 비실시 연도,confirmed,linear_interpolation,False,True,True,,,social_survey_interior_non_survey,configs/structural_indicators_verification.yaml:460,2016·2018·2020·2022·2024 관측값 사이의 비조사연도이다.
인천,marriage_perception,2021,결혼에 대한 인식,intermediate_missing,,,,,False,False,not_applicable,조사 비실시 연도,confirmed,linear_interpolation,False,True,True,,,social_survey_interior_non_survey,configs/structural_indicators_verification.yaml:460,2016·2018·2020·2022·2024 관측값 사이의 비조사연도이다.
인천,marriage_perception,2023,결혼에 대한 인식,intermediate_missing,,,,,False,False,not_applicable,조사 비실시 연도,confirmed,linear_interpolation,False,True,True,,,social_survey_interior_non_survey,configs/structural_indicators_verification.yaml:460,2016·2018·2020·2022·2024 관측값 사이의 비조사연도이다.
인천,postpartum_center_fee,2016,산후조리원 이용 요금,leading_missing,,,,,False,False,not_applicable,원자료 부재,confirmed,keep_missing,True,False,True,,,postpartum_before_source_start,reports/20260725_구조환경지표_통합파일_결측치_검증_결과.md:59,"승인된 원자료는 2023년부터 존재한다. 20260725 검증 리포트가 이 구간을 ""통계 자체가 최근에 신설됨(시계열 시작점 문제)""으로 분류하고 2023년 값을 과거로 이월하는 것은 존재하지 않는 시계열 구간을 만드는 것이라 보간 불가로 판단했으므로 boundary_carry를 적용하지 않고 결측으로 유지한다."
인천,postpartum_center_fee,2017,산후조리원 이용 요금,leading_missing,,,,,False,False,not_applicable,원자료 부재,confirmed,keep_missing,True,False,True,,,postpartum_before_source_start,reports/20260725_구조환경지표_통합파일_결측치_검증_결과.md:59,"승인된 원자료는 2023년부터 존재한다. 20260725 검증 리포트가 이 구간을 ""통계 자체가 최근에 신설됨(시계열 시작점 문제)""으로 분류하고 2023년 값을 과거로 이월하는 것은 존재하지 않는 시계열 구간을 만드는 것이라 보간 불가로 판단했으므로 boundary_carry를 적용하지 않고 결측으로 유지한다."
인천,postpartum_center_fee,2018,산후조리원 이용 요금,leading_missing,,,,,False,False,not_applicable,원자료 부재,confirmed,keep_missing,True,False,True,,,postpartum_before_source_start,reports/20260725_구조환경지표_통합파일_결측치_검증_결과.md:59,"승인된 원자료는 2023년부터 존재한다. 20260725 검증 리포트가 이 구간을 ""통계 자체가 최근에 신설됨(시계열 시작점 문제)""으로 분류하고 2023년 값을 과거로 이월하는 것은 존재하지 않는 시계열 구간을 만드는 것이라 보간 불가로 판단했으므로 boundary_carry를 적용하지 않고 결측으로 유지한다."
인천,postpartum_center_fee,2019,산후조리원 이용 요금,leading_missing,,,,,False,False,not_applicable,원자료 부재,confirmed,keep_missing,True,False,True,,,postpartum_before_source_start,reports/20260725_구조환경지표_통합파일_결측치_검증_결과.md:59,"승인된 원자료는 2023년부터 존재한다. 20260725 검증 리포트가 이 구간을 ""통계 자체가 최근에 신설됨(시계열 시작점 문제)""으로 분류하고 2023년 값을 과거로 이월하는 것은 존재하지 않는 시계열 구간을 만드는 것이라 보간 불가로 판단했으므로 boundary_carry를 적용하지 않고 결측으로 유지한다."
인천,postpartum_center_fee,2020,산후조리원 이용 요금,leading_missing,,,,,False,False,not_applicable,원자료 부재,confirmed,keep_missing,True,False,True,,,postpartum_before_source_start,reports/20260725_구조환경지표_통합파일_결측치_검증_결과.md:59,"승인된 원자료는 2023년부터 존재한다. 20260725 검증 리포트가 이 구간을 ""통계 자체가 최근에 신설됨(시계열 시작점 문제)""으로 분류하고 2023년 값을 과거로 이월하는 것은 존재하지 않는 시계열 구간을 만드는 것이라 보간 불가로 판단했으므로 boundary_carry를 적용하지 않고 결측으로 유지한다."
인천,postpartum_center_fee,2021,산후조리원 이용 요금,leading_missing,,,,,False,False,not_applicable,원자료 부재,confirmed,keep_missing,True,False,True,,,postpartum_before_source_start,reports/20260725_구조환경지표_통합파일_결측치_검증_결과.md:59,"승인된 원자료는 2023년부터 존재한다. 20260725 검증 리포트가 이 구간을 ""통계 자체가 최근에 신설됨(시계열 시작점 문제)""으로 분류하고 2023년 값을 과거로 이월하는 것은 존재하지 않는 시계열 구간을 만드는 것이라 보간 불가로 판단했으므로 boundary_carry를 적용하지 않고 결측으로 유지한다."
인천,postpartum_center_fee,2022,산후조리원 이용 요금,leading_missing,,,,,False,False,not_applicable,원자료 부재,confirmed,keep_missing,True,False,True,,,postpartum_before_source_start,reports/20260725_구조환경지표_통합파일_결측치_검증_결과.md:59,"승인된 원자료는 2023년부터 존재한다. 20260725 검증 리포트가 이 구간을 ""통계 자체가 최근에 신설됨(시계열 시작점 문제)""으로 분류하고 2023년 값을 과거로 이월하는 것은 존재하지 않는 시계열 구간을 만드는 것이라 보간 불가로 판단했으므로 boundary_carry를 적용하지 않고 결측으로 유지한다."
인천,postpartum_center_supply,2016,산후조리원 보급도,leading_missing,,,,,False,False,not_applicable,원자료 부재,confirmed,keep_missing,True,False,True,,,postpartum_before_source_start,reports/20260725_구조환경지표_통합파일_결측치_검증_결과.md:59,"승인된 원자료는 2023년부터 존재한다. 20260725 검증 리포트가 이 구간을 ""통계 자체가 최근에 신설됨(시계열 시작점 문제)""으로 분류하고 2023년 값을 과거로 이월하는 것은 존재하지 않는 시계열 구간을 만드는 것이라 보간 불가로 판단했으므로 boundary_carry를 적용하지 않고 결측으로 유지한다."
인천,postpartum_center_supply,2017,산후조리원 보급도,leading_missing,,,,,False,False,not_applicable,원자료 부재,confirmed,keep_missing,True,False,True,,,postpartum_before_source_start,reports/20260725_구조환경지표_통합파일_결측치_검증_결과.md:59,"승인된 원자료는 2023년부터 존재한다. 20260725 검증 리포트가 이 구간을 ""통계 자체가 최근에 신설됨(시계열 시작점 문제)""으로 분류하고 2023년 값을 과거로 이월하는 것은 존재하지 않는 시계열 구간을 만드는 것이라 보간 불가로 판단했으므로 boundary_carry를 적용하지 않고 결측으로 유지한다."
인천,postpartum_center_supply,2018,산후조리원 보급도,leading_missing,,,,,False,False,not_applicable,원자료 부재,confirmed,keep_missing,True,False,True,,,postpartum_before_source_start,reports/20260725_구조환경지표_통합파일_결측치_검증_결과.md:59,"승인된 원자료는 2023년부터 존재한다. 20260725 검증 리포트가 이 구간을 ""통계 자체가 최근에 신설됨(시계열 시작점 문제)""으로 분류하고 2023년 값을 과거로 이월하는 것은 존재하지 않는 시계열 구간을 만드는 것이라 보간 불가로 판단했으므로 boundary_carry를 적용하지 않고 결측으로 유지한다."
인천,postpartum_center_supply,2019,산후조리원 보급도,leading_missing,,,,,False,False,not_applicable,원자료 부재,confirmed,keep_missing,True,False,True,,,postpartum_before_source_start,reports/20260725_구조환경지표_통합파일_결측치_검증_결과.md:59,"승인된 원자료는 2023년부터 존재한다. 20260725 검증 리포트가 이 구간을 ""통계 자체가 최근에 신설됨(시계열 시작점 문제)""으로 분류하고 2023년 값을 과거로 이월하는 것은 존재하지 않는 시계열 구간을 만드는 것이라 보간 불가로 판단했으므로 boundary_carry를 적용하지 않고 결측으로 유지한다."
인천,postpartum_center_supply,2020,산후조리원 보급도,leading_missing,,,,,False,False,not_applicable,원자료 부재,confirmed,keep_missing,True,False,True,,,postpartum_before_source_start,reports/20260725_구조환경지표_통합파일_결측치_검증_결과.md:59,"승인된 원자료는 2023년부터 존재한다. 20260725 검증 리포트가 이 구간을 ""통계 자체가 최근에 신설됨(시계열 시작점 문제)""으로 분류하고 2023년 값을 과거로 이월하는 것은 존재하지 않는 시계열 구간을 만드는 것이라 보간 불가로 판단했으므로 boundary_carry를 적용하지 않고 결측으로 유지한다."
인천,postpartum_center_supply,2021,산후조리원 보급도,leading_missing,,,,,False,False,not_applicable,원자료 부재,confirmed,keep_missing,True,False,True,,,postpartum_before_source_start,reports/20260725_구조환경지표_통합파일_결측치_검증_결과.md:59,"승인된 원자료는 2023년부터 존재한다. 20260725 검증 리포트가 이 구간을 ""통계 자체가 최근에 신설됨(시계열 시작점 문제)""으로 분류하고 2023년 값을 과거로 이월하는 것은 존재하지 않는 시계열 구간을 만드는 것이라 보간 불가로 판단했으므로 boundary_carry를 적용하지 않고 결측으로 유지한다."
인천,postpartum_center_supply,2022,산후조리원 보급도,leading_missing,,,,,False,False,not_applicable,원자료 부재,confirmed,keep_missing,True,False,True,,,postpartum_before_source_start,reports/20260725_구조환경지표_통합파일_결측치_검증_결과.md:59,"승인된 원자료는 2023년부터 존재한다. 20260725 검증 리포트가 이 구간을 ""통계 자체가 최근에 신설됨(시계열 시작점 문제)""으로 분류하고 2023년 값을 과거로 이월하는 것은 존재하지 않는 시계열 구간을 만드는 것이라 보간 불가로 판단했으므로 boundary_carry를 적용하지 않고 결측으로 유지한다."
인천,social_safety_perception,2017,사회 안전에 대한 인식,intermediate_missing,,,,,False,False,not_applicable,조사 비실시 연도,confirmed,linear_interpolation,False,True,True,,,social_survey_interior_non_survey,configs/structural_indicators_verification.yaml:460,2016·2018·2020·2022·2024 관측값 사이의 비조사연도이다.
인천,social_safety_perception,2019,사회 안전에 대한 인식,intermediate_missing,,,,,False,False,not_applicable,조사 비실시 연도,confirmed,linear_interpolation,False,True,True,,,social_survey_interior_non_survey,configs/structural_indicators_verification.yaml:460,2016·2018·2020·2022·2024 관측값 사이의 비조사연도이다.
인천,social_safety_perception,2021,사회 안전에 대한 인식,intermediate_missing,,,,,False,False,not_applicable,조사 비실시 연도,confirmed,linear_interpolation,False,True,True,,,social_survey_interior_non_survey,configs/structural_indicators_verification.yaml:460,2016·2018·2020·2022·2024 관측값 사이의 비조사연도이다.
인천,social_safety_perception,2023,사회 안전에 대한 인식,intermediate_missing,,,,,False,False,not_applicable,조사 비실시 연도,confirmed,linear_interpolation,False,True,True,,,social_survey_interior_non_survey,configs/structural_indicators_verification.yaml:460,2016·2018·2020·2022·2024 관측값 사이의 비조사연도이다.
인천,socioeconomic_status_perception,2016,사회경제적 지위에 대한 인식,leading_missing,2020,4,backward,4,True,True,high,조사 비실시 연도,confirmed,boundary_carry,False,True,False,,,family_survey_boundary_non_survey,configs/structural_indicators_verification.yaml:790,2020·2023 관측 범위 밖의 비조사연도이며 본계열 boundary carry 후보이다.
인천,socioeconomic_status_perception,2017,사회경제적 지위에 대한 인식,leading_missing,2020,3,backward,4,True,True,high,조사 비실시 연도,confirmed,boundary_carry,False,True,False,,,family_survey_boundary_non_survey,configs/structural_indicators_verification.yaml:790,2020·2023 관측 범위 밖의 비조사연도이며 본계열 boundary carry 후보이다.
인천,socioeconomic_status_perception,2018,사회경제적 지위에 대한 인식,leading_missing,2020,2,backward,4,True,True,high,조사 비실시 연도,confirmed,boundary_carry,False,True,False,,,family_survey_boundary_non_survey,configs/structural_indicators_verification.yaml:790,2020·2023 관측 범위 밖의 비조사연도이며 본계열 boundary carry 후보이다.
인천,socioeconomic_status_perception,2019,사회경제적 지위에 대한 인식,leading_missing,2020,1,backward,4,True,True,high,조사 비실시 연도,confirmed,boundary_carry,False,True,False,,,family_survey_boundary_non_survey,configs/structural_indicators_verification.yaml:790,2020·2023 관측 범위 밖의 비조사연도이며 본계열 boundary carry 후보이다.
인천,socioeconomic_status_perception,2021,사회경제적 지위에 대한 인식,intermediate_missing,,,,,False,False,not_applicable,조사 비실시 연도,confirmed,linear_interpolation,False,True,False,,,family_survey_interior_non_survey,configs/structural_indicators_verification.yaml:790,2020년과 2023년 실제 관측값 사이의 비조사연도이다.
인천,socioeconomic_status_perception,2022,사회경제적 지위에 대한 인식,intermediate_missing,,,,,False,False,not_applicable,조사 비실시 연도,confirmed,linear_interpolation,False,True,False,,,family_survey_interior_non_survey,configs/structural_indicators_verification.yaml:790,2020년과 2023년 실제 관측값 사이의 비조사연도이다.
인천,socioeconomic_status_perception,2024,사회경제적 지위에 대한 인식,trailing_missing,2023,1,forward,1,False,True,medium,조사 비실시 연도,confirmed,boundary_carry,False,True,False,,,family_survey_boundary_non_survey,configs/structural_indicators_verification.yaml:790,2020·2023 관측 범위 밖의 비조사연도이며 본계열 boundary carry 후보이다.
전국,childbirth_perception,2016,출산에 대한 인식,leading_missing,2018,2,backward,2,True,True,high,조사 비실시 연도,confirmed,boundary_carry,False,True,True,,,childbirth_leading_non_survey,configs/structural_indicators_verification.yaml:576,지표의 첫 비교 가능 관측연도인 2018년 이전 구간이다.
전국,childbirth_perception,2017,출산에 대한 인식,leading_missing,2018,1,backward,2,True,True,high,조사 비실시 연도,confirmed,boundary_carry,False,True,True,,,childbirth_leading_non_survey,configs/structural_indicators_verification.yaml:576,지표의 첫 비교 가능 관측연도인 2018년 이전 구간이다.
전국,childbirth_perception,2019,출산에 대한 인식,intermediate_missing,,,,,False,False,not_applicable,조사 비실시 연도,confirmed,linear_interpolation,False,True,True,,,childbirth_interior_non_survey,configs/structural_indicators_verification.yaml:576,2018·2020·2022·2024 관측값 사이의 비조사연도이다.
전국,childbirth_perception,2021,출산에 대한 인식,intermediate_missing,,,,,False,False,not_applicable,조사 비실시 연도,confirmed,linear_interpolation,False,True,True,,,childbirth_interior_non_survey,configs/structural_indicators_verification.yaml:576,2018·2020·2022·2024 관측값 사이의 비조사연도이다.
전국,childbirth_perception,2023,출산에 대한 인식,intermediate_missing,,,,,False,False,not_applicable,조사 비실시 연도,confirmed,linear_interpolation,False,True,True,,,childbirth_interior_non_survey,configs/structural_indicators_verification.yaml:576,2018·2020·2022·2024 관측값 사이의 비조사연도이다.
전국,childcare_equal_participation,2016,돌봄노동 공동 참여도,leading_missing,2020,4,backward,4,True,True,high,조사 비실시 연도,confirmed,boundary_carry,False,True,False,,,family_survey_boundary_non_survey,configs/structural_indicators_verification.yaml:790,2020·2023 관측 범위 밖의 비조사연도이며 본계열 boundary carry 후보이다.
전국,childcare_equal_participation,2017,돌봄노동 공동 참여도,leading_missing,2020,3,backward,4,True,True,high,조사 비실시 연도,confirmed,boundary_carry,False,True,False,,,family_survey_boundary_non_survey,configs/structural_indicators_verification.yaml:790,2020·2023 관측 범위 밖의 비조사연도이며 본계열 boundary carry 후보이다.
전국,childcare_equal_participation,2018,돌봄노동 공동 참여도,leading_missing,2020,2,backward,4,True,True,high,조사 비실시 연도,confirmed,boundary_carry,False,True,False,,,family_survey_boundary_non_survey,configs/structural_indicators_verification.yaml:790,2020·2023 관측 범위 밖의 비조사연도이며 본계열 boundary carry 후보이다.
전국,childcare_equal_participation,2019,돌봄노동 공동 참여도,leading_missing,2020,1,backward,4,True,True,high,조사 비실시 연도,confirmed,boundary_carry,False,True,False,,,family_survey_boundary_non_survey,configs/structural_indicators_verification.yaml:790,2020·2023 관측 범위 밖의 비조사연도이며 본계열 boundary carry 후보이다.
전국,childcare_equal_participation,2021,돌봄노동 공동 참여도,intermediate_missing,,,,,False,False,not_applicable,조사 비실시 연도,confirmed,linear_interpolation,False,True,False,,,family_survey_interior_non_survey,configs/structural_indicators_verification.yaml:790,2020년과 2023년 실제 관측값 사이의 비조사연도이다.
전국,childcare_equal_participation,2022,돌봄노동 공동 참여도,intermediate_missing,,,,,False,False,not_applicable,조사 비실시 연도,confirmed,linear_interpolation,False,True,False,,,family_survey_interior_non_survey,configs/structural_indicators_verification.yaml:790,2020년과 2023년 실제 관측값 사이의 비조사연도이다.
전국,childcare_equal_participation,2024,돌봄노동 공동 참여도,trailing_missing,2023,1,forward,1,False,True,medium,조사 비실시 연도,confirmed,boundary_carry,False,True,False,,,family_survey_boundary_non_survey,configs/structural_indicators_verification.yaml:790,2020·2023 관측 범위 밖의 비조사연도이며 본계열 boundary carry 후보이다.
전국,delivery_bed_supply,2016,(대체)분만실 병상수 보급도,leading_missing,,,,,False,False,not_applicable,원자료 부재,confirmed,keep_missing,True,False,True,,,delivery_bed_before_source_start,reports/20260725_구조환경지표_통합파일_결측치_검증_결과.md:59,"원자료는 2018년 3분기부터 시작한다. 20260725 검증 리포트가 이 구간을 ""통계 자체가 최근에 신설됨(시계열 시작점 문제)""으로 분류하고 보간(경계값 이월 포함) 불가로 판단했으므로 boundary_carry를 적용하지 않고 결측으로 유지한다."
전국,delivery_bed_supply,2017,(대체)분만실 병상수 보급도,leading_missing,,,,,False,False,not_applicable,원자료 부재,confirmed,keep_missing,True,False,True,,,delivery_bed_before_source_start,reports/20260725_구조환경지표_통합파일_결측치_검증_결과.md:59,"원자료는 2018년 3분기부터 시작한다. 20260725 검증 리포트가 이 구간을 ""통계 자체가 최근에 신설됨(시계열 시작점 문제)""으로 분류하고 보간(경계값 이월 포함) 불가로 판단했으므로 boundary_carry를 적용하지 않고 결측으로 유지한다."
전국,family_friendly_certification_rate,2016,가족친화 인증기업 비율,leading_missing,,,,,False,False,not_applicable,원인 미확정,unresolved,pending_review,True,False,True,,,family_friendly_national_unresolved,configs/structural_indicators_verification.yaml:518,이번 직접 복원 범위는 17개 시도 34건이며 전국 5건은 별도 근거 검토 전까지 차단한다.
전국,family_friendly_certification_rate,2017,가족친화 인증기업 비율,leading_missing,,,,,False,False,not_applicable,원인 미확정,unresolved,pending_review,True,False,True,,,family_friendly_national_unresolved,configs/structural_indicators_verification.yaml:518,이번 직접 복원 범위는 17개 시도 34건이며 전국 5건은 별도 근거 검토 전까지 차단한다.
전국,family_friendly_certification_rate,2019,가족친화 인증기업 비율,intermediate_missing,,,,,False,False,not_applicable,원인 미확정,unresolved,pending_review,True,False,True,,,family_friendly_national_unresolved,configs/structural_indicators_verification.yaml:518,이번 직접 복원 범위는 17개 시도 34건이며 전국 5건은 별도 근거 검토 전까지 차단한다.
전국,family_friendly_certification_rate,2020,가족친화 인증기업 비율,intermediate_missing,,,,,False,False,not_applicable,원인 미확정,unresolved,pending_review,True,False,True,,,family_friendly_national_unresolved,configs/structural_indicators_verification.yaml:518,이번 직접 복원 범위는 17개 시도 34건이며 전국 5건은 별도 근거 검토 전까지 차단한다.
전국,family_friendly_certification_rate,2021,가족친화 인증기업 비율,intermediate_missing,,,,,False,False,not_applicable,원인 미확정,unresolved,pending_review,True,False,True,,,family_friendly_national_unresolved,configs/structural_indicators_verification.yaml:518,이번 직접 복원 범위는 17개 시도 34건이며 전국 5건은 별도 근거 검토 전까지 차단한다.
전국,household_chore_equal_participation,2016,가사노동 공동 참여도,leading_missing,2020,4,backward,4,True,True,high,조사 비실시 연도,confirmed,boundary_carry,False,True,False,,,family_survey_boundary_non_survey,configs/structural_indicators_verification.yaml:790,2020·2023 관측 범위 밖의 비조사연도이며 본계열 boundary carry 후보이다.
전국,household_chore_equal_participation,2017,가사노동 공동 참여도,leading_missing,2020,3,backward,4,True,True,high,조사 비실시 연도,confirmed,boundary_carry,False,True,False,,,family_survey_boundary_non_survey,configs/structural_indicators_verification.yaml:790,2020·2023 관측 범위 밖의 비조사연도이며 본계열 boundary carry 후보이다.
전국,household_chore_equal_participation,2018,가사노동 공동 참여도,leading_missing,2020,2,backward,4,True,True,high,조사 비실시 연도,confirmed,boundary_carry,False,True,False,,,family_survey_boundary_non_survey,configs/structural_indicators_verification.yaml:790,2020·2023 관측 범위 밖의 비조사연도이며 본계열 boundary carry 후보이다.
전국,household_chore_equal_participation,2019,가사노동 공동 참여도,leading_missing,2020,1,backward,4,True,True,high,조사 비실시 연도,confirmed,boundary_carry,False,True,False,,,family_survey_boundary_non_survey,configs/structural_indicators_verification.yaml:790,2020·2023 관측 범위 밖의 비조사연도이며 본계열 boundary carry 후보이다.
전국,household_chore_equal_participation,2021,가사노동 공동 참여도,intermediate_missing,,,,,False,False,not_applicable,조사 비실시 연도,confirmed,linear_interpolation,False,True,False,,,family_survey_interior_non_survey,configs/structural_indicators_verification.yaml:790,2020년과 2023년 실제 관측값 사이의 비조사연도이다.
전국,household_chore_equal_participation,2022,가사노동 공동 참여도,intermediate_missing,,,,,False,False,not_applicable,조사 비실시 연도,confirmed,linear_interpolation,False,True,False,,,family_survey_interior_non_survey,configs/structural_indicators_verification.yaml:790,2020년과 2023년 실제 관측값 사이의 비조사연도이다.
전국,household_chore_equal_participation,2024,가사노동 공동 참여도,trailing_missing,2023,1,forward,1,False,True,medium,조사 비실시 연도,confirmed,boundary_carry,False,True,False,,,family_survey_boundary_non_survey,configs/structural_indicators_verification.yaml:790,2020·2023 관측 범위 밖의 비조사연도이며 본계열 boundary carry 후보이다.
전국,housework_gender_equality,2017,가사분담에 대한 성평등 인식,intermediate_missing,,,,,False,False,not_applicable,조사 비실시 연도,confirmed,pending_review,True,False,True,,,nonlinear_housework_pending_review,reports/20260725_구조환경지표_통합파일_결측치_검증_결과.md:78,비선형 변환 전 구성요소와 변환 후 지표 중 어느 단계에서 처리할지 검토가 필요하다.
전국,housework_gender_equality,2019,가사분담에 대한 성평등 인식,intermediate_missing,,,,,False,False,not_applicable,조사 비실시 연도,confirmed,pending_review,True,False,True,,,nonlinear_housework_pending_review,reports/20260725_구조환경지표_통합파일_결측치_검증_결과.md:78,비선형 변환 전 구성요소와 변환 후 지표 중 어느 단계에서 처리할지 검토가 필요하다.
전국,housework_gender_equality,2021,가사분담에 대한 성평등 인식,intermediate_missing,,,,,False,False,not_applicable,조사 비실시 연도,confirmed,pending_review,True,False,True,,,nonlinear_housework_pending_review,reports/20260725_구조환경지표_통합파일_결측치_검증_결과.md:78,비선형 변환 전 구성요소와 변환 후 지표 중 어느 단계에서 처리할지 검토가 필요하다.
전국,housework_gender_equality,2023,가사분담에 대한 성평등 인식,intermediate_missing,,,,,False,False,not_applicable,조사 비실시 연도,confirmed,pending_review,True,False,True,,,nonlinear_housework_pending_review,reports/20260725_구조환경지표_통합파일_결측치_검증_결과.md:78,비선형 변환 전 구성요소와 변환 후 지표 중 어느 단계에서 처리할지 검토가 필요하다.
전국,income_satisfaction,2016,소득만족도,leading_missing,2017,1,backward,1,False,True,medium,조사 비실시 연도,confirmed,boundary_carry,False,True,True,auxiliary_boundary_interpolation,2015,income_leisure_leading_non_survey,configs/structural_indicators_verification.yaml:145,본계열은 boundary carry 후보이며 2015년 값은 별도 보조 시나리오에서만 사용한다.
전국,income_satisfaction,2018,소득만족도,intermediate_missing,,,,,False,False,not_applicable,조사 비실시 연도,confirmed,linear_interpolation,False,True,True,,,income_leisure_interior_non_survey,reports/20260725_구조환경지표_통합파일_결측치_검증_결과.md:57,실제 관측값 사이의 비조사연도로 본계열 선형보간 후보이다.
전국,income_satisfaction,2020,소득만족도,intermediate_missing,,,,,False,False,not_applicable,조사 비실시 연도,confirmed,linear_interpolation,False,True,True,,,income_leisure_interior_non_survey,reports/20260725_구조환경지표_통합파일_결측치_검증_결과.md:57,실제 관측값 사이의 비조사연도로 본계열 선형보간 후보이다.
전국,income_satisfaction,2022,소득만족도,intermediate_missing,,,,,False,False,not_applicable,조사 비실시 연도,confirmed,linear_interpolation,False,True,True,,,income_leisure_interior_non_survey,reports/20260725_구조환경지표_통합파일_결측치_검증_결과.md:57,실제 관측값 사이의 비조사연도로 본계열 선형보간 후보이다.
전국,income_satisfaction,2024,소득만족도,trailing_missing,2023,1,forward,1,False,True,medium,조사 비실시 연도,confirmed,boundary_carry,False,True,True,auxiliary_boundary_interpolation,2025,income_leisure_trailing_non_survey,configs/structural_indicators_verification.yaml:145,본계열은 boundary carry 후보이며 2025년 값은 별도 보조 시나리오에서만 사용한다.
전국,leisure_satisfaction,2016,여가생활 만족도,leading_missing,2017,1,backward,1,False,True,medium,조사 비실시 연도,confirmed,boundary_carry,False,True,True,auxiliary_boundary_interpolation,2015,income_leisure_leading_non_survey,configs/structural_indicators_verification.yaml:145,본계열은 boundary carry 후보이며 2015년 값은 별도 보조 시나리오에서만 사용한다.
전국,leisure_satisfaction,2018,여가생활 만족도,intermediate_missing,,,,,False,False,not_applicable,조사 비실시 연도,confirmed,linear_interpolation,False,True,True,,,income_leisure_interior_non_survey,reports/20260725_구조환경지표_통합파일_결측치_검증_결과.md:57,실제 관측값 사이의 비조사연도로 본계열 선형보간 후보이다.
전국,leisure_satisfaction,2020,여가생활 만족도,intermediate_missing,,,,,False,False,not_applicable,조사 비실시 연도,confirmed,linear_interpolation,False,True,True,,,income_leisure_interior_non_survey,reports/20260725_구조환경지표_통합파일_결측치_검증_결과.md:57,실제 관측값 사이의 비조사연도로 본계열 선형보간 후보이다.
전국,leisure_satisfaction,2022,여가생활 만족도,intermediate_missing,,,,,False,False,not_applicable,조사 비실시 연도,confirmed,linear_interpolation,False,True,True,,,income_leisure_interior_non_survey,reports/20260725_구조환경지표_통합파일_결측치_검증_결과.md:57,실제 관측값 사이의 비조사연도로 본계열 선형보간 후보이다.
전국,leisure_satisfaction,2024,여가생활 만족도,trailing_missing,2023,1,forward,1,False,True,medium,조사 비실시 연도,confirmed,boundary_carry,False,True,True,auxiliary_boundary_interpolation,2025,income_leisure_trailing_non_survey,configs/structural_indicators_verification.yaml:145,본계열은 boundary carry 후보이며 2025년 값은 별도 보조 시나리오에서만 사용한다.
전국,marriage_perception,2017,결혼에 대한 인식,intermediate_missing,,,,,False,False,not_applicable,조사 비실시 연도,confirmed,linear_interpolation,False,True,True,,,social_survey_interior_non_survey,configs/structural_indicators_verification.yaml:460,2016·2018·2020·2022·2024 관측값 사이의 비조사연도이다.
전국,marriage_perception,2019,결혼에 대한 인식,intermediate_missing,,,,,False,False,not_applicable,조사 비실시 연도,confirmed,linear_interpolation,False,True,True,,,social_survey_interior_non_survey,configs/structural_indicators_verification.yaml:460,2016·2018·2020·2022·2024 관측값 사이의 비조사연도이다.
전국,marriage_perception,2021,결혼에 대한 인식,intermediate_missing,,,,,False,False,not_applicable,조사 비실시 연도,confirmed,linear_interpolation,False,True,True,,,social_survey_interior_non_survey,configs/structural_indicators_verification.yaml:460,2016·2018·2020·2022·2024 관측값 사이의 비조사연도이다.
전국,marriage_perception,2023,결혼에 대한 인식,intermediate_missing,,,,,False,False,not_applicable,조사 비실시 연도,confirmed,linear_interpolation,False,True,True,,,social_survey_interior_non_survey,configs/structural_indicators_verification.yaml:460,2016·2018·2020·2022·2024 관측값 사이의 비조사연도이다.
전국,postpartum_center_fee,2016,산후조리원 이용 요금,leading_missing,,,,,False,False,not_applicable,원자료 부재,confirmed,keep_missing,True,False,True,,,postpartum_before_source_start,reports/20260725_구조환경지표_통합파일_결측치_검증_결과.md:59,"승인된 원자료는 2023년부터 존재한다. 20260725 검증 리포트가 이 구간을 ""통계 자체가 최근에 신설됨(시계열 시작점 문제)""으로 분류하고 2023년 값을 과거로 이월하는 것은 존재하지 않는 시계열 구간을 만드는 것이라 보간 불가로 판단했으므로 boundary_carry를 적용하지 않고 결측으로 유지한다."
전국,postpartum_center_fee,2017,산후조리원 이용 요금,leading_missing,,,,,False,False,not_applicable,원자료 부재,confirmed,keep_missing,True,False,True,,,postpartum_before_source_start,reports/20260725_구조환경지표_통합파일_결측치_검증_결과.md:59,"승인된 원자료는 2023년부터 존재한다. 20260725 검증 리포트가 이 구간을 ""통계 자체가 최근에 신설됨(시계열 시작점 문제)""으로 분류하고 2023년 값을 과거로 이월하는 것은 존재하지 않는 시계열 구간을 만드는 것이라 보간 불가로 판단했으므로 boundary_carry를 적용하지 않고 결측으로 유지한다."
전국,postpartum_center_fee,2018,산후조리원 이용 요금,leading_missing,,,,,False,False,not_applicable,원자료 부재,confirmed,keep_missing,True,False,True,,,postpartum_before_source_start,reports/20260725_구조환경지표_통합파일_결측치_검증_결과.md:59,"승인된 원자료는 2023년부터 존재한다. 20260725 검증 리포트가 이 구간을 ""통계 자체가 최근에 신설됨(시계열 시작점 문제)""으로 분류하고 2023년 값을 과거로 이월하는 것은 존재하지 않는 시계열 구간을 만드는 것이라 보간 불가로 판단했으므로 boundary_carry를 적용하지 않고 결측으로 유지한다."
전국,postpartum_center_fee,2019,산후조리원 이용 요금,leading_missing,,,,,False,False,not_applicable,원자료 부재,confirmed,keep_missing,True,False,True,,,postpartum_before_source_start,reports/20260725_구조환경지표_통합파일_결측치_검증_결과.md:59,"승인된 원자료는 2023년부터 존재한다. 20260725 검증 리포트가 이 구간을 ""통계 자체가 최근에 신설됨(시계열 시작점 문제)""으로 분류하고 2023년 값을 과거로 이월하는 것은 존재하지 않는 시계열 구간을 만드는 것이라 보간 불가로 판단했으므로 boundary_carry를 적용하지 않고 결측으로 유지한다."
전국,postpartum_center_fee,2020,산후조리원 이용 요금,leading_missing,,,,,False,False,not_applicable,원자료 부재,confirmed,keep_missing,True,False,True,,,postpartum_before_source_start,reports/20260725_구조환경지표_통합파일_결측치_검증_결과.md:59,"승인된 원자료는 2023년부터 존재한다. 20260725 검증 리포트가 이 구간을 ""통계 자체가 최근에 신설됨(시계열 시작점 문제)""으로 분류하고 2023년 값을 과거로 이월하는 것은 존재하지 않는 시계열 구간을 만드는 것이라 보간 불가로 판단했으므로 boundary_carry를 적용하지 않고 결측으로 유지한다."
전국,postpartum_center_fee,2021,산후조리원 이용 요금,leading_missing,,,,,False,False,not_applicable,원자료 부재,confirmed,keep_missing,True,False,True,,,postpartum_before_source_start,reports/20260725_구조환경지표_통합파일_결측치_검증_결과.md:59,"승인된 원자료는 2023년부터 존재한다. 20260725 검증 리포트가 이 구간을 ""통계 자체가 최근에 신설됨(시계열 시작점 문제)""으로 분류하고 2023년 값을 과거로 이월하는 것은 존재하지 않는 시계열 구간을 만드는 것이라 보간 불가로 판단했으므로 boundary_carry를 적용하지 않고 결측으로 유지한다."
전국,postpartum_center_fee,2022,산후조리원 이용 요금,leading_missing,,,,,False,False,not_applicable,원자료 부재,confirmed,keep_missing,True,False,True,,,postpartum_before_source_start,reports/20260725_구조환경지표_통합파일_결측치_검증_결과.md:59,"승인된 원자료는 2023년부터 존재한다. 20260725 검증 리포트가 이 구간을 ""통계 자체가 최근에 신설됨(시계열 시작점 문제)""으로 분류하고 2023년 값을 과거로 이월하는 것은 존재하지 않는 시계열 구간을 만드는 것이라 보간 불가로 판단했으므로 boundary_carry를 적용하지 않고 결측으로 유지한다."
전국,postpartum_center_supply,2016,산후조리원 보급도,leading_missing,,,,,False,False,not_applicable,원자료 부재,confirmed,keep_missing,True,False,True,,,postpartum_before_source_start,reports/20260725_구조환경지표_통합파일_결측치_검증_결과.md:59,"승인된 원자료는 2023년부터 존재한다. 20260725 검증 리포트가 이 구간을 ""통계 자체가 최근에 신설됨(시계열 시작점 문제)""으로 분류하고 2023년 값을 과거로 이월하는 것은 존재하지 않는 시계열 구간을 만드는 것이라 보간 불가로 판단했으므로 boundary_carry를 적용하지 않고 결측으로 유지한다."
전국,postpartum_center_supply,2017,산후조리원 보급도,leading_missing,,,,,False,False,not_applicable,원자료 부재,confirmed,keep_missing,True,False,True,,,postpartum_before_source_start,reports/20260725_구조환경지표_통합파일_결측치_검증_결과.md:59,"승인된 원자료는 2023년부터 존재한다. 20260725 검증 리포트가 이 구간을 ""통계 자체가 최근에 신설됨(시계열 시작점 문제)""으로 분류하고 2023년 값을 과거로 이월하는 것은 존재하지 않는 시계열 구간을 만드는 것이라 보간 불가로 판단했으므로 boundary_carry를 적용하지 않고 결측으로 유지한다."
전국,postpartum_center_supply,2018,산후조리원 보급도,leading_missing,,,,,False,False,not_applicable,원자료 부재,confirmed,keep_missing,True,False,True,,,postpartum_before_source_start,reports/20260725_구조환경지표_통합파일_결측치_검증_결과.md:59,"승인된 원자료는 2023년부터 존재한다. 20260725 검증 리포트가 이 구간을 ""통계 자체가 최근에 신설됨(시계열 시작점 문제)""으로 분류하고 2023년 값을 과거로 이월하는 것은 존재하지 않는 시계열 구간을 만드는 것이라 보간 불가로 판단했으므로 boundary_carry를 적용하지 않고 결측으로 유지한다."
전국,postpartum_center_supply,2019,산후조리원 보급도,leading_missing,,,,,False,False,not_applicable,원자료 부재,confirmed,keep_missing,True,False,True,,,postpartum_before_source_start,reports/20260725_구조환경지표_통합파일_결측치_검증_결과.md:59,"승인된 원자료는 2023년부터 존재한다. 20260725 검증 리포트가 이 구간을 ""통계 자체가 최근에 신설됨(시계열 시작점 문제)""으로 분류하고 2023년 값을 과거로 이월하는 것은 존재하지 않는 시계열 구간을 만드는 것이라 보간 불가로 판단했으므로 boundary_carry를 적용하지 않고 결측으로 유지한다."
전국,postpartum_center_supply,2020,산후조리원 보급도,leading_missing,,,,,False,False,not_applicable,원자료 부재,confirmed,keep_missing,True,False,True,,,postpartum_before_source_start,reports/20260725_구조환경지표_통합파일_결측치_검증_결과.md:59,"승인된 원자료는 2023년부터 존재한다. 20260725 검증 리포트가 이 구간을 ""통계 자체가 최근에 신설됨(시계열 시작점 문제)""으로 분류하고 2023년 값을 과거로 이월하는 것은 존재하지 않는 시계열 구간을 만드는 것이라 보간 불가로 판단했으므로 boundary_carry를 적용하지 않고 결측으로 유지한다."
전국,postpartum_center_supply,2021,산후조리원 보급도,leading_missing,,,,,False,False,not_applicable,원자료 부재,confirmed,keep_missing,True,False,True,,,postpartum_before_source_start,reports/20260725_구조환경지표_통합파일_결측치_검증_결과.md:59,"승인된 원자료는 2023년부터 존재한다. 20260725 검증 리포트가 이 구간을 ""통계 자체가 최근에 신설됨(시계열 시작점 문제)""으로 분류하고 2023년 값을 과거로 이월하는 것은 존재하지 않는 시계열 구간을 만드는 것이라 보간 불가로 판단했으므로 boundary_carry를 적용하지 않고 결측으로 유지한다."
전국,postpartum_center_supply,2022,산후조리원 보급도,leading_missing,,,,,False,False,not_applicable,원자료 부재,confirmed,keep_missing,True,False,True,,,postpartum_before_source_start,reports/20260725_구조환경지표_통합파일_결측치_검증_결과.md:59,"승인된 원자료는 2023년부터 존재한다. 20260725 검증 리포트가 이 구간을 ""통계 자체가 최근에 신설됨(시계열 시작점 문제)""으로 분류하고 2023년 값을 과거로 이월하는 것은 존재하지 않는 시계열 구간을 만드는 것이라 보간 불가로 판단했으므로 boundary_carry를 적용하지 않고 결측으로 유지한다."
전국,social_safety_perception,2017,사회 안전에 대한 인식,intermediate_missing,,,,,False,False,not_applicable,조사 비실시 연도,confirmed,linear_interpolation,False,True,True,,,social_survey_interior_non_survey,configs/structural_indicators_verification.yaml:460,2016·2018·2020·2022·2024 관측값 사이의 비조사연도이다.
전국,social_safety_perception,2019,사회 안전에 대한 인식,intermediate_missing,,,,,False,False,not_applicable,조사 비실시 연도,confirmed,linear_interpolation,False,True,True,,,social_survey_interior_non_survey,configs/structural_indicators_verification.yaml:460,2016·2018·2020·2022·2024 관측값 사이의 비조사연도이다.
전국,social_safety_perception,2021,사회 안전에 대한 인식,intermediate_missing,,,,,False,False,not_applicable,조사 비실시 연도,confirmed,linear_interpolation,False,True,True,,,social_survey_interior_non_survey,configs/structural_indicators_verification.yaml:460,2016·2018·2020·2022·2024 관측값 사이의 비조사연도이다.
전국,social_safety_perception,2023,사회 안전에 대한 인식,intermediate_missing,,,,,False,False,not_applicable,조사 비실시 연도,confirmed,linear_interpolation,False,True,True,,,social_survey_interior_non_survey,configs/structural_indicators_verification.yaml:460,2016·2018·2020·2022·2024 관측값 사이의 비조사연도이다.
전국,socioeconomic_status_perception,2016,사회경제적 지위에 대한 인식,leading_missing,2020,4,backward,4,True,True,high,조사 비실시 연도,confirmed,boundary_carry,False,True,False,,,family_survey_boundary_non_survey,configs/structural_indicators_verification.yaml:790,2020·2023 관측 범위 밖의 비조사연도이며 본계열 boundary carry 후보이다.
전국,socioeconomic_status_perception,2017,사회경제적 지위에 대한 인식,leading_missing,2020,3,backward,4,True,True,high,조사 비실시 연도,confirmed,boundary_carry,False,True,False,,,family_survey_boundary_non_survey,configs/structural_indicators_verification.yaml:790,2020·2023 관측 범위 밖의 비조사연도이며 본계열 boundary carry 후보이다.
전국,socioeconomic_status_perception,2018,사회경제적 지위에 대한 인식,leading_missing,2020,2,backward,4,True,True,high,조사 비실시 연도,confirmed,boundary_carry,False,True,False,,,family_survey_boundary_non_survey,configs/structural_indicators_verification.yaml:790,2020·2023 관측 범위 밖의 비조사연도이며 본계열 boundary carry 후보이다.
전국,socioeconomic_status_perception,2019,사회경제적 지위에 대한 인식,leading_missing,2020,1,backward,4,True,True,high,조사 비실시 연도,confirmed,boundary_carry,False,True,False,,,family_survey_boundary_non_survey,configs/structural_indicators_verification.yaml:790,2020·2023 관측 범위 밖의 비조사연도이며 본계열 boundary carry 후보이다.
전국,socioeconomic_status_perception,2021,사회경제적 지위에 대한 인식,intermediate_missing,,,,,False,False,not_applicable,조사 비실시 연도,confirmed,linear_interpolation,False,True,False,,,family_survey_interior_non_survey,configs/structural_indicators_verification.yaml:790,2020년과 2023년 실제 관측값 사이의 비조사연도이다.
전국,socioeconomic_status_perception,2022,사회경제적 지위에 대한 인식,intermediate_missing,,,,,False,False,not_applicable,조사 비실시 연도,confirmed,linear_interpolation,False,True,False,,,family_survey_interior_non_survey,configs/structural_indicators_verification.yaml:790,2020년과 2023년 실제 관측값 사이의 비조사연도이다.
전국,socioeconomic_status_perception,2024,사회경제적 지위에 대한 인식,trailing_missing,2023,1,forward,1,False,True,medium,조사 비실시 연도,confirmed,boundary_carry,False,True,False,,,family_survey_boundary_non_survey,configs/structural_indicators_verification.yaml:790,2020·2023 관측 범위 밖의 비조사연도이며 본계열 boundary carry 후보이다.
전국,work_hours,2016,근로시간,all_period_unobserved,,,,,False,False,not_applicable,원자료 미공표,confirmed,keep_missing,True,False,False,,,work_hours_national_unpublished,reports/20260724_구조환경지표_21개_검증_진행상황.md:212,시도별 공표표에 전국 합계가 없으며 시도 평균으로 만들지 않는다.
전국,work_hours,2017,근로시간,all_period_unobserved,,,,,False,False,not_applicable,원자료 미공표,confirmed,keep_missing,True,False,False,,,work_hours_national_unpublished,reports/20260724_구조환경지표_21개_검증_진행상황.md:212,시도별 공표표에 전국 합계가 없으며 시도 평균으로 만들지 않는다.
전국,work_hours,2018,근로시간,all_period_unobserved,,,,,False,False,not_applicable,원자료 미공표,confirmed,keep_missing,True,False,False,,,work_hours_national_unpublished,reports/20260724_구조환경지표_21개_검증_진행상황.md:212,시도별 공표표에 전국 합계가 없으며 시도 평균으로 만들지 않는다.
전국,work_hours,2019,근로시간,all_period_unobserved,,,,,False,False,not_applicable,원자료 미공표,confirmed,keep_missing,True,False,False,,,work_hours_national_unpublished,reports/20260724_구조환경지표_21개_검증_진행상황.md:212,시도별 공표표에 전국 합계가 없으며 시도 평균으로 만들지 않는다.
전국,work_hours,2020,근로시간,all_period_unobserved,,,,,False,False,not_applicable,원자료 미공표,confirmed,keep_missing,True,False,False,,,work_hours_national_unpublished,reports/20260724_구조환경지표_21개_검증_진행상황.md:212,시도별 공표표에 전국 합계가 없으며 시도 평균으로 만들지 않는다.
전국,work_hours,2021,근로시간,all_period_unobserved,,,,,False,False,not_applicable,원자료 미공표,confirmed,keep_missing,True,False,False,,,work_hours_national_unpublished,reports/20260724_구조환경지표_21개_검증_진행상황.md:212,시도별 공표표에 전국 합계가 없으며 시도 평균으로 만들지 않는다.
전국,work_hours,2022,근로시간,all_period_unobserved,,,,,False,False,not_applicable,원자료 미공표,confirmed,keep_missing,True,False,False,,,work_hours_national_unpublished,reports/20260724_구조환경지표_21개_검증_진행상황.md:212,시도별 공표표에 전국 합계가 없으며 시도 평균으로 만들지 않는다.
전국,work_hours,2023,근로시간,all_period_unobserved,,,,,False,False,not_applicable,원자료 미공표,confirmed,keep_missing,True,False,False,,,work_hours_national_unpublished,reports/20260724_구조환경지표_21개_검증_진행상황.md:212,시도별 공표표에 전국 합계가 없으며 시도 평균으로 만들지 않는다.
전국,work_hours,2024,근로시간,all_period_unobserved,,,,,False,False,not_applicable,원자료 미공표,confirmed,keep_missing,True,False,False,,,work_hours_national_unpublished,reports/20260724_구조환경지표_21개_검증_진행상황.md:212,시도별 공표표에 전국 합계가 없으며 시도 평균으로 만들지 않는다.
전국,youth_regular_employment_rate,2016,청년층 정규직 근로자 비율,all_period_unobserved,,,,,False,False,not_applicable,미산출,unresolved,pending_review,True,False,False,,,youth_regular_national_unresolved,reports/20260804_구조환경지표_28개_보간전_통합패널_QA.md:140,전국값 산출 가능성과 가중치 정책이 확인되지 않아 시도 평균 등으로 대체하지 않는다.
전국,youth_regular_employment_rate,2017,청년층 정규직 근로자 비율,all_period_unobserved,,,,,False,False,not_applicable,미산출,unresolved,pending_review,True,False,False,,,youth_regular_national_unresolved,reports/20260804_구조환경지표_28개_보간전_통합패널_QA.md:140,전국값 산출 가능성과 가중치 정책이 확인되지 않아 시도 평균 등으로 대체하지 않는다.
전국,youth_regular_employment_rate,2018,청년층 정규직 근로자 비율,all_period_unobserved,,,,,False,False,not_applicable,미산출,unresolved,pending_review,True,False,False,,,youth_regular_national_unresolved,reports/20260804_구조환경지표_28개_보간전_통합패널_QA.md:140,전국값 산출 가능성과 가중치 정책이 확인되지 않아 시도 평균 등으로 대체하지 않는다.
전국,youth_regular_employment_rate,2019,청년층 정규직 근로자 비율,all_period_unobserved,,,,,False,False,not_applicable,미산출,unresolved,pending_review,True,False,False,,,youth_regular_national_unresolved,reports/20260804_구조환경지표_28개_보간전_통합패널_QA.md:140,전국값 산출 가능성과 가중치 정책이 확인되지 않아 시도 평균 등으로 대체하지 않는다.
전국,youth_regular_employment_rate,2020,청년층 정규직 근로자 비율,all_period_unobserved,,,,,False,False,not_applicable,미산출,unresolved,pending_review,True,False,False,,,youth_regular_national_unresolved,reports/20260804_구조환경지표_28개_보간전_통합패널_QA.md:140,전국값 산출 가능성과 가중치 정책이 확인되지 않아 시도 평균 등으로 대체하지 않는다.
전국,youth_regular_employment_rate,2021,청년층 정규직 근로자 비율,all_period_unobserved,,,,,False,False,not_applicable,미산출,unresolved,pending_review,True,False,False,,,youth_regular_national_unresolved,reports/20260804_구조환경지표_28개_보간전_통합패널_QA.md:140,전국값 산출 가능성과 가중치 정책이 확인되지 않아 시도 평균 등으로 대체하지 않는다.
전국,youth_regular_employment_rate,2022,청년층 정규직 근로자 비율,all_period_unobserved,,,,,False,False,not_applicable,미산출,unresolved,pending_review,True,False,False,,,youth_regular_national_unresolved,reports/20260804_구조환경지표_28개_보간전_통합패널_QA.md:140,전국값 산출 가능성과 가중치 정책이 확인되지 않아 시도 평균 등으로 대체하지 않는다.
전국,youth_regular_employment_rate,2023,청년층 정규직 근로자 비율,all_period_unobserved,,,,,False,False,not_applicable,미산출,unresolved,pending_review,True,False,False,,,youth_regular_national_unresolved,reports/20260804_구조환경지표_28개_보간전_통합패널_QA.md:140,전국값 산출 가능성과 가중치 정책이 확인되지 않아 시도 평균 등으로 대체하지 않는다.
전국,youth_regular_employment_rate,2024,청년층 정규직 근로자 비율,all_period_unobserved,,,,,False,False,not_applicable,미산출,unresolved,pending_review,True,False,False,,,youth_regular_national_unresolved,reports/20260804_구조환경지표_28개_보간전_통합패널_QA.md:140,전국값 산출 가능성과 가중치 정책이 확인되지 않아 시도 평균 등으로 대체하지 않는다.
전남,childbirth_perception,2016,출산에 대한 인식,leading_missing,2018,2,backward,2,True,True,high,조사 비실시 연도,confirmed,boundary_carry,False,True,True,,,childbirth_leading_non_survey,configs/structural_indicators_verification.yaml:576,지표의 첫 비교 가능 관측연도인 2018년 이전 구간이다.
전남,childbirth_perception,2017,출산에 대한 인식,leading_missing,2018,1,backward,2,True,True,high,조사 비실시 연도,confirmed,boundary_carry,False,True,True,,,childbirth_leading_non_survey,configs/structural_indicators_verification.yaml:576,지표의 첫 비교 가능 관측연도인 2018년 이전 구간이다.
전남,childbirth_perception,2019,출산에 대한 인식,intermediate_missing,,,,,False,False,not_applicable,조사 비실시 연도,confirmed,linear_interpolation,False,True,True,,,childbirth_interior_non_survey,configs/structural_indicators_verification.yaml:576,2018·2020·2022·2024 관측값 사이의 비조사연도이다.
전남,childbirth_perception,2021,출산에 대한 인식,intermediate_missing,,,,,False,False,not_applicable,조사 비실시 연도,confirmed,linear_interpolation,False,True,True,,,childbirth_interior_non_survey,configs/structural_indicators_verification.yaml:576,2018·2020·2022·2024 관측값 사이의 비조사연도이다.
전남,childbirth_perception,2023,출산에 대한 인식,intermediate_missing,,,,,False,False,not_applicable,조사 비실시 연도,confirmed,linear_interpolation,False,True,True,,,childbirth_interior_non_survey,configs/structural_indicators_verification.yaml:576,2018·2020·2022·2024 관측값 사이의 비조사연도이다.
전남,childcare_equal_participation,2016,돌봄노동 공동 참여도,leading_missing,2020,4,backward,4,True,True,high,조사 비실시 연도,confirmed,boundary_carry,False,True,False,,,family_survey_boundary_non_survey,configs/structural_indicators_verification.yaml:790,2020·2023 관측 범위 밖의 비조사연도이며 본계열 boundary carry 후보이다.
전남,childcare_equal_participation,2017,돌봄노동 공동 참여도,leading_missing,2020,3,backward,4,True,True,high,조사 비실시 연도,confirmed,boundary_carry,False,True,False,,,family_survey_boundary_non_survey,configs/structural_indicators_verification.yaml:790,2020·2023 관측 범위 밖의 비조사연도이며 본계열 boundary carry 후보이다.
전남,childcare_equal_participation,2018,돌봄노동 공동 참여도,leading_missing,2020,2,backward,4,True,True,high,조사 비실시 연도,confirmed,boundary_carry,False,True,False,,,family_survey_boundary_non_survey,configs/structural_indicators_verification.yaml:790,2020·2023 관측 범위 밖의 비조사연도이며 본계열 boundary carry 후보이다.
전남,childcare_equal_participation,2019,돌봄노동 공동 참여도,leading_missing,2020,1,backward,4,True,True,high,조사 비실시 연도,confirmed,boundary_carry,False,True,False,,,family_survey_boundary_non_survey,configs/structural_indicators_verification.yaml:790,2020·2023 관측 범위 밖의 비조사연도이며 본계열 boundary carry 후보이다.
전남,childcare_equal_participation,2021,돌봄노동 공동 참여도,intermediate_missing,,,,,False,False,not_applicable,조사 비실시 연도,confirmed,linear_interpolation,False,True,False,,,family_survey_interior_non_survey,configs/structural_indicators_verification.yaml:790,2020년과 2023년 실제 관측값 사이의 비조사연도이다.
전남,childcare_equal_participation,2022,돌봄노동 공동 참여도,intermediate_missing,,,,,False,False,not_applicable,조사 비실시 연도,confirmed,linear_interpolation,False,True,False,,,family_survey_interior_non_survey,configs/structural_indicators_verification.yaml:790,2020년과 2023년 실제 관측값 사이의 비조사연도이다.
전남,childcare_equal_participation,2024,돌봄노동 공동 참여도,trailing_missing,2023,1,forward,1,False,True,medium,조사 비실시 연도,confirmed,boundary_carry,False,True,False,,,family_survey_boundary_non_survey,configs/structural_indicators_verification.yaml:790,2020·2023 관측 범위 밖의 비조사연도이며 본계열 boundary carry 후보이다.
전남,delivery_bed_supply,2016,(대체)분만실 병상수 보급도,leading_missing,,,,,False,False,not_applicable,원자료 부재,confirmed,keep_missing,True,False,True,,,delivery_bed_before_source_start,reports/20260725_구조환경지표_통합파일_결측치_검증_결과.md:59,"원자료는 2018년 3분기부터 시작한다. 20260725 검증 리포트가 이 구간을 ""통계 자체가 최근에 신설됨(시계열 시작점 문제)""으로 분류하고 보간(경계값 이월 포함) 불가로 판단했으므로 boundary_carry를 적용하지 않고 결측으로 유지한다."
전남,delivery_bed_supply,2017,(대체)분만실 병상수 보급도,leading_missing,,,,,False,False,not_applicable,원자료 부재,confirmed,keep_missing,True,False,True,,,delivery_bed_before_source_start,reports/20260725_구조환경지표_통합파일_결측치_검증_결과.md:59,"원자료는 2018년 3분기부터 시작한다. 20260725 검증 리포트가 이 구간을 ""통계 자체가 최근에 신설됨(시계열 시작점 문제)""으로 분류하고 보간(경계값 이월 포함) 불가로 판단했으므로 boundary_carry를 적용하지 않고 결측으로 유지한다."
전남,family_friendly_certification_rate,2016,가족친화 인증기업 비율,leading_missing,,,,,False,False,not_applicable,원인 미확정,unresolved,pending_review,True,False,True,auxiliary_raking_composition_ratio,,family_friendly_provincial_unresolved,configs/structural_indicators_verification.yaml:518,"공식 명단을 확보하지 못한 17개 시도의 2016·2017·2019년 51건은 임의 대체하지 않는다. 2019(중간 결측)는 2018·2020 선형보간 후 전국 실측 합계로 raking, 2016·2017(선행 결측)은 2018년 지역 구성비 × 해당 연도 전국 실측 합계로 추정한 보조 시나리오만 별도 열에 기록한다(`reports/20260805_가족친화_지역별_51건_보조시나리오_후보.csv`)."
전남,family_friendly_certification_rate,2017,가족친화 인증기업 비율,leading_missing,,,,,False,False,not_applicable,원인 미확정,unresolved,pending_review,True,False,True,auxiliary_raking_composition_ratio,,family_friendly_provincial_unresolved,configs/structural_indicators_verification.yaml:518,"공식 명단을 확보하지 못한 17개 시도의 2016·2017·2019년 51건은 임의 대체하지 않는다. 2019(중간 결측)는 2018·2020 선형보간 후 전국 실측 합계로 raking, 2016·2017(선행 결측)은 2018년 지역 구성비 × 해당 연도 전국 실측 합계로 추정한 보조 시나리오만 별도 열에 기록한다(`reports/20260805_가족친화_지역별_51건_보조시나리오_후보.csv`)."
전남,family_friendly_certification_rate,2019,가족친화 인증기업 비율,intermediate_missing,,,,,False,False,not_applicable,원인 미확정,unresolved,pending_review,True,False,True,auxiliary_raking_composition_ratio,,family_friendly_provincial_unresolved,configs/structural_indicators_verification.yaml:518,"공식 명단을 확보하지 못한 17개 시도의 2016·2017·2019년 51건은 임의 대체하지 않는다. 2019(중간 결측)는 2018·2020 선형보간 후 전국 실측 합계로 raking, 2016·2017(선행 결측)은 2018년 지역 구성비 × 해당 연도 전국 실측 합계로 추정한 보조 시나리오만 별도 열에 기록한다(`reports/20260805_가족친화_지역별_51건_보조시나리오_후보.csv`)."
전남,household_chore_equal_participation,2016,가사노동 공동 참여도,leading_missing,2020,4,backward,4,True,True,high,조사 비실시 연도,confirmed,boundary_carry,False,True,False,,,family_survey_boundary_non_survey,configs/structural_indicators_verification.yaml:790,2020·2023 관측 범위 밖의 비조사연도이며 본계열 boundary carry 후보이다.
전남,household_chore_equal_participation,2017,가사노동 공동 참여도,leading_missing,2020,3,backward,4,True,True,high,조사 비실시 연도,confirmed,boundary_carry,False,True,False,,,family_survey_boundary_non_survey,configs/structural_indicators_verification.yaml:790,2020·2023 관측 범위 밖의 비조사연도이며 본계열 boundary carry 후보이다.
전남,household_chore_equal_participation,2018,가사노동 공동 참여도,leading_missing,2020,2,backward,4,True,True,high,조사 비실시 연도,confirmed,boundary_carry,False,True,False,,,family_survey_boundary_non_survey,configs/structural_indicators_verification.yaml:790,2020·2023 관측 범위 밖의 비조사연도이며 본계열 boundary carry 후보이다.
전남,household_chore_equal_participation,2019,가사노동 공동 참여도,leading_missing,2020,1,backward,4,True,True,high,조사 비실시 연도,confirmed,boundary_carry,False,True,False,,,family_survey_boundary_non_survey,configs/structural_indicators_verification.yaml:790,2020·2023 관측 범위 밖의 비조사연도이며 본계열 boundary carry 후보이다.
전남,household_chore_equal_participation,2021,가사노동 공동 참여도,intermediate_missing,,,,,False,False,not_applicable,조사 비실시 연도,confirmed,linear_interpolation,False,True,False,,,family_survey_interior_non_survey,configs/structural_indicators_verification.yaml:790,2020년과 2023년 실제 관측값 사이의 비조사연도이다.
전남,household_chore_equal_participation,2022,가사노동 공동 참여도,intermediate_missing,,,,,False,False,not_applicable,조사 비실시 연도,confirmed,linear_interpolation,False,True,False,,,family_survey_interior_non_survey,configs/structural_indicators_verification.yaml:790,2020년과 2023년 실제 관측값 사이의 비조사연도이다.
전남,household_chore_equal_participation,2024,가사노동 공동 참여도,trailing_missing,2023,1,forward,1,False,True,medium,조사 비실시 연도,confirmed,boundary_carry,False,True,False,,,family_survey_boundary_non_survey,configs/structural_indicators_verification.yaml:790,2020·2023 관측 범위 밖의 비조사연도이며 본계열 boundary carry 후보이다.
전남,housework_gender_equality,2017,가사분담에 대한 성평등 인식,intermediate_missing,,,,,False,False,not_applicable,조사 비실시 연도,confirmed,pending_review,True,False,True,,,nonlinear_housework_pending_review,reports/20260725_구조환경지표_통합파일_결측치_검증_결과.md:78,비선형 변환 전 구성요소와 변환 후 지표 중 어느 단계에서 처리할지 검토가 필요하다.
전남,housework_gender_equality,2019,가사분담에 대한 성평등 인식,intermediate_missing,,,,,False,False,not_applicable,조사 비실시 연도,confirmed,pending_review,True,False,True,,,nonlinear_housework_pending_review,reports/20260725_구조환경지표_통합파일_결측치_검증_결과.md:78,비선형 변환 전 구성요소와 변환 후 지표 중 어느 단계에서 처리할지 검토가 필요하다.
전남,housework_gender_equality,2021,가사분담에 대한 성평등 인식,intermediate_missing,,,,,False,False,not_applicable,조사 비실시 연도,confirmed,pending_review,True,False,True,,,nonlinear_housework_pending_review,reports/20260725_구조환경지표_통합파일_결측치_검증_결과.md:78,비선형 변환 전 구성요소와 변환 후 지표 중 어느 단계에서 처리할지 검토가 필요하다.
전남,housework_gender_equality,2023,가사분담에 대한 성평등 인식,intermediate_missing,,,,,False,False,not_applicable,조사 비실시 연도,confirmed,pending_review,True,False,True,,,nonlinear_housework_pending_review,reports/20260725_구조환경지표_통합파일_결측치_검증_결과.md:78,비선형 변환 전 구성요소와 변환 후 지표 중 어느 단계에서 처리할지 검토가 필요하다.
전남,income_satisfaction,2016,소득만족도,leading_missing,2017,1,backward,1,False,True,medium,조사 비실시 연도,confirmed,boundary_carry,False,True,True,auxiliary_boundary_interpolation,2015,income_leisure_leading_non_survey,configs/structural_indicators_verification.yaml:145,본계열은 boundary carry 후보이며 2015년 값은 별도 보조 시나리오에서만 사용한다.
전남,income_satisfaction,2018,소득만족도,intermediate_missing,,,,,False,False,not_applicable,조사 비실시 연도,confirmed,linear_interpolation,False,True,True,,,income_leisure_interior_non_survey,reports/20260725_구조환경지표_통합파일_결측치_검증_결과.md:57,실제 관측값 사이의 비조사연도로 본계열 선형보간 후보이다.
전남,income_satisfaction,2020,소득만족도,intermediate_missing,,,,,False,False,not_applicable,조사 비실시 연도,confirmed,linear_interpolation,False,True,True,,,income_leisure_interior_non_survey,reports/20260725_구조환경지표_통합파일_결측치_검증_결과.md:57,실제 관측값 사이의 비조사연도로 본계열 선형보간 후보이다.
전남,income_satisfaction,2022,소득만족도,intermediate_missing,,,,,False,False,not_applicable,조사 비실시 연도,confirmed,linear_interpolation,False,True,True,,,income_leisure_interior_non_survey,reports/20260725_구조환경지표_통합파일_결측치_검증_결과.md:57,실제 관측값 사이의 비조사연도로 본계열 선형보간 후보이다.
전남,income_satisfaction,2024,소득만족도,trailing_missing,2023,1,forward,1,False,True,medium,조사 비실시 연도,confirmed,boundary_carry,False,True,True,auxiliary_boundary_interpolation,2025,income_leisure_trailing_non_survey,configs/structural_indicators_verification.yaml:145,본계열은 boundary carry 후보이며 2025년 값은 별도 보조 시나리오에서만 사용한다.
전남,leisure_satisfaction,2016,여가생활 만족도,leading_missing,2017,1,backward,1,False,True,medium,조사 비실시 연도,confirmed,boundary_carry,False,True,True,auxiliary_boundary_interpolation,2015,income_leisure_leading_non_survey,configs/structural_indicators_verification.yaml:145,본계열은 boundary carry 후보이며 2015년 값은 별도 보조 시나리오에서만 사용한다.
전남,leisure_satisfaction,2018,여가생활 만족도,intermediate_missing,,,,,False,False,not_applicable,조사 비실시 연도,confirmed,linear_interpolation,False,True,True,,,income_leisure_interior_non_survey,reports/20260725_구조환경지표_통합파일_결측치_검증_결과.md:57,실제 관측값 사이의 비조사연도로 본계열 선형보간 후보이다.
전남,leisure_satisfaction,2020,여가생활 만족도,intermediate_missing,,,,,False,False,not_applicable,조사 비실시 연도,confirmed,linear_interpolation,False,True,True,,,income_leisure_interior_non_survey,reports/20260725_구조환경지표_통합파일_결측치_검증_결과.md:57,실제 관측값 사이의 비조사연도로 본계열 선형보간 후보이다.
전남,leisure_satisfaction,2022,여가생활 만족도,intermediate_missing,,,,,False,False,not_applicable,조사 비실시 연도,confirmed,linear_interpolation,False,True,True,,,income_leisure_interior_non_survey,reports/20260725_구조환경지표_통합파일_결측치_검증_결과.md:57,실제 관측값 사이의 비조사연도로 본계열 선형보간 후보이다.
전남,leisure_satisfaction,2024,여가생활 만족도,trailing_missing,2023,1,forward,1,False,True,medium,조사 비실시 연도,confirmed,boundary_carry,False,True,True,auxiliary_boundary_interpolation,2025,income_leisure_trailing_non_survey,configs/structural_indicators_verification.yaml:145,본계열은 boundary carry 후보이며 2025년 값은 별도 보조 시나리오에서만 사용한다.
전남,marriage_perception,2017,결혼에 대한 인식,intermediate_missing,,,,,False,False,not_applicable,조사 비실시 연도,confirmed,linear_interpolation,False,True,True,,,social_survey_interior_non_survey,configs/structural_indicators_verification.yaml:460,2016·2018·2020·2022·2024 관측값 사이의 비조사연도이다.
전남,marriage_perception,2019,결혼에 대한 인식,intermediate_missing,,,,,False,False,not_applicable,조사 비실시 연도,confirmed,linear_interpolation,False,True,True,,,social_survey_interior_non_survey,configs/structural_indicators_verification.yaml:460,2016·2018·2020·2022·2024 관측값 사이의 비조사연도이다.
전남,marriage_perception,2021,결혼에 대한 인식,intermediate_missing,,,,,False,False,not_applicable,조사 비실시 연도,confirmed,linear_interpolation,False,True,True,,,social_survey_interior_non_survey,configs/structural_indicators_verification.yaml:460,2016·2018·2020·2022·2024 관측값 사이의 비조사연도이다.
전남,marriage_perception,2023,결혼에 대한 인식,intermediate_missing,,,,,False,False,not_applicable,조사 비실시 연도,confirmed,linear_interpolation,False,True,True,,,social_survey_interior_non_survey,configs/structural_indicators_verification.yaml:460,2016·2018·2020·2022·2024 관측값 사이의 비조사연도이다.
전남,postpartum_center_fee,2016,산후조리원 이용 요금,leading_missing,,,,,False,False,not_applicable,원자료 부재,confirmed,keep_missing,True,False,True,,,postpartum_before_source_start,reports/20260725_구조환경지표_통합파일_결측치_검증_결과.md:59,"승인된 원자료는 2023년부터 존재한다. 20260725 검증 리포트가 이 구간을 ""통계 자체가 최근에 신설됨(시계열 시작점 문제)""으로 분류하고 2023년 값을 과거로 이월하는 것은 존재하지 않는 시계열 구간을 만드는 것이라 보간 불가로 판단했으므로 boundary_carry를 적용하지 않고 결측으로 유지한다."
전남,postpartum_center_fee,2017,산후조리원 이용 요금,leading_missing,,,,,False,False,not_applicable,원자료 부재,confirmed,keep_missing,True,False,True,,,postpartum_before_source_start,reports/20260725_구조환경지표_통합파일_결측치_검증_결과.md:59,"승인된 원자료는 2023년부터 존재한다. 20260725 검증 리포트가 이 구간을 ""통계 자체가 최근에 신설됨(시계열 시작점 문제)""으로 분류하고 2023년 값을 과거로 이월하는 것은 존재하지 않는 시계열 구간을 만드는 것이라 보간 불가로 판단했으므로 boundary_carry를 적용하지 않고 결측으로 유지한다."
전남,postpartum_center_fee,2018,산후조리원 이용 요금,leading_missing,,,,,False,False,not_applicable,원자료 부재,confirmed,keep_missing,True,False,True,,,postpartum_before_source_start,reports/20260725_구조환경지표_통합파일_결측치_검증_결과.md:59,"승인된 원자료는 2023년부터 존재한다. 20260725 검증 리포트가 이 구간을 ""통계 자체가 최근에 신설됨(시계열 시작점 문제)""으로 분류하고 2023년 값을 과거로 이월하는 것은 존재하지 않는 시계열 구간을 만드는 것이라 보간 불가로 판단했으므로 boundary_carry를 적용하지 않고 결측으로 유지한다."
전남,postpartum_center_fee,2019,산후조리원 이용 요금,leading_missing,,,,,False,False,not_applicable,원자료 부재,confirmed,keep_missing,True,False,True,,,postpartum_before_source_start,reports/20260725_구조환경지표_통합파일_결측치_검증_결과.md:59,"승인된 원자료는 2023년부터 존재한다. 20260725 검증 리포트가 이 구간을 ""통계 자체가 최근에 신설됨(시계열 시작점 문제)""으로 분류하고 2023년 값을 과거로 이월하는 것은 존재하지 않는 시계열 구간을 만드는 것이라 보간 불가로 판단했으므로 boundary_carry를 적용하지 않고 결측으로 유지한다."
전남,postpartum_center_fee,2020,산후조리원 이용 요금,leading_missing,,,,,False,False,not_applicable,원자료 부재,confirmed,keep_missing,True,False,True,,,postpartum_before_source_start,reports/20260725_구조환경지표_통합파일_결측치_검증_결과.md:59,"승인된 원자료는 2023년부터 존재한다. 20260725 검증 리포트가 이 구간을 ""통계 자체가 최근에 신설됨(시계열 시작점 문제)""으로 분류하고 2023년 값을 과거로 이월하는 것은 존재하지 않는 시계열 구간을 만드는 것이라 보간 불가로 판단했으므로 boundary_carry를 적용하지 않고 결측으로 유지한다."
전남,postpartum_center_fee,2021,산후조리원 이용 요금,leading_missing,,,,,False,False,not_applicable,원자료 부재,confirmed,keep_missing,True,False,True,,,postpartum_before_source_start,reports/20260725_구조환경지표_통합파일_결측치_검증_결과.md:59,"승인된 원자료는 2023년부터 존재한다. 20260725 검증 리포트가 이 구간을 ""통계 자체가 최근에 신설됨(시계열 시작점 문제)""으로 분류하고 2023년 값을 과거로 이월하는 것은 존재하지 않는 시계열 구간을 만드는 것이라 보간 불가로 판단했으므로 boundary_carry를 적용하지 않고 결측으로 유지한다."
전남,postpartum_center_fee,2022,산후조리원 이용 요금,leading_missing,,,,,False,False,not_applicable,원자료 부재,confirmed,keep_missing,True,False,True,,,postpartum_before_source_start,reports/20260725_구조환경지표_통합파일_결측치_검증_결과.md:59,"승인된 원자료는 2023년부터 존재한다. 20260725 검증 리포트가 이 구간을 ""통계 자체가 최근에 신설됨(시계열 시작점 문제)""으로 분류하고 2023년 값을 과거로 이월하는 것은 존재하지 않는 시계열 구간을 만드는 것이라 보간 불가로 판단했으므로 boundary_carry를 적용하지 않고 결측으로 유지한다."
전남,postpartum_center_supply,2016,산후조리원 보급도,leading_missing,,,,,False,False,not_applicable,원자료 부재,confirmed,keep_missing,True,False,True,,,postpartum_before_source_start,reports/20260725_구조환경지표_통합파일_결측치_검증_결과.md:59,"승인된 원자료는 2023년부터 존재한다. 20260725 검증 리포트가 이 구간을 ""통계 자체가 최근에 신설됨(시계열 시작점 문제)""으로 분류하고 2023년 값을 과거로 이월하는 것은 존재하지 않는 시계열 구간을 만드는 것이라 보간 불가로 판단했으므로 boundary_carry를 적용하지 않고 결측으로 유지한다."
전남,postpartum_center_supply,2017,산후조리원 보급도,leading_missing,,,,,False,False,not_applicable,원자료 부재,confirmed,keep_missing,True,False,True,,,postpartum_before_source_start,reports/20260725_구조환경지표_통합파일_결측치_검증_결과.md:59,"승인된 원자료는 2023년부터 존재한다. 20260725 검증 리포트가 이 구간을 ""통계 자체가 최근에 신설됨(시계열 시작점 문제)""으로 분류하고 2023년 값을 과거로 이월하는 것은 존재하지 않는 시계열 구간을 만드는 것이라 보간 불가로 판단했으므로 boundary_carry를 적용하지 않고 결측으로 유지한다."
전남,postpartum_center_supply,2018,산후조리원 보급도,leading_missing,,,,,False,False,not_applicable,원자료 부재,confirmed,keep_missing,True,False,True,,,postpartum_before_source_start,reports/20260725_구조환경지표_통합파일_결측치_검증_결과.md:59,"승인된 원자료는 2023년부터 존재한다. 20260725 검증 리포트가 이 구간을 ""통계 자체가 최근에 신설됨(시계열 시작점 문제)""으로 분류하고 2023년 값을 과거로 이월하는 것은 존재하지 않는 시계열 구간을 만드는 것이라 보간 불가로 판단했으므로 boundary_carry를 적용하지 않고 결측으로 유지한다."
전남,postpartum_center_supply,2019,산후조리원 보급도,leading_missing,,,,,False,False,not_applicable,원자료 부재,confirmed,keep_missing,True,False,True,,,postpartum_before_source_start,reports/20260725_구조환경지표_통합파일_결측치_검증_결과.md:59,"승인된 원자료는 2023년부터 존재한다. 20260725 검증 리포트가 이 구간을 ""통계 자체가 최근에 신설됨(시계열 시작점 문제)""으로 분류하고 2023년 값을 과거로 이월하는 것은 존재하지 않는 시계열 구간을 만드는 것이라 보간 불가로 판단했으므로 boundary_carry를 적용하지 않고 결측으로 유지한다."
전남,postpartum_center_supply,2020,산후조리원 보급도,leading_missing,,,,,False,False,not_applicable,원자료 부재,confirmed,keep_missing,True,False,True,,,postpartum_before_source_start,reports/20260725_구조환경지표_통합파일_결측치_검증_결과.md:59,"승인된 원자료는 2023년부터 존재한다. 20260725 검증 리포트가 이 구간을 ""통계 자체가 최근에 신설됨(시계열 시작점 문제)""으로 분류하고 2023년 값을 과거로 이월하는 것은 존재하지 않는 시계열 구간을 만드는 것이라 보간 불가로 판단했으므로 boundary_carry를 적용하지 않고 결측으로 유지한다."
전남,postpartum_center_supply,2021,산후조리원 보급도,leading_missing,,,,,False,False,not_applicable,원자료 부재,confirmed,keep_missing,True,False,True,,,postpartum_before_source_start,reports/20260725_구조환경지표_통합파일_결측치_검증_결과.md:59,"승인된 원자료는 2023년부터 존재한다. 20260725 검증 리포트가 이 구간을 ""통계 자체가 최근에 신설됨(시계열 시작점 문제)""으로 분류하고 2023년 값을 과거로 이월하는 것은 존재하지 않는 시계열 구간을 만드는 것이라 보간 불가로 판단했으므로 boundary_carry를 적용하지 않고 결측으로 유지한다."
전남,postpartum_center_supply,2022,산후조리원 보급도,leading_missing,,,,,False,False,not_applicable,원자료 부재,confirmed,keep_missing,True,False,True,,,postpartum_before_source_start,reports/20260725_구조환경지표_통합파일_결측치_검증_결과.md:59,"승인된 원자료는 2023년부터 존재한다. 20260725 검증 리포트가 이 구간을 ""통계 자체가 최근에 신설됨(시계열 시작점 문제)""으로 분류하고 2023년 값을 과거로 이월하는 것은 존재하지 않는 시계열 구간을 만드는 것이라 보간 불가로 판단했으므로 boundary_carry를 적용하지 않고 결측으로 유지한다."
전남,social_safety_perception,2017,사회 안전에 대한 인식,intermediate_missing,,,,,False,False,not_applicable,조사 비실시 연도,confirmed,linear_interpolation,False,True,True,,,social_survey_interior_non_survey,configs/structural_indicators_verification.yaml:460,2016·2018·2020·2022·2024 관측값 사이의 비조사연도이다.
전남,social_safety_perception,2019,사회 안전에 대한 인식,intermediate_missing,,,,,False,False,not_applicable,조사 비실시 연도,confirmed,linear_interpolation,False,True,True,,,social_survey_interior_non_survey,configs/structural_indicators_verification.yaml:460,2016·2018·2020·2022·2024 관측값 사이의 비조사연도이다.
전남,social_safety_perception,2021,사회 안전에 대한 인식,intermediate_missing,,,,,False,False,not_applicable,조사 비실시 연도,confirmed,linear_interpolation,False,True,True,,,social_survey_interior_non_survey,configs/structural_indicators_verification.yaml:460,2016·2018·2020·2022·2024 관측값 사이의 비조사연도이다.
전남,social_safety_perception,2023,사회 안전에 대한 인식,intermediate_missing,,,,,False,False,not_applicable,조사 비실시 연도,confirmed,linear_interpolation,False,True,True,,,social_survey_interior_non_survey,configs/structural_indicators_verification.yaml:460,2016·2018·2020·2022·2024 관측값 사이의 비조사연도이다.
전남,socioeconomic_status_perception,2016,사회경제적 지위에 대한 인식,leading_missing,2020,4,backward,4,True,True,high,조사 비실시 연도,confirmed,boundary_carry,False,True,False,,,family_survey_boundary_non_survey,configs/structural_indicators_verification.yaml:790,2020·2023 관측 범위 밖의 비조사연도이며 본계열 boundary carry 후보이다.
전남,socioeconomic_status_perception,2017,사회경제적 지위에 대한 인식,leading_missing,2020,3,backward,4,True,True,high,조사 비실시 연도,confirmed,boundary_carry,False,True,False,,,family_survey_boundary_non_survey,configs/structural_indicators_verification.yaml:790,2020·2023 관측 범위 밖의 비조사연도이며 본계열 boundary carry 후보이다.
전남,socioeconomic_status_perception,2018,사회경제적 지위에 대한 인식,leading_missing,2020,2,backward,4,True,True,high,조사 비실시 연도,confirmed,boundary_carry,False,True,False,,,family_survey_boundary_non_survey,configs/structural_indicators_verification.yaml:790,2020·2023 관측 범위 밖의 비조사연도이며 본계열 boundary carry 후보이다.
전남,socioeconomic_status_perception,2019,사회경제적 지위에 대한 인식,leading_missing,2020,1,backward,4,True,True,high,조사 비실시 연도,confirmed,boundary_carry,False,True,False,,,family_survey_boundary_non_survey,configs/structural_indicators_verification.yaml:790,2020·2023 관측 범위 밖의 비조사연도이며 본계열 boundary carry 후보이다.
전남,socioeconomic_status_perception,2021,사회경제적 지위에 대한 인식,intermediate_missing,,,,,False,False,not_applicable,조사 비실시 연도,confirmed,linear_interpolation,False,True,False,,,family_survey_interior_non_survey,configs/structural_indicators_verification.yaml:790,2020년과 2023년 실제 관측값 사이의 비조사연도이다.
전남,socioeconomic_status_perception,2022,사회경제적 지위에 대한 인식,intermediate_missing,,,,,False,False,not_applicable,조사 비실시 연도,confirmed,linear_interpolation,False,True,False,,,family_survey_interior_non_survey,configs/structural_indicators_verification.yaml:790,2020년과 2023년 실제 관측값 사이의 비조사연도이다.
전남,socioeconomic_status_perception,2024,사회경제적 지위에 대한 인식,trailing_missing,2023,1,forward,1,False,True,medium,조사 비실시 연도,confirmed,boundary_carry,False,True,False,,,family_survey_boundary_non_survey,configs/structural_indicators_verification.yaml:790,2020·2023 관측 범위 밖의 비조사연도이며 본계열 boundary carry 후보이다.
전북,childbirth_perception,2016,출산에 대한 인식,leading_missing,2018,2,backward,2,True,True,high,조사 비실시 연도,confirmed,boundary_carry,False,True,True,,,childbirth_leading_non_survey,configs/structural_indicators_verification.yaml:576,지표의 첫 비교 가능 관측연도인 2018년 이전 구간이다.
전북,childbirth_perception,2017,출산에 대한 인식,leading_missing,2018,1,backward,2,True,True,high,조사 비실시 연도,confirmed,boundary_carry,False,True,True,,,childbirth_leading_non_survey,configs/structural_indicators_verification.yaml:576,지표의 첫 비교 가능 관측연도인 2018년 이전 구간이다.
전북,childbirth_perception,2019,출산에 대한 인식,intermediate_missing,,,,,False,False,not_applicable,조사 비실시 연도,confirmed,linear_interpolation,False,True,True,,,childbirth_interior_non_survey,configs/structural_indicators_verification.yaml:576,2018·2020·2022·2024 관측값 사이의 비조사연도이다.
전북,childbirth_perception,2021,출산에 대한 인식,intermediate_missing,,,,,False,False,not_applicable,조사 비실시 연도,confirmed,linear_interpolation,False,True,True,,,childbirth_interior_non_survey,configs/structural_indicators_verification.yaml:576,2018·2020·2022·2024 관측값 사이의 비조사연도이다.
전북,childbirth_perception,2023,출산에 대한 인식,intermediate_missing,,,,,False,False,not_applicable,조사 비실시 연도,confirmed,linear_interpolation,False,True,True,,,childbirth_interior_non_survey,configs/structural_indicators_verification.yaml:576,2018·2020·2022·2024 관측값 사이의 비조사연도이다.
전북,childcare_equal_participation,2016,돌봄노동 공동 참여도,leading_missing,2020,4,backward,4,True,True,high,조사 비실시 연도,confirmed,boundary_carry,False,True,False,,,family_survey_boundary_non_survey,configs/structural_indicators_verification.yaml:790,2020·2023 관측 범위 밖의 비조사연도이며 본계열 boundary carry 후보이다.
전북,childcare_equal_participation,2017,돌봄노동 공동 참여도,leading_missing,2020,3,backward,4,True,True,high,조사 비실시 연도,confirmed,boundary_carry,False,True,False,,,family_survey_boundary_non_survey,configs/structural_indicators_verification.yaml:790,2020·2023 관측 범위 밖의 비조사연도이며 본계열 boundary carry 후보이다.
전북,childcare_equal_participation,2018,돌봄노동 공동 참여도,leading_missing,2020,2,backward,4,True,True,high,조사 비실시 연도,confirmed,boundary_carry,False,True,False,,,family_survey_boundary_non_survey,configs/structural_indicators_verification.yaml:790,2020·2023 관측 범위 밖의 비조사연도이며 본계열 boundary carry 후보이다.
전북,childcare_equal_participation,2019,돌봄노동 공동 참여도,leading_missing,2020,1,backward,4,True,True,high,조사 비실시 연도,confirmed,boundary_carry,False,True,False,,,family_survey_boundary_non_survey,configs/structural_indicators_verification.yaml:790,2020·2023 관측 범위 밖의 비조사연도이며 본계열 boundary carry 후보이다.
전북,childcare_equal_participation,2021,돌봄노동 공동 참여도,intermediate_missing,,,,,False,False,not_applicable,조사 비실시 연도,confirmed,linear_interpolation,False,True,False,,,family_survey_interior_non_survey,configs/structural_indicators_verification.yaml:790,2020년과 2023년 실제 관측값 사이의 비조사연도이다.
전북,childcare_equal_participation,2022,돌봄노동 공동 참여도,intermediate_missing,,,,,False,False,not_applicable,조사 비실시 연도,confirmed,linear_interpolation,False,True,False,,,family_survey_interior_non_survey,configs/structural_indicators_verification.yaml:790,2020년과 2023년 실제 관측값 사이의 비조사연도이다.
전북,childcare_equal_participation,2024,돌봄노동 공동 참여도,trailing_missing,2023,1,forward,1,False,True,medium,조사 비실시 연도,confirmed,boundary_carry,False,True,False,,,family_survey_boundary_non_survey,configs/structural_indicators_verification.yaml:790,2020·2023 관측 범위 밖의 비조사연도이며 본계열 boundary carry 후보이다.
전북,delivery_bed_supply,2016,(대체)분만실 병상수 보급도,leading_missing,,,,,False,False,not_applicable,원자료 부재,confirmed,keep_missing,True,False,True,,,delivery_bed_before_source_start,reports/20260725_구조환경지표_통합파일_결측치_검증_결과.md:59,"원자료는 2018년 3분기부터 시작한다. 20260725 검증 리포트가 이 구간을 ""통계 자체가 최근에 신설됨(시계열 시작점 문제)""으로 분류하고 보간(경계값 이월 포함) 불가로 판단했으므로 boundary_carry를 적용하지 않고 결측으로 유지한다."
전북,delivery_bed_supply,2017,(대체)분만실 병상수 보급도,leading_missing,,,,,False,False,not_applicable,원자료 부재,confirmed,keep_missing,True,False,True,,,delivery_bed_before_source_start,reports/20260725_구조환경지표_통합파일_결측치_검증_결과.md:59,"원자료는 2018년 3분기부터 시작한다. 20260725 검증 리포트가 이 구간을 ""통계 자체가 최근에 신설됨(시계열 시작점 문제)""으로 분류하고 보간(경계값 이월 포함) 불가로 판단했으므로 boundary_carry를 적용하지 않고 결측으로 유지한다."
전북,family_friendly_certification_rate,2016,가족친화 인증기업 비율,leading_missing,,,,,False,False,not_applicable,원인 미확정,unresolved,pending_review,True,False,True,auxiliary_raking_composition_ratio,,family_friendly_provincial_unresolved,configs/structural_indicators_verification.yaml:518,"공식 명단을 확보하지 못한 17개 시도의 2016·2017·2019년 51건은 임의 대체하지 않는다. 2019(중간 결측)는 2018·2020 선형보간 후 전국 실측 합계로 raking, 2016·2017(선행 결측)은 2018년 지역 구성비 × 해당 연도 전국 실측 합계로 추정한 보조 시나리오만 별도 열에 기록한다(`reports/20260805_가족친화_지역별_51건_보조시나리오_후보.csv`)."
전북,family_friendly_certification_rate,2017,가족친화 인증기업 비율,leading_missing,,,,,False,False,not_applicable,원인 미확정,unresolved,pending_review,True,False,True,auxiliary_raking_composition_ratio,,family_friendly_provincial_unresolved,configs/structural_indicators_verification.yaml:518,"공식 명단을 확보하지 못한 17개 시도의 2016·2017·2019년 51건은 임의 대체하지 않는다. 2019(중간 결측)는 2018·2020 선형보간 후 전국 실측 합계로 raking, 2016·2017(선행 결측)은 2018년 지역 구성비 × 해당 연도 전국 실측 합계로 추정한 보조 시나리오만 별도 열에 기록한다(`reports/20260805_가족친화_지역별_51건_보조시나리오_후보.csv`)."
전북,family_friendly_certification_rate,2019,가족친화 인증기업 비율,intermediate_missing,,,,,False,False,not_applicable,원인 미확정,unresolved,pending_review,True,False,True,auxiliary_raking_composition_ratio,,family_friendly_provincial_unresolved,configs/structural_indicators_verification.yaml:518,"공식 명단을 확보하지 못한 17개 시도의 2016·2017·2019년 51건은 임의 대체하지 않는다. 2019(중간 결측)는 2018·2020 선형보간 후 전국 실측 합계로 raking, 2016·2017(선행 결측)은 2018년 지역 구성비 × 해당 연도 전국 실측 합계로 추정한 보조 시나리오만 별도 열에 기록한다(`reports/20260805_가족친화_지역별_51건_보조시나리오_후보.csv`)."
전북,household_chore_equal_participation,2016,가사노동 공동 참여도,leading_missing,2020,4,backward,4,True,True,high,조사 비실시 연도,confirmed,boundary_carry,False,True,False,,,family_survey_boundary_non_survey,configs/structural_indicators_verification.yaml:790,2020·2023 관측 범위 밖의 비조사연도이며 본계열 boundary carry 후보이다.
전북,household_chore_equal_participation,2017,가사노동 공동 참여도,leading_missing,2020,3,backward,4,True,True,high,조사 비실시 연도,confirmed,boundary_carry,False,True,False,,,family_survey_boundary_non_survey,configs/structural_indicators_verification.yaml:790,2020·2023 관측 범위 밖의 비조사연도이며 본계열 boundary carry 후보이다.
전북,household_chore_equal_participation,2018,가사노동 공동 참여도,leading_missing,2020,2,backward,4,True,True,high,조사 비실시 연도,confirmed,boundary_carry,False,True,False,,,family_survey_boundary_non_survey,configs/structural_indicators_verification.yaml:790,2020·2023 관측 범위 밖의 비조사연도이며 본계열 boundary carry 후보이다.
전북,household_chore_equal_participation,2019,가사노동 공동 참여도,leading_missing,2020,1,backward,4,True,True,high,조사 비실시 연도,confirmed,boundary_carry,False,True,False,,,family_survey_boundary_non_survey,configs/structural_indicators_verification.yaml:790,2020·2023 관측 범위 밖의 비조사연도이며 본계열 boundary carry 후보이다.
전북,household_chore_equal_participation,2021,가사노동 공동 참여도,intermediate_missing,,,,,False,False,not_applicable,조사 비실시 연도,confirmed,linear_interpolation,False,True,False,,,family_survey_interior_non_survey,configs/structural_indicators_verification.yaml:790,2020년과 2023년 실제 관측값 사이의 비조사연도이다.
전북,household_chore_equal_participation,2022,가사노동 공동 참여도,intermediate_missing,,,,,False,False,not_applicable,조사 비실시 연도,confirmed,linear_interpolation,False,True,False,,,family_survey_interior_non_survey,configs/structural_indicators_verification.yaml:790,2020년과 2023년 실제 관측값 사이의 비조사연도이다.
전북,household_chore_equal_participation,2024,가사노동 공동 참여도,trailing_missing,2023,1,forward,1,False,True,medium,조사 비실시 연도,confirmed,boundary_carry,False,True,False,,,family_survey_boundary_non_survey,configs/structural_indicators_verification.yaml:790,2020·2023 관측 범위 밖의 비조사연도이며 본계열 boundary carry 후보이다.
전북,housework_gender_equality,2017,가사분담에 대한 성평등 인식,intermediate_missing,,,,,False,False,not_applicable,조사 비실시 연도,confirmed,pending_review,True,False,True,,,nonlinear_housework_pending_review,reports/20260725_구조환경지표_통합파일_결측치_검증_결과.md:78,비선형 변환 전 구성요소와 변환 후 지표 중 어느 단계에서 처리할지 검토가 필요하다.
전북,housework_gender_equality,2019,가사분담에 대한 성평등 인식,intermediate_missing,,,,,False,False,not_applicable,조사 비실시 연도,confirmed,pending_review,True,False,True,,,nonlinear_housework_pending_review,reports/20260725_구조환경지표_통합파일_결측치_검증_결과.md:78,비선형 변환 전 구성요소와 변환 후 지표 중 어느 단계에서 처리할지 검토가 필요하다.
전북,housework_gender_equality,2021,가사분담에 대한 성평등 인식,intermediate_missing,,,,,False,False,not_applicable,조사 비실시 연도,confirmed,pending_review,True,False,True,,,nonlinear_housework_pending_review,reports/20260725_구조환경지표_통합파일_결측치_검증_결과.md:78,비선형 변환 전 구성요소와 변환 후 지표 중 어느 단계에서 처리할지 검토가 필요하다.
전북,housework_gender_equality,2023,가사분담에 대한 성평등 인식,intermediate_missing,,,,,False,False,not_applicable,조사 비실시 연도,confirmed,pending_review,True,False,True,,,nonlinear_housework_pending_review,reports/20260725_구조환경지표_통합파일_결측치_검증_결과.md:78,비선형 변환 전 구성요소와 변환 후 지표 중 어느 단계에서 처리할지 검토가 필요하다.
전북,income_satisfaction,2016,소득만족도,leading_missing,2017,1,backward,1,False,True,medium,조사 비실시 연도,confirmed,boundary_carry,False,True,True,auxiliary_boundary_interpolation,2015,income_leisure_leading_non_survey,configs/structural_indicators_verification.yaml:145,본계열은 boundary carry 후보이며 2015년 값은 별도 보조 시나리오에서만 사용한다.
전북,income_satisfaction,2018,소득만족도,intermediate_missing,,,,,False,False,not_applicable,조사 비실시 연도,confirmed,linear_interpolation,False,True,True,,,income_leisure_interior_non_survey,reports/20260725_구조환경지표_통합파일_결측치_검증_결과.md:57,실제 관측값 사이의 비조사연도로 본계열 선형보간 후보이다.
전북,income_satisfaction,2020,소득만족도,intermediate_missing,,,,,False,False,not_applicable,조사 비실시 연도,confirmed,linear_interpolation,False,True,True,,,income_leisure_interior_non_survey,reports/20260725_구조환경지표_통합파일_결측치_검증_결과.md:57,실제 관측값 사이의 비조사연도로 본계열 선형보간 후보이다.
전북,income_satisfaction,2022,소득만족도,intermediate_missing,,,,,False,False,not_applicable,조사 비실시 연도,confirmed,linear_interpolation,False,True,True,,,income_leisure_interior_non_survey,reports/20260725_구조환경지표_통합파일_결측치_검증_결과.md:57,실제 관측값 사이의 비조사연도로 본계열 선형보간 후보이다.
전북,income_satisfaction,2024,소득만족도,trailing_missing,2023,1,forward,1,False,True,medium,조사 비실시 연도,confirmed,boundary_carry,False,True,True,auxiliary_boundary_interpolation,2025,income_leisure_trailing_non_survey,configs/structural_indicators_verification.yaml:145,본계열은 boundary carry 후보이며 2025년 값은 별도 보조 시나리오에서만 사용한다.
전북,leisure_satisfaction,2016,여가생활 만족도,leading_missing,2017,1,backward,1,False,True,medium,조사 비실시 연도,confirmed,boundary_carry,False,True,True,auxiliary_boundary_interpolation,2015,income_leisure_leading_non_survey,configs/structural_indicators_verification.yaml:145,본계열은 boundary carry 후보이며 2015년 값은 별도 보조 시나리오에서만 사용한다.
전북,leisure_satisfaction,2018,여가생활 만족도,intermediate_missing,,,,,False,False,not_applicable,조사 비실시 연도,confirmed,linear_interpolation,False,True,True,,,income_leisure_interior_non_survey,reports/20260725_구조환경지표_통합파일_결측치_검증_결과.md:57,실제 관측값 사이의 비조사연도로 본계열 선형보간 후보이다.
전북,leisure_satisfaction,2020,여가생활 만족도,intermediate_missing,,,,,False,False,not_applicable,조사 비실시 연도,confirmed,linear_interpolation,False,True,True,,,income_leisure_interior_non_survey,reports/20260725_구조환경지표_통합파일_결측치_검증_결과.md:57,실제 관측값 사이의 비조사연도로 본계열 선형보간 후보이다.
전북,leisure_satisfaction,2022,여가생활 만족도,intermediate_missing,,,,,False,False,not_applicable,조사 비실시 연도,confirmed,linear_interpolation,False,True,True,,,income_leisure_interior_non_survey,reports/20260725_구조환경지표_통합파일_결측치_검증_결과.md:57,실제 관측값 사이의 비조사연도로 본계열 선형보간 후보이다.
전북,leisure_satisfaction,2024,여가생활 만족도,trailing_missing,2023,1,forward,1,False,True,medium,조사 비실시 연도,confirmed,boundary_carry,False,True,True,auxiliary_boundary_interpolation,2025,income_leisure_trailing_non_survey,configs/structural_indicators_verification.yaml:145,본계열은 boundary carry 후보이며 2025년 값은 별도 보조 시나리오에서만 사용한다.
전북,marriage_perception,2017,결혼에 대한 인식,intermediate_missing,,,,,False,False,not_applicable,조사 비실시 연도,confirmed,linear_interpolation,False,True,True,,,social_survey_interior_non_survey,configs/structural_indicators_verification.yaml:460,2016·2018·2020·2022·2024 관측값 사이의 비조사연도이다.
전북,marriage_perception,2019,결혼에 대한 인식,intermediate_missing,,,,,False,False,not_applicable,조사 비실시 연도,confirmed,linear_interpolation,False,True,True,,,social_survey_interior_non_survey,configs/structural_indicators_verification.yaml:460,2016·2018·2020·2022·2024 관측값 사이의 비조사연도이다.
전북,marriage_perception,2021,결혼에 대한 인식,intermediate_missing,,,,,False,False,not_applicable,조사 비실시 연도,confirmed,linear_interpolation,False,True,True,,,social_survey_interior_non_survey,configs/structural_indicators_verification.yaml:460,2016·2018·2020·2022·2024 관측값 사이의 비조사연도이다.
전북,marriage_perception,2023,결혼에 대한 인식,intermediate_missing,,,,,False,False,not_applicable,조사 비실시 연도,confirmed,linear_interpolation,False,True,True,,,social_survey_interior_non_survey,configs/structural_indicators_verification.yaml:460,2016·2018·2020·2022·2024 관측값 사이의 비조사연도이다.
전북,postpartum_center_fee,2016,산후조리원 이용 요금,leading_missing,,,,,False,False,not_applicable,원자료 부재,confirmed,keep_missing,True,False,True,,,postpartum_before_source_start,reports/20260725_구조환경지표_통합파일_결측치_검증_결과.md:59,"승인된 원자료는 2023년부터 존재한다. 20260725 검증 리포트가 이 구간을 ""통계 자체가 최근에 신설됨(시계열 시작점 문제)""으로 분류하고 2023년 값을 과거로 이월하는 것은 존재하지 않는 시계열 구간을 만드는 것이라 보간 불가로 판단했으므로 boundary_carry를 적용하지 않고 결측으로 유지한다."
전북,postpartum_center_fee,2017,산후조리원 이용 요금,leading_missing,,,,,False,False,not_applicable,원자료 부재,confirmed,keep_missing,True,False,True,,,postpartum_before_source_start,reports/20260725_구조환경지표_통합파일_결측치_검증_결과.md:59,"승인된 원자료는 2023년부터 존재한다. 20260725 검증 리포트가 이 구간을 ""통계 자체가 최근에 신설됨(시계열 시작점 문제)""으로 분류하고 2023년 값을 과거로 이월하는 것은 존재하지 않는 시계열 구간을 만드는 것이라 보간 불가로 판단했으므로 boundary_carry를 적용하지 않고 결측으로 유지한다."
전북,postpartum_center_fee,2018,산후조리원 이용 요금,leading_missing,,,,,False,False,not_applicable,원자료 부재,confirmed,keep_missing,True,False,True,,,postpartum_before_source_start,reports/20260725_구조환경지표_통합파일_결측치_검증_결과.md:59,"승인된 원자료는 2023년부터 존재한다. 20260725 검증 리포트가 이 구간을 ""통계 자체가 최근에 신설됨(시계열 시작점 문제)""으로 분류하고 2023년 값을 과거로 이월하는 것은 존재하지 않는 시계열 구간을 만드는 것이라 보간 불가로 판단했으므로 boundary_carry를 적용하지 않고 결측으로 유지한다."
전북,postpartum_center_fee,2019,산후조리원 이용 요금,leading_missing,,,,,False,False,not_applicable,원자료 부재,confirmed,keep_missing,True,False,True,,,postpartum_before_source_start,reports/20260725_구조환경지표_통합파일_결측치_검증_결과.md:59,"승인된 원자료는 2023년부터 존재한다. 20260725 검증 리포트가 이 구간을 ""통계 자체가 최근에 신설됨(시계열 시작점 문제)""으로 분류하고 2023년 값을 과거로 이월하는 것은 존재하지 않는 시계열 구간을 만드는 것이라 보간 불가로 판단했으므로 boundary_carry를 적용하지 않고 결측으로 유지한다."
전북,postpartum_center_fee,2020,산후조리원 이용 요금,leading_missing,,,,,False,False,not_applicable,원자료 부재,confirmed,keep_missing,True,False,True,,,postpartum_before_source_start,reports/20260725_구조환경지표_통합파일_결측치_검증_결과.md:59,"승인된 원자료는 2023년부터 존재한다. 20260725 검증 리포트가 이 구간을 ""통계 자체가 최근에 신설됨(시계열 시작점 문제)""으로 분류하고 2023년 값을 과거로 이월하는 것은 존재하지 않는 시계열 구간을 만드는 것이라 보간 불가로 판단했으므로 boundary_carry를 적용하지 않고 결측으로 유지한다."
전북,postpartum_center_fee,2021,산후조리원 이용 요금,leading_missing,,,,,False,False,not_applicable,원자료 부재,confirmed,keep_missing,True,False,True,,,postpartum_before_source_start,reports/20260725_구조환경지표_통합파일_결측치_검증_결과.md:59,"승인된 원자료는 2023년부터 존재한다. 20260725 검증 리포트가 이 구간을 ""통계 자체가 최근에 신설됨(시계열 시작점 문제)""으로 분류하고 2023년 값을 과거로 이월하는 것은 존재하지 않는 시계열 구간을 만드는 것이라 보간 불가로 판단했으므로 boundary_carry를 적용하지 않고 결측으로 유지한다."
전북,postpartum_center_fee,2022,산후조리원 이용 요금,leading_missing,,,,,False,False,not_applicable,원자료 부재,confirmed,keep_missing,True,False,True,,,postpartum_before_source_start,reports/20260725_구조환경지표_통합파일_결측치_검증_결과.md:59,"승인된 원자료는 2023년부터 존재한다. 20260725 검증 리포트가 이 구간을 ""통계 자체가 최근에 신설됨(시계열 시작점 문제)""으로 분류하고 2023년 값을 과거로 이월하는 것은 존재하지 않는 시계열 구간을 만드는 것이라 보간 불가로 판단했으므로 boundary_carry를 적용하지 않고 결측으로 유지한다."
전북,postpartum_center_supply,2016,산후조리원 보급도,leading_missing,,,,,False,False,not_applicable,원자료 부재,confirmed,keep_missing,True,False,True,,,postpartum_before_source_start,reports/20260725_구조환경지표_통합파일_결측치_검증_결과.md:59,"승인된 원자료는 2023년부터 존재한다. 20260725 검증 리포트가 이 구간을 ""통계 자체가 최근에 신설됨(시계열 시작점 문제)""으로 분류하고 2023년 값을 과거로 이월하는 것은 존재하지 않는 시계열 구간을 만드는 것이라 보간 불가로 판단했으므로 boundary_carry를 적용하지 않고 결측으로 유지한다."
전북,postpartum_center_supply,2017,산후조리원 보급도,leading_missing,,,,,False,False,not_applicable,원자료 부재,confirmed,keep_missing,True,False,True,,,postpartum_before_source_start,reports/20260725_구조환경지표_통합파일_결측치_검증_결과.md:59,"승인된 원자료는 2023년부터 존재한다. 20260725 검증 리포트가 이 구간을 ""통계 자체가 최근에 신설됨(시계열 시작점 문제)""으로 분류하고 2023년 값을 과거로 이월하는 것은 존재하지 않는 시계열 구간을 만드는 것이라 보간 불가로 판단했으므로 boundary_carry를 적용하지 않고 결측으로 유지한다."
전북,postpartum_center_supply,2018,산후조리원 보급도,leading_missing,,,,,False,False,not_applicable,원자료 부재,confirmed,keep_missing,True,False,True,,,postpartum_before_source_start,reports/20260725_구조환경지표_통합파일_결측치_검증_결과.md:59,"승인된 원자료는 2023년부터 존재한다. 20260725 검증 리포트가 이 구간을 ""통계 자체가 최근에 신설됨(시계열 시작점 문제)""으로 분류하고 2023년 값을 과거로 이월하는 것은 존재하지 않는 시계열 구간을 만드는 것이라 보간 불가로 판단했으므로 boundary_carry를 적용하지 않고 결측으로 유지한다."
전북,postpartum_center_supply,2019,산후조리원 보급도,leading_missing,,,,,False,False,not_applicable,원자료 부재,confirmed,keep_missing,True,False,True,,,postpartum_before_source_start,reports/20260725_구조환경지표_통합파일_결측치_검증_결과.md:59,"승인된 원자료는 2023년부터 존재한다. 20260725 검증 리포트가 이 구간을 ""통계 자체가 최근에 신설됨(시계열 시작점 문제)""으로 분류하고 2023년 값을 과거로 이월하는 것은 존재하지 않는 시계열 구간을 만드는 것이라 보간 불가로 판단했으므로 boundary_carry를 적용하지 않고 결측으로 유지한다."
전북,postpartum_center_supply,2020,산후조리원 보급도,leading_missing,,,,,False,False,not_applicable,원자료 부재,confirmed,keep_missing,True,False,True,,,postpartum_before_source_start,reports/20260725_구조환경지표_통합파일_결측치_검증_결과.md:59,"승인된 원자료는 2023년부터 존재한다. 20260725 검증 리포트가 이 구간을 ""통계 자체가 최근에 신설됨(시계열 시작점 문제)""으로 분류하고 2023년 값을 과거로 이월하는 것은 존재하지 않는 시계열 구간을 만드는 것이라 보간 불가로 판단했으므로 boundary_carry를 적용하지 않고 결측으로 유지한다."
전북,postpartum_center_supply,2021,산후조리원 보급도,leading_missing,,,,,False,False,not_applicable,원자료 부재,confirmed,keep_missing,True,False,True,,,postpartum_before_source_start,reports/20260725_구조환경지표_통합파일_결측치_검증_결과.md:59,"승인된 원자료는 2023년부터 존재한다. 20260725 검증 리포트가 이 구간을 ""통계 자체가 최근에 신설됨(시계열 시작점 문제)""으로 분류하고 2023년 값을 과거로 이월하는 것은 존재하지 않는 시계열 구간을 만드는 것이라 보간 불가로 판단했으므로 boundary_carry를 적용하지 않고 결측으로 유지한다."
전북,postpartum_center_supply,2022,산후조리원 보급도,leading_missing,,,,,False,False,not_applicable,원자료 부재,confirmed,keep_missing,True,False,True,,,postpartum_before_source_start,reports/20260725_구조환경지표_통합파일_결측치_검증_결과.md:59,"승인된 원자료는 2023년부터 존재한다. 20260725 검증 리포트가 이 구간을 ""통계 자체가 최근에 신설됨(시계열 시작점 문제)""으로 분류하고 2023년 값을 과거로 이월하는 것은 존재하지 않는 시계열 구간을 만드는 것이라 보간 불가로 판단했으므로 boundary_carry를 적용하지 않고 결측으로 유지한다."
전북,social_safety_perception,2017,사회 안전에 대한 인식,intermediate_missing,,,,,False,False,not_applicable,조사 비실시 연도,confirmed,linear_interpolation,False,True,True,,,social_survey_interior_non_survey,configs/structural_indicators_verification.yaml:460,2016·2018·2020·2022·2024 관측값 사이의 비조사연도이다.
전북,social_safety_perception,2019,사회 안전에 대한 인식,intermediate_missing,,,,,False,False,not_applicable,조사 비실시 연도,confirmed,linear_interpolation,False,True,True,,,social_survey_interior_non_survey,configs/structural_indicators_verification.yaml:460,2016·2018·2020·2022·2024 관측값 사이의 비조사연도이다.
전북,social_safety_perception,2021,사회 안전에 대한 인식,intermediate_missing,,,,,False,False,not_applicable,조사 비실시 연도,confirmed,linear_interpolation,False,True,True,,,social_survey_interior_non_survey,configs/structural_indicators_verification.yaml:460,2016·2018·2020·2022·2024 관측값 사이의 비조사연도이다.
전북,social_safety_perception,2023,사회 안전에 대한 인식,intermediate_missing,,,,,False,False,not_applicable,조사 비실시 연도,confirmed,linear_interpolation,False,True,True,,,social_survey_interior_non_survey,configs/structural_indicators_verification.yaml:460,2016·2018·2020·2022·2024 관측값 사이의 비조사연도이다.
전북,socioeconomic_status_perception,2016,사회경제적 지위에 대한 인식,leading_missing,2020,4,backward,4,True,True,high,조사 비실시 연도,confirmed,boundary_carry,False,True,False,,,family_survey_boundary_non_survey,configs/structural_indicators_verification.yaml:790,2020·2023 관측 범위 밖의 비조사연도이며 본계열 boundary carry 후보이다.
전북,socioeconomic_status_perception,2017,사회경제적 지위에 대한 인식,leading_missing,2020,3,backward,4,True,True,high,조사 비실시 연도,confirmed,boundary_carry,False,True,False,,,family_survey_boundary_non_survey,configs/structural_indicators_verification.yaml:790,2020·2023 관측 범위 밖의 비조사연도이며 본계열 boundary carry 후보이다.
전북,socioeconomic_status_perception,2018,사회경제적 지위에 대한 인식,leading_missing,2020,2,backward,4,True,True,high,조사 비실시 연도,confirmed,boundary_carry,False,True,False,,,family_survey_boundary_non_survey,configs/structural_indicators_verification.yaml:790,2020·2023 관측 범위 밖의 비조사연도이며 본계열 boundary carry 후보이다.
전북,socioeconomic_status_perception,2019,사회경제적 지위에 대한 인식,leading_missing,2020,1,backward,4,True,True,high,조사 비실시 연도,confirmed,boundary_carry,False,True,False,,,family_survey_boundary_non_survey,configs/structural_indicators_verification.yaml:790,2020·2023 관측 범위 밖의 비조사연도이며 본계열 boundary carry 후보이다.
전북,socioeconomic_status_perception,2021,사회경제적 지위에 대한 인식,intermediate_missing,,,,,False,False,not_applicable,조사 비실시 연도,confirmed,linear_interpolation,False,True,False,,,family_survey_interior_non_survey,configs/structural_indicators_verification.yaml:790,2020년과 2023년 실제 관측값 사이의 비조사연도이다.
전북,socioeconomic_status_perception,2022,사회경제적 지위에 대한 인식,intermediate_missing,,,,,False,False,not_applicable,조사 비실시 연도,confirmed,linear_interpolation,False,True,False,,,family_survey_interior_non_survey,configs/structural_indicators_verification.yaml:790,2020년과 2023년 실제 관측값 사이의 비조사연도이다.
전북,socioeconomic_status_perception,2024,사회경제적 지위에 대한 인식,trailing_missing,2023,1,forward,1,False,True,medium,조사 비실시 연도,confirmed,boundary_carry,False,True,False,,,family_survey_boundary_non_survey,configs/structural_indicators_verification.yaml:790,2020·2023 관측 범위 밖의 비조사연도이며 본계열 boundary carry 후보이다.
제주,childbirth_perception,2016,출산에 대한 인식,leading_missing,2018,2,backward,2,True,True,high,조사 비실시 연도,confirmed,boundary_carry,False,True,True,,,childbirth_leading_non_survey,configs/structural_indicators_verification.yaml:576,지표의 첫 비교 가능 관측연도인 2018년 이전 구간이다.
제주,childbirth_perception,2017,출산에 대한 인식,leading_missing,2018,1,backward,2,True,True,high,조사 비실시 연도,confirmed,boundary_carry,False,True,True,,,childbirth_leading_non_survey,configs/structural_indicators_verification.yaml:576,지표의 첫 비교 가능 관측연도인 2018년 이전 구간이다.
제주,childbirth_perception,2019,출산에 대한 인식,intermediate_missing,,,,,False,False,not_applicable,조사 비실시 연도,confirmed,linear_interpolation,False,True,True,,,childbirth_interior_non_survey,configs/structural_indicators_verification.yaml:576,2018·2020·2022·2024 관측값 사이의 비조사연도이다.
제주,childbirth_perception,2021,출산에 대한 인식,intermediate_missing,,,,,False,False,not_applicable,조사 비실시 연도,confirmed,linear_interpolation,False,True,True,,,childbirth_interior_non_survey,configs/structural_indicators_verification.yaml:576,2018·2020·2022·2024 관측값 사이의 비조사연도이다.
제주,childbirth_perception,2023,출산에 대한 인식,intermediate_missing,,,,,False,False,not_applicable,조사 비실시 연도,confirmed,linear_interpolation,False,True,True,,,childbirth_interior_non_survey,configs/structural_indicators_verification.yaml:576,2018·2020·2022·2024 관측값 사이의 비조사연도이다.
제주,childcare_equal_participation,2016,돌봄노동 공동 참여도,leading_missing,2020,4,backward,4,True,True,high,조사 비실시 연도,confirmed,boundary_carry,False,True,False,,,family_survey_boundary_non_survey,configs/structural_indicators_verification.yaml:790,2020·2023 관측 범위 밖의 비조사연도이며 본계열 boundary carry 후보이다.
제주,childcare_equal_participation,2017,돌봄노동 공동 참여도,leading_missing,2020,3,backward,4,True,True,high,조사 비실시 연도,confirmed,boundary_carry,False,True,False,,,family_survey_boundary_non_survey,configs/structural_indicators_verification.yaml:790,2020·2023 관측 범위 밖의 비조사연도이며 본계열 boundary carry 후보이다.
제주,childcare_equal_participation,2018,돌봄노동 공동 참여도,leading_missing,2020,2,backward,4,True,True,high,조사 비실시 연도,confirmed,boundary_carry,False,True,False,,,family_survey_boundary_non_survey,configs/structural_indicators_verification.yaml:790,2020·2023 관측 범위 밖의 비조사연도이며 본계열 boundary carry 후보이다.
제주,childcare_equal_participation,2019,돌봄노동 공동 참여도,leading_missing,2020,1,backward,4,True,True,high,조사 비실시 연도,confirmed,boundary_carry,False,True,False,,,family_survey_boundary_non_survey,configs/structural_indicators_verification.yaml:790,2020·2023 관측 범위 밖의 비조사연도이며 본계열 boundary carry 후보이다.
제주,childcare_equal_participation,2021,돌봄노동 공동 참여도,intermediate_missing,,,,,False,False,not_applicable,조사 비실시 연도,confirmed,linear_interpolation,False,True,False,,,family_survey_interior_non_survey,configs/structural_indicators_verification.yaml:790,2020년과 2023년 실제 관측값 사이의 비조사연도이다.
제주,childcare_equal_participation,2022,돌봄노동 공동 참여도,intermediate_missing,,,,,False,False,not_applicable,조사 비실시 연도,confirmed,linear_interpolation,False,True,False,,,family_survey_interior_non_survey,configs/structural_indicators_verification.yaml:790,2020년과 2023년 실제 관측값 사이의 비조사연도이다.
제주,childcare_equal_participation,2024,돌봄노동 공동 참여도,trailing_missing,2023,1,forward,1,False,True,medium,조사 비실시 연도,confirmed,boundary_carry,False,True,False,,,family_survey_boundary_non_survey,configs/structural_indicators_verification.yaml:790,2020·2023 관측 범위 밖의 비조사연도이며 본계열 boundary carry 후보이다.
제주,delivery_bed_supply,2016,(대체)분만실 병상수 보급도,leading_missing,,,,,False,False,not_applicable,원자료 부재,confirmed,keep_missing,True,False,True,,,delivery_bed_before_source_start,reports/20260725_구조환경지표_통합파일_결측치_검증_결과.md:59,"원자료는 2018년 3분기부터 시작한다. 20260725 검증 리포트가 이 구간을 ""통계 자체가 최근에 신설됨(시계열 시작점 문제)""으로 분류하고 보간(경계값 이월 포함) 불가로 판단했으므로 boundary_carry를 적용하지 않고 결측으로 유지한다."
제주,delivery_bed_supply,2017,(대체)분만실 병상수 보급도,leading_missing,,,,,False,False,not_applicable,원자료 부재,confirmed,keep_missing,True,False,True,,,delivery_bed_before_source_start,reports/20260725_구조환경지표_통합파일_결측치_검증_결과.md:59,"원자료는 2018년 3분기부터 시작한다. 20260725 검증 리포트가 이 구간을 ""통계 자체가 최근에 신설됨(시계열 시작점 문제)""으로 분류하고 보간(경계값 이월 포함) 불가로 판단했으므로 boundary_carry를 적용하지 않고 결측으로 유지한다."
제주,family_friendly_certification_rate,2016,가족친화 인증기업 비율,leading_missing,,,,,False,False,not_applicable,원인 미확정,unresolved,pending_review,True,False,True,auxiliary_raking_composition_ratio,,family_friendly_provincial_unresolved,configs/structural_indicators_verification.yaml:518,"공식 명단을 확보하지 못한 17개 시도의 2016·2017·2019년 51건은 임의 대체하지 않는다. 2019(중간 결측)는 2018·2020 선형보간 후 전국 실측 합계로 raking, 2016·2017(선행 결측)은 2018년 지역 구성비 × 해당 연도 전국 실측 합계로 추정한 보조 시나리오만 별도 열에 기록한다(`reports/20260805_가족친화_지역별_51건_보조시나리오_후보.csv`)."
제주,family_friendly_certification_rate,2017,가족친화 인증기업 비율,leading_missing,,,,,False,False,not_applicable,원인 미확정,unresolved,pending_review,True,False,True,auxiliary_raking_composition_ratio,,family_friendly_provincial_unresolved,configs/structural_indicators_verification.yaml:518,"공식 명단을 확보하지 못한 17개 시도의 2016·2017·2019년 51건은 임의 대체하지 않는다. 2019(중간 결측)는 2018·2020 선형보간 후 전국 실측 합계로 raking, 2016·2017(선행 결측)은 2018년 지역 구성비 × 해당 연도 전국 실측 합계로 추정한 보조 시나리오만 별도 열에 기록한다(`reports/20260805_가족친화_지역별_51건_보조시나리오_후보.csv`)."
제주,family_friendly_certification_rate,2019,가족친화 인증기업 비율,intermediate_missing,,,,,False,False,not_applicable,원인 미확정,unresolved,pending_review,True,False,True,auxiliary_raking_composition_ratio,,family_friendly_provincial_unresolved,configs/structural_indicators_verification.yaml:518,"공식 명단을 확보하지 못한 17개 시도의 2016·2017·2019년 51건은 임의 대체하지 않는다. 2019(중간 결측)는 2018·2020 선형보간 후 전국 실측 합계로 raking, 2016·2017(선행 결측)은 2018년 지역 구성비 × 해당 연도 전국 실측 합계로 추정한 보조 시나리오만 별도 열에 기록한다(`reports/20260805_가족친화_지역별_51건_보조시나리오_후보.csv`)."
제주,household_chore_equal_participation,2016,가사노동 공동 참여도,leading_missing,2020,4,backward,4,True,True,high,조사 비실시 연도,confirmed,boundary_carry,False,True,False,,,family_survey_boundary_non_survey,configs/structural_indicators_verification.yaml:790,2020·2023 관측 범위 밖의 비조사연도이며 본계열 boundary carry 후보이다.
제주,household_chore_equal_participation,2017,가사노동 공동 참여도,leading_missing,2020,3,backward,4,True,True,high,조사 비실시 연도,confirmed,boundary_carry,False,True,False,,,family_survey_boundary_non_survey,configs/structural_indicators_verification.yaml:790,2020·2023 관측 범위 밖의 비조사연도이며 본계열 boundary carry 후보이다.
제주,household_chore_equal_participation,2018,가사노동 공동 참여도,leading_missing,2020,2,backward,4,True,True,high,조사 비실시 연도,confirmed,boundary_carry,False,True,False,,,family_survey_boundary_non_survey,configs/structural_indicators_verification.yaml:790,2020·2023 관측 범위 밖의 비조사연도이며 본계열 boundary carry 후보이다.
제주,household_chore_equal_participation,2019,가사노동 공동 참여도,leading_missing,2020,1,backward,4,True,True,high,조사 비실시 연도,confirmed,boundary_carry,False,True,False,,,family_survey_boundary_non_survey,configs/structural_indicators_verification.yaml:790,2020·2023 관측 범위 밖의 비조사연도이며 본계열 boundary carry 후보이다.
제주,household_chore_equal_participation,2021,가사노동 공동 참여도,intermediate_missing,,,,,False,False,not_applicable,조사 비실시 연도,confirmed,linear_interpolation,False,True,False,,,family_survey_interior_non_survey,configs/structural_indicators_verification.yaml:790,2020년과 2023년 실제 관측값 사이의 비조사연도이다.
제주,household_chore_equal_participation,2022,가사노동 공동 참여도,intermediate_missing,,,,,False,False,not_applicable,조사 비실시 연도,confirmed,linear_interpolation,False,True,False,,,family_survey_interior_non_survey,configs/structural_indicators_verification.yaml:790,2020년과 2023년 실제 관측값 사이의 비조사연도이다.
제주,household_chore_equal_participation,2024,가사노동 공동 참여도,trailing_missing,2023,1,forward,1,False,True,medium,조사 비실시 연도,confirmed,boundary_carry,False,True,False,,,family_survey_boundary_non_survey,configs/structural_indicators_verification.yaml:790,2020·2023 관측 범위 밖의 비조사연도이며 본계열 boundary carry 후보이다.
제주,housework_gender_equality,2017,가사분담에 대한 성평등 인식,intermediate_missing,,,,,False,False,not_applicable,조사 비실시 연도,confirmed,pending_review,True,False,True,,,nonlinear_housework_pending_review,reports/20260725_구조환경지표_통합파일_결측치_검증_결과.md:78,비선형 변환 전 구성요소와 변환 후 지표 중 어느 단계에서 처리할지 검토가 필요하다.
제주,housework_gender_equality,2019,가사분담에 대한 성평등 인식,intermediate_missing,,,,,False,False,not_applicable,조사 비실시 연도,confirmed,pending_review,True,False,True,,,nonlinear_housework_pending_review,reports/20260725_구조환경지표_통합파일_결측치_검증_결과.md:78,비선형 변환 전 구성요소와 변환 후 지표 중 어느 단계에서 처리할지 검토가 필요하다.
제주,housework_gender_equality,2021,가사분담에 대한 성평등 인식,intermediate_missing,,,,,False,False,not_applicable,조사 비실시 연도,confirmed,pending_review,True,False,True,,,nonlinear_housework_pending_review,reports/20260725_구조환경지표_통합파일_결측치_검증_결과.md:78,비선형 변환 전 구성요소와 변환 후 지표 중 어느 단계에서 처리할지 검토가 필요하다.
제주,housework_gender_equality,2023,가사분담에 대한 성평등 인식,intermediate_missing,,,,,False,False,not_applicable,조사 비실시 연도,confirmed,pending_review,True,False,True,,,nonlinear_housework_pending_review,reports/20260725_구조환경지표_통합파일_결측치_검증_결과.md:78,비선형 변환 전 구성요소와 변환 후 지표 중 어느 단계에서 처리할지 검토가 필요하다.
제주,income_satisfaction,2016,소득만족도,leading_missing,2017,1,backward,1,False,True,medium,조사 비실시 연도,confirmed,boundary_carry,False,True,True,auxiliary_boundary_interpolation,2015,income_leisure_leading_non_survey,configs/structural_indicators_verification.yaml:145,본계열은 boundary carry 후보이며 2015년 값은 별도 보조 시나리오에서만 사용한다.
제주,income_satisfaction,2018,소득만족도,intermediate_missing,,,,,False,False,not_applicable,조사 비실시 연도,confirmed,linear_interpolation,False,True,True,,,income_leisure_interior_non_survey,reports/20260725_구조환경지표_통합파일_결측치_검증_결과.md:57,실제 관측값 사이의 비조사연도로 본계열 선형보간 후보이다.
제주,income_satisfaction,2020,소득만족도,intermediate_missing,,,,,False,False,not_applicable,조사 비실시 연도,confirmed,linear_interpolation,False,True,True,,,income_leisure_interior_non_survey,reports/20260725_구조환경지표_통합파일_결측치_검증_결과.md:57,실제 관측값 사이의 비조사연도로 본계열 선형보간 후보이다.
제주,income_satisfaction,2022,소득만족도,intermediate_missing,,,,,False,False,not_applicable,조사 비실시 연도,confirmed,linear_interpolation,False,True,True,,,income_leisure_interior_non_survey,reports/20260725_구조환경지표_통합파일_결측치_검증_결과.md:57,실제 관측값 사이의 비조사연도로 본계열 선형보간 후보이다.
제주,income_satisfaction,2024,소득만족도,trailing_missing,2023,1,forward,1,False,True,medium,조사 비실시 연도,confirmed,boundary_carry,False,True,True,auxiliary_boundary_interpolation,2025,income_leisure_trailing_non_survey,configs/structural_indicators_verification.yaml:145,본계열은 boundary carry 후보이며 2025년 값은 별도 보조 시나리오에서만 사용한다.
제주,leisure_satisfaction,2016,여가생활 만족도,leading_missing,2017,1,backward,1,False,True,medium,조사 비실시 연도,confirmed,boundary_carry,False,True,True,auxiliary_boundary_interpolation,2015,income_leisure_leading_non_survey,configs/structural_indicators_verification.yaml:145,본계열은 boundary carry 후보이며 2015년 값은 별도 보조 시나리오에서만 사용한다.
제주,leisure_satisfaction,2018,여가생활 만족도,intermediate_missing,,,,,False,False,not_applicable,조사 비실시 연도,confirmed,linear_interpolation,False,True,True,,,income_leisure_interior_non_survey,reports/20260725_구조환경지표_통합파일_결측치_검증_결과.md:57,실제 관측값 사이의 비조사연도로 본계열 선형보간 후보이다.
제주,leisure_satisfaction,2020,여가생활 만족도,intermediate_missing,,,,,False,False,not_applicable,조사 비실시 연도,confirmed,linear_interpolation,False,True,True,,,income_leisure_interior_non_survey,reports/20260725_구조환경지표_통합파일_결측치_검증_결과.md:57,실제 관측값 사이의 비조사연도로 본계열 선형보간 후보이다.
제주,leisure_satisfaction,2022,여가생활 만족도,intermediate_missing,,,,,False,False,not_applicable,조사 비실시 연도,confirmed,linear_interpolation,False,True,True,,,income_leisure_interior_non_survey,reports/20260725_구조환경지표_통합파일_결측치_검증_결과.md:57,실제 관측값 사이의 비조사연도로 본계열 선형보간 후보이다.
제주,leisure_satisfaction,2024,여가생활 만족도,trailing_missing,2023,1,forward,1,False,True,medium,조사 비실시 연도,confirmed,boundary_carry,False,True,True,auxiliary_boundary_interpolation,2025,income_leisure_trailing_non_survey,configs/structural_indicators_verification.yaml:145,본계열은 boundary carry 후보이며 2025년 값은 별도 보조 시나리오에서만 사용한다.
제주,marriage_perception,2017,결혼에 대한 인식,intermediate_missing,,,,,False,False,not_applicable,조사 비실시 연도,confirmed,linear_interpolation,False,True,True,,,social_survey_interior_non_survey,configs/structural_indicators_verification.yaml:460,2016·2018·2020·2022·2024 관측값 사이의 비조사연도이다.
제주,marriage_perception,2019,결혼에 대한 인식,intermediate_missing,,,,,False,False,not_applicable,조사 비실시 연도,confirmed,linear_interpolation,False,True,True,,,social_survey_interior_non_survey,configs/structural_indicators_verification.yaml:460,2016·2018·2020·2022·2024 관측값 사이의 비조사연도이다.
제주,marriage_perception,2021,결혼에 대한 인식,intermediate_missing,,,,,False,False,not_applicable,조사 비실시 연도,confirmed,linear_interpolation,False,True,True,,,social_survey_interior_non_survey,configs/structural_indicators_verification.yaml:460,2016·2018·2020·2022·2024 관측값 사이의 비조사연도이다.
제주,marriage_perception,2023,결혼에 대한 인식,intermediate_missing,,,,,False,False,not_applicable,조사 비실시 연도,confirmed,linear_interpolation,False,True,True,,,social_survey_interior_non_survey,configs/structural_indicators_verification.yaml:460,2016·2018·2020·2022·2024 관측값 사이의 비조사연도이다.
제주,postpartum_center_fee,2016,산후조리원 이용 요금,leading_missing,,,,,False,False,not_applicable,원자료 부재,confirmed,keep_missing,True,False,True,,,postpartum_before_source_start,reports/20260725_구조환경지표_통합파일_결측치_검증_결과.md:59,"승인된 원자료는 2023년부터 존재한다. 20260725 검증 리포트가 이 구간을 ""통계 자체가 최근에 신설됨(시계열 시작점 문제)""으로 분류하고 2023년 값을 과거로 이월하는 것은 존재하지 않는 시계열 구간을 만드는 것이라 보간 불가로 판단했으므로 boundary_carry를 적용하지 않고 결측으로 유지한다."
제주,postpartum_center_fee,2017,산후조리원 이용 요금,leading_missing,,,,,False,False,not_applicable,원자료 부재,confirmed,keep_missing,True,False,True,,,postpartum_before_source_start,reports/20260725_구조환경지표_통합파일_결측치_검증_결과.md:59,"승인된 원자료는 2023년부터 존재한다. 20260725 검증 리포트가 이 구간을 ""통계 자체가 최근에 신설됨(시계열 시작점 문제)""으로 분류하고 2023년 값을 과거로 이월하는 것은 존재하지 않는 시계열 구간을 만드는 것이라 보간 불가로 판단했으므로 boundary_carry를 적용하지 않고 결측으로 유지한다."
제주,postpartum_center_fee,2018,산후조리원 이용 요금,leading_missing,,,,,False,False,not_applicable,원자료 부재,confirmed,keep_missing,True,False,True,,,postpartum_before_source_start,reports/20260725_구조환경지표_통합파일_결측치_검증_결과.md:59,"승인된 원자료는 2023년부터 존재한다. 20260725 검증 리포트가 이 구간을 ""통계 자체가 최근에 신설됨(시계열 시작점 문제)""으로 분류하고 2023년 값을 과거로 이월하는 것은 존재하지 않는 시계열 구간을 만드는 것이라 보간 불가로 판단했으므로 boundary_carry를 적용하지 않고 결측으로 유지한다."
제주,postpartum_center_fee,2019,산후조리원 이용 요금,leading_missing,,,,,False,False,not_applicable,원자료 부재,confirmed,keep_missing,True,False,True,,,postpartum_before_source_start,reports/20260725_구조환경지표_통합파일_결측치_검증_결과.md:59,"승인된 원자료는 2023년부터 존재한다. 20260725 검증 리포트가 이 구간을 ""통계 자체가 최근에 신설됨(시계열 시작점 문제)""으로 분류하고 2023년 값을 과거로 이월하는 것은 존재하지 않는 시계열 구간을 만드는 것이라 보간 불가로 판단했으므로 boundary_carry를 적용하지 않고 결측으로 유지한다."
제주,postpartum_center_fee,2020,산후조리원 이용 요금,leading_missing,,,,,False,False,not_applicable,원자료 부재,confirmed,keep_missing,True,False,True,,,postpartum_before_source_start,reports/20260725_구조환경지표_통합파일_결측치_검증_결과.md:59,"승인된 원자료는 2023년부터 존재한다. 20260725 검증 리포트가 이 구간을 ""통계 자체가 최근에 신설됨(시계열 시작점 문제)""으로 분류하고 2023년 값을 과거로 이월하는 것은 존재하지 않는 시계열 구간을 만드는 것이라 보간 불가로 판단했으므로 boundary_carry를 적용하지 않고 결측으로 유지한다."
제주,postpartum_center_fee,2021,산후조리원 이용 요금,leading_missing,,,,,False,False,not_applicable,원자료 부재,confirmed,keep_missing,True,False,True,,,postpartum_before_source_start,reports/20260725_구조환경지표_통합파일_결측치_검증_결과.md:59,"승인된 원자료는 2023년부터 존재한다. 20260725 검증 리포트가 이 구간을 ""통계 자체가 최근에 신설됨(시계열 시작점 문제)""으로 분류하고 2023년 값을 과거로 이월하는 것은 존재하지 않는 시계열 구간을 만드는 것이라 보간 불가로 판단했으므로 boundary_carry를 적용하지 않고 결측으로 유지한다."
제주,postpartum_center_fee,2022,산후조리원 이용 요금,leading_missing,,,,,False,False,not_applicable,원자료 부재,confirmed,keep_missing,True,False,True,,,postpartum_before_source_start,reports/20260725_구조환경지표_통합파일_결측치_검증_결과.md:59,"승인된 원자료는 2023년부터 존재한다. 20260725 검증 리포트가 이 구간을 ""통계 자체가 최근에 신설됨(시계열 시작점 문제)""으로 분류하고 2023년 값을 과거로 이월하는 것은 존재하지 않는 시계열 구간을 만드는 것이라 보간 불가로 판단했으므로 boundary_carry를 적용하지 않고 결측으로 유지한다."
제주,postpartum_center_supply,2016,산후조리원 보급도,leading_missing,,,,,False,False,not_applicable,원자료 부재,confirmed,keep_missing,True,False,True,,,postpartum_before_source_start,reports/20260725_구조환경지표_통합파일_결측치_검증_결과.md:59,"승인된 원자료는 2023년부터 존재한다. 20260725 검증 리포트가 이 구간을 ""통계 자체가 최근에 신설됨(시계열 시작점 문제)""으로 분류하고 2023년 값을 과거로 이월하는 것은 존재하지 않는 시계열 구간을 만드는 것이라 보간 불가로 판단했으므로 boundary_carry를 적용하지 않고 결측으로 유지한다."
제주,postpartum_center_supply,2017,산후조리원 보급도,leading_missing,,,,,False,False,not_applicable,원자료 부재,confirmed,keep_missing,True,False,True,,,postpartum_before_source_start,reports/20260725_구조환경지표_통합파일_결측치_검증_결과.md:59,"승인된 원자료는 2023년부터 존재한다. 20260725 검증 리포트가 이 구간을 ""통계 자체가 최근에 신설됨(시계열 시작점 문제)""으로 분류하고 2023년 값을 과거로 이월하는 것은 존재하지 않는 시계열 구간을 만드는 것이라 보간 불가로 판단했으므로 boundary_carry를 적용하지 않고 결측으로 유지한다."
제주,postpartum_center_supply,2018,산후조리원 보급도,leading_missing,,,,,False,False,not_applicable,원자료 부재,confirmed,keep_missing,True,False,True,,,postpartum_before_source_start,reports/20260725_구조환경지표_통합파일_결측치_검증_결과.md:59,"승인된 원자료는 2023년부터 존재한다. 20260725 검증 리포트가 이 구간을 ""통계 자체가 최근에 신설됨(시계열 시작점 문제)""으로 분류하고 2023년 값을 과거로 이월하는 것은 존재하지 않는 시계열 구간을 만드는 것이라 보간 불가로 판단했으므로 boundary_carry를 적용하지 않고 결측으로 유지한다."
제주,postpartum_center_supply,2019,산후조리원 보급도,leading_missing,,,,,False,False,not_applicable,원자료 부재,confirmed,keep_missing,True,False,True,,,postpartum_before_source_start,reports/20260725_구조환경지표_통합파일_결측치_검증_결과.md:59,"승인된 원자료는 2023년부터 존재한다. 20260725 검증 리포트가 이 구간을 ""통계 자체가 최근에 신설됨(시계열 시작점 문제)""으로 분류하고 2023년 값을 과거로 이월하는 것은 존재하지 않는 시계열 구간을 만드는 것이라 보간 불가로 판단했으므로 boundary_carry를 적용하지 않고 결측으로 유지한다."
제주,postpartum_center_supply,2020,산후조리원 보급도,leading_missing,,,,,False,False,not_applicable,원자료 부재,confirmed,keep_missing,True,False,True,,,postpartum_before_source_start,reports/20260725_구조환경지표_통합파일_결측치_검증_결과.md:59,"승인된 원자료는 2023년부터 존재한다. 20260725 검증 리포트가 이 구간을 ""통계 자체가 최근에 신설됨(시계열 시작점 문제)""으로 분류하고 2023년 값을 과거로 이월하는 것은 존재하지 않는 시계열 구간을 만드는 것이라 보간 불가로 판단했으므로 boundary_carry를 적용하지 않고 결측으로 유지한다."
제주,postpartum_center_supply,2021,산후조리원 보급도,leading_missing,,,,,False,False,not_applicable,원자료 부재,confirmed,keep_missing,True,False,True,,,postpartum_before_source_start,reports/20260725_구조환경지표_통합파일_결측치_검증_결과.md:59,"승인된 원자료는 2023년부터 존재한다. 20260725 검증 리포트가 이 구간을 ""통계 자체가 최근에 신설됨(시계열 시작점 문제)""으로 분류하고 2023년 값을 과거로 이월하는 것은 존재하지 않는 시계열 구간을 만드는 것이라 보간 불가로 판단했으므로 boundary_carry를 적용하지 않고 결측으로 유지한다."
제주,postpartum_center_supply,2022,산후조리원 보급도,leading_missing,,,,,False,False,not_applicable,원자료 부재,confirmed,keep_missing,True,False,True,,,postpartum_before_source_start,reports/20260725_구조환경지표_통합파일_결측치_검증_결과.md:59,"승인된 원자료는 2023년부터 존재한다. 20260725 검증 리포트가 이 구간을 ""통계 자체가 최근에 신설됨(시계열 시작점 문제)""으로 분류하고 2023년 값을 과거로 이월하는 것은 존재하지 않는 시계열 구간을 만드는 것이라 보간 불가로 판단했으므로 boundary_carry를 적용하지 않고 결측으로 유지한다."
제주,social_safety_perception,2017,사회 안전에 대한 인식,intermediate_missing,,,,,False,False,not_applicable,조사 비실시 연도,confirmed,linear_interpolation,False,True,True,,,social_survey_interior_non_survey,configs/structural_indicators_verification.yaml:460,2016·2018·2020·2022·2024 관측값 사이의 비조사연도이다.
제주,social_safety_perception,2019,사회 안전에 대한 인식,intermediate_missing,,,,,False,False,not_applicable,조사 비실시 연도,confirmed,linear_interpolation,False,True,True,,,social_survey_interior_non_survey,configs/structural_indicators_verification.yaml:460,2016·2018·2020·2022·2024 관측값 사이의 비조사연도이다.
제주,social_safety_perception,2021,사회 안전에 대한 인식,intermediate_missing,,,,,False,False,not_applicable,조사 비실시 연도,confirmed,linear_interpolation,False,True,True,,,social_survey_interior_non_survey,configs/structural_indicators_verification.yaml:460,2016·2018·2020·2022·2024 관측값 사이의 비조사연도이다.
제주,social_safety_perception,2023,사회 안전에 대한 인식,intermediate_missing,,,,,False,False,not_applicable,조사 비실시 연도,confirmed,linear_interpolation,False,True,True,,,social_survey_interior_non_survey,configs/structural_indicators_verification.yaml:460,2016·2018·2020·2022·2024 관측값 사이의 비조사연도이다.
제주,socioeconomic_status_perception,2016,사회경제적 지위에 대한 인식,leading_missing,2020,4,backward,4,True,True,high,조사 비실시 연도,confirmed,boundary_carry,False,True,False,,,family_survey_boundary_non_survey,configs/structural_indicators_verification.yaml:790,2020·2023 관측 범위 밖의 비조사연도이며 본계열 boundary carry 후보이다.
제주,socioeconomic_status_perception,2017,사회경제적 지위에 대한 인식,leading_missing,2020,3,backward,4,True,True,high,조사 비실시 연도,confirmed,boundary_carry,False,True,False,,,family_survey_boundary_non_survey,configs/structural_indicators_verification.yaml:790,2020·2023 관측 범위 밖의 비조사연도이며 본계열 boundary carry 후보이다.
제주,socioeconomic_status_perception,2018,사회경제적 지위에 대한 인식,leading_missing,2020,2,backward,4,True,True,high,조사 비실시 연도,confirmed,boundary_carry,False,True,False,,,family_survey_boundary_non_survey,configs/structural_indicators_verification.yaml:790,2020·2023 관측 범위 밖의 비조사연도이며 본계열 boundary carry 후보이다.
제주,socioeconomic_status_perception,2019,사회경제적 지위에 대한 인식,leading_missing,2020,1,backward,4,True,True,high,조사 비실시 연도,confirmed,boundary_carry,False,True,False,,,family_survey_boundary_non_survey,configs/structural_indicators_verification.yaml:790,2020·2023 관측 범위 밖의 비조사연도이며 본계열 boundary carry 후보이다.
제주,socioeconomic_status_perception,2021,사회경제적 지위에 대한 인식,intermediate_missing,,,,,False,False,not_applicable,조사 비실시 연도,confirmed,linear_interpolation,False,True,False,,,family_survey_interior_non_survey,configs/structural_indicators_verification.yaml:790,2020년과 2023년 실제 관측값 사이의 비조사연도이다.
제주,socioeconomic_status_perception,2022,사회경제적 지위에 대한 인식,intermediate_missing,,,,,False,False,not_applicable,조사 비실시 연도,confirmed,linear_interpolation,False,True,False,,,family_survey_interior_non_survey,configs/structural_indicators_verification.yaml:790,2020년과 2023년 실제 관측값 사이의 비조사연도이다.
제주,socioeconomic_status_perception,2024,사회경제적 지위에 대한 인식,trailing_missing,2023,1,forward,1,False,True,medium,조사 비실시 연도,confirmed,boundary_carry,False,True,False,,,family_survey_boundary_non_survey,configs/structural_indicators_verification.yaml:790,2020·2023 관측 범위 밖의 비조사연도이며 본계열 boundary carry 후보이다.
충남,childbirth_perception,2016,출산에 대한 인식,leading_missing,2018,2,backward,2,True,True,high,조사 비실시 연도,confirmed,boundary_carry,False,True,True,,,childbirth_leading_non_survey,configs/structural_indicators_verification.yaml:576,지표의 첫 비교 가능 관측연도인 2018년 이전 구간이다.
충남,childbirth_perception,2017,출산에 대한 인식,leading_missing,2018,1,backward,2,True,True,high,조사 비실시 연도,confirmed,boundary_carry,False,True,True,,,childbirth_leading_non_survey,configs/structural_indicators_verification.yaml:576,지표의 첫 비교 가능 관측연도인 2018년 이전 구간이다.
충남,childbirth_perception,2019,출산에 대한 인식,intermediate_missing,,,,,False,False,not_applicable,조사 비실시 연도,confirmed,linear_interpolation,False,True,True,,,childbirth_interior_non_survey,configs/structural_indicators_verification.yaml:576,2018·2020·2022·2024 관측값 사이의 비조사연도이다.
충남,childbirth_perception,2021,출산에 대한 인식,intermediate_missing,,,,,False,False,not_applicable,조사 비실시 연도,confirmed,linear_interpolation,False,True,True,,,childbirth_interior_non_survey,configs/structural_indicators_verification.yaml:576,2018·2020·2022·2024 관측값 사이의 비조사연도이다.
충남,childbirth_perception,2023,출산에 대한 인식,intermediate_missing,,,,,False,False,not_applicable,조사 비실시 연도,confirmed,linear_interpolation,False,True,True,,,childbirth_interior_non_survey,configs/structural_indicators_verification.yaml:576,2018·2020·2022·2024 관측값 사이의 비조사연도이다.
충남,childcare_equal_participation,2016,돌봄노동 공동 참여도,leading_missing,2020,4,backward,4,True,True,high,조사 비실시 연도,confirmed,boundary_carry,False,True,False,,,family_survey_boundary_non_survey,configs/structural_indicators_verification.yaml:790,2020·2023 관측 범위 밖의 비조사연도이며 본계열 boundary carry 후보이다.
충남,childcare_equal_participation,2017,돌봄노동 공동 참여도,leading_missing,2020,3,backward,4,True,True,high,조사 비실시 연도,confirmed,boundary_carry,False,True,False,,,family_survey_boundary_non_survey,configs/structural_indicators_verification.yaml:790,2020·2023 관측 범위 밖의 비조사연도이며 본계열 boundary carry 후보이다.
충남,childcare_equal_participation,2018,돌봄노동 공동 참여도,leading_missing,2020,2,backward,4,True,True,high,조사 비실시 연도,confirmed,boundary_carry,False,True,False,,,family_survey_boundary_non_survey,configs/structural_indicators_verification.yaml:790,2020·2023 관측 범위 밖의 비조사연도이며 본계열 boundary carry 후보이다.
충남,childcare_equal_participation,2019,돌봄노동 공동 참여도,leading_missing,2020,1,backward,4,True,True,high,조사 비실시 연도,confirmed,boundary_carry,False,True,False,,,family_survey_boundary_non_survey,configs/structural_indicators_verification.yaml:790,2020·2023 관측 범위 밖의 비조사연도이며 본계열 boundary carry 후보이다.
충남,childcare_equal_participation,2021,돌봄노동 공동 참여도,intermediate_missing,,,,,False,False,not_applicable,조사 비실시 연도,confirmed,linear_interpolation,False,True,False,,,family_survey_interior_non_survey,configs/structural_indicators_verification.yaml:790,2020년과 2023년 실제 관측값 사이의 비조사연도이다.
충남,childcare_equal_participation,2022,돌봄노동 공동 참여도,intermediate_missing,,,,,False,False,not_applicable,조사 비실시 연도,confirmed,linear_interpolation,False,True,False,,,family_survey_interior_non_survey,configs/structural_indicators_verification.yaml:790,2020년과 2023년 실제 관측값 사이의 비조사연도이다.
충남,childcare_equal_participation,2024,돌봄노동 공동 참여도,trailing_missing,2023,1,forward,1,False,True,medium,조사 비실시 연도,confirmed,boundary_carry,False,True,False,,,family_survey_boundary_non_survey,configs/structural_indicators_verification.yaml:790,2020·2023 관측 범위 밖의 비조사연도이며 본계열 boundary carry 후보이다.
충남,delivery_bed_supply,2016,(대체)분만실 병상수 보급도,leading_missing,,,,,False,False,not_applicable,원자료 부재,confirmed,keep_missing,True,False,True,,,delivery_bed_before_source_start,reports/20260725_구조환경지표_통합파일_결측치_검증_결과.md:59,"원자료는 2018년 3분기부터 시작한다. 20260725 검증 리포트가 이 구간을 ""통계 자체가 최근에 신설됨(시계열 시작점 문제)""으로 분류하고 보간(경계값 이월 포함) 불가로 판단했으므로 boundary_carry를 적용하지 않고 결측으로 유지한다."
충남,delivery_bed_supply,2017,(대체)분만실 병상수 보급도,leading_missing,,,,,False,False,not_applicable,원자료 부재,confirmed,keep_missing,True,False,True,,,delivery_bed_before_source_start,reports/20260725_구조환경지표_통합파일_결측치_검증_결과.md:59,"원자료는 2018년 3분기부터 시작한다. 20260725 검증 리포트가 이 구간을 ""통계 자체가 최근에 신설됨(시계열 시작점 문제)""으로 분류하고 보간(경계값 이월 포함) 불가로 판단했으므로 boundary_carry를 적용하지 않고 결측으로 유지한다."
충남,family_friendly_certification_rate,2016,가족친화 인증기업 비율,leading_missing,,,,,False,False,not_applicable,원인 미확정,unresolved,pending_review,True,False,True,auxiliary_raking_composition_ratio,,family_friendly_provincial_unresolved,configs/structural_indicators_verification.yaml:518,"공식 명단을 확보하지 못한 17개 시도의 2016·2017·2019년 51건은 임의 대체하지 않는다. 2019(중간 결측)는 2018·2020 선형보간 후 전국 실측 합계로 raking, 2016·2017(선행 결측)은 2018년 지역 구성비 × 해당 연도 전국 실측 합계로 추정한 보조 시나리오만 별도 열에 기록한다(`reports/20260805_가족친화_지역별_51건_보조시나리오_후보.csv`)."
충남,family_friendly_certification_rate,2017,가족친화 인증기업 비율,leading_missing,,,,,False,False,not_applicable,원인 미확정,unresolved,pending_review,True,False,True,auxiliary_raking_composition_ratio,,family_friendly_provincial_unresolved,configs/structural_indicators_verification.yaml:518,"공식 명단을 확보하지 못한 17개 시도의 2016·2017·2019년 51건은 임의 대체하지 않는다. 2019(중간 결측)는 2018·2020 선형보간 후 전국 실측 합계로 raking, 2016·2017(선행 결측)은 2018년 지역 구성비 × 해당 연도 전국 실측 합계로 추정한 보조 시나리오만 별도 열에 기록한다(`reports/20260805_가족친화_지역별_51건_보조시나리오_후보.csv`)."
충남,family_friendly_certification_rate,2019,가족친화 인증기업 비율,intermediate_missing,,,,,False,False,not_applicable,원인 미확정,unresolved,pending_review,True,False,True,auxiliary_raking_composition_ratio,,family_friendly_provincial_unresolved,configs/structural_indicators_verification.yaml:518,"공식 명단을 확보하지 못한 17개 시도의 2016·2017·2019년 51건은 임의 대체하지 않는다. 2019(중간 결측)는 2018·2020 선형보간 후 전국 실측 합계로 raking, 2016·2017(선행 결측)은 2018년 지역 구성비 × 해당 연도 전국 실측 합계로 추정한 보조 시나리오만 별도 열에 기록한다(`reports/20260805_가족친화_지역별_51건_보조시나리오_후보.csv`)."
충남,household_chore_equal_participation,2016,가사노동 공동 참여도,leading_missing,2020,4,backward,4,True,True,high,조사 비실시 연도,confirmed,boundary_carry,False,True,False,,,family_survey_boundary_non_survey,configs/structural_indicators_verification.yaml:790,2020·2023 관측 범위 밖의 비조사연도이며 본계열 boundary carry 후보이다.
충남,household_chore_equal_participation,2017,가사노동 공동 참여도,leading_missing,2020,3,backward,4,True,True,high,조사 비실시 연도,confirmed,boundary_carry,False,True,False,,,family_survey_boundary_non_survey,configs/structural_indicators_verification.yaml:790,2020·2023 관측 범위 밖의 비조사연도이며 본계열 boundary carry 후보이다.
충남,household_chore_equal_participation,2018,가사노동 공동 참여도,leading_missing,2020,2,backward,4,True,True,high,조사 비실시 연도,confirmed,boundary_carry,False,True,False,,,family_survey_boundary_non_survey,configs/structural_indicators_verification.yaml:790,2020·2023 관측 범위 밖의 비조사연도이며 본계열 boundary carry 후보이다.
충남,household_chore_equal_participation,2019,가사노동 공동 참여도,leading_missing,2020,1,backward,4,True,True,high,조사 비실시 연도,confirmed,boundary_carry,False,True,False,,,family_survey_boundary_non_survey,configs/structural_indicators_verification.yaml:790,2020·2023 관측 범위 밖의 비조사연도이며 본계열 boundary carry 후보이다.
충남,household_chore_equal_participation,2021,가사노동 공동 참여도,intermediate_missing,,,,,False,False,not_applicable,조사 비실시 연도,confirmed,linear_interpolation,False,True,False,,,family_survey_interior_non_survey,configs/structural_indicators_verification.yaml:790,2020년과 2023년 실제 관측값 사이의 비조사연도이다.
충남,household_chore_equal_participation,2022,가사노동 공동 참여도,intermediate_missing,,,,,False,False,not_applicable,조사 비실시 연도,confirmed,linear_interpolation,False,True,False,,,family_survey_interior_non_survey,configs/structural_indicators_verification.yaml:790,2020년과 2023년 실제 관측값 사이의 비조사연도이다.
충남,household_chore_equal_participation,2024,가사노동 공동 참여도,trailing_missing,2023,1,forward,1,False,True,medium,조사 비실시 연도,confirmed,boundary_carry,False,True,False,,,family_survey_boundary_non_survey,configs/structural_indicators_verification.yaml:790,2020·2023 관측 범위 밖의 비조사연도이며 본계열 boundary carry 후보이다.
충남,housework_gender_equality,2017,가사분담에 대한 성평등 인식,intermediate_missing,,,,,False,False,not_applicable,조사 비실시 연도,confirmed,pending_review,True,False,True,,,nonlinear_housework_pending_review,reports/20260725_구조환경지표_통합파일_결측치_검증_결과.md:78,비선형 변환 전 구성요소와 변환 후 지표 중 어느 단계에서 처리할지 검토가 필요하다.
충남,housework_gender_equality,2019,가사분담에 대한 성평등 인식,intermediate_missing,,,,,False,False,not_applicable,조사 비실시 연도,confirmed,pending_review,True,False,True,,,nonlinear_housework_pending_review,reports/20260725_구조환경지표_통합파일_결측치_검증_결과.md:78,비선형 변환 전 구성요소와 변환 후 지표 중 어느 단계에서 처리할지 검토가 필요하다.
충남,housework_gender_equality,2021,가사분담에 대한 성평등 인식,intermediate_missing,,,,,False,False,not_applicable,조사 비실시 연도,confirmed,pending_review,True,False,True,,,nonlinear_housework_pending_review,reports/20260725_구조환경지표_통합파일_결측치_검증_결과.md:78,비선형 변환 전 구성요소와 변환 후 지표 중 어느 단계에서 처리할지 검토가 필요하다.
충남,housework_gender_equality,2023,가사분담에 대한 성평등 인식,intermediate_missing,,,,,False,False,not_applicable,조사 비실시 연도,confirmed,pending_review,True,False,True,,,nonlinear_housework_pending_review,reports/20260725_구조환경지표_통합파일_결측치_검증_결과.md:78,비선형 변환 전 구성요소와 변환 후 지표 중 어느 단계에서 처리할지 검토가 필요하다.
충남,income_satisfaction,2016,소득만족도,leading_missing,2017,1,backward,1,False,True,medium,조사 비실시 연도,confirmed,boundary_carry,False,True,True,auxiliary_boundary_interpolation,2015,income_leisure_leading_non_survey,configs/structural_indicators_verification.yaml:145,본계열은 boundary carry 후보이며 2015년 값은 별도 보조 시나리오에서만 사용한다.
충남,income_satisfaction,2018,소득만족도,intermediate_missing,,,,,False,False,not_applicable,조사 비실시 연도,confirmed,linear_interpolation,False,True,True,,,income_leisure_interior_non_survey,reports/20260725_구조환경지표_통합파일_결측치_검증_결과.md:57,실제 관측값 사이의 비조사연도로 본계열 선형보간 후보이다.
충남,income_satisfaction,2020,소득만족도,intermediate_missing,,,,,False,False,not_applicable,조사 비실시 연도,confirmed,linear_interpolation,False,True,True,,,income_leisure_interior_non_survey,reports/20260725_구조환경지표_통합파일_결측치_검증_결과.md:57,실제 관측값 사이의 비조사연도로 본계열 선형보간 후보이다.
충남,income_satisfaction,2022,소득만족도,intermediate_missing,,,,,False,False,not_applicable,조사 비실시 연도,confirmed,linear_interpolation,False,True,True,,,income_leisure_interior_non_survey,reports/20260725_구조환경지표_통합파일_결측치_검증_결과.md:57,실제 관측값 사이의 비조사연도로 본계열 선형보간 후보이다.
충남,income_satisfaction,2024,소득만족도,trailing_missing,2023,1,forward,1,False,True,medium,조사 비실시 연도,confirmed,boundary_carry,False,True,True,auxiliary_boundary_interpolation,2025,income_leisure_trailing_non_survey,configs/structural_indicators_verification.yaml:145,본계열은 boundary carry 후보이며 2025년 값은 별도 보조 시나리오에서만 사용한다.
충남,leisure_satisfaction,2016,여가생활 만족도,leading_missing,2017,1,backward,1,False,True,medium,조사 비실시 연도,confirmed,boundary_carry,False,True,True,auxiliary_boundary_interpolation,2015,income_leisure_leading_non_survey,configs/structural_indicators_verification.yaml:145,본계열은 boundary carry 후보이며 2015년 값은 별도 보조 시나리오에서만 사용한다.
충남,leisure_satisfaction,2018,여가생활 만족도,intermediate_missing,,,,,False,False,not_applicable,조사 비실시 연도,confirmed,linear_interpolation,False,True,True,,,income_leisure_interior_non_survey,reports/20260725_구조환경지표_통합파일_결측치_검증_결과.md:57,실제 관측값 사이의 비조사연도로 본계열 선형보간 후보이다.
충남,leisure_satisfaction,2020,여가생활 만족도,intermediate_missing,,,,,False,False,not_applicable,조사 비실시 연도,confirmed,linear_interpolation,False,True,True,,,income_leisure_interior_non_survey,reports/20260725_구조환경지표_통합파일_결측치_검증_결과.md:57,실제 관측값 사이의 비조사연도로 본계열 선형보간 후보이다.
충남,leisure_satisfaction,2022,여가생활 만족도,intermediate_missing,,,,,False,False,not_applicable,조사 비실시 연도,confirmed,linear_interpolation,False,True,True,,,income_leisure_interior_non_survey,reports/20260725_구조환경지표_통합파일_결측치_검증_결과.md:57,실제 관측값 사이의 비조사연도로 본계열 선형보간 후보이다.
충남,leisure_satisfaction,2024,여가생활 만족도,trailing_missing,2023,1,forward,1,False,True,medium,조사 비실시 연도,confirmed,boundary_carry,False,True,True,auxiliary_boundary_interpolation,2025,income_leisure_trailing_non_survey,configs/structural_indicators_verification.yaml:145,본계열은 boundary carry 후보이며 2025년 값은 별도 보조 시나리오에서만 사용한다.
충남,marriage_perception,2017,결혼에 대한 인식,intermediate_missing,,,,,False,False,not_applicable,조사 비실시 연도,confirmed,linear_interpolation,False,True,True,,,social_survey_interior_non_survey,configs/structural_indicators_verification.yaml:460,2016·2018·2020·2022·2024 관측값 사이의 비조사연도이다.
충남,marriage_perception,2019,결혼에 대한 인식,intermediate_missing,,,,,False,False,not_applicable,조사 비실시 연도,confirmed,linear_interpolation,False,True,True,,,social_survey_interior_non_survey,configs/structural_indicators_verification.yaml:460,2016·2018·2020·2022·2024 관측값 사이의 비조사연도이다.
충남,marriage_perception,2021,결혼에 대한 인식,intermediate_missing,,,,,False,False,not_applicable,조사 비실시 연도,confirmed,linear_interpolation,False,True,True,,,social_survey_interior_non_survey,configs/structural_indicators_verification.yaml:460,2016·2018·2020·2022·2024 관측값 사이의 비조사연도이다.
충남,marriage_perception,2023,결혼에 대한 인식,intermediate_missing,,,,,False,False,not_applicable,조사 비실시 연도,confirmed,linear_interpolation,False,True,True,,,social_survey_interior_non_survey,configs/structural_indicators_verification.yaml:460,2016·2018·2020·2022·2024 관측값 사이의 비조사연도이다.
충남,postpartum_center_fee,2016,산후조리원 이용 요금,leading_missing,,,,,False,False,not_applicable,원자료 부재,confirmed,keep_missing,True,False,True,,,postpartum_before_source_start,reports/20260725_구조환경지표_통합파일_결측치_검증_결과.md:59,"승인된 원자료는 2023년부터 존재한다. 20260725 검증 리포트가 이 구간을 ""통계 자체가 최근에 신설됨(시계열 시작점 문제)""으로 분류하고 2023년 값을 과거로 이월하는 것은 존재하지 않는 시계열 구간을 만드는 것이라 보간 불가로 판단했으므로 boundary_carry를 적용하지 않고 결측으로 유지한다."
충남,postpartum_center_fee,2017,산후조리원 이용 요금,leading_missing,,,,,False,False,not_applicable,원자료 부재,confirmed,keep_missing,True,False,True,,,postpartum_before_source_start,reports/20260725_구조환경지표_통합파일_결측치_검증_결과.md:59,"승인된 원자료는 2023년부터 존재한다. 20260725 검증 리포트가 이 구간을 ""통계 자체가 최근에 신설됨(시계열 시작점 문제)""으로 분류하고 2023년 값을 과거로 이월하는 것은 존재하지 않는 시계열 구간을 만드는 것이라 보간 불가로 판단했으므로 boundary_carry를 적용하지 않고 결측으로 유지한다."
충남,postpartum_center_fee,2018,산후조리원 이용 요금,leading_missing,,,,,False,False,not_applicable,원자료 부재,confirmed,keep_missing,True,False,True,,,postpartum_before_source_start,reports/20260725_구조환경지표_통합파일_결측치_검증_결과.md:59,"승인된 원자료는 2023년부터 존재한다. 20260725 검증 리포트가 이 구간을 ""통계 자체가 최근에 신설됨(시계열 시작점 문제)""으로 분류하고 2023년 값을 과거로 이월하는 것은 존재하지 않는 시계열 구간을 만드는 것이라 보간 불가로 판단했으므로 boundary_carry를 적용하지 않고 결측으로 유지한다."
충남,postpartum_center_fee,2019,산후조리원 이용 요금,leading_missing,,,,,False,False,not_applicable,원자료 부재,confirmed,keep_missing,True,False,True,,,postpartum_before_source_start,reports/20260725_구조환경지표_통합파일_결측치_검증_결과.md:59,"승인된 원자료는 2023년부터 존재한다. 20260725 검증 리포트가 이 구간을 ""통계 자체가 최근에 신설됨(시계열 시작점 문제)""으로 분류하고 2023년 값을 과거로 이월하는 것은 존재하지 않는 시계열 구간을 만드는 것이라 보간 불가로 판단했으므로 boundary_carry를 적용하지 않고 결측으로 유지한다."
충남,postpartum_center_fee,2020,산후조리원 이용 요금,leading_missing,,,,,False,False,not_applicable,원자료 부재,confirmed,keep_missing,True,False,True,,,postpartum_before_source_start,reports/20260725_구조환경지표_통합파일_결측치_검증_결과.md:59,"승인된 원자료는 2023년부터 존재한다. 20260725 검증 리포트가 이 구간을 ""통계 자체가 최근에 신설됨(시계열 시작점 문제)""으로 분류하고 2023년 값을 과거로 이월하는 것은 존재하지 않는 시계열 구간을 만드는 것이라 보간 불가로 판단했으므로 boundary_carry를 적용하지 않고 결측으로 유지한다."
충남,postpartum_center_fee,2021,산후조리원 이용 요금,leading_missing,,,,,False,False,not_applicable,원자료 부재,confirmed,keep_missing,True,False,True,,,postpartum_before_source_start,reports/20260725_구조환경지표_통합파일_결측치_검증_결과.md:59,"승인된 원자료는 2023년부터 존재한다. 20260725 검증 리포트가 이 구간을 ""통계 자체가 최근에 신설됨(시계열 시작점 문제)""으로 분류하고 2023년 값을 과거로 이월하는 것은 존재하지 않는 시계열 구간을 만드는 것이라 보간 불가로 판단했으므로 boundary_carry를 적용하지 않고 결측으로 유지한다."
충남,postpartum_center_fee,2022,산후조리원 이용 요금,leading_missing,,,,,False,False,not_applicable,원자료 부재,confirmed,keep_missing,True,False,True,,,postpartum_before_source_start,reports/20260725_구조환경지표_통합파일_결측치_검증_결과.md:59,"승인된 원자료는 2023년부터 존재한다. 20260725 검증 리포트가 이 구간을 ""통계 자체가 최근에 신설됨(시계열 시작점 문제)""으로 분류하고 2023년 값을 과거로 이월하는 것은 존재하지 않는 시계열 구간을 만드는 것이라 보간 불가로 판단했으므로 boundary_carry를 적용하지 않고 결측으로 유지한다."
충남,postpartum_center_supply,2016,산후조리원 보급도,leading_missing,,,,,False,False,not_applicable,원자료 부재,confirmed,keep_missing,True,False,True,,,postpartum_before_source_start,reports/20260725_구조환경지표_통합파일_결측치_검증_결과.md:59,"승인된 원자료는 2023년부터 존재한다. 20260725 검증 리포트가 이 구간을 ""통계 자체가 최근에 신설됨(시계열 시작점 문제)""으로 분류하고 2023년 값을 과거로 이월하는 것은 존재하지 않는 시계열 구간을 만드는 것이라 보간 불가로 판단했으므로 boundary_carry를 적용하지 않고 결측으로 유지한다."
충남,postpartum_center_supply,2017,산후조리원 보급도,leading_missing,,,,,False,False,not_applicable,원자료 부재,confirmed,keep_missing,True,False,True,,,postpartum_before_source_start,reports/20260725_구조환경지표_통합파일_결측치_검증_결과.md:59,"승인된 원자료는 2023년부터 존재한다. 20260725 검증 리포트가 이 구간을 ""통계 자체가 최근에 신설됨(시계열 시작점 문제)""으로 분류하고 2023년 값을 과거로 이월하는 것은 존재하지 않는 시계열 구간을 만드는 것이라 보간 불가로 판단했으므로 boundary_carry를 적용하지 않고 결측으로 유지한다."
충남,postpartum_center_supply,2018,산후조리원 보급도,leading_missing,,,,,False,False,not_applicable,원자료 부재,confirmed,keep_missing,True,False,True,,,postpartum_before_source_start,reports/20260725_구조환경지표_통합파일_결측치_검증_결과.md:59,"승인된 원자료는 2023년부터 존재한다. 20260725 검증 리포트가 이 구간을 ""통계 자체가 최근에 신설됨(시계열 시작점 문제)""으로 분류하고 2023년 값을 과거로 이월하는 것은 존재하지 않는 시계열 구간을 만드는 것이라 보간 불가로 판단했으므로 boundary_carry를 적용하지 않고 결측으로 유지한다."
충남,postpartum_center_supply,2019,산후조리원 보급도,leading_missing,,,,,False,False,not_applicable,원자료 부재,confirmed,keep_missing,True,False,True,,,postpartum_before_source_start,reports/20260725_구조환경지표_통합파일_결측치_검증_결과.md:59,"승인된 원자료는 2023년부터 존재한다. 20260725 검증 리포트가 이 구간을 ""통계 자체가 최근에 신설됨(시계열 시작점 문제)""으로 분류하고 2023년 값을 과거로 이월하는 것은 존재하지 않는 시계열 구간을 만드는 것이라 보간 불가로 판단했으므로 boundary_carry를 적용하지 않고 결측으로 유지한다."
충남,postpartum_center_supply,2020,산후조리원 보급도,leading_missing,,,,,False,False,not_applicable,원자료 부재,confirmed,keep_missing,True,False,True,,,postpartum_before_source_start,reports/20260725_구조환경지표_통합파일_결측치_검증_결과.md:59,"승인된 원자료는 2023년부터 존재한다. 20260725 검증 리포트가 이 구간을 ""통계 자체가 최근에 신설됨(시계열 시작점 문제)""으로 분류하고 2023년 값을 과거로 이월하는 것은 존재하지 않는 시계열 구간을 만드는 것이라 보간 불가로 판단했으므로 boundary_carry를 적용하지 않고 결측으로 유지한다."
충남,postpartum_center_supply,2021,산후조리원 보급도,leading_missing,,,,,False,False,not_applicable,원자료 부재,confirmed,keep_missing,True,False,True,,,postpartum_before_source_start,reports/20260725_구조환경지표_통합파일_결측치_검증_결과.md:59,"승인된 원자료는 2023년부터 존재한다. 20260725 검증 리포트가 이 구간을 ""통계 자체가 최근에 신설됨(시계열 시작점 문제)""으로 분류하고 2023년 값을 과거로 이월하는 것은 존재하지 않는 시계열 구간을 만드는 것이라 보간 불가로 판단했으므로 boundary_carry를 적용하지 않고 결측으로 유지한다."
충남,postpartum_center_supply,2022,산후조리원 보급도,leading_missing,,,,,False,False,not_applicable,원자료 부재,confirmed,keep_missing,True,False,True,,,postpartum_before_source_start,reports/20260725_구조환경지표_통합파일_결측치_검증_결과.md:59,"승인된 원자료는 2023년부터 존재한다. 20260725 검증 리포트가 이 구간을 ""통계 자체가 최근에 신설됨(시계열 시작점 문제)""으로 분류하고 2023년 값을 과거로 이월하는 것은 존재하지 않는 시계열 구간을 만드는 것이라 보간 불가로 판단했으므로 boundary_carry를 적용하지 않고 결측으로 유지한다."
충남,social_safety_perception,2017,사회 안전에 대한 인식,intermediate_missing,,,,,False,False,not_applicable,조사 비실시 연도,confirmed,linear_interpolation,False,True,True,,,social_survey_interior_non_survey,configs/structural_indicators_verification.yaml:460,2016·2018·2020·2022·2024 관측값 사이의 비조사연도이다.
충남,social_safety_perception,2019,사회 안전에 대한 인식,intermediate_missing,,,,,False,False,not_applicable,조사 비실시 연도,confirmed,linear_interpolation,False,True,True,,,social_survey_interior_non_survey,configs/structural_indicators_verification.yaml:460,2016·2018·2020·2022·2024 관측값 사이의 비조사연도이다.
충남,social_safety_perception,2021,사회 안전에 대한 인식,intermediate_missing,,,,,False,False,not_applicable,조사 비실시 연도,confirmed,linear_interpolation,False,True,True,,,social_survey_interior_non_survey,configs/structural_indicators_verification.yaml:460,2016·2018·2020·2022·2024 관측값 사이의 비조사연도이다.
충남,social_safety_perception,2023,사회 안전에 대한 인식,intermediate_missing,,,,,False,False,not_applicable,조사 비실시 연도,confirmed,linear_interpolation,False,True,True,,,social_survey_interior_non_survey,configs/structural_indicators_verification.yaml:460,2016·2018·2020·2022·2024 관측값 사이의 비조사연도이다.
충남,socioeconomic_status_perception,2016,사회경제적 지위에 대한 인식,leading_missing,2020,4,backward,4,True,True,high,조사 비실시 연도,confirmed,boundary_carry,False,True,False,,,family_survey_boundary_non_survey,configs/structural_indicators_verification.yaml:790,2020·2023 관측 범위 밖의 비조사연도이며 본계열 boundary carry 후보이다.
충남,socioeconomic_status_perception,2017,사회경제적 지위에 대한 인식,leading_missing,2020,3,backward,4,True,True,high,조사 비실시 연도,confirmed,boundary_carry,False,True,False,,,family_survey_boundary_non_survey,configs/structural_indicators_verification.yaml:790,2020·2023 관측 범위 밖의 비조사연도이며 본계열 boundary carry 후보이다.
충남,socioeconomic_status_perception,2018,사회경제적 지위에 대한 인식,leading_missing,2020,2,backward,4,True,True,high,조사 비실시 연도,confirmed,boundary_carry,False,True,False,,,family_survey_boundary_non_survey,configs/structural_indicators_verification.yaml:790,2020·2023 관측 범위 밖의 비조사연도이며 본계열 boundary carry 후보이다.
충남,socioeconomic_status_perception,2019,사회경제적 지위에 대한 인식,leading_missing,2020,1,backward,4,True,True,high,조사 비실시 연도,confirmed,boundary_carry,False,True,False,,,family_survey_boundary_non_survey,configs/structural_indicators_verification.yaml:790,2020·2023 관측 범위 밖의 비조사연도이며 본계열 boundary carry 후보이다.
충남,socioeconomic_status_perception,2021,사회경제적 지위에 대한 인식,intermediate_missing,,,,,False,False,not_applicable,조사 비실시 연도,confirmed,linear_interpolation,False,True,False,,,family_survey_interior_non_survey,configs/structural_indicators_verification.yaml:790,2020년과 2023년 실제 관측값 사이의 비조사연도이다.
충남,socioeconomic_status_perception,2022,사회경제적 지위에 대한 인식,intermediate_missing,,,,,False,False,not_applicable,조사 비실시 연도,confirmed,linear_interpolation,False,True,False,,,family_survey_interior_non_survey,configs/structural_indicators_verification.yaml:790,2020년과 2023년 실제 관측값 사이의 비조사연도이다.
충남,socioeconomic_status_perception,2024,사회경제적 지위에 대한 인식,trailing_missing,2023,1,forward,1,False,True,medium,조사 비실시 연도,confirmed,boundary_carry,False,True,False,,,family_survey_boundary_non_survey,configs/structural_indicators_verification.yaml:790,2020·2023 관측 범위 밖의 비조사연도이며 본계열 boundary carry 후보이다.
충남,youth_employment_rate,2016,청년고용률,leading_missing,2017,1,backward,1,False,True,medium,원자료 부재,confirmed,boundary_carry,False,True,True,,,youth_employment_2016_source_absent,reports/20260724_구조환경지표_21개_검증_진행상황.md:62,원자료의 결측 토큰은 확인됐지만 신설 지자체가 원인이라는 설명은 추정이다.
충북,childbirth_perception,2016,출산에 대한 인식,leading_missing,2018,2,backward,2,True,True,high,조사 비실시 연도,confirmed,boundary_carry,False,True,True,,,childbirth_leading_non_survey,configs/structural_indicators_verification.yaml:576,지표의 첫 비교 가능 관측연도인 2018년 이전 구간이다.
충북,childbirth_perception,2017,출산에 대한 인식,leading_missing,2018,1,backward,2,True,True,high,조사 비실시 연도,confirmed,boundary_carry,False,True,True,,,childbirth_leading_non_survey,configs/structural_indicators_verification.yaml:576,지표의 첫 비교 가능 관측연도인 2018년 이전 구간이다.
충북,childbirth_perception,2019,출산에 대한 인식,intermediate_missing,,,,,False,False,not_applicable,조사 비실시 연도,confirmed,linear_interpolation,False,True,True,,,childbirth_interior_non_survey,configs/structural_indicators_verification.yaml:576,2018·2020·2022·2024 관측값 사이의 비조사연도이다.
충북,childbirth_perception,2021,출산에 대한 인식,intermediate_missing,,,,,False,False,not_applicable,조사 비실시 연도,confirmed,linear_interpolation,False,True,True,,,childbirth_interior_non_survey,configs/structural_indicators_verification.yaml:576,2018·2020·2022·2024 관측값 사이의 비조사연도이다.
충북,childbirth_perception,2023,출산에 대한 인식,intermediate_missing,,,,,False,False,not_applicable,조사 비실시 연도,confirmed,linear_interpolation,False,True,True,,,childbirth_interior_non_survey,configs/structural_indicators_verification.yaml:576,2018·2020·2022·2024 관측값 사이의 비조사연도이다.
충북,childcare_equal_participation,2016,돌봄노동 공동 참여도,leading_missing,2020,4,backward,4,True,True,high,조사 비실시 연도,confirmed,boundary_carry,False,True,False,,,family_survey_boundary_non_survey,configs/structural_indicators_verification.yaml:790,2020·2023 관측 범위 밖의 비조사연도이며 본계열 boundary carry 후보이다.
충북,childcare_equal_participation,2017,돌봄노동 공동 참여도,leading_missing,2020,3,backward,4,True,True,high,조사 비실시 연도,confirmed,boundary_carry,False,True,False,,,family_survey_boundary_non_survey,configs/structural_indicators_verification.yaml:790,2020·2023 관측 범위 밖의 비조사연도이며 본계열 boundary carry 후보이다.
충북,childcare_equal_participation,2018,돌봄노동 공동 참여도,leading_missing,2020,2,backward,4,True,True,high,조사 비실시 연도,confirmed,boundary_carry,False,True,False,,,family_survey_boundary_non_survey,configs/structural_indicators_verification.yaml:790,2020·2023 관측 범위 밖의 비조사연도이며 본계열 boundary carry 후보이다.
충북,childcare_equal_participation,2019,돌봄노동 공동 참여도,leading_missing,2020,1,backward,4,True,True,high,조사 비실시 연도,confirmed,boundary_carry,False,True,False,,,family_survey_boundary_non_survey,configs/structural_indicators_verification.yaml:790,2020·2023 관측 범위 밖의 비조사연도이며 본계열 boundary carry 후보이다.
충북,childcare_equal_participation,2021,돌봄노동 공동 참여도,intermediate_missing,,,,,False,False,not_applicable,조사 비실시 연도,confirmed,linear_interpolation,False,True,False,,,family_survey_interior_non_survey,configs/structural_indicators_verification.yaml:790,2020년과 2023년 실제 관측값 사이의 비조사연도이다.
충북,childcare_equal_participation,2022,돌봄노동 공동 참여도,intermediate_missing,,,,,False,False,not_applicable,조사 비실시 연도,confirmed,linear_interpolation,False,True,False,,,family_survey_interior_non_survey,configs/structural_indicators_verification.yaml:790,2020년과 2023년 실제 관측값 사이의 비조사연도이다.
충북,childcare_equal_participation,2024,돌봄노동 공동 참여도,trailing_missing,2023,1,forward,1,False,True,medium,조사 비실시 연도,confirmed,boundary_carry,False,True,False,,,family_survey_boundary_non_survey,configs/structural_indicators_verification.yaml:790,2020·2023 관측 범위 밖의 비조사연도이며 본계열 boundary carry 후보이다.
충북,delivery_bed_supply,2016,(대체)분만실 병상수 보급도,leading_missing,,,,,False,False,not_applicable,원자료 부재,confirmed,keep_missing,True,False,True,,,delivery_bed_before_source_start,reports/20260725_구조환경지표_통합파일_결측치_검증_결과.md:59,"원자료는 2018년 3분기부터 시작한다. 20260725 검증 리포트가 이 구간을 ""통계 자체가 최근에 신설됨(시계열 시작점 문제)""으로 분류하고 보간(경계값 이월 포함) 불가로 판단했으므로 boundary_carry를 적용하지 않고 결측으로 유지한다."
충북,delivery_bed_supply,2017,(대체)분만실 병상수 보급도,leading_missing,,,,,False,False,not_applicable,원자료 부재,confirmed,keep_missing,True,False,True,,,delivery_bed_before_source_start,reports/20260725_구조환경지표_통합파일_결측치_검증_결과.md:59,"원자료는 2018년 3분기부터 시작한다. 20260725 검증 리포트가 이 구간을 ""통계 자체가 최근에 신설됨(시계열 시작점 문제)""으로 분류하고 보간(경계값 이월 포함) 불가로 판단했으므로 boundary_carry를 적용하지 않고 결측으로 유지한다."
충북,family_friendly_certification_rate,2016,가족친화 인증기업 비율,leading_missing,,,,,False,False,not_applicable,원인 미확정,unresolved,pending_review,True,False,True,auxiliary_raking_composition_ratio,,family_friendly_provincial_unresolved,configs/structural_indicators_verification.yaml:518,"공식 명단을 확보하지 못한 17개 시도의 2016·2017·2019년 51건은 임의 대체하지 않는다. 2019(중간 결측)는 2018·2020 선형보간 후 전국 실측 합계로 raking, 2016·2017(선행 결측)은 2018년 지역 구성비 × 해당 연도 전국 실측 합계로 추정한 보조 시나리오만 별도 열에 기록한다(`reports/20260805_가족친화_지역별_51건_보조시나리오_후보.csv`)."
충북,family_friendly_certification_rate,2017,가족친화 인증기업 비율,leading_missing,,,,,False,False,not_applicable,원인 미확정,unresolved,pending_review,True,False,True,auxiliary_raking_composition_ratio,,family_friendly_provincial_unresolved,configs/structural_indicators_verification.yaml:518,"공식 명단을 확보하지 못한 17개 시도의 2016·2017·2019년 51건은 임의 대체하지 않는다. 2019(중간 결측)는 2018·2020 선형보간 후 전국 실측 합계로 raking, 2016·2017(선행 결측)은 2018년 지역 구성비 × 해당 연도 전국 실측 합계로 추정한 보조 시나리오만 별도 열에 기록한다(`reports/20260805_가족친화_지역별_51건_보조시나리오_후보.csv`)."
충북,family_friendly_certification_rate,2019,가족친화 인증기업 비율,intermediate_missing,,,,,False,False,not_applicable,원인 미확정,unresolved,pending_review,True,False,True,auxiliary_raking_composition_ratio,,family_friendly_provincial_unresolved,configs/structural_indicators_verification.yaml:518,"공식 명단을 확보하지 못한 17개 시도의 2016·2017·2019년 51건은 임의 대체하지 않는다. 2019(중간 결측)는 2018·2020 선형보간 후 전국 실측 합계로 raking, 2016·2017(선행 결측)은 2018년 지역 구성비 × 해당 연도 전국 실측 합계로 추정한 보조 시나리오만 별도 열에 기록한다(`reports/20260805_가족친화_지역별_51건_보조시나리오_후보.csv`)."
충북,household_chore_equal_participation,2016,가사노동 공동 참여도,leading_missing,2020,4,backward,4,True,True,high,조사 비실시 연도,confirmed,boundary_carry,False,True,False,,,family_survey_boundary_non_survey,configs/structural_indicators_verification.yaml:790,2020·2023 관측 범위 밖의 비조사연도이며 본계열 boundary carry 후보이다.
충북,household_chore_equal_participation,2017,가사노동 공동 참여도,leading_missing,2020,3,backward,4,True,True,high,조사 비실시 연도,confirmed,boundary_carry,False,True,False,,,family_survey_boundary_non_survey,configs/structural_indicators_verification.yaml:790,2020·2023 관측 범위 밖의 비조사연도이며 본계열 boundary carry 후보이다.
충북,household_chore_equal_participation,2018,가사노동 공동 참여도,leading_missing,2020,2,backward,4,True,True,high,조사 비실시 연도,confirmed,boundary_carry,False,True,False,,,family_survey_boundary_non_survey,configs/structural_indicators_verification.yaml:790,2020·2023 관측 범위 밖의 비조사연도이며 본계열 boundary carry 후보이다.
충북,household_chore_equal_participation,2019,가사노동 공동 참여도,leading_missing,2020,1,backward,4,True,True,high,조사 비실시 연도,confirmed,boundary_carry,False,True,False,,,family_survey_boundary_non_survey,configs/structural_indicators_verification.yaml:790,2020·2023 관측 범위 밖의 비조사연도이며 본계열 boundary carry 후보이다.
충북,household_chore_equal_participation,2021,가사노동 공동 참여도,intermediate_missing,,,,,False,False,not_applicable,조사 비실시 연도,confirmed,linear_interpolation,False,True,False,,,family_survey_interior_non_survey,configs/structural_indicators_verification.yaml:790,2020년과 2023년 실제 관측값 사이의 비조사연도이다.
충북,household_chore_equal_participation,2022,가사노동 공동 참여도,intermediate_missing,,,,,False,False,not_applicable,조사 비실시 연도,confirmed,linear_interpolation,False,True,False,,,family_survey_interior_non_survey,configs/structural_indicators_verification.yaml:790,2020년과 2023년 실제 관측값 사이의 비조사연도이다.
충북,household_chore_equal_participation,2024,가사노동 공동 참여도,trailing_missing,2023,1,forward,1,False,True,medium,조사 비실시 연도,confirmed,boundary_carry,False,True,False,,,family_survey_boundary_non_survey,configs/structural_indicators_verification.yaml:790,2020·2023 관측 범위 밖의 비조사연도이며 본계열 boundary carry 후보이다.
충북,housework_gender_equality,2017,가사분담에 대한 성평등 인식,intermediate_missing,,,,,False,False,not_applicable,조사 비실시 연도,confirmed,pending_review,True,False,True,,,nonlinear_housework_pending_review,reports/20260725_구조환경지표_통합파일_결측치_검증_결과.md:78,비선형 변환 전 구성요소와 변환 후 지표 중 어느 단계에서 처리할지 검토가 필요하다.
충북,housework_gender_equality,2019,가사분담에 대한 성평등 인식,intermediate_missing,,,,,False,False,not_applicable,조사 비실시 연도,confirmed,pending_review,True,False,True,,,nonlinear_housework_pending_review,reports/20260725_구조환경지표_통합파일_결측치_검증_결과.md:78,비선형 변환 전 구성요소와 변환 후 지표 중 어느 단계에서 처리할지 검토가 필요하다.
충북,housework_gender_equality,2021,가사분담에 대한 성평등 인식,intermediate_missing,,,,,False,False,not_applicable,조사 비실시 연도,confirmed,pending_review,True,False,True,,,nonlinear_housework_pending_review,reports/20260725_구조환경지표_통합파일_결측치_검증_결과.md:78,비선형 변환 전 구성요소와 변환 후 지표 중 어느 단계에서 처리할지 검토가 필요하다.
충북,housework_gender_equality,2023,가사분담에 대한 성평등 인식,intermediate_missing,,,,,False,False,not_applicable,조사 비실시 연도,confirmed,pending_review,True,False,True,,,nonlinear_housework_pending_review,reports/20260725_구조환경지표_통합파일_결측치_검증_결과.md:78,비선형 변환 전 구성요소와 변환 후 지표 중 어느 단계에서 처리할지 검토가 필요하다.
충북,income_satisfaction,2016,소득만족도,leading_missing,2017,1,backward,1,False,True,medium,조사 비실시 연도,confirmed,boundary_carry,False,True,True,auxiliary_boundary_interpolation,2015,income_leisure_leading_non_survey,configs/structural_indicators_verification.yaml:145,본계열은 boundary carry 후보이며 2015년 값은 별도 보조 시나리오에서만 사용한다.
충북,income_satisfaction,2018,소득만족도,intermediate_missing,,,,,False,False,not_applicable,조사 비실시 연도,confirmed,linear_interpolation,False,True,True,,,income_leisure_interior_non_survey,reports/20260725_구조환경지표_통합파일_결측치_검증_결과.md:57,실제 관측값 사이의 비조사연도로 본계열 선형보간 후보이다.
충북,income_satisfaction,2020,소득만족도,intermediate_missing,,,,,False,False,not_applicable,조사 비실시 연도,confirmed,linear_interpolation,False,True,True,,,income_leisure_interior_non_survey,reports/20260725_구조환경지표_통합파일_결측치_검증_결과.md:57,실제 관측값 사이의 비조사연도로 본계열 선형보간 후보이다.
충북,income_satisfaction,2022,소득만족도,intermediate_missing,,,,,False,False,not_applicable,조사 비실시 연도,confirmed,linear_interpolation,False,True,True,,,income_leisure_interior_non_survey,reports/20260725_구조환경지표_통합파일_결측치_검증_결과.md:57,실제 관측값 사이의 비조사연도로 본계열 선형보간 후보이다.
충북,income_satisfaction,2024,소득만족도,trailing_missing,2023,1,forward,1,False,True,medium,조사 비실시 연도,confirmed,boundary_carry,False,True,True,auxiliary_boundary_interpolation,2025,income_leisure_trailing_non_survey,configs/structural_indicators_verification.yaml:145,본계열은 boundary carry 후보이며 2025년 값은 별도 보조 시나리오에서만 사용한다.
충북,leisure_satisfaction,2016,여가생활 만족도,leading_missing,2017,1,backward,1,False,True,medium,조사 비실시 연도,confirmed,boundary_carry,False,True,True,auxiliary_boundary_interpolation,2015,income_leisure_leading_non_survey,configs/structural_indicators_verification.yaml:145,본계열은 boundary carry 후보이며 2015년 값은 별도 보조 시나리오에서만 사용한다.
충북,leisure_satisfaction,2018,여가생활 만족도,intermediate_missing,,,,,False,False,not_applicable,조사 비실시 연도,confirmed,linear_interpolation,False,True,True,,,income_leisure_interior_non_survey,reports/20260725_구조환경지표_통합파일_결측치_검증_결과.md:57,실제 관측값 사이의 비조사연도로 본계열 선형보간 후보이다.
충북,leisure_satisfaction,2020,여가생활 만족도,intermediate_missing,,,,,False,False,not_applicable,조사 비실시 연도,confirmed,linear_interpolation,False,True,True,,,income_leisure_interior_non_survey,reports/20260725_구조환경지표_통합파일_결측치_검증_결과.md:57,실제 관측값 사이의 비조사연도로 본계열 선형보간 후보이다.
충북,leisure_satisfaction,2022,여가생활 만족도,intermediate_missing,,,,,False,False,not_applicable,조사 비실시 연도,confirmed,linear_interpolation,False,True,True,,,income_leisure_interior_non_survey,reports/20260725_구조환경지표_통합파일_결측치_검증_결과.md:57,실제 관측값 사이의 비조사연도로 본계열 선형보간 후보이다.
충북,leisure_satisfaction,2024,여가생활 만족도,trailing_missing,2023,1,forward,1,False,True,medium,조사 비실시 연도,confirmed,boundary_carry,False,True,True,auxiliary_boundary_interpolation,2025,income_leisure_trailing_non_survey,configs/structural_indicators_verification.yaml:145,본계열은 boundary carry 후보이며 2025년 값은 별도 보조 시나리오에서만 사용한다.
충북,marriage_perception,2017,결혼에 대한 인식,intermediate_missing,,,,,False,False,not_applicable,조사 비실시 연도,confirmed,linear_interpolation,False,True,True,,,social_survey_interior_non_survey,configs/structural_indicators_verification.yaml:460,2016·2018·2020·2022·2024 관측값 사이의 비조사연도이다.
충북,marriage_perception,2019,결혼에 대한 인식,intermediate_missing,,,,,False,False,not_applicable,조사 비실시 연도,confirmed,linear_interpolation,False,True,True,,,social_survey_interior_non_survey,configs/structural_indicators_verification.yaml:460,2016·2018·2020·2022·2024 관측값 사이의 비조사연도이다.
충북,marriage_perception,2021,결혼에 대한 인식,intermediate_missing,,,,,False,False,not_applicable,조사 비실시 연도,confirmed,linear_interpolation,False,True,True,,,social_survey_interior_non_survey,configs/structural_indicators_verification.yaml:460,2016·2018·2020·2022·2024 관측값 사이의 비조사연도이다.
충북,marriage_perception,2023,결혼에 대한 인식,intermediate_missing,,,,,False,False,not_applicable,조사 비실시 연도,confirmed,linear_interpolation,False,True,True,,,social_survey_interior_non_survey,configs/structural_indicators_verification.yaml:460,2016·2018·2020·2022·2024 관측값 사이의 비조사연도이다.
충북,postpartum_center_fee,2016,산후조리원 이용 요금,leading_missing,,,,,False,False,not_applicable,원자료 부재,confirmed,keep_missing,True,False,True,,,postpartum_before_source_start,reports/20260725_구조환경지표_통합파일_결측치_검증_결과.md:59,"승인된 원자료는 2023년부터 존재한다. 20260725 검증 리포트가 이 구간을 ""통계 자체가 최근에 신설됨(시계열 시작점 문제)""으로 분류하고 2023년 값을 과거로 이월하는 것은 존재하지 않는 시계열 구간을 만드는 것이라 보간 불가로 판단했으므로 boundary_carry를 적용하지 않고 결측으로 유지한다."
충북,postpartum_center_fee,2017,산후조리원 이용 요금,leading_missing,,,,,False,False,not_applicable,원자료 부재,confirmed,keep_missing,True,False,True,,,postpartum_before_source_start,reports/20260725_구조환경지표_통합파일_결측치_검증_결과.md:59,"승인된 원자료는 2023년부터 존재한다. 20260725 검증 리포트가 이 구간을 ""통계 자체가 최근에 신설됨(시계열 시작점 문제)""으로 분류하고 2023년 값을 과거로 이월하는 것은 존재하지 않는 시계열 구간을 만드는 것이라 보간 불가로 판단했으므로 boundary_carry를 적용하지 않고 결측으로 유지한다."
충북,postpartum_center_fee,2018,산후조리원 이용 요금,leading_missing,,,,,False,False,not_applicable,원자료 부재,confirmed,keep_missing,True,False,True,,,postpartum_before_source_start,reports/20260725_구조환경지표_통합파일_결측치_검증_결과.md:59,"승인된 원자료는 2023년부터 존재한다. 20260725 검증 리포트가 이 구간을 ""통계 자체가 최근에 신설됨(시계열 시작점 문제)""으로 분류하고 2023년 값을 과거로 이월하는 것은 존재하지 않는 시계열 구간을 만드는 것이라 보간 불가로 판단했으므로 boundary_carry를 적용하지 않고 결측으로 유지한다."
충북,postpartum_center_fee,2019,산후조리원 이용 요금,leading_missing,,,,,False,False,not_applicable,원자료 부재,confirmed,keep_missing,True,False,True,,,postpartum_before_source_start,reports/20260725_구조환경지표_통합파일_결측치_검증_결과.md:59,"승인된 원자료는 2023년부터 존재한다. 20260725 검증 리포트가 이 구간을 ""통계 자체가 최근에 신설됨(시계열 시작점 문제)""으로 분류하고 2023년 값을 과거로 이월하는 것은 존재하지 않는 시계열 구간을 만드는 것이라 보간 불가로 판단했으므로 boundary_carry를 적용하지 않고 결측으로 유지한다."
충북,postpartum_center_fee,2020,산후조리원 이용 요금,leading_missing,,,,,False,False,not_applicable,원자료 부재,confirmed,keep_missing,True,False,True,,,postpartum_before_source_start,reports/20260725_구조환경지표_통합파일_결측치_검증_결과.md:59,"승인된 원자료는 2023년부터 존재한다. 20260725 검증 리포트가 이 구간을 ""통계 자체가 최근에 신설됨(시계열 시작점 문제)""으로 분류하고 2023년 값을 과거로 이월하는 것은 존재하지 않는 시계열 구간을 만드는 것이라 보간 불가로 판단했으므로 boundary_carry를 적용하지 않고 결측으로 유지한다."
충북,postpartum_center_fee,2021,산후조리원 이용 요금,leading_missing,,,,,False,False,not_applicable,원자료 부재,confirmed,keep_missing,True,False,True,,,postpartum_before_source_start,reports/20260725_구조환경지표_통합파일_결측치_검증_결과.md:59,"승인된 원자료는 2023년부터 존재한다. 20260725 검증 리포트가 이 구간을 ""통계 자체가 최근에 신설됨(시계열 시작점 문제)""으로 분류하고 2023년 값을 과거로 이월하는 것은 존재하지 않는 시계열 구간을 만드는 것이라 보간 불가로 판단했으므로 boundary_carry를 적용하지 않고 결측으로 유지한다."
충북,postpartum_center_fee,2022,산후조리원 이용 요금,leading_missing,,,,,False,False,not_applicable,원자료 부재,confirmed,keep_missing,True,False,True,,,postpartum_before_source_start,reports/20260725_구조환경지표_통합파일_결측치_검증_결과.md:59,"승인된 원자료는 2023년부터 존재한다. 20260725 검증 리포트가 이 구간을 ""통계 자체가 최근에 신설됨(시계열 시작점 문제)""으로 분류하고 2023년 값을 과거로 이월하는 것은 존재하지 않는 시계열 구간을 만드는 것이라 보간 불가로 판단했으므로 boundary_carry를 적용하지 않고 결측으로 유지한다."
충북,postpartum_center_supply,2016,산후조리원 보급도,leading_missing,,,,,False,False,not_applicable,원자료 부재,confirmed,keep_missing,True,False,True,,,postpartum_before_source_start,reports/20260725_구조환경지표_통합파일_결측치_검증_결과.md:59,"승인된 원자료는 2023년부터 존재한다. 20260725 검증 리포트가 이 구간을 ""통계 자체가 최근에 신설됨(시계열 시작점 문제)""으로 분류하고 2023년 값을 과거로 이월하는 것은 존재하지 않는 시계열 구간을 만드는 것이라 보간 불가로 판단했으므로 boundary_carry를 적용하지 않고 결측으로 유지한다."
충북,postpartum_center_supply,2017,산후조리원 보급도,leading_missing,,,,,False,False,not_applicable,원자료 부재,confirmed,keep_missing,True,False,True,,,postpartum_before_source_start,reports/20260725_구조환경지표_통합파일_결측치_검증_결과.md:59,"승인된 원자료는 2023년부터 존재한다. 20260725 검증 리포트가 이 구간을 ""통계 자체가 최근에 신설됨(시계열 시작점 문제)""으로 분류하고 2023년 값을 과거로 이월하는 것은 존재하지 않는 시계열 구간을 만드는 것이라 보간 불가로 판단했으므로 boundary_carry를 적용하지 않고 결측으로 유지한다."
충북,postpartum_center_supply,2018,산후조리원 보급도,leading_missing,,,,,False,False,not_applicable,원자료 부재,confirmed,keep_missing,True,False,True,,,postpartum_before_source_start,reports/20260725_구조환경지표_통합파일_결측치_검증_결과.md:59,"승인된 원자료는 2023년부터 존재한다. 20260725 검증 리포트가 이 구간을 ""통계 자체가 최근에 신설됨(시계열 시작점 문제)""으로 분류하고 2023년 값을 과거로 이월하는 것은 존재하지 않는 시계열 구간을 만드는 것이라 보간 불가로 판단했으므로 boundary_carry를 적용하지 않고 결측으로 유지한다."
충북,postpartum_center_supply,2019,산후조리원 보급도,leading_missing,,,,,False,False,not_applicable,원자료 부재,confirmed,keep_missing,True,False,True,,,postpartum_before_source_start,reports/20260725_구조환경지표_통합파일_결측치_검증_결과.md:59,"승인된 원자료는 2023년부터 존재한다. 20260725 검증 리포트가 이 구간을 ""통계 자체가 최근에 신설됨(시계열 시작점 문제)""으로 분류하고 2023년 값을 과거로 이월하는 것은 존재하지 않는 시계열 구간을 만드는 것이라 보간 불가로 판단했으므로 boundary_carry를 적용하지 않고 결측으로 유지한다."
충북,postpartum_center_supply,2020,산후조리원 보급도,leading_missing,,,,,False,False,not_applicable,원자료 부재,confirmed,keep_missing,True,False,True,,,postpartum_before_source_start,reports/20260725_구조환경지표_통합파일_결측치_검증_결과.md:59,"승인된 원자료는 2023년부터 존재한다. 20260725 검증 리포트가 이 구간을 ""통계 자체가 최근에 신설됨(시계열 시작점 문제)""으로 분류하고 2023년 값을 과거로 이월하는 것은 존재하지 않는 시계열 구간을 만드는 것이라 보간 불가로 판단했으므로 boundary_carry를 적용하지 않고 결측으로 유지한다."
충북,postpartum_center_supply,2021,산후조리원 보급도,leading_missing,,,,,False,False,not_applicable,원자료 부재,confirmed,keep_missing,True,False,True,,,postpartum_before_source_start,reports/20260725_구조환경지표_통합파일_결측치_검증_결과.md:59,"승인된 원자료는 2023년부터 존재한다. 20260725 검증 리포트가 이 구간을 ""통계 자체가 최근에 신설됨(시계열 시작점 문제)""으로 분류하고 2023년 값을 과거로 이월하는 것은 존재하지 않는 시계열 구간을 만드는 것이라 보간 불가로 판단했으므로 boundary_carry를 적용하지 않고 결측으로 유지한다."
충북,postpartum_center_supply,2022,산후조리원 보급도,leading_missing,,,,,False,False,not_applicable,원자료 부재,confirmed,keep_missing,True,False,True,,,postpartum_before_source_start,reports/20260725_구조환경지표_통합파일_결측치_검증_결과.md:59,"승인된 원자료는 2023년부터 존재한다. 20260725 검증 리포트가 이 구간을 ""통계 자체가 최근에 신설됨(시계열 시작점 문제)""으로 분류하고 2023년 값을 과거로 이월하는 것은 존재하지 않는 시계열 구간을 만드는 것이라 보간 불가로 판단했으므로 boundary_carry를 적용하지 않고 결측으로 유지한다."
충북,social_safety_perception,2017,사회 안전에 대한 인식,intermediate_missing,,,,,False,False,not_applicable,조사 비실시 연도,confirmed,linear_interpolation,False,True,True,,,social_survey_interior_non_survey,configs/structural_indicators_verification.yaml:460,2016·2018·2020·2022·2024 관측값 사이의 비조사연도이다.
충북,social_safety_perception,2019,사회 안전에 대한 인식,intermediate_missing,,,,,False,False,not_applicable,조사 비실시 연도,confirmed,linear_interpolation,False,True,True,,,social_survey_interior_non_survey,configs/structural_indicators_verification.yaml:460,2016·2018·2020·2022·2024 관측값 사이의 비조사연도이다.
충북,social_safety_perception,2021,사회 안전에 대한 인식,intermediate_missing,,,,,False,False,not_applicable,조사 비실시 연도,confirmed,linear_interpolation,False,True,True,,,social_survey_interior_non_survey,configs/structural_indicators_verification.yaml:460,2016·2018·2020·2022·2024 관측값 사이의 비조사연도이다.
충북,social_safety_perception,2023,사회 안전에 대한 인식,intermediate_missing,,,,,False,False,not_applicable,조사 비실시 연도,confirmed,linear_interpolation,False,True,True,,,social_survey_interior_non_survey,configs/structural_indicators_verification.yaml:460,2016·2018·2020·2022·2024 관측값 사이의 비조사연도이다.
충북,socioeconomic_status_perception,2016,사회경제적 지위에 대한 인식,leading_missing,2020,4,backward,4,True,True,high,조사 비실시 연도,confirmed,boundary_carry,False,True,False,,,family_survey_boundary_non_survey,configs/structural_indicators_verification.yaml:790,2020·2023 관측 범위 밖의 비조사연도이며 본계열 boundary carry 후보이다.
충북,socioeconomic_status_perception,2017,사회경제적 지위에 대한 인식,leading_missing,2020,3,backward,4,True,True,high,조사 비실시 연도,confirmed,boundary_carry,False,True,False,,,family_survey_boundary_non_survey,configs/structural_indicators_verification.yaml:790,2020·2023 관측 범위 밖의 비조사연도이며 본계열 boundary carry 후보이다.
충북,socioeconomic_status_perception,2018,사회경제적 지위에 대한 인식,leading_missing,2020,2,backward,4,True,True,high,조사 비실시 연도,confirmed,boundary_carry,False,True,False,,,family_survey_boundary_non_survey,configs/structural_indicators_verification.yaml:790,2020·2023 관측 범위 밖의 비조사연도이며 본계열 boundary carry 후보이다.
충북,socioeconomic_status_perception,2019,사회경제적 지위에 대한 인식,leading_missing,2020,1,backward,4,True,True,high,조사 비실시 연도,confirmed,boundary_carry,False,True,False,,,family_survey_boundary_non_survey,configs/structural_indicators_verification.yaml:790,2020·2023 관측 범위 밖의 비조사연도이며 본계열 boundary carry 후보이다.
충북,socioeconomic_status_perception,2021,사회경제적 지위에 대한 인식,intermediate_missing,,,,,False,False,not_applicable,조사 비실시 연도,confirmed,linear_interpolation,False,True,False,,,family_survey_interior_non_survey,configs/structural_indicators_verification.yaml:790,2020년과 2023년 실제 관측값 사이의 비조사연도이다.
충북,socioeconomic_status_perception,2022,사회경제적 지위에 대한 인식,intermediate_missing,,,,,False,False,not_applicable,조사 비실시 연도,confirmed,linear_interpolation,False,True,False,,,family_survey_interior_non_survey,configs/structural_indicators_verification.yaml:790,2020년과 2023년 실제 관측값 사이의 비조사연도이다.
충북,socioeconomic_status_perception,2024,사회경제적 지위에 대한 인식,trailing_missing,2023,1,forward,1,False,True,medium,조사 비실시 연도,confirmed,boundary_carry,False,True,False,,,family_survey_boundary_non_survey,configs/structural_indicators_verification.yaml:790,2020·2023 관측 범위 밖의 비조사연도이며 본계열 boundary carry 후보이다.
