지역,지표_id,연도,원본파일,원본행번호,입력값,최종값,절대차,허용오차,결과
강원,after_school_care_supply,2016,구조환경지표_21개_검증본.csv,83,1.828491820764266,1.828491820764266,0.0,1e-12,PASS
강원,after_school_care_supply,2017,구조환경지표_21개_검증본.csv,83,1.854263702788018,1.854263702788018,0.0,1e-12,PASS
강원,after_school_care_supply,2018,구조환경지표_21개_검증본.csv,83,1.897261105044288,1.897261105044288,0.0,1e-12,PASS
강원,after_school_care_supply,2019,구조환경지표_21개_검증본.csv,83,2.0622923773214725,2.0622923773214725,0.0,1e-12,PASS
강원,after_school_care_supply,2020,구조환경지표_21개_검증본.csv,83,2.184255066099446,2.184255066099446,0.0,1e-12,PASS
강원,after_school_care_supply,2021,구조환경지표_21개_검증본.csv,83,2.30193524505778,2.30193524505778,0.0,1e-12,PASS
강원,after_school_care_supply,2022,구조환경지표_21개_검증본.csv,83,2.434291762215558,2.434291762215558,0.0,1e-12,PASS
강원,after_school_care_supply,2023,구조환경지표_21개_검증본.csv,83,2.558582938680116,2.558582938680116,0.0,1e-12,PASS
강원,after_school_care_supply,2024,구조환경지표_21개_검증본.csv,83,2.8374123835559644,2.8374123835559644,0.0,1e-12,PASS
경기,after_school_care_supply,2016,구조환경지표_21개_검증본.csv,82,0.8544567816207802,0.8544567816207802,0.0,1e-12,PASS
경기,after_school_care_supply,2017,구조환경지표_21개_검증본.csv,82,0.8692254235669993,0.8692254235669993,0.0,1e-12,PASS
경기,after_school_care_supply,2018,구조환경지표_21개_검증본.csv,82,0.8518741771057197,0.8518741771057197,0.0,1e-12,PASS
경기,after_school_care_supply,2019,구조환경지표_21개_검증본.csv,82,0.8834538644934203,0.8834538644934203,0.0,1e-12,PASS
경기,after_school_care_supply,2020,구조환경지표_21개_검증본.csv,82,0.9570235918197166,0.9570235918197166,0.0,1e-12,PASS
경기,after_school_care_supply,2021,구조환경지표_21개_검증본.csv,82,1.0535078468542491,1.0535078468542491,0.0,1e-12,PASS
경기,after_school_care_supply,2022,구조환경지표_21개_검증본.csv,82,1.1205309058059136,1.1205309058059136,0.0,1e-12,PASS
경기,after_school_care_supply,2023,구조환경지표_21개_검증본.csv,82,1.2254408229590534,1.2254408229590534,0.0,1e-12,PASS
경기,after_school_care_supply,2024,구조환경지표_21개_검증본.csv,82,1.328024347891032,1.328024347891032,0.0,1e-12,PASS
경남,after_school_care_supply,2016,구조환경지표_21개_검증본.csv,89,1.1670872386445563,1.1670872386445563,0.0,1e-12,PASS
경남,after_school_care_supply,2017,구조환경지표_21개_검증본.csv,89,1.164710607345263,1.164710607345263,0.0,1e-12,PASS
경남,after_school_care_supply,2018,구조환경지표_21개_검증본.csv,89,1.1585307207372626,1.1585307207372626,0.0,1e-12,PASS
경남,after_school_care_supply,2019,구조환경지표_21개_검증본.csv,89,1.1926501297498493,1.1926501297498493,0.0,1e-12,PASS
경남,after_school_care_supply,2020,구조환경지표_21개_검증본.csv,89,1.288316303864949,1.288316303864949,0.0,1e-12,PASS
경남,after_school_care_supply,2021,구조환경지표_21개_검증본.csv,89,1.31439645426977,1.31439645426977,0.0,1e-12,PASS
경남,after_school_care_supply,2022,구조환경지표_21개_검증본.csv,89,1.3574350419342307,1.3574350419342307,0.0,1e-12,PASS
경남,after_school_care_supply,2023,구조환경지표_21개_검증본.csv,89,1.4778890578815966,1.4778890578815966,0.0,1e-12,PASS
경남,after_school_care_supply,2024,구조환경지표_21개_검증본.csv,89,1.6463330979009252,1.6463330979009252,0.0,1e-12,PASS
경북,after_school_care_supply,2016,구조환경지표_21개_검증본.csv,88,1.6847329241217186,1.6847329241217186,0.0,1e-12,PASS
경북,after_school_care_supply,2017,구조환경지표_21개_검증본.csv,88,1.738813308759842,1.738813308759842,0.0,1e-12,PASS
경북,after_school_care_supply,2018,구조환경지표_21개_검증본.csv,88,1.7392755371858395,1.7392755371858395,0.0,1e-12,PASS
경북,after_school_care_supply,2019,구조환경지표_21개_검증본.csv,88,1.8024721450701424,1.8024721450701424,0.0,1e-12,PASS
경북,after_school_care_supply,2020,구조환경지표_21개_검증본.csv,88,1.9584290787549616,1.9584290787549616,0.0,1e-12,PASS
경북,after_school_care_supply,2021,구조환경지표_21개_검증본.csv,88,2.054318005801972,2.054318005801972,0.0,1e-12,PASS
경북,after_school_care_supply,2022,구조환경지표_21개_검증본.csv,88,2.1223912274495933,2.1223912274495933,0.0,1e-12,PASS
경북,after_school_care_supply,2023,구조환경지표_21개_검증본.csv,88,2.352891892646689,2.352891892646689,0.0,1e-12,PASS
경북,after_school_care_supply,2024,구조환경지표_21개_검증본.csv,88,2.5365319765722063,2.5365319765722063,0.0,1e-12,PASS
광주,after_school_care_supply,2016,구조환경지표_21개_검증본.csv,78,2.8457436750746887,2.8457436750746887,0.0,1e-12,PASS
광주,after_school_care_supply,2017,구조환경지표_21개_검증본.csv,78,2.9216594261708124,2.9216594261708124,0.0,1e-12,PASS
광주,after_school_care_supply,2018,구조환경지표_21개_검증본.csv,78,2.9151483602290478,2.915148360229048,4.440892098500626e-16,1e-12,PASS
광주,after_school_care_supply,2019,구조환경지표_21개_검증본.csv,78,2.9830482546299395,2.9830482546299395,0.0,1e-12,PASS
광주,after_school_care_supply,2020,구조환경지표_21개_검증본.csv,78,3.075320796242803,3.075320796242803,0.0,1e-12,PASS
광주,after_school_care_supply,2021,구조환경지표_21개_검증본.csv,78,3.241992279070695,3.241992279070695,0.0,1e-12,PASS
광주,after_school_care_supply,2022,구조환경지표_21개_검증본.csv,78,3.3291380780317485,3.3291380780317485,0.0,1e-12,PASS
광주,after_school_care_supply,2023,구조환경지표_21개_검증본.csv,78,3.521648089003574,3.521648089003574,0.0,1e-12,PASS
광주,after_school_care_supply,2024,구조환경지표_21개_검증본.csv,78,3.876227286863033,3.876227286863033,0.0,1e-12,PASS
대구,after_school_care_supply,2016,구조환경지표_21개_검증본.csv,76,1.316782022947739,1.316782022947739,0.0,1e-12,PASS
대구,after_school_care_supply,2017,구조환경지표_21개_검증본.csv,76,1.3171987573094552,1.3171987573094552,0.0,1e-12,PASS
대구,after_school_care_supply,2018,구조환경지표_21개_검증본.csv,76,1.3274160954154617,1.3274160954154617,0.0,1e-12,PASS
대구,after_school_care_supply,2019,구조환경지표_21개_검증본.csv,76,1.3325515697457493,1.3325515697457493,0.0,1e-12,PASS
대구,after_school_care_supply,2020,구조환경지표_21개_검증본.csv,76,1.3698536778185932,1.3698536778185932,0.0,1e-12,PASS
대구,after_school_care_supply,2021,구조환경지표_21개_검증본.csv,76,1.409060603352877,1.409060603352877,0.0,1e-12,PASS
대구,after_school_care_supply,2022,구조환경지표_21개_검증본.csv,76,1.4323589160899357,1.4323589160899357,0.0,1e-12,PASS
대구,after_school_care_supply,2023,구조환경지표_21개_검증본.csv,76,1.5688536815297378,1.5688536815297378,0.0,1e-12,PASS
대구,after_school_care_supply,2024,구조환경지표_21개_검증본.csv,76,1.6093871161245956,1.6093871161245956,0.0,1e-12,PASS
대전,after_school_care_supply,2016,구조환경지표_21개_검증본.csv,79,1.4114394735817468,1.4114394735817468,0.0,1e-12,PASS
대전,after_school_care_supply,2017,구조환경지표_21개_검증본.csv,79,1.4415381709366022,1.4415381709366022,0.0,1e-12,PASS
대전,after_school_care_supply,2018,구조환경지표_21개_검증본.csv,79,1.4391077531930203,1.4391077531930203,0.0,1e-12,PASS
대전,after_school_care_supply,2019,구조환경지표_21개_검증본.csv,79,1.4764280623154464,1.4764280623154464,0.0,1e-12,PASS
대전,after_school_care_supply,2020,구조환경지표_21개_검증본.csv,79,1.5468799326528464,1.5468799326528464,0.0,1e-12,PASS
대전,after_school_care_supply,2021,구조환경지표_21개_검증본.csv,79,1.611759396557282,1.611759396557282,0.0,1e-12,PASS
대전,after_school_care_supply,2022,구조환경지표_21개_검증본.csv,79,1.780836884081722,1.780836884081722,0.0,1e-12,PASS
대전,after_school_care_supply,2023,구조환경지표_21개_검증본.csv,79,1.9034670292318152,1.9034670292318152,0.0,1e-12,PASS
대전,after_school_care_supply,2024,구조환경지표_21개_검증본.csv,79,2.064611602401155,2.064611602401155,0.0,1e-12,PASS
부산,after_school_care_supply,2016,구조환경지표_21개_검증본.csv,75,1.1079610258415615,1.1079610258415615,0.0,1e-12,PASS
부산,after_school_care_supply,2017,구조환경지표_21개_검증본.csv,75,1.1319419879731163,1.1319419879731163,0.0,1e-12,PASS
부산,after_school_care_supply,2018,구조환경지표_21개_검증본.csv,75,1.1363393866968268,1.1363393866968268,0.0,1e-12,PASS
부산,after_school_care_supply,2019,구조환경지표_21개_검증본.csv,75,1.159278482089679,1.159278482089679,0.0,1e-12,PASS
부산,after_school_care_supply,2020,구조환경지표_21개_검증본.csv,75,1.275018214545922,1.275018214545922,0.0,1e-12,PASS
부산,after_school_care_supply,2021,구조환경지표_21개_검증본.csv,75,1.3433379003253982,1.3433379003253982,0.0,1e-12,PASS
부산,after_school_care_supply,2022,구조환경지표_21개_검증본.csv,75,1.376576769597472,1.376576769597472,0.0,1e-12,PASS
부산,after_school_care_supply,2023,구조환경지표_21개_검증본.csv,75,1.497995329779266,1.497995329779266,0.0,1e-12,PASS
부산,after_school_care_supply,2024,구조환경지표_21개_검증본.csv,75,1.605025628635038,1.605025628635038,0.0,1e-12,PASS
서울,after_school_care_supply,2016,구조환경지표_21개_검증본.csv,74,0.7720452485650029,0.7720452485650029,0.0,1e-12,PASS
서울,after_school_care_supply,2017,구조환경지표_21개_검증본.csv,74,0.8543714389323774,0.8543714389323774,0.0,1e-12,PASS
서울,after_school_care_supply,2018,구조환경지표_21개_검증본.csv,74,0.8683117620064096,0.8683117620064096,0.0,1e-12,PASS
서울,after_school_care_supply,2019,구조환경지표_21개_검증본.csv,74,0.9922684143975444,0.9922684143975444,0.0,1e-12,PASS
서울,after_school_care_supply,2020,구조환경지표_21개_검증본.csv,74,1.1843043900733037,1.1843043900733037,0.0,1e-12,PASS
서울,after_school_care_supply,2021,구조환경지표_21개_검증본.csv,74,1.3812886322797784,1.3812886322797784,0.0,1e-12,PASS
서울,after_school_care_supply,2022,구조환경지표_21개_검증본.csv,74,1.4428306884897402,1.4428306884897402,0.0,1e-12,PASS
서울,after_school_care_supply,2023,구조환경지표_21개_검증본.csv,74,1.5330568073120332,1.5330568073120332,0.0,1e-12,PASS
서울,after_school_care_supply,2024,구조환경지표_21개_검증본.csv,74,1.5857553859048998,1.5857553859048998,0.0,1e-12,PASS
세종,after_school_care_supply,2016,구조환경지표_21개_검증본.csv,81,0.5144253440219488,0.5144253440219488,0.0,1e-12,PASS
세종,after_school_care_supply,2017,구조환경지표_21개_검증본.csv,81,0.4356349379220213,0.4356349379220213,0.0,1e-12,PASS
세종,after_school_care_supply,2018,구조환경지표_21개_검증본.csv,81,0.4383904806638484,0.4383904806638484,0.0,1e-12,PASS
세종,after_school_care_supply,2019,구조환경지표_21개_검증본.csv,81,0.4614408490511622,0.4614408490511622,0.0,1e-12,PASS
세종,after_school_care_supply,2020,구조환경지표_21개_검증본.csv,81,0.4972513052846763,0.4972513052846763,0.0,1e-12,PASS
세종,after_school_care_supply,2021,구조환경지표_21개_검증본.csv,81,0.5039386786197385,0.5039386786197385,0.0,1e-12,PASS
세종,after_school_care_supply,2022,구조환경지표_21개_검증본.csv,81,0.5106991471324243,0.5106991471324243,0.0,1e-12,PASS
세종,after_school_care_supply,2023,구조환경지표_21개_검증본.csv,81,0.5398735153478328,0.5398735153478328,0.0,1e-12,PASS
세종,after_school_care_supply,2024,구조환경지표_21개_검증본.csv,81,0.5769886438144195,0.5769886438144195,0.0,1e-12,PASS
울산,after_school_care_supply,2016,구조환경지표_21개_검증본.csv,80,0.7000394567693815,0.7000394567693815,0.0,1e-12,PASS
울산,after_school_care_supply,2017,구조환경지표_21개_검증본.csv,80,0.6836654597017192,0.6836654597017192,0.0,1e-12,PASS
울산,after_school_care_supply,2018,구조환경지표_21개_검증본.csv,80,0.7079514121767643,0.7079514121767643,0.0,1e-12,PASS
울산,after_school_care_supply,2019,구조환경지표_21개_검증본.csv,80,0.7681252787551415,0.7681252787551415,0.0,1e-12,PASS
울산,after_school_care_supply,2020,구조환경지표_21개_검증본.csv,80,0.9176733837006122,0.9176733837006122,0.0,1e-12,PASS
울산,after_school_care_supply,2021,구조환경지표_21개_검증본.csv,80,1.01525419426889,1.01525419426889,0.0,1e-12,PASS
울산,after_school_care_supply,2022,구조환경지표_21개_검증본.csv,80,1.0395010395010396,1.0395010395010396,0.0,1e-12,PASS
울산,after_school_care_supply,2023,구조환경지표_21개_검증본.csv,80,1.1302439997340603,1.1302439997340603,0.0,1e-12,PASS
울산,after_school_care_supply,2024,구조환경지표_21개_검증본.csv,80,1.2188288035864387,1.2188288035864387,0.0,1e-12,PASS
인천,after_school_care_supply,2016,구조환경지표_21개_검증본.csv,77,0.9703641251610644,0.9703641251610644,0.0,1e-12,PASS
인천,after_school_care_supply,2017,구조환경지표_21개_검증본.csv,77,0.962148445760203,0.962148445760203,0.0,1e-12,PASS
인천,after_school_care_supply,2018,구조환경지표_21개_검증본.csv,77,0.9335607257782716,0.9335607257782716,0.0,1e-12,PASS
인천,after_school_care_supply,2019,구조환경지표_21개_검증본.csv,77,0.9414866073530104,0.9414866073530104,0.0,1e-12,PASS
인천,after_school_care_supply,2020,구조환경지표_21개_검증본.csv,77,1.0344698208169631,1.0344698208169631,0.0,1e-12,PASS
인천,after_school_care_supply,2021,구조환경지표_21개_검증본.csv,77,1.1066760501334996,1.1066760501334996,0.0,1e-12,PASS
인천,after_school_care_supply,2022,구조환경지표_21개_검증본.csv,77,1.1065809335030807,1.1065809335030807,0.0,1e-12,PASS
인천,after_school_care_supply,2023,구조환경지표_21개_검증본.csv,77,1.1509308838601129,1.1509308838601129,0.0,1e-12,PASS
인천,after_school_care_supply,2024,구조환경지표_21개_검증본.csv,77,1.257518080378735,1.257518080378735,0.0,1e-12,PASS
전국,after_school_care_supply,2016,구조환경지표_21개_검증본.csv,73,1.2649603818227628,1.2649603818227628,0.0,1e-12,PASS
전국,after_school_care_supply,2017,구조환경지표_21개_검증본.csv,73,1.2892511417520705,1.2892511417520705,0.0,1e-12,PASS
전국,after_school_care_supply,2018,구조환경지표_21개_검증본.csv,73,1.280195723395365,1.280195723395365,0.0,1e-12,PASS
전국,after_school_care_supply,2019,구조환경지표_21개_검증본.csv,73,1.3323742666630247,1.3323742666630247,0.0,1e-12,PASS
전국,after_school_care_supply,2020,구조환경지표_21개_검증본.csv,73,1.4468528481520528,1.4468528481520528,0.0,1e-12,PASS
전국,after_school_care_supply,2021,구조환경지표_21개_검증본.csv,73,1.551230723882797,1.551230723882797,0.0,1e-12,PASS
전국,after_school_care_supply,2022,구조환경지표_21개_검증본.csv,73,1.613705241996066,1.613705241996066,0.0,1e-12,PASS
전국,after_school_care_supply,2023,구조환경지표_21개_검증본.csv,73,1.717344266028926,1.717344266028926,0.0,1e-12,PASS
전국,after_school_care_supply,2024,구조환경지표_21개_검증본.csv,73,1.8487950944348572,1.8487950944348568,4.440892098500626e-16,1e-12,PASS
전남,after_school_care_supply,2016,구조환경지표_21개_검증본.csv,87,3.423680456490728,3.423680456490728,0.0,1e-12,PASS
전남,after_school_care_supply,2017,구조환경지표_21개_검증본.csv,87,3.380970222483898,3.380970222483898,0.0,1e-12,PASS
전남,after_school_care_supply,2018,구조환경지표_21개_검증본.csv,87,3.3525368999620637,3.352536899962064,4.440892098500626e-16,1e-12,PASS
전남,after_school_care_supply,2019,구조환경지표_21개_검증본.csv,87,3.421910923381276,3.421910923381276,0.0,1e-12,PASS
전남,after_school_care_supply,2020,구조환경지표_21개_검증본.csv,87,3.698495032144945,3.698495032144945,0.0,1e-12,PASS
전남,after_school_care_supply,2021,구조환경지표_21개_검증본.csv,87,3.835737986745908,3.835737986745908,0.0,1e-12,PASS
전남,after_school_care_supply,2022,구조환경지표_21개_검증본.csv,87,3.898268377887214,3.898268377887214,0.0,1e-12,PASS
전남,after_school_care_supply,2023,구조환경지표_21개_검증본.csv,87,4.064238645779899,4.064238645779899,0.0,1e-12,PASS
전남,after_school_care_supply,2024,구조환경지표_21개_검증본.csv,87,4.41508048870012,4.41508048870012,0.0,1e-12,PASS
전북,after_school_care_supply,2016,구조환경지표_21개_검증본.csv,86,2.431579931813737,2.431579931813737,0.0,1e-12,PASS
전북,after_school_care_supply,2017,구조환경지표_21개_검증본.csv,86,2.442159383033419,2.442159383033419,0.0,1e-12,PASS
전북,after_school_care_supply,2018,구조환경지표_21개_검증본.csv,86,2.450896376786755,2.450896376786755,0.0,1e-12,PASS
전북,after_school_care_supply,2019,구조환경지표_21개_검증본.csv,86,2.5760453800317453,2.5760453800317453,0.0,1e-12,PASS
전북,after_school_care_supply,2020,구조환경지표_21개_검증본.csv,86,2.802745619594227,2.802745619594227,0.0,1e-12,PASS
전북,after_school_care_supply,2021,구조환경지표_21개_검증본.csv,86,3.041672737869736,3.041672737869736,0.0,1e-12,PASS
전북,after_school_care_supply,2022,구조환경지표_21개_검증본.csv,86,3.242919002005736,3.242919002005736,0.0,1e-12,PASS
전북,after_school_care_supply,2023,구조환경지표_21개_검증본.csv,86,3.342931524140107,3.342931524140107,0.0,1e-12,PASS
전북,after_school_care_supply,2024,구조환경지표_21개_검증본.csv,86,3.5757480149340064,3.5757480149340064,0.0,1e-12,PASS
제주,after_school_care_supply,2016,구조환경지표_21개_검증본.csv,90,1.4067695455708076,1.4067695455708076,0.0,1e-12,PASS
제주,after_school_care_supply,2017,구조환경지표_21개_검증본.csv,90,1.3712576094409008,1.3712576094409008,0.0,1e-12,PASS
제주,after_school_care_supply,2018,구조환경지표_21개_검증본.csv,90,1.326819854049816,1.326819854049816,0.0,1e-12,PASS
제주,after_school_care_supply,2019,구조환경지표_21개_검증본.csv,90,1.322883886873384,1.322883886873384,0.0,1e-12,PASS
제주,after_school_care_supply,2020,구조환경지표_21개_검증본.csv,90,1.3416905300678856,1.3416905300678856,0.0,1e-12,PASS
제주,after_school_care_supply,2021,구조환경지표_21개_검증본.csv,90,1.3466413181242078,1.3466413181242078,0.0,1e-12,PASS
제주,after_school_care_supply,2022,구조환경지표_21개_검증본.csv,90,1.3904614345589257,1.3904614345589257,0.0,1e-12,PASS
제주,after_school_care_supply,2023,구조환경지표_21개_검증본.csv,90,1.418235632656417,1.418235632656417,0.0,1e-12,PASS
제주,after_school_care_supply,2024,구조환경지표_21개_검증본.csv,90,1.574973031283711,1.574973031283711,0.0,1e-12,PASS
충남,after_school_care_supply,2016,구조환경지표_21개_검증본.csv,85,1.6285353990272022,1.6285353990272022,0.0,1e-12,PASS
충남,after_school_care_supply,2017,구조환경지표_21개_검증본.csv,85,1.705502377043938,1.705502377043938,0.0,1e-12,PASS
충남,after_school_care_supply,2018,구조환경지표_21개_검증본.csv,85,1.6740063626133947,1.6740063626133947,0.0,1e-12,PASS
충남,after_school_care_supply,2019,구조환경지표_21개_검증본.csv,85,1.6856945827905907,1.6856945827905907,0.0,1e-12,PASS
충남,after_school_care_supply,2020,구조환경지표_21개_검증본.csv,85,1.8176654359556943,1.8176654359556943,0.0,1e-12,PASS
충남,after_school_care_supply,2021,구조환경지표_21개_검증본.csv,85,1.9180533190195024,1.9180533190195024,0.0,1e-12,PASS
충남,after_school_care_supply,2022,구조환경지표_21개_검증본.csv,85,2.0255362245451587,2.0255362245451587,0.0,1e-12,PASS
충남,after_school_care_supply,2023,구조환경지표_21개_검증본.csv,85,2.017831653052531,2.017831653052531,0.0,1e-12,PASS
충남,after_school_care_supply,2024,구조환경지표_21개_검증본.csv,85,2.2768705939424287,2.2768705939424287,0.0,1e-12,PASS
충북,after_school_care_supply,2016,구조환경지표_21개_검증본.csv,84,1.8236780811734967,1.8236780811734967,0.0,1e-12,PASS
충북,after_school_care_supply,2017,구조환경지표_21개_검증본.csv,84,1.837413716045091,1.837413716045091,0.0,1e-12,PASS
충북,after_school_care_supply,2018,구조환경지표_21개_검증본.csv,84,1.807170069356257,1.807170069356257,0.0,1e-12,PASS
충북,after_school_care_supply,2019,구조환경지표_21개_검증본.csv,84,1.8766127140511373,1.8766127140511373,0.0,1e-12,PASS
충북,after_school_care_supply,2020,구조환경지표_21개_검증본.csv,84,1.9892975790248464,1.9892975790248464,0.0,1e-12,PASS
충북,after_school_care_supply,2021,구조환경지표_21개_검증본.csv,84,2.086447121605762,2.086447121605762,0.0,1e-12,PASS
충북,after_school_care_supply,2022,구조환경지표_21개_검증본.csv,84,2.1528743919653106,2.1528743919653106,0.0,1e-12,PASS
충북,after_school_care_supply,2023,구조환경지표_21개_검증본.csv,84,2.2908902800798114,2.2908902800798114,0.0,1e-12,PASS
충북,after_school_care_supply,2024,구조환경지표_21개_검증본.csv,84,2.4440143765551565,2.4440143765551565,0.0,1e-12,PASS
강원,child_traffic_accident_rate,2016,구조환경지표_21개_검증본.csv,245,372.2624108186044,372.2624108186044,0.0,1e-12,PASS
강원,child_traffic_accident_rate,2017,구조환경지표_21개_검증본.csv,245,321.3499257438419,321.3499257438419,0.0,1e-12,PASS
강원,child_traffic_accident_rate,2018,구조환경지표_21개_검증본.csv,245,250.5952459253608,250.5952459253608,0.0,1e-12,PASS
강원,child_traffic_accident_rate,2019,구조환경지표_21개_검증본.csv,245,246.63646993992015,246.63646993992012,2.842170943040401e-14,1e-12,PASS
강원,child_traffic_accident_rate,2020,구조환경지표_21개_검증본.csv,245,240.2327341401265,240.2327341401265,0.0,1e-12,PASS
강원,child_traffic_accident_rate,2021,구조환경지표_21개_검증본.csv,245,228.5067549175513,228.5067549175513,0.0,1e-12,PASS
강원,child_traffic_accident_rate,2022,구조환경지표_21개_검증본.csv,245,271.7752536815208,271.7752536815208,0.0,1e-12,PASS
강원,child_traffic_accident_rate,2023,구조환경지표_21개_검증본.csv,245,212.05859963647097,212.05859963647097,0.0,1e-12,PASS
강원,child_traffic_accident_rate,2024,구조환경지표_21개_검증본.csv,245,261.2933611827825,261.2933611827825,0.0,1e-12,PASS
경기,child_traffic_accident_rate,2016,구조환경지표_21개_검증본.csv,244,177.58693808312128,177.58693808312128,0.0,1e-12,PASS
경기,child_traffic_accident_rate,2017,구조환경지표_21개_검증본.csv,244,171.01357280212088,171.01357280212088,0.0,1e-12,PASS
경기,child_traffic_accident_rate,2018,구조환경지표_21개_검증본.csv,244,176.60833504127402,176.60833504127402,0.0,1e-12,PASS
경기,child_traffic_accident_rate,2019,구조환경지표_21개_검증본.csv,244,184.4782991606237,184.4782991606237,0.0,1e-12,PASS
경기,child_traffic_accident_rate,2020,구조환경지표_21개_검증본.csv,244,146.48117574173125,146.48117574173125,0.0,1e-12,PASS
경기,child_traffic_accident_rate,2021,구조환경지표_21개_검증본.csv,244,173.64791269209593,173.64791269209593,0.0,1e-12,PASS
경기,child_traffic_accident_rate,2022,구조환경지표_21개_검증본.csv,244,183.0884819950388,183.0884819950388,0.0,1e-12,PASS
경기,child_traffic_accident_rate,2023,구조환경지표_21개_검증본.csv,244,180.43748024112813,180.43748024112813,0.0,1e-12,PASS
경기,child_traffic_accident_rate,2024,구조환경지표_21개_검증본.csv,244,201.12585618678835,201.12585618678835,0.0,1e-12,PASS
경남,child_traffic_accident_rate,2016,구조환경지표_21개_검증본.csv,251,152.41466622417246,152.41466622417246,0.0,1e-12,PASS
경남,child_traffic_accident_rate,2017,구조환경지표_21개_검증본.csv,251,153.71315679987643,153.71315679987643,0.0,1e-12,PASS
경남,child_traffic_accident_rate,2018,구조환경지표_21개_검증본.csv,251,134.06595638793812,134.06595638793812,0.0,1e-12,PASS
경남,child_traffic_accident_rate,2019,구조환경지표_21개_검증본.csv,251,158.64318330071754,158.64318330071754,0.0,1e-12,PASS
경남,child_traffic_accident_rate,2020,구조환경지표_21개_검증본.csv,251,137.47247811942032,137.47247811942032,0.0,1e-12,PASS
경남,child_traffic_accident_rate,2021,구조환경지표_21개_검증본.csv,251,140.58066426520008,140.58066426520008,0.0,1e-12,PASS
경남,child_traffic_accident_rate,2022,구조환경지표_21개_검증본.csv,251,147.6518206348725,147.6518206348725,0.0,1e-12,PASS
경남,child_traffic_accident_rate,2023,구조환경지표_21개_검증본.csv,251,151.41416951916295,151.41416951916295,0.0,1e-12,PASS
경남,child_traffic_accident_rate,2024,구조환경지표_21개_검증본.csv,251,154.27934939775707,154.27934939775707,0.0,1e-12,PASS
경북,child_traffic_accident_rate,2016,구조환경지표_21개_검증본.csv,250,248.06179883236263,248.06179883236263,0.0,1e-12,PASS
경북,child_traffic_accident_rate,2017,구조환경지표_21개_검증본.csv,250,258.10223557889407,258.10223557889407,0.0,1e-12,PASS
경북,child_traffic_accident_rate,2018,구조환경지표_21개_검증본.csv,250,236.66650840202627,236.66650840202627,0.0,1e-12,PASS
경북,child_traffic_accident_rate,2019,구조환경지표_21개_검증본.csv,250,258.59577614388286,258.59577614388286,0.0,1e-12,PASS
경북,child_traffic_accident_rate,2020,구조환경지표_21개_검증본.csv,250,203.8723970915776,203.8723970915776,0.0,1e-12,PASS
경북,child_traffic_accident_rate,2021,구조환경지표_21개_검증본.csv,250,211.2840419128576,211.2840419128576,0.0,1e-12,PASS
경북,child_traffic_accident_rate,2022,구조환경지표_21개_검증본.csv,250,214.4318201351049,214.4318201351049,0.0,1e-12,PASS
경북,child_traffic_accident_rate,2023,구조환경지표_21개_검증본.csv,250,218.17948471139343,218.17948471139343,0.0,1e-12,PASS
경북,child_traffic_accident_rate,2024,구조환경지표_21개_검증본.csv,250,232.657239558588,232.657239558588,0.0,1e-12,PASS
광주,child_traffic_accident_rate,2016,구조환경지표_21개_검증본.csv,240,257.7666324054093,257.7666324054093,0.0,1e-12,PASS
광주,child_traffic_accident_rate,2017,구조환경지표_21개_검증본.csv,240,255.49338365945988,255.49338365945988,0.0,1e-12,PASS
광주,child_traffic_accident_rate,2018,구조환경지표_21개_검증본.csv,240,236.51337514182333,236.51337514182333,0.0,1e-12,PASS
광주,child_traffic_accident_rate,2019,구조환경지표_21개_검증본.csv,240,256.9618045462473,256.9618045462473,0.0,1e-12,PASS
광주,child_traffic_accident_rate,2020,구조환경지표_21개_검증본.csv,240,224.46962950311695,224.46962950311692,2.842170943040401e-14,1e-12,PASS
광주,child_traffic_accident_rate,2021,구조환경지표_21개_검증본.csv,240,236.49780891735853,236.49780891735853,0.0,1e-12,PASS
광주,child_traffic_accident_rate,2022,구조환경지표_21개_검증본.csv,240,232.2414258176148,232.2414258176148,0.0,1e-12,PASS
광주,child_traffic_accident_rate,2023,구조환경지표_21개_검증본.csv,240,243.91773700092688,243.91773700092688,0.0,1e-12,PASS
광주,child_traffic_accident_rate,2024,구조환경지표_21개_검증본.csv,240,256.2512000236312,256.2512000236312,0.0,1e-12,PASS
대구,child_traffic_accident_rate,2016,구조환경지표_21개_검증본.csv,238,210.3853877785216,210.3853877785216,0.0,1e-12,PASS
대구,child_traffic_accident_rate,2017,구조환경지표_21개_검증본.csv,238,236.56018954854557,236.5601895485456,2.842170943040401e-14,1e-12,PASS
대구,child_traffic_accident_rate,2018,구조환경지표_21개_검증본.csv,238,218.0899467445852,218.0899467445852,0.0,1e-12,PASS
대구,child_traffic_accident_rate,2019,구조환경지표_21개_검증본.csv,238,306.39798528498966,306.39798528498966,0.0,1e-12,PASS
대구,child_traffic_accident_rate,2020,구조환경지표_21개_검증본.csv,238,220.2643171806168,220.2643171806168,0.0,1e-12,PASS
대구,child_traffic_accident_rate,2021,구조환경지표_21개_검증본.csv,238,240.4731471652332,240.4731471652332,0.0,1e-12,PASS
대구,child_traffic_accident_rate,2022,구조환경지표_21개_검증본.csv,238,249.66606603376096,249.66606603376096,0.0,1e-12,PASS
대구,child_traffic_accident_rate,2023,구조환경지표_21개_검증본.csv,238,236.80917088875552,236.80917088875552,0.0,1e-12,PASS
대구,child_traffic_accident_rate,2024,구조환경지표_21개_검증본.csv,238,256.47377701353776,256.47377701353776,0.0,1e-12,PASS
대전,child_traffic_accident_rate,2016,구조환경지표_21개_검증본.csv,241,229.31211747670545,229.31211747670545,0.0,1e-12,PASS
대전,child_traffic_accident_rate,2017,구조환경지표_21개_검증본.csv,241,228.4434490481523,228.4434490481523,0.0,1e-12,PASS
대전,child_traffic_accident_rate,2018,구조환경지표_21개_검증본.csv,241,192.97949883456656,192.97949883456656,0.0,1e-12,PASS
대전,child_traffic_accident_rate,2019,구조환경지표_21개_검증본.csv,241,247.3953584497368,247.3953584497368,0.0,1e-12,PASS
대전,child_traffic_accident_rate,2020,구조환경지표_21개_검증본.csv,241,177.94737383081508,177.94737383081508,0.0,1e-12,PASS
대전,child_traffic_accident_rate,2021,구조환경지표_21개_검증본.csv,241,204.8821253824691,204.8821253824691,0.0,1e-12,PASS
대전,child_traffic_accident_rate,2022,구조환경지표_21개_검증본.csv,241,209.46707678603735,209.46707678603732,2.842170943040401e-14,1e-12,PASS
대전,child_traffic_accident_rate,2023,구조환경지표_21개_검증본.csv,241,224.9808875459609,224.9808875459609,0.0,1e-12,PASS
대전,child_traffic_accident_rate,2024,구조환경지표_21개_검증본.csv,241,269.8652966989282,269.8652966989282,0.0,1e-12,PASS
부산,child_traffic_accident_rate,2016,구조환경지표_21개_검증본.csv,237,137.4452616254573,137.4452616254573,0.0,1e-12,PASS
부산,child_traffic_accident_rate,2017,구조환경지표_21개_검증본.csv,237,143.06109095235263,143.06109095235263,0.0,1e-12,PASS
부산,child_traffic_accident_rate,2018,구조환경지표_21개_검증본.csv,237,124.4055925005524,124.4055925005524,0.0,1e-12,PASS
부산,child_traffic_accident_rate,2019,구조환경지표_21개_검증본.csv,237,146.20926861219155,146.20926861219155,0.0,1e-12,PASS
부산,child_traffic_accident_rate,2020,구조환경지표_21개_검증본.csv,237,125.5529157250198,125.5529157250198,0.0,1e-12,PASS
부산,child_traffic_accident_rate,2021,구조환경지표_21개_검증본.csv,237,148.06545629562288,148.06545629562288,0.0,1e-12,PASS
부산,child_traffic_accident_rate,2022,구조환경지표_21개_검증본.csv,237,156.05309948385093,156.05309948385093,0.0,1e-12,PASS
부산,child_traffic_accident_rate,2023,구조환경지표_21개_검증본.csv,237,160.94148963102808,160.94148963102808,0.0,1e-12,PASS
부산,child_traffic_accident_rate,2024,구조환경지표_21개_검증본.csv,237,187.7265665458312,187.7265665458312,0.0,1e-12,PASS
서울,child_traffic_accident_rate,2016,구조환경지표_21개_검증본.csv,236,153.08024739384666,153.08024739384666,0.0,1e-12,PASS
서울,child_traffic_accident_rate,2017,구조환경지표_21개_검증본.csv,236,153.35995338526928,153.35995338526928,0.0,1e-12,PASS
서울,child_traffic_accident_rate,2018,구조환경지표_21개_검증본.csv,236,144.77541319729593,144.77541319729593,0.0,1e-12,PASS
서울,child_traffic_accident_rate,2019,구조환경지표_21개_검증본.csv,236,166.11426634367297,166.11426634367297,0.0,1e-12,PASS
서울,child_traffic_accident_rate,2020,구조환경지표_21개_검증본.csv,236,110.143400060294,110.143400060294,0.0,1e-12,PASS
서울,child_traffic_accident_rate,2021,구조환경지표_21개_검증본.csv,236,128.5116819122939,128.5116819122939,0.0,1e-12,PASS
서울,child_traffic_accident_rate,2022,구조환경지표_21개_검증본.csv,236,152.27649434392248,152.27649434392248,0.0,1e-12,PASS
서울,child_traffic_accident_rate,2023,구조환경지표_21개_검증본.csv,236,155.1418439716312,155.1418439716312,0.0,1e-12,PASS
서울,child_traffic_accident_rate,2024,구조환경지표_21개_검증본.csv,236,161.82844449457895,161.82844449457895,0.0,1e-12,PASS
세종,child_traffic_accident_rate,2016,구조환경지표_21개_검증본.csv,243,95.45888449474975,95.45888449474975,0.0,1e-12,PASS
세종,child_traffic_accident_rate,2017,구조환경지표_21개_검증본.csv,243,119.35042066131872,119.35042066131872,0.0,1e-12,PASS
세종,child_traffic_accident_rate,2018,구조환경지표_21개_검증본.csv,243,85.28413541032111,85.28413541032111,0.0,1e-12,PASS
세종,child_traffic_accident_rate,2019,구조환경지표_21개_검증본.csv,243,104.04643071970868,104.04643071970868,0.0,1e-12,PASS
세종,child_traffic_accident_rate,2020,구조환경지표_21개_검증본.csv,243,51.27629913311007,51.27629913311007,0.0,1e-12,PASS
세종,child_traffic_accident_rate,2021,구조환경지표_21개_검증본.csv,243,77.88904784612939,77.88904784612939,0.0,1e-12,PASS
세종,child_traffic_accident_rate,2022,구조환경지표_21개_검증본.csv,243,134.88851860668095,134.88851860668095,0.0,1e-12,PASS
세종,child_traffic_accident_rate,2023,구조환경지표_21개_검증본.csv,243,146.8041237113402,146.8041237113402,0.0,1e-12,PASS
세종,child_traffic_accident_rate,2024,구조환경지표_21개_검증본.csv,243,177.6563033823027,177.6563033823027,0.0,1e-12,PASS
울산,child_traffic_accident_rate,2016,구조환경지표_21개_검증본.csv,242,150.64005133921034,150.64005133921034,0.0,1e-12,PASS
울산,child_traffic_accident_rate,2017,구조환경지표_21개_검증본.csv,242,116.1983209686402,116.1983209686402,0.0,1e-12,PASS
울산,child_traffic_accident_rate,2018,구조환경지표_21개_검증본.csv,242,108.25477832373802,108.25477832373802,0.0,1e-12,PASS
울산,child_traffic_accident_rate,2019,구조환경지표_21개_검증본.csv,242,157.35754810954396,157.35754810954396,0.0,1e-12,PASS
울산,child_traffic_accident_rate,2020,구조환경지표_21개_검증본.csv,242,117.32203004957802,117.32203004957802,0.0,1e-12,PASS
울산,child_traffic_accident_rate,2021,구조환경지표_21개_검증본.csv,242,120.1588324699404,120.1588324699404,0.0,1e-12,PASS
울산,child_traffic_accident_rate,2022,구조환경지표_21개_검증본.csv,242,136.08395461641857,136.08395461641857,0.0,1e-12,PASS
울산,child_traffic_accident_rate,2023,구조환경지표_21개_검증본.csv,242,150.99871077124135,150.99871077124135,0.0,1e-12,PASS
울산,child_traffic_accident_rate,2024,구조환경지표_21개_검증본.csv,242,152.73899435896476,152.73899435896476,0.0,1e-12,PASS
인천,child_traffic_accident_rate,2016,구조환경지표_21개_검증본.csv,239,129.57582633383916,129.57582633383916,0.0,1e-12,PASS
인천,child_traffic_accident_rate,2017,구조환경지표_21개_검증본.csv,239,125.39996997465508,125.39996997465508,0.0,1e-12,PASS
인천,child_traffic_accident_rate,2018,구조환경지표_21개_검증본.csv,239,117.41389147473048,117.41389147473048,0.0,1e-12,PASS
인천,child_traffic_accident_rate,2019,구조환경지표_21개_검증본.csv,239,135.32216848380602,135.32216848380602,0.0,1e-12,PASS
인천,child_traffic_accident_rate,2020,구조환경지표_21개_검증본.csv,239,108.87175166871882,108.87175166871882,0.0,1e-12,PASS
인천,child_traffic_accident_rate,2021,구조환경지표_21개_검증본.csv,239,113.83992098170192,113.83992098170192,0.0,1e-12,PASS
인천,child_traffic_accident_rate,2022,구조환경지표_21개_검증본.csv,239,119.08702224436384,119.08702224436384,0.0,1e-12,PASS
인천,child_traffic_accident_rate,2023,구조환경지표_21개_검증본.csv,239,126.0451241544473,126.0451241544473,0.0,1e-12,PASS
인천,child_traffic_accident_rate,2024,구조환경지표_21개_검증본.csv,239,136.629798308393,136.629798308393,0.0,1e-12,PASS
전국,child_traffic_accident_rate,2016,구조환경지표_21개_검증본.csv,235,190.05100534349728,190.05100534349728,0.0,1e-12,PASS
전국,child_traffic_accident_rate,2017,구조환경지표_21개_검증본.csv,235,188.3909573028053,188.3909573028053,0.0,1e-12,PASS
전국,child_traffic_accident_rate,2018,구조환경지표_21개_검증본.csv,235,175.04467058145997,175.04467058145997,0.0,1e-12,PASS
전국,child_traffic_accident_rate,2019,구조환경지표_21개_검증본.csv,235,198.0834964765544,198.0834964765544,0.0,1e-12,PASS
전국,child_traffic_accident_rate,2020,구조환경지표_21개_검증본.csv,235,156.67181321138796,156.67181321138796,0.0,1e-12,PASS
전국,child_traffic_accident_rate,2021,구조환경지표_21개_검증본.csv,235,172.28867744163816,172.28867744163816,0.0,1e-12,PASS
전국,child_traffic_accident_rate,2022,구조환경지표_21개_검증본.csv,235,184.2443808781558,184.2443808781558,0.0,1e-12,PASS
전국,child_traffic_accident_rate,2023,구조환경지표_21개_검증본.csv,235,184.598460913232,184.598460913232,0.0,1e-12,PASS
전국,child_traffic_accident_rate,2024,구조환경지표_21개_검증본.csv,235,202.6830638572388,202.6830638572388,0.0,1e-12,PASS
전남,child_traffic_accident_rate,2016,구조환경지표_21개_검증본.csv,249,276.37575341794485,276.37575341794485,0.0,1e-12,PASS
전남,child_traffic_accident_rate,2017,구조환경지표_21개_검증본.csv,249,298.3305542720534,298.3305542720534,0.0,1e-12,PASS
전남,child_traffic_accident_rate,2018,구조환경지표_21개_검증본.csv,249,246.05004565079463,246.05004565079463,0.0,1e-12,PASS
전남,child_traffic_accident_rate,2019,구조환경지표_21개_검증본.csv,249,284.936701444922,284.936701444922,0.0,1e-12,PASS
전남,child_traffic_accident_rate,2020,구조환경지표_21개_검증본.csv,249,263.62038664323376,263.62038664323376,0.0,1e-12,PASS
전남,child_traffic_accident_rate,2021,구조환경지표_21개_검증본.csv,249,251.2153706589751,251.2153706589751,0.0,1e-12,PASS
전남,child_traffic_accident_rate,2022,구조환경지표_21개_검증본.csv,249,252.8783144687732,252.8783144687732,0.0,1e-12,PASS
전남,child_traffic_accident_rate,2023,구조환경지표_21개_검증본.csv,249,230.4694772387317,230.4694772387317,0.0,1e-12,PASS
전남,child_traffic_accident_rate,2024,구조환경지표_21개_검증본.csv,249,264.4603377478041,264.4603377478041,0.0,1e-12,PASS
전북,child_traffic_accident_rate,2016,구조환경지표_21개_검증본.csv,248,207.66880920488384,207.66880920488384,0.0,1e-12,PASS
전북,child_traffic_accident_rate,2017,구조환경지표_21개_검증본.csv,248,200.7493316637349,200.7493316637349,0.0,1e-12,PASS
전북,child_traffic_accident_rate,2018,구조환경지표_21개_검증본.csv,248,170.04269047606817,170.04269047606817,0.0,1e-12,PASS
전북,child_traffic_accident_rate,2019,구조환경지표_21개_검증본.csv,248,191.62507673009688,191.62507673009688,0.0,1e-12,PASS
전북,child_traffic_accident_rate,2020,구조환경지표_21개_검증본.csv,248,166.35849130833083,166.35849130833083,0.0,1e-12,PASS
전북,child_traffic_accident_rate,2021,구조환경지표_21개_검증본.csv,248,155.0506873716541,155.0506873716541,0.0,1e-12,PASS
전북,child_traffic_accident_rate,2022,구조환경지표_21개_검증본.csv,248,161.47836875674125,161.47836875674125,0.0,1e-12,PASS
전북,child_traffic_accident_rate,2023,구조환경지표_21개_검증본.csv,248,191.19062634845815,191.19062634845812,2.842170943040401e-14,1e-12,PASS
전북,child_traffic_accident_rate,2024,구조환경지표_21개_검증본.csv,248,193.36742644246436,193.3674264424644,2.842170943040401e-14,1e-12,PASS
제주,child_traffic_accident_rate,2016,구조환경지표_21개_검증본.csv,252,353.41996287305443,353.41996287305443,0.0,1e-12,PASS
제주,child_traffic_accident_rate,2017,구조환경지표_21개_검증본.csv,252,338.5352159194121,338.5352159194121,0.0,1e-12,PASS
제주,child_traffic_accident_rate,2018,구조환경지표_21개_검증본.csv,252,294.3496638526839,294.3496638526839,0.0,1e-12,PASS
제주,child_traffic_accident_rate,2019,구조환경지표_21개_검증본.csv,252,343.2973289793184,343.2973289793184,0.0,1e-12,PASS
제주,child_traffic_accident_rate,2020,구조환경지표_21개_검증본.csv,252,284.4706026607811,284.4706026607811,0.0,1e-12,PASS
제주,child_traffic_accident_rate,2021,구조환경지표_21개_검증본.csv,252,346.86134311724413,346.86134311724413,0.0,1e-12,PASS
제주,child_traffic_accident_rate,2022,구조환경지표_21개_검증본.csv,252,328.8667638220767,328.8667638220767,0.0,1e-12,PASS
제주,child_traffic_accident_rate,2023,구조환경지표_21개_검증본.csv,252,329.8314194967017,329.8314194967017,0.0,1e-12,PASS
제주,child_traffic_accident_rate,2024,구조환경지표_21개_검증본.csv,252,348.3467921866678,348.3467921866678,0.0,1e-12,PASS
충남,child_traffic_accident_rate,2016,구조환경지표_21개_검증본.csv,247,179.10869855534693,179.10869855534693,0.0,1e-12,PASS
충남,child_traffic_accident_rate,2017,구조환경지표_21개_검증본.csv,247,178.61376748597172,178.61376748597172,0.0,1e-12,PASS
충남,child_traffic_accident_rate,2018,구조환경지표_21개_검증본.csv,247,159.93602558976409,159.93602558976409,0.0,1e-12,PASS
충남,child_traffic_accident_rate,2019,구조환경지표_21개_검증본.csv,247,198.61994094860555,198.61994094860555,0.0,1e-12,PASS
충남,child_traffic_accident_rate,2020,구조환경지표_21개_검증본.csv,247,159.57583712969398,159.57583712969398,0.0,1e-12,PASS
충남,child_traffic_accident_rate,2021,구조환경지표_21개_검증본.csv,247,170.66828697291646,170.66828697291646,0.0,1e-12,PASS
충남,child_traffic_accident_rate,2022,구조환경지표_21개_검증본.csv,247,190.7679454153032,190.7679454153032,0.0,1e-12,PASS
충남,child_traffic_accident_rate,2023,구조환경지표_21개_검증본.csv,247,196.6453471958568,196.6453471958568,0.0,1e-12,PASS
충남,child_traffic_accident_rate,2024,구조환경지표_21개_검증본.csv,247,210.3732974350837,210.3732974350837,0.0,1e-12,PASS
충북,child_traffic_accident_rate,2016,구조환경지표_21개_검증본.csv,246,286.2491564901282,286.2491564901282,0.0,1e-12,PASS
충북,child_traffic_accident_rate,2017,구조환경지표_21개_검증본.csv,246,293.4213597412557,293.4213597412557,0.0,1e-12,PASS
충북,child_traffic_accident_rate,2018,구조환경지표_21개_검증본.csv,246,284.09571319861334,284.09571319861334,0.0,1e-12,PASS
충북,child_traffic_accident_rate,2019,구조환경지표_21개_검증본.csv,246,297.25829725829726,297.25829725829726,0.0,1e-12,PASS
충북,child_traffic_accident_rate,2020,구조환경지표_21개_검증본.csv,246,230.10960168267647,230.10960168267647,0.0,1e-12,PASS
충북,child_traffic_accident_rate,2021,구조환경지표_21개_검증본.csv,246,227.0027551293294,227.0027551293294,0.0,1e-12,PASS
충북,child_traffic_accident_rate,2022,구조환경지표_21개_검증본.csv,246,246.9583930203465,246.9583930203465,0.0,1e-12,PASS
충북,child_traffic_accident_rate,2023,구조환경지표_21개_검증본.csv,246,248.31114406808487,248.31114406808487,0.0,1e-12,PASS
충북,child_traffic_accident_rate,2024,구조환경지표_21개_검증본.csv,246,299.4332921225461,299.4332921225461,0.0,1e-12,PASS
강원,childbirth_perception,2018,구조환경지표_21개_검증본.csv,352,2.919919919919921,2.919919919919921,0.0,1e-12,PASS
강원,childbirth_perception,2020,구조환경지표_21개_검증본.csv,352,2.907092907092906,2.907092907092906,0.0,1e-12,PASS
강원,childbirth_perception,2022,구조환경지표_21개_검증본.csv,352,2.827999999999999,2.827999999999999,0.0,1e-12,PASS
강원,childbirth_perception,2024,구조환경지표_21개_검증본.csv,352,2.944,2.944,0.0,1e-12,PASS
경기,childbirth_perception,2018,구조환경지표_21개_검증본.csv,351,2.82,2.82,0.0,1e-12,PASS
경기,childbirth_perception,2020,구조환경지표_21개_검증본.csv,351,2.799,2.799,0.0,1e-12,PASS
경기,childbirth_perception,2022,구조환경지표_21개_검증본.csv,351,2.708291708291709,2.708291708291709,0.0,1e-12,PASS
경기,childbirth_perception,2024,구조환경지표_21개_검증본.csv,351,2.795795795795796,2.795795795795796,0.0,1e-12,PASS
경남,childbirth_perception,2018,구조환경지표_21개_검증본.csv,358,2.9390000000000005,2.9390000000000005,0.0,1e-12,PASS
경남,childbirth_perception,2020,구조환경지표_21개_검증본.csv,358,2.963,2.963,0.0,1e-12,PASS
경남,childbirth_perception,2022,구조환경지표_21개_검증본.csv,358,2.8351648351648358,2.835164835164836,4.440892098500626e-16,1e-12,PASS
경남,childbirth_perception,2024,구조환경지표_21개_검증본.csv,358,2.9670000000000005,2.9670000000000005,0.0,1e-12,PASS
경북,childbirth_perception,2018,구조환경지표_21개_검증본.csv,357,3.04,3.04,0.0,1e-12,PASS
경북,childbirth_perception,2020,구조환경지표_21개_검증본.csv,357,2.8971028971028976,2.8971028971028976,0.0,1e-12,PASS
경북,childbirth_perception,2022,구조환경지표_21개_검증본.csv,357,2.9369999999999994,2.9369999999999994,0.0,1e-12,PASS
경북,childbirth_perception,2024,구조환경지표_21개_검증본.csv,357,2.951,2.951,0.0,1e-12,PASS
광주,childbirth_perception,2018,구조환경지표_21개_검증본.csv,347,2.873873873873874,2.873873873873874,0.0,1e-12,PASS
광주,childbirth_perception,2020,구조환경지표_21개_검증본.csv,347,2.890890890890891,2.890890890890891,0.0,1e-12,PASS
광주,childbirth_perception,2022,구조환경지표_21개_검증본.csv,347,2.924,2.924,0.0,1e-12,PASS
광주,childbirth_perception,2024,구조환경지표_21개_검증본.csv,347,2.966,2.966,0.0,1e-12,PASS
대구,childbirth_perception,2018,구조환경지표_21개_검증본.csv,345,2.8550000000000004,2.8550000000000004,0.0,1e-12,PASS
대구,childbirth_perception,2020,구조환경지표_21개_검증본.csv,345,2.898,2.898,0.0,1e-12,PASS
대구,childbirth_perception,2022,구조환경지표_21개_검증본.csv,345,2.787212787212787,2.787212787212787,0.0,1e-12,PASS
대구,childbirth_perception,2024,구조환경지표_21개_검증본.csv,345,2.853,2.853,0.0,1e-12,PASS
대전,childbirth_perception,2018,구조환경지표_21개_검증본.csv,348,2.8510000000000004,2.8510000000000004,0.0,1e-12,PASS
대전,childbirth_perception,2020,구조환경지표_21개_검증본.csv,348,2.825,2.825,0.0,1e-12,PASS
대전,childbirth_perception,2022,구조환경지표_21개_검증본.csv,348,2.845,2.845,0.0,1e-12,PASS
대전,childbirth_perception,2024,구조환경지표_21개_검증본.csv,348,2.795795795795796,2.795795795795796,0.0,1e-12,PASS
부산,childbirth_perception,2018,구조환경지표_21개_검증본.csv,344,2.9340659340659343,2.9340659340659343,0.0,1e-12,PASS
부산,childbirth_perception,2020,구조환경지표_21개_검증본.csv,344,2.905,2.905,0.0,1e-12,PASS
부산,childbirth_perception,2022,구조환경지표_21개_검증본.csv,344,2.807,2.807,0.0,1e-12,PASS
부산,childbirth_perception,2024,구조환경지표_21개_검증본.csv,344,2.854145854145853,2.854145854145853,0.0,1e-12,PASS
서울,childbirth_perception,2018,구조환경지표_21개_검증본.csv,343,2.7230000000000003,2.7230000000000003,0.0,1e-12,PASS
서울,childbirth_perception,2020,구조환경지표_21개_검증본.csv,343,2.701,2.701,0.0,1e-12,PASS
서울,childbirth_perception,2022,구조환경지표_21개_검증본.csv,343,2.595595595595595,2.595595595595595,0.0,1e-12,PASS
서울,childbirth_perception,2024,구조환경지표_21개_검증본.csv,343,2.7122877122877123,2.7122877122877123,0.0,1e-12,PASS
세종,childbirth_perception,2018,구조환경지표_21개_검증본.csv,350,2.8510000000000004,2.8510000000000004,0.0,1e-12,PASS
세종,childbirth_perception,2020,구조환경지표_21개_검증본.csv,350,2.769,2.769,0.0,1e-12,PASS
세종,childbirth_perception,2022,구조환경지표_21개_검증본.csv,350,2.6743256743256745,2.6743256743256745,0.0,1e-12,PASS
세종,childbirth_perception,2024,구조환경지표_21개_검증본.csv,350,2.6703296703296706,2.6703296703296706,0.0,1e-12,PASS
울산,childbirth_perception,2018,구조환경지표_21개_검증본.csv,349,2.7709999999999995,2.7709999999999995,0.0,1e-12,PASS
울산,childbirth_perception,2020,구조환경지표_21개_검증본.csv,349,2.7960000000000003,2.7960000000000003,0.0,1e-12,PASS
울산,childbirth_perception,2022,구조환경지표_21개_검증본.csv,349,2.766,2.766,0.0,1e-12,PASS
울산,childbirth_perception,2024,구조환경지표_21개_검증본.csv,349,2.772,2.772,0.0,1e-12,PASS
인천,childbirth_perception,2018,구조환경지표_21개_검증본.csv,346,2.842,2.842,0.0,1e-12,PASS
인천,childbirth_perception,2020,구조환경지표_21개_검증본.csv,346,2.829,2.829,0.0,1e-12,PASS
인천,childbirth_perception,2022,구조환경지표_21개_검증본.csv,346,2.737,2.737,0.0,1e-12,PASS
인천,childbirth_perception,2024,구조환경지표_21개_검증본.csv,346,2.753,2.753,0.0,1e-12,PASS
전국,childbirth_perception,2018,구조환경지표_21개_검증본.csv,342,2.863,2.863,0.0,1e-12,PASS
전국,childbirth_perception,2020,구조환경지표_21개_검증본.csv,342,2.8380000000000005,2.8380000000000005,0.0,1e-12,PASS
전국,childbirth_perception,2022,구조환경지표_21개_검증본.csv,342,2.761238761238761,2.761238761238761,0.0,1e-12,PASS
전국,childbirth_perception,2024,구조환경지표_21개_검증본.csv,342,2.827,2.827,0.0,1e-12,PASS
전남,childbirth_perception,2018,구조환경지표_21개_검증본.csv,356,3.068,3.068,0.0,1e-12,PASS
전남,childbirth_perception,2020,구조환경지표_21개_검증본.csv,356,3.015984015984016,3.015984015984016,0.0,1e-12,PASS
전남,childbirth_perception,2022,구조환경지표_21개_검증본.csv,356,2.965,2.965,0.0,1e-12,PASS
전남,childbirth_perception,2024,구조환경지표_21개_검증본.csv,356,2.9760000000000004,2.9760000000000004,0.0,1e-12,PASS
전북,childbirth_perception,2018,구조환경지표_21개_검증본.csv,355,3.03,3.03,0.0,1e-12,PASS
전북,childbirth_perception,2020,구조환경지표_21개_검증본.csv,355,2.99,2.99,0.0,1e-12,PASS
전북,childbirth_perception,2022,구조환경지표_21개_검증본.csv,355,2.927,2.927,0.0,1e-12,PASS
전북,childbirth_perception,2024,구조환경지표_21개_검증본.csv,355,2.928000000000001,2.928000000000001,0.0,1e-12,PASS
제주,childbirth_perception,2018,구조환경지표_21개_검증본.csv,359,2.9419419419419426,2.9419419419419426,0.0,1e-12,PASS
제주,childbirth_perception,2020,구조환경지표_21개_검증본.csv,359,2.884,2.884,0.0,1e-12,PASS
제주,childbirth_perception,2022,구조환경지표_21개_검증본.csv,359,2.7120000000000006,2.7120000000000006,0.0,1e-12,PASS
제주,childbirth_perception,2024,구조환경지표_21개_검증본.csv,359,2.8190000000000004,2.8190000000000004,0.0,1e-12,PASS
충남,childbirth_perception,2018,구조환경지표_21개_검증본.csv,354,2.959,2.959,0.0,1e-12,PASS
충남,childbirth_perception,2020,구조환경지표_21개_검증본.csv,354,2.9350000000000005,2.9350000000000005,0.0,1e-12,PASS
충남,childbirth_perception,2022,구조환경지표_21개_검증본.csv,354,2.8631368631368623,2.8631368631368623,0.0,1e-12,PASS
충남,childbirth_perception,2024,구조환경지표_21개_검증본.csv,354,2.89,2.89,0.0,1e-12,PASS
충북,childbirth_perception,2018,구조환경지표_21개_검증본.csv,353,2.99,2.99,0.0,1e-12,PASS
충북,childbirth_perception,2020,구조환경지표_21개_검증본.csv,353,2.820820820820821,2.820820820820821,0.0,1e-12,PASS
충북,childbirth_perception,2022,구조환경지표_21개_검증본.csv,353,2.8520000000000003,2.8520000000000003,0.0,1e-12,PASS
충북,childbirth_perception,2024,구조환경지표_21개_검증본.csv,353,2.8831168831168834,2.8831168831168834,0.0,1e-12,PASS
강원,childcare_capacity_rate,2016,구조환경지표_21개_검증본.csv,65,96.7786691332112,96.7786691332112,0.0,1e-12,PASS
강원,childcare_capacity_rate,2017,구조환경지표_21개_검증본.csv,65,101.55172741258475,101.55172741258475,0.0,1e-12,PASS
강원,childcare_capacity_rate,2018,구조환경지표_21개_검증본.csv,65,102.57,102.57,0.0,1e-12,PASS
강원,childcare_capacity_rate,2019,구조환경지표_21개_검증본.csv,65,104.22435214767482,104.22435214767482,0.0,1e-12,PASS
강원,childcare_capacity_rate,2020,구조환경지표_21개_검증본.csv,65,107.48081134287422,107.48081134287422,0.0,1e-12,PASS
강원,childcare_capacity_rate,2021,구조환경지표_21개_검증본.csv,65,110.97448726723466,110.97448726723466,0.0,1e-12,PASS
강원,childcare_capacity_rate,2022,구조환경지표_21개_검증본.csv,65,111.56771344455348,111.56771344455348,0.0,1e-12,PASS
강원,childcare_capacity_rate,2023,구조환경지표_21개_검증본.csv,65,111.18663415140352,111.18663415140352,0.0,1e-12,PASS
강원,childcare_capacity_rate,2024,구조환경지표_21개_검증본.csv,65,113.74751600794878,113.74751600794878,0.0,1e-12,PASS
경기,childcare_capacity_rate,2016,구조환경지표_21개_검증본.csv,64,78.1613558007096,78.1613558007096,0.0,1e-12,PASS
경기,childcare_capacity_rate,2017,구조환경지표_21개_검증본.csv,64,81.7431236109966,81.7431236109966,0.0,1e-12,PASS
경기,childcare_capacity_rate,2018,구조환경지표_21개_검증본.csv,64,84.38738711081334,84.38738711081334,0.0,1e-12,PASS
경기,childcare_capacity_rate,2019,구조환경지표_21개_검증본.csv,64,88.42853878670171,88.42853878670171,0.0,1e-12,PASS
경기,childcare_capacity_rate,2020,구조환경지표_21개_검증본.csv,64,93.58791046247904,93.58791046247904,0.0,1e-12,PASS
경기,childcare_capacity_rate,2021,구조환경지표_21개_검증본.csv,64,97.86152742346938,97.86152742346938,0.0,1e-12,PASS
경기,childcare_capacity_rate,2022,구조환경지표_21개_검증본.csv,64,99.52946916334176,99.52946916334176,0.0,1e-12,PASS
경기,childcare_capacity_rate,2023,구조환경지표_21개_검증본.csv,64,102.3708611907036,102.3708611907036,0.0,1e-12,PASS
경기,childcare_capacity_rate,2024,구조환경지표_21개_검증본.csv,64,102.56812389727506,102.56812389727506,0.0,1e-12,PASS
경남,childcare_capacity_rate,2016,구조환경지표_21개_검증본.csv,71,83.99466972761516,83.99466972761516,0.0,1e-12,PASS
경남,childcare_capacity_rate,2017,구조환경지표_21개_검증본.csv,71,88.26681009793376,88.26681009793376,0.0,1e-12,PASS
경남,childcare_capacity_rate,2018,구조환경지표_21개_검증본.csv,71,92.99151275318552,92.99151275318552,0.0,1e-12,PASS
경남,childcare_capacity_rate,2019,구조환경지표_21개_검증본.csv,71,96.747927997928,96.747927997928,0.0,1e-12,PASS
경남,childcare_capacity_rate,2020,구조환경지표_21개_검증본.csv,71,102.30916727538349,102.30916727538349,0.0,1e-12,PASS
경남,childcare_capacity_rate,2021,구조환경지표_21개_검증본.csv,71,108.94092931290164,108.94092931290164,0.0,1e-12,PASS
경남,childcare_capacity_rate,2022,구조환경지표_21개_검증본.csv,71,111.28577835531688,111.28577835531688,0.0,1e-12,PASS
경남,childcare_capacity_rate,2023,구조환경지표_21개_검증본.csv,71,112.30446394505913,112.30446394505913,0.0,1e-12,PASS
경남,childcare_capacity_rate,2024,구조환경지표_21개_검증본.csv,71,111.21051045291397,111.21051045291397,0.0,1e-12,PASS
경북,childcare_capacity_rate,2016,구조환경지표_21개_검증본.csv,70,85.36330513633597,85.36330513633597,0.0,1e-12,PASS
경북,childcare_capacity_rate,2017,구조환경지표_21개_검증본.csv,70,89.90356630059374,89.90356630059374,0.0,1e-12,PASS
경북,childcare_capacity_rate,2018,구조환경지표_21개_검증본.csv,70,92.72465390035646,92.72465390035646,0.0,1e-12,PASS
경북,childcare_capacity_rate,2019,구조환경지표_21개_검증본.csv,70,95.7157399017864,95.7157399017864,0.0,1e-12,PASS
경북,childcare_capacity_rate,2020,구조환경지표_21개_검증본.csv,70,101.84859044978204,101.84859044978204,0.0,1e-12,PASS
경북,childcare_capacity_rate,2021,구조환경지표_21개_검증본.csv,70,107.60806277206308,107.60806277206308,0.0,1e-12,PASS
경북,childcare_capacity_rate,2022,구조환경지표_21개_검증본.csv,70,109.6918707953044,109.6918707953044,0.0,1e-12,PASS
경북,childcare_capacity_rate,2023,구조환경지표_21개_검증본.csv,70,109.0408104974882,109.0408104974882,0.0,1e-12,PASS
경북,childcare_capacity_rate,2024,구조환경지표_21개_검증본.csv,70,109.94618297787522,109.94618297787522,0.0,1e-12,PASS
광주,childcare_capacity_rate,2016,구조환경지표_21개_검증본.csv,60,95.65975675055458,95.65975675055458,0.0,1e-12,PASS
광주,childcare_capacity_rate,2017,구조환경지표_21개_검증본.csv,60,103.081291923033,103.081291923033,0.0,1e-12,PASS
광주,childcare_capacity_rate,2018,구조환경지표_21개_검증본.csv,60,105.43375135843785,105.43375135843785,0.0,1e-12,PASS
광주,childcare_capacity_rate,2019,구조환경지표_21개_검증본.csv,60,107.09041014610992,107.09041014610992,0.0,1e-12,PASS
광주,childcare_capacity_rate,2020,구조환경지표_21개_검증본.csv,60,112.81525527988518,112.81525527988518,0.0,1e-12,PASS
광주,childcare_capacity_rate,2021,구조환경지표_21개_검증본.csv,60,109.27694105713466,109.27694105713466,0.0,1e-12,PASS
광주,childcare_capacity_rate,2022,구조환경지표_21개_검증본.csv,60,109.48728205369538,109.48728205369538,0.0,1e-12,PASS
광주,childcare_capacity_rate,2023,구조환경지표_21개_검증본.csv,60,111.519683420701,111.519683420701,0.0,1e-12,PASS
광주,childcare_capacity_rate,2024,구조환경지표_21개_검증본.csv,60,113.66306456082016,113.66306456082016,0.0,1e-12,PASS
대구,childcare_capacity_rate,2016,구조환경지표_21개_검증본.csv,58,75.86342466581988,75.86342466581988,0.0,1e-12,PASS
대구,childcare_capacity_rate,2017,구조환경지표_21개_검증본.csv,58,79.65534156589247,79.65534156589247,0.0,1e-12,PASS
대구,childcare_capacity_rate,2018,구조환경지표_21개_검증본.csv,58,81.36650842283649,81.36650842283649,0.0,1e-12,PASS
대구,childcare_capacity_rate,2019,구조환경지표_21개_검증본.csv,58,83.7972635163694,83.7972635163694,0.0,1e-12,PASS
대구,childcare_capacity_rate,2020,구조환경지표_21개_검증본.csv,58,89.92857142857143,89.92857142857143,0.0,1e-12,PASS
대구,childcare_capacity_rate,2021,구조환경지표_21개_검증본.csv,58,93.62237593622376,93.62237593622376,0.0,1e-12,PASS
대구,childcare_capacity_rate,2022,구조환경지표_21개_검증본.csv,58,97.07948123223676,97.07948123223676,0.0,1e-12,PASS
대구,childcare_capacity_rate,2023,구조환경지표_21개_검증본.csv,58,98.04643409102748,98.04643409102748,0.0,1e-12,PASS
대구,childcare_capacity_rate,2024,구조환경지표_21개_검증본.csv,58,98.30885300871086,98.30885300871086,0.0,1e-12,PASS
대전,childcare_capacity_rate,2016,구조환경지표_21개_검증본.csv,61,79.91848941535213,79.91848941535213,0.0,1e-12,PASS
대전,childcare_capacity_rate,2017,구조환경지표_21개_검증본.csv,61,84.94802297432003,84.94802297432003,0.0,1e-12,PASS
대전,childcare_capacity_rate,2018,구조환경지표_21개_검증본.csv,61,86.96059717772172,86.96059717772172,0.0,1e-12,PASS
대전,childcare_capacity_rate,2019,구조환경지표_21개_검증본.csv,61,89.70312967954477,89.70312967954477,0.0,1e-12,PASS
대전,childcare_capacity_rate,2020,구조환경지표_21개_검증본.csv,61,94.7068198976596,94.7068198976596,0.0,1e-12,PASS
대전,childcare_capacity_rate,2021,구조환경지표_21개_검증본.csv,61,97.00950058659797,97.00950058659797,0.0,1e-12,PASS
대전,childcare_capacity_rate,2022,구조환경지표_21개_검증본.csv,61,94.06916107947036,94.06916107947036,0.0,1e-12,PASS
대전,childcare_capacity_rate,2023,구조환경지표_21개_검증본.csv,61,91.50537363771365,91.50537363771365,0.0,1e-12,PASS
대전,childcare_capacity_rate,2024,구조환경지표_21개_검증본.csv,61,91.44926020808282,91.44926020808282,0.0,1e-12,PASS
부산,childcare_capacity_rate,2016,구조환경지표_21개_검증본.csv,57,67.90009390809124,67.90009390809124,0.0,1e-12,PASS
부산,childcare_capacity_rate,2017,구조환경지표_21개_검증본.csv,57,71.93407658749395,71.93407658749395,0.0,1e-12,PASS
부산,childcare_capacity_rate,2018,구조환경지표_21개_검증본.csv,57,75.34353035621258,75.34353035621258,0.0,1e-12,PASS
부산,childcare_capacity_rate,2019,구조환경지표_21개_검증본.csv,57,80.16913201745042,80.16913201745042,0.0,1e-12,PASS
부산,childcare_capacity_rate,2020,구조환경지표_21개_검증본.csv,57,86.27354324563025,86.27354324563025,0.0,1e-12,PASS
부산,childcare_capacity_rate,2021,구조환경지표_21개_검증본.csv,57,91.42154070496024,91.42154070496024,0.0,1e-12,PASS
부산,childcare_capacity_rate,2022,구조환경지표_21개_검증본.csv,57,93.6927847229058,93.6927847229058,0.0,1e-12,PASS
부산,childcare_capacity_rate,2023,구조환경지표_21개_검증본.csv,57,94.9708067940552,94.9708067940552,0.0,1e-12,PASS
부산,childcare_capacity_rate,2024,구조환경지표_21개_검증본.csv,57,93.11038011695906,93.11038011695906,0.0,1e-12,PASS
서울,childcare_capacity_rate,2016,구조환경지표_21개_검증본.csv,56,71.76020713005377,71.76020713005377,0.0,1e-12,PASS
서울,childcare_capacity_rate,2017,구조환경지표_21개_검증본.csv,56,76.53942451260004,76.53942451260004,0.0,1e-12,PASS
서울,childcare_capacity_rate,2018,구조환경지표_21개_검증본.csv,56,81.10364594569606,81.10364594569606,0.0,1e-12,PASS
서울,childcare_capacity_rate,2019,구조환경지표_21개_검증본.csv,56,84.62062706325486,84.62062706325486,0.0,1e-12,PASS
서울,childcare_capacity_rate,2020,구조환경지표_21개_검증본.csv,56,90.89843648906948,90.89843648906948,0.0,1e-12,PASS
서울,childcare_capacity_rate,2021,구조환경지표_21개_검증본.csv,56,96.37847696472532,96.37847696472532,0.0,1e-12,PASS
서울,childcare_capacity_rate,2022,구조환경지표_21개_검증본.csv,56,98.24663143234967,98.24663143234967,0.0,1e-12,PASS
서울,childcare_capacity_rate,2023,구조환경지표_21개_검증본.csv,56,99.17094651055798,99.17094651055798,0.0,1e-12,PASS
서울,childcare_capacity_rate,2024,구조환경지표_21개_검증본.csv,56,99.91374934079852,99.91374934079852,0.0,1e-12,PASS
세종,childcare_capacity_rate,2016,구조환경지표_21개_검증본.csv,63,73.850035203004,73.850035203004,0.0,1e-12,PASS
세종,childcare_capacity_rate,2017,구조환경지표_21개_검증본.csv,63,76.24050764589619,76.24050764589619,0.0,1e-12,PASS
세종,childcare_capacity_rate,2018,구조환경지표_21개_검증본.csv,63,84.15167951279855,84.15167951279855,0.0,1e-12,PASS
세종,childcare_capacity_rate,2019,구조환경지표_21개_검증본.csv,63,87.735248658969,87.735248658969,0.0,1e-12,PASS
세종,childcare_capacity_rate,2020,구조환경지표_21개_검증본.csv,63,93.45007415913116,93.45007415913116,0.0,1e-12,PASS
세종,childcare_capacity_rate,2021,구조환경지표_21개_검증본.csv,63,97.4947494749475,97.4947494749475,0.0,1e-12,PASS
세종,childcare_capacity_rate,2022,구조환경지표_21개_검증본.csv,63,99.07719890318498,99.07719890318498,0.0,1e-12,PASS
세종,childcare_capacity_rate,2023,구조환경지표_21개_검증본.csv,63,108.2389827556175,108.2389827556175,0.0,1e-12,PASS
세종,childcare_capacity_rate,2024,구조환경지표_21개_검증본.csv,63,112.987012987013,112.987012987013,0.0,1e-12,PASS
울산,childcare_capacity_rate,2016,구조환경지표_21개_검증본.csv,62,69.9306894575017,69.9306894575017,0.0,1e-12,PASS
울산,childcare_capacity_rate,2017,구조환경지표_21개_검증본.csv,62,74.56018646983739,74.56018646983739,0.0,1e-12,PASS
울산,childcare_capacity_rate,2018,구조환경지표_21개_검증본.csv,62,78.91988130563799,78.91988130563799,0.0,1e-12,PASS
울산,childcare_capacity_rate,2019,구조환경지표_21개_검증본.csv,62,85.23765505084164,85.23765505084164,0.0,1e-12,PASS
울산,childcare_capacity_rate,2020,구조환경지표_21개_검증본.csv,62,90.70037498487964,90.70037498487964,0.0,1e-12,PASS
울산,childcare_capacity_rate,2021,구조환경지표_21개_검증본.csv,62,94.68568612419232,94.68568612419232,0.0,1e-12,PASS
울산,childcare_capacity_rate,2022,구조환경지표_21개_검증본.csv,62,96.3021386318823,96.3021386318823,0.0,1e-12,PASS
울산,childcare_capacity_rate,2023,구조환경지표_21개_검증본.csv,62,98.81232790365922,98.81232790365922,0.0,1e-12,PASS
울산,childcare_capacity_rate,2024,구조환경지표_21개_검증본.csv,62,98.32300790429396,98.32300790429396,0.0,1e-12,PASS
인천,childcare_capacity_rate,2016,구조환경지표_21개_검증본.csv,59,72.33778186838472,72.33778186838472,0.0,1e-12,PASS
인천,childcare_capacity_rate,2017,구조환경지표_21개_검증본.csv,59,77.07796576792425,77.07796576792425,0.0,1e-12,PASS
인천,childcare_capacity_rate,2018,구조환경지표_21개_검증본.csv,59,81.37920274592402,81.37920274592402,0.0,1e-12,PASS
인천,childcare_capacity_rate,2019,구조환경지표_21개_검증본.csv,59,85.17809161653821,85.17809161653821,0.0,1e-12,PASS
인천,childcare_capacity_rate,2020,구조환경지표_21개_검증본.csv,59,91.36420265780733,91.36420265780733,0.0,1e-12,PASS
인천,childcare_capacity_rate,2021,구조환경지표_21개_검증본.csv,59,95.6317461748203,95.6317461748203,0.0,1e-12,PASS
인천,childcare_capacity_rate,2022,구조환경지표_21개_검증본.csv,59,94.56101181778862,94.56101181778862,0.0,1e-12,PASS
인천,childcare_capacity_rate,2023,구조환경지표_21개_검증본.csv,59,95.32343238311604,95.32343238311604,0.0,1e-12,PASS
인천,childcare_capacity_rate,2024,구조환경지표_21개_검증본.csv,59,94.39741494759862,94.39741494759862,0.0,1e-12,PASS
전국,childcare_capacity_rate,2016,구조환경지표_21개_검증본.csv,55,80.17271923461317,80.17271923461317,0.0,1e-12,PASS
전국,childcare_capacity_rate,2017,구조환경지표_21개_검증본.csv,55,84.48801533344717,84.48801533344717,0.0,1e-12,PASS
전국,childcare_capacity_rate,2018,구조환경지표_21개_검증본.csv,55,87.7461955057227,87.7461955057227,0.0,1e-12,PASS
전국,childcare_capacity_rate,2019,구조환경지표_21개_검증본.csv,55,91.42338555390916,91.42338555390916,0.0,1e-12,PASS
전국,childcare_capacity_rate,2020,구조환경지표_21개_검증본.csv,55,97.09228794119102,97.09228794119102,0.0,1e-12,PASS
전국,childcare_capacity_rate,2021,구조환경지표_21개_검증본.csv,55,101.7659292674337,101.7659292674337,0.0,1e-12,PASS
전국,childcare_capacity_rate,2022,구조환경지표_21개_검증본.csv,55,103.4390826497804,103.4390826497804,0.0,1e-12,PASS
전국,childcare_capacity_rate,2023,구조환경지표_21개_검증본.csv,55,105.00918635563934,105.00918635563934,0.0,1e-12,PASS
전국,childcare_capacity_rate,2024,구조환경지표_21개_검증본.csv,55,105.37130752585362,105.37130752585362,0.0,1e-12,PASS
전남,childcare_capacity_rate,2016,구조환경지표_21개_검증본.csv,69,94.08757767273886,94.08757767273886,0.0,1e-12,PASS
전남,childcare_capacity_rate,2017,구조환경지표_21개_검증본.csv,69,100.07265267746486,100.07265267746486,0.0,1e-12,PASS
전남,childcare_capacity_rate,2018,구조환경지표_21개_검증본.csv,69,104.3923351539377,104.3923351539377,0.0,1e-12,PASS
전남,childcare_capacity_rate,2019,구조환경지표_21개_검증본.csv,69,107.7127702978376,107.7127702978376,0.0,1e-12,PASS
전남,childcare_capacity_rate,2020,구조환경지표_21개_검증본.csv,69,110.41332048399188,110.41332048399188,0.0,1e-12,PASS
전남,childcare_capacity_rate,2021,구조환경지표_21개_검증본.csv,69,118.00921622530308,118.00921622530308,0.0,1e-12,PASS
전남,childcare_capacity_rate,2022,구조환경지표_21개_검증본.csv,69,120.2312510725931,120.2312510725931,0.0,1e-12,PASS
전남,childcare_capacity_rate,2023,구조환경지표_21개_검증본.csv,69,120.33506511340492,120.33506511340492,0.0,1e-12,PASS
전남,childcare_capacity_rate,2024,구조환경지표_21개_검증본.csv,69,121.89366210749375,121.89366210749375,0.0,1e-12,PASS
전북,childcare_capacity_rate,2016,구조환경지표_21개_검증본.csv,68,98.41864791660969,98.41864791660969,0.0,1e-12,PASS
전북,childcare_capacity_rate,2017,구조환경지표_21개_검증본.csv,68,102.64685943348954,102.64685943348954,0.0,1e-12,PASS
전북,childcare_capacity_rate,2018,구조환경지표_21개_검증본.csv,68,104.76069569633108,104.76069569633108,0.0,1e-12,PASS
전북,childcare_capacity_rate,2019,구조환경지표_21개_검증본.csv,68,108.31378273638845,108.31378273638845,0.0,1e-12,PASS
전북,childcare_capacity_rate,2020,구조환경지표_21개_검증본.csv,68,115.17728843838594,115.17728843838594,0.0,1e-12,PASS
전북,childcare_capacity_rate,2021,구조환경지표_21개_검증본.csv,68,119.69428349044368,119.69428349044368,0.0,1e-12,PASS
전북,childcare_capacity_rate,2022,구조환경지표_21개_검증본.csv,68,122.60235026535253,122.60235026535253,0.0,1e-12,PASS
전북,childcare_capacity_rate,2023,구조환경지표_21개_검증본.csv,68,122.65783460422604,122.65783460422604,0.0,1e-12,PASS
전북,childcare_capacity_rate,2024,구조환경지표_21개_검증본.csv,68,123.61665715915574,123.61665715915574,0.0,1e-12,PASS
제주,childcare_capacity_rate,2016,구조환경지표_21개_검증본.csv,72,102.46499704200356,102.46499704200356,0.0,1e-12,PASS
제주,childcare_capacity_rate,2017,구조환경지표_21개_검증본.csv,72,103.58972619007228,103.58972619007228,0.0,1e-12,PASS
제주,childcare_capacity_rate,2018,구조환경지표_21개_검증본.csv,72,104.43181421946372,104.43181421946372,0.0,1e-12,PASS
제주,childcare_capacity_rate,2019,구조환경지표_21개_검증본.csv,72,108.85945548197203,108.85945548197203,0.0,1e-12,PASS
제주,childcare_capacity_rate,2020,구조환경지표_21개_검증본.csv,72,115.98449116636024,115.98449116636024,0.0,1e-12,PASS
제주,childcare_capacity_rate,2021,구조환경지표_21개_검증본.csv,72,120.29853336804652,120.29853336804652,0.0,1e-12,PASS
제주,childcare_capacity_rate,2022,구조환경지표_21개_검증본.csv,72,123.76205338426422,123.76205338426422,0.0,1e-12,PASS
제주,childcare_capacity_rate,2023,구조환경지표_21개_검증본.csv,72,127.80754068533308,127.80754068533308,0.0,1e-12,PASS
제주,childcare_capacity_rate,2024,구조환경지표_21개_검증본.csv,72,133.60363815681333,133.60363815681333,0.0,1e-12,PASS
충남,childcare_capacity_rate,2016,구조환경지표_21개_검증본.csv,67,92.19690274796952,92.19690274796952,0.0,1e-12,PASS
충남,childcare_capacity_rate,2017,구조환경지표_21개_검증본.csv,67,96.21255443628206,96.21255443628206,0.0,1e-12,PASS
충남,childcare_capacity_rate,2018,구조환경지표_21개_검증본.csv,67,99.43443483881391,99.43443483881391,0.0,1e-12,PASS
충남,childcare_capacity_rate,2019,구조환경지표_21개_검증본.csv,67,102.62465563028964,102.62465563028964,0.0,1e-12,PASS
충남,childcare_capacity_rate,2020,구조환경지표_21개_검증본.csv,67,109.45082314945329,109.45082314945329,0.0,1e-12,PASS
충남,childcare_capacity_rate,2021,구조환경지표_21개_검증본.csv,67,115.30409374341056,115.30409374341056,0.0,1e-12,PASS
충남,childcare_capacity_rate,2022,구조환경지표_21개_검증본.csv,67,118.8530606253364,118.8530606253364,0.0,1e-12,PASS
충남,childcare_capacity_rate,2023,구조환경지표_21개_검증본.csv,67,122.29965156794424,122.29965156794424,0.0,1e-12,PASS
충남,childcare_capacity_rate,2024,구조환경지표_21개_검증본.csv,67,124.33623403073506,124.33623403073506,0.0,1e-12,PASS
충북,childcare_capacity_rate,2016,구조환경지표_21개_검증본.csv,66,92.74723336713548,92.74723336713548,0.0,1e-12,PASS
충북,childcare_capacity_rate,2017,구조환경지표_21개_검증본.csv,66,97.46608730863274,97.46608730863274,0.0,1e-12,PASS
충북,childcare_capacity_rate,2018,구조환경지표_21개_검증본.csv,66,99.65971996092478,99.65971996092478,0.0,1e-12,PASS
충북,childcare_capacity_rate,2019,구조환경지표_21개_검증본.csv,66,104.4952804769934,104.4952804769934,0.0,1e-12,PASS
충북,childcare_capacity_rate,2020,구조환경지표_21개_검증본.csv,66,110.92142410519736,110.92142410519736,0.0,1e-12,PASS
충북,childcare_capacity_rate,2021,구조환경지표_21개_검증본.csv,66,118.32048412501037,118.32048412501037,0.0,1e-12,PASS
충북,childcare_capacity_rate,2022,구조환경지표_21개_검증본.csv,66,122.41045280468576,122.41045280468576,0.0,1e-12,PASS
충북,childcare_capacity_rate,2023,구조환경지표_21개_검증본.csv,66,124.98015729850638,124.98015729850638,0.0,1e-12,PASS
충북,childcare_capacity_rate,2024,구조환경지표_21개_검증본.csv,66,124.69209673398156,124.69209673398156,0.0,1e-12,PASS
강원,childcare_equal_participation,2020,가족실태조사_돌봄노동_공동_참여도_2020_2023.csv,11,43.8,43.8,0.0,1e-12,PASS
강원,childcare_equal_participation,2023,가족실태조사_돌봄노동_공동_참여도_2020_2023.csv,11,58.5,58.5,0.0,1e-12,PASS
경기,childcare_equal_participation,2020,가족실태조사_돌봄노동_공동_참여도_2020_2023.csv,10,40.3,40.3,0.0,1e-12,PASS
경기,childcare_equal_participation,2023,가족실태조사_돌봄노동_공동_참여도_2020_2023.csv,10,46.1,46.1,0.0,1e-12,PASS
경남,childcare_equal_participation,2020,가족실태조사_돌봄노동_공동_참여도_2020_2023.csv,17,39.3,39.3,0.0,1e-12,PASS
경남,childcare_equal_participation,2023,가족실태조사_돌봄노동_공동_참여도_2020_2023.csv,17,44.5,44.5,0.0,1e-12,PASS
경북,childcare_equal_participation,2020,가족실태조사_돌봄노동_공동_참여도_2020_2023.csv,16,40.7,40.7,0.0,1e-12,PASS
경북,childcare_equal_participation,2023,가족실태조사_돌봄노동_공동_참여도_2020_2023.csv,16,44.7,44.7,0.0,1e-12,PASS
광주,childcare_equal_participation,2020,가족실태조사_돌봄노동_공동_참여도_2020_2023.csv,6,41.7,41.7,0.0,1e-12,PASS
광주,childcare_equal_participation,2023,가족실태조사_돌봄노동_공동_참여도_2020_2023.csv,6,53.8,53.8,0.0,1e-12,PASS
대구,childcare_equal_participation,2020,가족실태조사_돌봄노동_공동_참여도_2020_2023.csv,4,35.5,35.5,0.0,1e-12,PASS
대구,childcare_equal_participation,2023,가족실태조사_돌봄노동_공동_참여도_2020_2023.csv,4,42.0,42.0,0.0,1e-12,PASS
대전,childcare_equal_participation,2020,가족실태조사_돌봄노동_공동_참여도_2020_2023.csv,7,34.9,34.9,0.0,1e-12,PASS
대전,childcare_equal_participation,2023,가족실태조사_돌봄노동_공동_참여도_2020_2023.csv,7,56.0,56.0,0.0,1e-12,PASS
부산,childcare_equal_participation,2020,가족실태조사_돌봄노동_공동_참여도_2020_2023.csv,3,39.7,39.7,0.0,1e-12,PASS
부산,childcare_equal_participation,2023,가족실태조사_돌봄노동_공동_참여도_2020_2023.csv,3,41.7,41.7,0.0,1e-12,PASS
서울,childcare_equal_participation,2020,가족실태조사_돌봄노동_공동_참여도_2020_2023.csv,2,38.3,38.3,0.0,1e-12,PASS
서울,childcare_equal_participation,2023,가족실태조사_돌봄노동_공동_참여도_2020_2023.csv,2,41.3,41.3,0.0,1e-12,PASS
세종,childcare_equal_participation,2020,가족실태조사_돌봄노동_공동_참여도_2020_2023.csv,9,38.5,38.5,0.0,1e-12,PASS
세종,childcare_equal_participation,2023,가족실태조사_돌봄노동_공동_참여도_2020_2023.csv,9,40.1,40.1,0.0,1e-12,PASS
울산,childcare_equal_participation,2020,가족실태조사_돌봄노동_공동_참여도_2020_2023.csv,8,33.3,33.3,0.0,1e-12,PASS
울산,childcare_equal_participation,2023,가족실태조사_돌봄노동_공동_참여도_2020_2023.csv,8,46.3,46.3,0.0,1e-12,PASS
인천,childcare_equal_participation,2020,가족실태조사_돌봄노동_공동_참여도_2020_2023.csv,5,36.8,36.8,0.0,1e-12,PASS
인천,childcare_equal_participation,2023,가족실태조사_돌봄노동_공동_참여도_2020_2023.csv,5,44.3,44.3,0.0,1e-12,PASS
전국,childcare_equal_participation,2020,가족실태조사_돌봄노동_공동_참여도_2020_2023.csv,1,39.2,39.2,0.0,1e-12,PASS
전국,childcare_equal_participation,2023,가족실태조사_돌봄노동_공동_참여도_2020_2023.csv,1,45.9,45.9,0.0,1e-12,PASS
전남,childcare_equal_participation,2020,가족실태조사_돌봄노동_공동_참여도_2020_2023.csv,15,39.7,39.7,0.0,1e-12,PASS
전남,childcare_equal_participation,2023,가족실태조사_돌봄노동_공동_참여도_2020_2023.csv,15,45.4,45.4,0.0,1e-12,PASS
전북,childcare_equal_participation,2020,가족실태조사_돌봄노동_공동_참여도_2020_2023.csv,14,40.0,40.0,0.0,1e-12,PASS
전북,childcare_equal_participation,2023,가족실태조사_돌봄노동_공동_참여도_2020_2023.csv,14,55.5,55.5,0.0,1e-12,PASS
제주,childcare_equal_participation,2020,가족실태조사_돌봄노동_공동_참여도_2020_2023.csv,18,44.8,44.8,0.0,1e-12,PASS
제주,childcare_equal_participation,2023,가족실태조사_돌봄노동_공동_참여도_2020_2023.csv,18,43.5,43.5,0.0,1e-12,PASS
충남,childcare_equal_participation,2020,가족실태조사_돌봄노동_공동_참여도_2020_2023.csv,13,40.7,40.7,0.0,1e-12,PASS
충남,childcare_equal_participation,2023,가족실태조사_돌봄노동_공동_참여도_2020_2023.csv,13,47.8,47.8,0.0,1e-12,PASS
충북,childcare_equal_participation,2020,가족실태조사_돌봄노동_공동_참여도_2020_2023.csv,12,40.1,40.1,0.0,1e-12,PASS
충북,childcare_equal_participation,2023,가족실태조사_돌봄노동_공동_참여도_2020_2023.csv,12,54.2,54.2,0.0,1e-12,PASS
강원,cultural_facilities_supply,2016,구조환경지표_21개_검증본.csv,119,13.6,13.6,0.0,1e-12,PASS
강원,cultural_facilities_supply,2017,구조환경지표_21개_검증본.csv,119,14.1,14.1,0.0,1e-12,PASS
강원,cultural_facilities_supply,2018,구조환경지표_21개_검증본.csv,119,13.9,13.9,0.0,1e-12,PASS
강원,cultural_facilities_supply,2019,구조환경지표_21개_검증본.csv,119,15.1,15.1,0.0,1e-12,PASS
강원,cultural_facilities_supply,2020,구조환경지표_21개_검증본.csv,119,15.2,15.2,0.0,1e-12,PASS
강원,cultural_facilities_supply,2021,구조환경지표_21개_검증본.csv,119,15.7,15.7,0.0,1e-12,PASS
강원,cultural_facilities_supply,2022,구조환경지표_21개_검증본.csv,119,16.0,16.0,0.0,1e-12,PASS
강원,cultural_facilities_supply,2023,구조환경지표_21개_검증본.csv,119,16.2,16.2,0.0,1e-12,PASS
강원,cultural_facilities_supply,2024,구조환경지표_21개_검증본.csv,119,16.5,16.5,0.0,1e-12,PASS
경기,cultural_facilities_supply,2016,구조환경지표_21개_검증본.csv,118,4.0,4.0,0.0,1e-12,PASS
경기,cultural_facilities_supply,2017,구조환경지표_21개_검증본.csv,118,4.1,4.1,0.0,1e-12,PASS
경기,cultural_facilities_supply,2018,구조환경지표_21개_검증본.csv,118,4.1,4.1,0.0,1e-12,PASS
경기,cultural_facilities_supply,2019,구조환경지표_21개_검증본.csv,118,4.3,4.3,0.0,1e-12,PASS
경기,cultural_facilities_supply,2020,구조환경지표_21개_검증본.csv,118,4.2,4.2,0.0,1e-12,PASS
경기,cultural_facilities_supply,2021,구조환경지표_21개_검증본.csv,118,4.4,4.4,0.0,1e-12,PASS
경기,cultural_facilities_supply,2022,구조환경지표_21개_검증본.csv,118,4.5,4.5,0.0,1e-12,PASS
경기,cultural_facilities_supply,2023,구조환경지표_21개_검증본.csv,118,4.6,4.6,0.0,1e-12,PASS
경기,cultural_facilities_supply,2024,구조환경지표_21개_검증본.csv,118,4.6,4.6,0.0,1e-12,PASS
경남,cultural_facilities_supply,2016,구조환경지표_21개_검증본.csv,125,5.7,5.7,0.0,1e-12,PASS
경남,cultural_facilities_supply,2017,구조환경지표_21개_검증본.csv,125,5.8,5.8,0.0,1e-12,PASS
경남,cultural_facilities_supply,2018,구조환경지표_21개_검증본.csv,125,6.1,6.1,0.0,1e-12,PASS
경남,cultural_facilities_supply,2019,구조환경지표_21개_검증본.csv,125,6.6,6.6,0.0,1e-12,PASS
경남,cultural_facilities_supply,2020,구조환경지표_21개_검증본.csv,125,6.8,6.8,0.0,1e-12,PASS
경남,cultural_facilities_supply,2021,구조환경지표_21개_검증본.csv,125,6.9,6.9,0.0,1e-12,PASS
경남,cultural_facilities_supply,2022,구조환경지표_21개_검증본.csv,125,7.2,7.2,0.0,1e-12,PASS
경남,cultural_facilities_supply,2023,구조환경지표_21개_검증본.csv,125,7.2,7.2,0.0,1e-12,PASS
경남,cultural_facilities_supply,2024,구조환경지표_21개_검증본.csv,125,7.2,7.2,0.0,1e-12,PASS
경북,cultural_facilities_supply,2016,구조환경지표_21개_검증본.csv,124,7.2,7.2,0.0,1e-12,PASS
경북,cultural_facilities_supply,2017,구조환경지표_21개_검증본.csv,124,7.4,7.4,0.0,1e-12,PASS
경북,cultural_facilities_supply,2018,구조환경지표_21개_검증본.csv,124,7.5,7.5,0.0,1e-12,PASS
경북,cultural_facilities_supply,2019,구조환경지표_21개_검증본.csv,124,7.9,7.9,0.0,1e-12,PASS
경북,cultural_facilities_supply,2020,구조환경지표_21개_검증본.csv,124,8.3,8.3,0.0,1e-12,PASS
경북,cultural_facilities_supply,2021,구조환경지표_21개_검증본.csv,124,8.4,8.4,0.0,1e-12,PASS
경북,cultural_facilities_supply,2022,구조환경지표_21개_검증본.csv,124,8.9,8.9,0.0,1e-12,PASS
경북,cultural_facilities_supply,2023,구조환경지표_21개_검증본.csv,124,8.8,8.8,0.0,1e-12,PASS
경북,cultural_facilities_supply,2024,구조환경지표_21개_검증본.csv,124,9.0,9.0,0.0,1e-12,PASS
광주,cultural_facilities_supply,2016,구조환경지표_21개_검증본.csv,114,3.9,3.9,0.0,1e-12,PASS
광주,cultural_facilities_supply,2017,구조환경지표_21개_검증본.csv,114,4.2,4.2,0.0,1e-12,PASS
광주,cultural_facilities_supply,2018,구조환경지표_21개_검증본.csv,114,4.3,4.3,0.0,1e-12,PASS
광주,cultural_facilities_supply,2019,구조환경지표_21개_검증본.csv,114,4.9,4.9,0.0,1e-12,PASS
광주,cultural_facilities_supply,2020,구조환경지표_21개_검증본.csv,114,5.1,5.1,0.0,1e-12,PASS
광주,cultural_facilities_supply,2021,구조환경지표_21개_검증본.csv,114,5.1,5.1,0.0,1e-12,PASS
광주,cultural_facilities_supply,2022,구조환경지표_21개_검증본.csv,114,5.5,5.5,0.0,1e-12,PASS
광주,cultural_facilities_supply,2023,구조환경지표_21개_검증본.csv,114,6.2,6.2,0.0,1e-12,PASS
광주,cultural_facilities_supply,2024,구조환경지표_21개_검증본.csv,114,6.4,6.4,0.0,1e-12,PASS
대구,cultural_facilities_supply,2016,구조환경지표_21개_검증본.csv,112,2.9,2.9,0.0,1e-12,PASS
대구,cultural_facilities_supply,2017,구조환경지표_21개_검증본.csv,112,3.0,3.0,0.0,1e-12,PASS
대구,cultural_facilities_supply,2018,구조환경지표_21개_검증본.csv,112,3.2,3.2,0.0,1e-12,PASS
대구,cultural_facilities_supply,2019,구조환경지표_21개_검증본.csv,112,3.7,3.7,0.0,1e-12,PASS
대구,cultural_facilities_supply,2020,구조환경지표_21개_검증본.csv,112,3.8,3.8,0.0,1e-12,PASS
대구,cultural_facilities_supply,2021,구조환경지표_21개_검증본.csv,112,4.0,4.0,0.0,1e-12,PASS
대구,cultural_facilities_supply,2022,구조환경지표_21개_검증본.csv,112,4.0,4.0,0.0,1e-12,PASS
대구,cultural_facilities_supply,2023,구조환경지표_21개_검증본.csv,112,4.3,4.3,0.0,1e-12,PASS
대구,cultural_facilities_supply,2024,구조환경지표_21개_검증본.csv,112,4.5,4.5,0.0,1e-12,PASS
대전,cultural_facilities_supply,2016,구조환경지표_21개_검증본.csv,115,3.8,3.8,0.0,1e-12,PASS
대전,cultural_facilities_supply,2017,구조환경지표_21개_검증본.csv,115,3.7,3.7,0.0,1e-12,PASS
대전,cultural_facilities_supply,2018,구조환경지표_21개_검증본.csv,115,3.7,3.7,0.0,1e-12,PASS
대전,cultural_facilities_supply,2019,구조환경지표_21개_검증본.csv,115,4.2,4.2,0.0,1e-12,PASS
대전,cultural_facilities_supply,2020,구조환경지표_21개_검증본.csv,115,4.2,4.2,0.0,1e-12,PASS
대전,cultural_facilities_supply,2021,구조환경지표_21개_검증본.csv,115,4.3,4.3,0.0,1e-12,PASS
대전,cultural_facilities_supply,2022,구조환경지표_21개_검증본.csv,115,4.2,4.2,0.0,1e-12,PASS
대전,cultural_facilities_supply,2023,구조환경지표_21개_검증본.csv,115,4.3,4.3,0.0,1e-12,PASS
대전,cultural_facilities_supply,2024,구조환경지표_21개_검증본.csv,115,4.4,4.4,0.0,1e-12,PASS
부산,cultural_facilities_supply,2016,구조환경지표_21개_검증본.csv,111,2.8,2.8,0.0,1e-12,PASS
부산,cultural_facilities_supply,2017,구조환경지표_21개_검증본.csv,111,3.0,3.0,0.0,1e-12,PASS
부산,cultural_facilities_supply,2018,구조환경지표_21개_검증본.csv,111,3.1,3.1,0.0,1e-12,PASS
부산,cultural_facilities_supply,2019,구조환경지표_21개_검증본.csv,111,3.6,3.6,0.0,1e-12,PASS
부산,cultural_facilities_supply,2020,구조환경지표_21개_검증본.csv,111,3.9,3.9,0.0,1e-12,PASS
부산,cultural_facilities_supply,2021,구조환경지표_21개_검증본.csv,111,4.1,4.1,0.0,1e-12,PASS
부산,cultural_facilities_supply,2022,구조환경지표_21개_검증본.csv,111,4.3,4.3,0.0,1e-12,PASS
부산,cultural_facilities_supply,2023,구조환경지표_21개_검증본.csv,111,4.4,4.4,0.0,1e-12,PASS
부산,cultural_facilities_supply,2024,구조환경지표_21개_검증본.csv,111,4.5,4.5,0.0,1e-12,PASS
서울,cultural_facilities_supply,2016,구조환경지표_21개_검증본.csv,110,3.7,3.7,0.0,1e-12,PASS
서울,cultural_facilities_supply,2017,구조환경지표_21개_검증본.csv,110,3.9,3.9,0.0,1e-12,PASS
서울,cultural_facilities_supply,2018,구조환경지표_21개_검증본.csv,110,4.1,4.1,0.0,1e-12,PASS
서울,cultural_facilities_supply,2019,구조환경지표_21개_검증본.csv,110,4.2,4.2,0.0,1e-12,PASS
서울,cultural_facilities_supply,2020,구조환경지표_21개_검증본.csv,110,4.4,4.4,0.0,1e-12,PASS
서울,cultural_facilities_supply,2021,구조환경지표_21개_검증본.csv,110,4.6,4.6,0.0,1e-12,PASS
서울,cultural_facilities_supply,2022,구조환경지표_21개_검증본.csv,110,4.8,4.8,0.0,1e-12,PASS
서울,cultural_facilities_supply,2023,구조환경지표_21개_검증본.csv,110,5.0,5.0,0.0,1e-12,PASS
서울,cultural_facilities_supply,2024,구조환경지표_21개_검증본.csv,110,5.1,5.1,0.0,1e-12,PASS
세종,cultural_facilities_supply,2016,구조환경지표_21개_검증본.csv,117,5.3,5.3,0.0,1e-12,PASS
세종,cultural_facilities_supply,2017,구조환경지표_21개_검증본.csv,117,5.0,5.0,0.0,1e-12,PASS
세종,cultural_facilities_supply,2018,구조환경지표_21개_검증본.csv,117,6.0,6.0,0.0,1e-12,PASS
세종,cultural_facilities_supply,2019,구조환경지표_21개_검증본.csv,117,6.5,6.5,0.0,1e-12,PASS
세종,cultural_facilities_supply,2020,구조환경지표_21개_검증본.csv,117,6.5,6.5,0.0,1e-12,PASS
세종,cultural_facilities_supply,2021,구조환경지표_21개_검증본.csv,117,6.5,6.5,0.0,1e-12,PASS
세종,cultural_facilities_supply,2022,구조환경지표_21개_검증본.csv,117,6.8,6.8,0.0,1e-12,PASS
세종,cultural_facilities_supply,2023,구조환경지표_21개_검증본.csv,117,6.7,6.7,0.0,1e-12,PASS
세종,cultural_facilities_supply,2024,구조환경지표_21개_검증본.csv,117,7.4,7.4,0.0,1e-12,PASS
울산,cultural_facilities_supply,2016,구조환경지표_21개_검증본.csv,116,3.4,3.4,0.0,1e-12,PASS
울산,cultural_facilities_supply,2017,구조환경지표_21개_검증본.csv,116,3.5,3.5,0.0,1e-12,PASS
울산,cultural_facilities_supply,2018,구조환경지표_21개_검증본.csv,116,3.7,3.7,0.0,1e-12,PASS
울산,cultural_facilities_supply,2019,구조환경지표_21개_검증본.csv,116,4.0,4.0,0.0,1e-12,PASS
울산,cultural_facilities_supply,2020,구조환경지표_21개_검증본.csv,116,4.1,4.1,0.0,1e-12,PASS
울산,cultural_facilities_supply,2021,구조환경지표_21개_검증본.csv,116,3.9,3.9,0.0,1e-12,PASS
울산,cultural_facilities_supply,2022,구조환경지표_21개_검증본.csv,116,4.1,4.1,0.0,1e-12,PASS
울산,cultural_facilities_supply,2023,구조환경지표_21개_검증본.csv,116,4.5,4.5,0.0,1e-12,PASS
울산,cultural_facilities_supply,2024,구조환경지표_21개_검증본.csv,116,4.5,4.5,0.0,1e-12,PASS
인천,cultural_facilities_supply,2016,구조환경지표_21개_검증본.csv,113,3.3,3.3,0.0,1e-12,PASS
인천,cultural_facilities_supply,2017,구조환경지표_21개_검증본.csv,113,3.4,3.4,0.0,1e-12,PASS
인천,cultural_facilities_supply,2018,구조환경지표_21개_검증본.csv,113,3.5,3.5,0.0,1e-12,PASS
인천,cultural_facilities_supply,2019,구조환경지표_21개_검증본.csv,113,3.9,3.9,0.0,1e-12,PASS
인천,cultural_facilities_supply,2020,구조환경지표_21개_검증본.csv,113,4.1,4.1,0.0,1e-12,PASS
인천,cultural_facilities_supply,2021,구조환경지표_21개_검증본.csv,113,4.3,4.3,0.0,1e-12,PASS
인천,cultural_facilities_supply,2022,구조환경지표_21개_검증본.csv,113,4.3,4.3,0.0,1e-12,PASS
인천,cultural_facilities_supply,2023,구조환경지표_21개_검증본.csv,113,4.4,4.4,0.0,1e-12,PASS
인천,cultural_facilities_supply,2024,구조환경지표_21개_검증본.csv,113,4.2,4.2,0.0,1e-12,PASS
전국,cultural_facilities_supply,2016,구조환경지표_21개_검증본.csv,109,5.1,5.1,0.0,1e-12,PASS
전국,cultural_facilities_supply,2017,구조환경지표_21개_검증본.csv,109,5.3,5.3,0.0,1e-12,PASS
전국,cultural_facilities_supply,2018,구조환경지표_21개_검증본.csv,109,5.5,5.5,0.0,1e-12,PASS
전국,cultural_facilities_supply,2019,구조환경지표_21개_검증본.csv,109,5.8,5.8,0.0,1e-12,PASS
전국,cultural_facilities_supply,2020,구조환경지표_21개_검증본.csv,109,6.0,6.0,0.0,1e-12,PASS
전국,cultural_facilities_supply,2021,구조환경지표_21개_검증본.csv,109,6.1,6.1,0.0,1e-12,PASS
전국,cultural_facilities_supply,2022,구조환경지표_21개_검증본.csv,109,6.3,6.3,0.0,1e-12,PASS
전국,cultural_facilities_supply,2023,구조환경지표_21개_검증본.csv,109,6.4,6.4,0.0,1e-12,PASS
전국,cultural_facilities_supply,2024,구조환경지표_21개_검증본.csv,109,6.5,6.5,0.0,1e-12,PASS
전남,cultural_facilities_supply,2016,구조환경지표_21개_검증본.csv,123,10.0,10.0,0.0,1e-12,PASS
전남,cultural_facilities_supply,2017,구조환경지표_21개_검증본.csv,123,10.5,10.5,0.0,1e-12,PASS
전남,cultural_facilities_supply,2018,구조환경지표_21개_검증본.csv,123,10.9,10.9,0.0,1e-12,PASS
전남,cultural_facilities_supply,2019,구조환경지표_21개_검증본.csv,123,11.9,11.9,0.0,1e-12,PASS
전남,cultural_facilities_supply,2020,구조환경지표_21개_검증본.csv,123,12.3,12.3,0.0,1e-12,PASS
전남,cultural_facilities_supply,2021,구조환경지표_21개_검증본.csv,123,12.5,12.5,0.0,1e-12,PASS
전남,cultural_facilities_supply,2022,구조환경지표_21개_검증본.csv,123,13.4,13.4,0.0,1e-12,PASS
전남,cultural_facilities_supply,2023,구조환경지표_21개_검증본.csv,123,13.3,13.3,0.0,1e-12,PASS
전남,cultural_facilities_supply,2024,구조환경지표_21개_검증본.csv,123,13.6,13.6,0.0,1e-12,PASS
전북,cultural_facilities_supply,2016,구조환경지표_21개_검증본.csv,122,8.4,8.4,0.0,1e-12,PASS
전북,cultural_facilities_supply,2017,구조환경지표_21개_검증본.csv,122,8.7,8.7,0.0,1e-12,PASS
전북,cultural_facilities_supply,2018,구조환경지표_21개_검증본.csv,122,8.6,8.6,0.0,1e-12,PASS
전북,cultural_facilities_supply,2019,구조환경지표_21개_검증본.csv,122,9.6,9.6,0.0,1e-12,PASS
전북,cultural_facilities_supply,2020,구조환경지표_21개_검증본.csv,122,10.0,10.0,0.0,1e-12,PASS
전북,cultural_facilities_supply,2021,구조환경지표_21개_검증본.csv,122,10.1,10.1,0.0,1e-12,PASS
전북,cultural_facilities_supply,2022,구조환경지표_21개_검증본.csv,122,10.8,10.8,0.0,1e-12,PASS
전북,cultural_facilities_supply,2023,구조환경지표_21개_검증본.csv,122,10.7,10.7,0.0,1e-12,PASS
전북,cultural_facilities_supply,2024,구조환경지표_21개_검증본.csv,122,10.9,10.9,0.0,1e-12,PASS
제주,cultural_facilities_supply,2016,구조환경지표_21개_검증본.csv,126,19.5,19.5,0.0,1e-12,PASS
제주,cultural_facilities_supply,2017,구조환경지표_21개_검증본.csv,126,19.2,19.2,0.0,1e-12,PASS
제주,cultural_facilities_supply,2018,구조환경지표_21개_검증본.csv,126,20.2,20.2,0.0,1e-12,PASS
제주,cultural_facilities_supply,2019,구조환경지표_21개_검증본.csv,126,20.6,20.6,0.0,1e-12,PASS
제주,cultural_facilities_supply,2020,구조환경지표_21개_검증본.csv,126,20.0,20.0,0.0,1e-12,PASS
제주,cultural_facilities_supply,2021,구조환경지표_21개_검증본.csv,126,19.2,19.2,0.0,1e-12,PASS
제주,cultural_facilities_supply,2022,구조환경지표_21개_검증본.csv,126,19.3,19.3,0.0,1e-12,PASS
제주,cultural_facilities_supply,2023,구조환경지표_21개_검증본.csv,126,18.7,18.7,0.0,1e-12,PASS
제주,cultural_facilities_supply,2024,구조환경지표_21개_검증본.csv,126,18.9,18.9,0.0,1e-12,PASS
충남,cultural_facilities_supply,2016,구조환경지표_21개_검증본.csv,121,7.5,7.5,0.0,1e-12,PASS
충남,cultural_facilities_supply,2017,구조환경지표_21개_검증본.csv,121,7.6,7.6,0.0,1e-12,PASS
충남,cultural_facilities_supply,2018,구조환경지표_21개_검증본.csv,121,7.8,7.8,0.0,1e-12,PASS
충남,cultural_facilities_supply,2019,구조환경지표_21개_검증본.csv,121,8.3,8.3,0.0,1e-12,PASS
충남,cultural_facilities_supply,2020,구조환경지표_21개_검증본.csv,121,8.3,8.3,0.0,1e-12,PASS
충남,cultural_facilities_supply,2021,구조환경지표_21개_검증본.csv,121,8.6,8.6,0.0,1e-12,PASS
충남,cultural_facilities_supply,2022,구조환경지표_21개_검증본.csv,121,9.1,9.1,0.0,1e-12,PASS
충남,cultural_facilities_supply,2023,구조환경지표_21개_검증본.csv,121,9.3,9.3,0.0,1e-12,PASS
충남,cultural_facilities_supply,2024,구조환경지표_21개_검증본.csv,121,9.5,9.5,0.0,1e-12,PASS
충북,cultural_facilities_supply,2016,구조환경지표_21개_검증본.csv,120,7.9,7.9,0.0,1e-12,PASS
충북,cultural_facilities_supply,2017,구조환경지표_21개_검증본.csv,120,8.0,8.0,0.0,1e-12,PASS
충북,cultural_facilities_supply,2018,구조환경지표_21개_검증본.csv,120,8.1,8.1,0.0,1e-12,PASS
충북,cultural_facilities_supply,2019,구조환경지표_21개_검증본.csv,120,8.5,8.5,0.0,1e-12,PASS
충북,cultural_facilities_supply,2020,구조환경지표_21개_검증본.csv,120,8.6,8.6,0.0,1e-12,PASS
충북,cultural_facilities_supply,2021,구조환경지표_21개_검증본.csv,120,8.8,8.8,0.0,1e-12,PASS
충북,cultural_facilities_supply,2022,구조환경지표_21개_검증본.csv,120,8.9,8.9,0.0,1e-12,PASS
충북,cultural_facilities_supply,2023,구조환경지표_21개_검증본.csv,120,8.9,8.9,0.0,1e-12,PASS
충북,cultural_facilities_supply,2024,구조환경지표_21개_검증본.csv,120,9.2,9.2,0.0,1e-12,PASS
강원,delivery_bed_supply,2018,구조환경지표_21개_검증본.csv,173,4.115221003569549,4.115221003569549,0.0,1e-12,PASS
강원,delivery_bed_supply,2019,구조환경지표_21개_검증본.csv,173,3.9409614778313617,3.9409614778313617,0.0,1e-12,PASS
강원,delivery_bed_supply,2020,구조환경지표_21개_검증본.csv,173,3.9537476342329727,3.9537476342329727,0.0,1e-12,PASS
강원,delivery_bed_supply,2021,구조환경지표_21개_검증본.csv,173,4.02992020757989,4.02992020757989,0.0,1e-12,PASS
강원,delivery_bed_supply,2022,구조환경지표_21개_검증본.csv,173,4.051420828403291,4.051420828403291,0.0,1e-12,PASS
강원,delivery_bed_supply,2023,구조환경지표_21개_검증본.csv,173,4.123557491227622,4.123557491227622,0.0,1e-12,PASS
강원,delivery_bed_supply,2024,구조환경지표_21개_검증본.csv,173,4.348496408537285,4.348496408537285,0.0,1e-12,PASS
경기,delivery_bed_supply,2018,구조환경지표_21개_검증본.csv,172,3.4793505895358114,3.4793505895358114,0.0,1e-12,PASS
경기,delivery_bed_supply,2019,구조환경지표_21개_검증본.csv,172,3.364888510027368,3.364888510027368,0.0,1e-12,PASS
경기,delivery_bed_supply,2020,구조환경지표_21개_검증본.csv,172,3.4408245943588054,3.4408245943588054,0.0,1e-12,PASS
경기,delivery_bed_supply,2021,구조환경지표_21개_검증본.csv,172,3.422297085610872,3.422297085610872,0.0,1e-12,PASS
경기,delivery_bed_supply,2022,구조환경지표_21개_검증본.csv,172,3.329793327638712,3.329793327638712,0.0,1e-12,PASS
경기,delivery_bed_supply,2023,구조환경지표_21개_검증본.csv,172,2.912517155056177,2.912517155056177,0.0,1e-12,PASS
경기,delivery_bed_supply,2024,구조환경지표_21개_검증본.csv,172,2.9610027539881347,2.9610027539881347,0.0,1e-12,PASS
경남,delivery_bed_supply,2018,구조환경지표_21개_검증본.csv,179,4.030838283953589,4.030838283953589,0.0,1e-12,PASS
경남,delivery_bed_supply,2019,구조환경지표_21개_검증본.csv,179,3.762022487080501,3.762022487080501,0.0,1e-12,PASS
경남,delivery_bed_supply,2020,구조환경지표_21개_검증본.csv,179,3.6749120416164702,3.6749120416164702,0.0,1e-12,PASS
경남,delivery_bed_supply,2021,구조환경지표_21개_검증본.csv,179,3.779211950577261,3.779211950577261,0.0,1e-12,PASS
경남,delivery_bed_supply,2022,구조환경지표_21개_검증본.csv,179,3.734194829862463,3.734194829862463,0.0,1e-12,PASS
경남,delivery_bed_supply,2023,구조환경지표_21개_검증본.csv,179,3.591028181343386,3.591028181343386,0.0,1e-12,PASS
경남,delivery_bed_supply,2024,구조환경지표_21개_검증본.csv,179,3.717034549836141,3.717034549836141,0.0,1e-12,PASS
경북,delivery_bed_supply,2018,구조환경지표_21개_검증본.csv,178,3.810475894817416,3.810475894817416,0.0,1e-12,PASS
경북,delivery_bed_supply,2019,구조환경지표_21개_검증본.csv,178,3.6011217494249457,3.6011217494249457,0.0,1e-12,PASS
경북,delivery_bed_supply,2020,구조환경지표_21개_검증본.csv,178,3.731877661093982,3.731877661093982,0.0,1e-12,PASS
경북,delivery_bed_supply,2021,구조환경지표_21개_검증본.csv,178,3.4740610422030835,3.4740610422030835,0.0,1e-12,PASS
경북,delivery_bed_supply,2022,구조환경지표_21개_검증본.csv,178,3.143635896591876,3.143635896591876,0.0,1e-12,PASS
경북,delivery_bed_supply,2023,구조환경지표_21개_검증본.csv,178,2.769813069915954,2.769813069915954,0.0,1e-12,PASS
경북,delivery_bed_supply,2024,구조환경지표_21개_검증본.csv,178,2.923302035566315,2.923302035566315,0.0,1e-12,PASS
광주,delivery_bed_supply,2018,구조환경지표_21개_검증본.csv,168,3.9058859645756714,3.905885964575672,4.440892098500626e-16,1e-12,PASS
광주,delivery_bed_supply,2019,구조환경지표_21개_검증본.csv,168,3.7762587300235912,3.7762587300235912,0.0,1e-12,PASS
광주,delivery_bed_supply,2020,구조환경지표_21개_검증본.csv,168,3.6550161303447712,3.6550161303447712,0.0,1e-12,PASS
광주,delivery_bed_supply,2021,구조환경지표_21개_검증본.csv,168,3.676442535469,3.676442535469,0.0,1e-12,PASS
광주,delivery_bed_supply,2022,구조환경지표_21개_검증본.csv,168,3.5463470878026624,3.5463470878026624,0.0,1e-12,PASS
광주,delivery_bed_supply,2023,구조환경지표_21개_검증본.csv,168,3.082642293006735,3.082642293006735,0.0,1e-12,PASS
광주,delivery_bed_supply,2024,구조환경지표_21개_검증본.csv,168,3.053062221408072,3.053062221408072,0.0,1e-12,PASS
대구,delivery_bed_supply,2018,구조환경지표_21개_검증본.csv,166,3.493422819119097,3.493422819119097,0.0,1e-12,PASS
대구,delivery_bed_supply,2019,구조환경지표_21개_검증본.csv,166,3.537690866112859,3.537690866112859,0.0,1e-12,PASS
대구,delivery_bed_supply,2020,구조환경지표_21개_검증본.csv,166,3.659525973537285,3.659525973537285,0.0,1e-12,PASS
대구,delivery_bed_supply,2021,구조환경지표_21개_검증본.csv,166,3.720531296061225,3.720531296061225,0.0,1e-12,PASS
대구,delivery_bed_supply,2022,구조환경지표_21개_검증본.csv,166,3.6066474001889417,3.6066474001889417,0.0,1e-12,PASS
대구,delivery_bed_supply,2023,구조환경지표_21개_검증본.csv,166,3.4105837572001207,3.4105837572001207,0.0,1e-12,PASS
대구,delivery_bed_supply,2024,구조환경지표_21개_검증본.csv,166,3.448087665196188,3.448087665196188,0.0,1e-12,PASS
대전,delivery_bed_supply,2018,구조환경지표_21개_검증본.csv,169,6.342554311057656,6.342554311057656,0.0,1e-12,PASS
대전,delivery_bed_supply,2019,구조환경지표_21개_검증본.csv,169,6.102232739156672,6.102232739156672,0.0,1e-12,PASS
대전,delivery_bed_supply,2020,구조환경지표_21개_검증본.csv,169,5.857712575193903,5.857712575193903,0.0,1e-12,PASS
대전,delivery_bed_supply,2021,구조환경지표_21개_검증본.csv,169,5.9218413345902325,5.9218413345902325,0.0,1e-12,PASS
대전,delivery_bed_supply,2022,구조환경지표_21개_검증본.csv,169,5.774262968925475,5.774262968925475,0.0,1e-12,PASS
대전,delivery_bed_supply,2023,구조환경지표_21개_검증본.csv,169,4.940314072233286,4.940314072233286,0.0,1e-12,PASS
대전,delivery_bed_supply,2024,구조환경지표_21개_검증본.csv,169,4.7423595896764565,4.7423595896764565,0.0,1e-12,PASS
부산,delivery_bed_supply,2018,구조환경지표_21개_검증본.csv,165,5.5354526126028745,5.5354526126028745,0.0,1e-12,PASS
부산,delivery_bed_supply,2019,구조환경지표_21개_검증본.csv,165,5.045636278901097,5.045636278901097,0.0,1e-12,PASS
부산,delivery_bed_supply,2020,구조환경지표_21개_검증본.csv,165,4.8644642338056086,4.8644642338056086,0.0,1e-12,PASS
부산,delivery_bed_supply,2021,구조환경지표_21개_검증본.csv,165,5.036742100896018,5.036742100896018,0.0,1e-12,PASS
부산,delivery_bed_supply,2022,구조환경지표_21개_검증본.csv,165,5.010832440174428,5.010832440174428,0.0,1e-12,PASS
부산,delivery_bed_supply,2023,구조환경지표_21개_검증본.csv,165,4.858257306667169,4.858257306667169,0.0,1e-12,PASS
부산,delivery_bed_supply,2024,구조환경지표_21개_검증본.csv,165,4.7603041451687655,4.7603041451687655,0.0,1e-12,PASS
서울,delivery_bed_supply,2018,구조환경지표_21개_검증본.csv,164,4.828160988807371,4.828160988807371,0.0,1e-12,PASS
서울,delivery_bed_supply,2019,구조환경지표_21개_검증본.csv,164,4.825725526505156,4.825725526505156,0.0,1e-12,PASS
서울,delivery_bed_supply,2020,구조환경지표_21개_검증본.csv,164,4.84306454023467,4.84306454023467,0.0,1e-12,PASS
서울,delivery_bed_supply,2021,구조환경지표_21개_검증본.csv,164,4.65589100871995,4.65589100871995,0.0,1e-12,PASS
서울,delivery_bed_supply,2022,구조환경지표_21개_검증본.csv,164,4.149708984753677,4.149708984753677,0.0,1e-12,PASS
서울,delivery_bed_supply,2023,구조환경지표_21개_검증본.csv,164,3.768897491741453,3.768897491741453,0.0,1e-12,PASS
서울,delivery_bed_supply,2024,구조환경지표_21개_검증본.csv,164,3.7291728908848296,3.7291728908848296,0.0,1e-12,PASS
세종,delivery_bed_supply,2018,구조환경지표_21개_검증본.csv,171,2.546748756868263,2.546748756868263,0.0,1e-12,PASS
세종,delivery_bed_supply,2019,구조환경지표_21개_검증본.csv,171,2.202158114952654,2.202158114952654,0.0,1e-12,PASS
세종,delivery_bed_supply,2020,구조환경지표_21개_검증본.csv,171,2.66980673409568,2.66980673409568,0.0,1e-12,PASS
세종,delivery_bed_supply,2021,구조환경지표_21개_검증본.csv,171,3.764503421664717,3.764503421664717,0.0,1e-12,PASS
세종,delivery_bed_supply,2022,구조환경지표_21개_검증본.csv,171,3.6497206660218815,3.6497206660218815,0.0,1e-12,PASS
세종,delivery_bed_supply,2023,구조환경지표_21개_검증본.csv,171,3.622016687148309,3.622016687148309,0.0,1e-12,PASS
세종,delivery_bed_supply,2024,구조환경지표_21개_검증본.csv,171,3.583449582144183,3.583449582144183,0.0,1e-12,PASS
울산,delivery_bed_supply,2018,구조환경지표_21개_검증본.csv,170,4.067070316184431,4.067070316184431,0.0,1e-12,PASS
울산,delivery_bed_supply,2019,구조환경지표_21개_검증본.csv,170,4.006902324787308,4.006902324787308,0.0,1e-12,PASS
울산,delivery_bed_supply,2020,구조환경지표_21개_검증본.csv,170,4.04923517869891,4.04923517869891,0.0,1e-12,PASS
울산,delivery_bed_supply,2021,구조환경지표_21개_검증본.csv,170,4.101313133474561,4.101313133474561,0.0,1e-12,PASS
울산,delivery_bed_supply,2022,구조환경지표_21개_검증본.csv,170,4.096652179824123,4.096652179824123,0.0,1e-12,PASS
울산,delivery_bed_supply,2023,구조환경지표_21개_검증본.csv,170,3.986731432930945,3.986731432930945,0.0,1e-12,PASS
울산,delivery_bed_supply,2024,구조환경지표_21개_검증본.csv,170,3.528986411353228,3.528986411353228,0.0,1e-12,PASS
인천,delivery_bed_supply,2018,구조환경지표_21개_검증본.csv,167,3.587575076777491,3.587575076777491,0.0,1e-12,PASS
인천,delivery_bed_supply,2019,구조환경지표_21개_검증본.csv,167,3.7030448836094094,3.7030448836094094,0.0,1e-12,PASS
인천,delivery_bed_supply,2020,구조환경지표_21개_검증본.csv,167,3.36411098440004,3.36411098440004,0.0,1e-12,PASS
인천,delivery_bed_supply,2021,구조환경지표_21개_검증본.csv,167,3.3493025819307243,3.3493025819307243,0.0,1e-12,PASS
인천,delivery_bed_supply,2022,구조환경지표_21개_검증본.csv,167,3.2773747571035625,3.2773747571035625,0.0,1e-12,PASS
인천,delivery_bed_supply,2023,구조환경지표_21개_검증본.csv,167,3.2194461218185038,3.219446121818504,4.440892098500626e-16,1e-12,PASS
인천,delivery_bed_supply,2024,구조환경지표_21개_검증본.csv,167,3.1529190568717085,3.1529190568717085,0.0,1e-12,PASS
전국,delivery_bed_supply,2018,구조환경지표_21개_검증본.csv,163,4.148492170705089,4.148492170705089,0.0,1e-12,PASS
전국,delivery_bed_supply,2019,구조환경지표_21개_검증본.csv,163,4.01881501668828,4.01881501668828,0.0,1e-12,PASS
전국,delivery_bed_supply,2020,구조환경지표_21개_검증본.csv,163,3.9832894399726575,3.9832894399726575,0.0,1e-12,PASS
전국,delivery_bed_supply,2021,구조환경지표_21개_검증본.csv,163,3.951485403158698,3.951485403158698,0.0,1e-12,PASS
전국,delivery_bed_supply,2022,구조환경지표_21개_검증본.csv,163,3.753958229156618,3.753958229156618,0.0,1e-12,PASS
전국,delivery_bed_supply,2023,구조환경지표_21개_검증본.csv,163,3.41887725649065,3.41887725649065,0.0,1e-12,PASS
전국,delivery_bed_supply,2024,구조환경지표_21개_검증본.csv,163,3.4348798424654867,3.4348798424654867,0.0,1e-12,PASS
전남,delivery_bed_supply,2018,구조환경지표_21개_검증본.csv,177,2.575718147394807,2.575718147394807,0.0,1e-12,PASS
전남,delivery_bed_supply,2019,구조환경지표_21개_검증본.csv,177,2.5418128209038686,2.5418128209038686,0.0,1e-12,PASS
전남,delivery_bed_supply,2020,구조환경지표_21개_검증본.csv,177,2.362886426446181,2.362886426446181,0.0,1e-12,PASS
전남,delivery_bed_supply,2021,구조환경지표_21개_검증본.csv,177,2.3188525989972737,2.3188525989972737,0.0,1e-12,PASS
전남,delivery_bed_supply,2022,구조환경지표_21개_검증본.csv,177,2.2005867864666118,2.200586786466612,4.440892098500626e-16,1e-12,PASS
전남,delivery_bed_supply,2023,구조환경지표_21개_검증본.csv,177,1.884473985113764,1.884473985113764,0.0,1e-12,PASS
전남,delivery_bed_supply,2024,구조환경지표_21개_검증본.csv,177,2.2361122058743788,2.2361122058743788,0.0,1e-12,PASS
전북,delivery_bed_supply,2018,구조환경지표_21개_검증본.csv,176,4.845298862389157,4.845298862389157,0.0,1e-12,PASS
전북,delivery_bed_supply,2019,구조환경지표_21개_검증본.csv,176,4.714343755102624,4.714343755102624,0.0,1e-12,PASS
전북,delivery_bed_supply,2020,구조환경지표_21개_검증본.csv,176,4.697622753455455,4.697622753455455,0.0,1e-12,PASS
전북,delivery_bed_supply,2021,구조환경지표_21개_검증본.csv,176,4.533104253003182,4.533104253003182,0.0,1e-12,PASS
전북,delivery_bed_supply,2022,구조환경지표_21개_검증본.csv,176,4.068699999491413,4.068699999491413,0.0,1e-12,PASS
전북,delivery_bed_supply,2023,구조환경지표_21개_검증본.csv,176,3.7042165952322734,3.7042165952322734,0.0,1e-12,PASS
전북,delivery_bed_supply,2024,구조환경지표_21개_검증본.csv,176,3.738446761642386,3.738446761642386,0.0,1e-12,PASS
제주,delivery_bed_supply,2018,구조환경지표_21개_검증본.csv,180,3.5222297662888136,3.5222297662888136,0.0,1e-12,PASS
제주,delivery_bed_supply,2019,구조환경지표_21개_검증본.csv,180,3.278742274463516,3.278742274463516,0.0,1e-12,PASS
제주,delivery_bed_supply,2020,구조환경지표_21개_검증본.csv,180,3.261022627050183,3.261022627050183,0.0,1e-12,PASS
제주,delivery_bed_supply,2021,구조환경지표_21개_검증본.csv,180,3.250787946669346,3.250787946669346,0.0,1e-12,PASS
제주,delivery_bed_supply,2022,구조환경지표_21개_검증본.csv,180,3.1703479567476065,3.1703479567476065,0.0,1e-12,PASS
제주,delivery_bed_supply,2023,구조환경지표_21개_검증본.csv,180,2.9988804179772885,2.9988804179772885,0.0,1e-12,PASS
제주,delivery_bed_supply,2024,구조환경지표_21개_검증본.csv,180,3.02072891307461,3.02072891307461,0.0,1e-12,PASS
충남,delivery_bed_supply,2018,구조환경지표_21개_검증본.csv,175,4.891166834878911,4.891166834878911,0.0,1e-12,PASS
충남,delivery_bed_supply,2019,구조환경지표_21개_검증본.csv,175,4.555708903620976,4.555708903620976,0.0,1e-12,PASS
충남,delivery_bed_supply,2020,구조환경지표_21개_검증본.csv,175,4.32573057699824,4.32573057699824,0.0,1e-12,PASS
충남,delivery_bed_supply,2021,구조환경지표_21개_검증본.csv,175,4.329347502450151,4.329347502450151,0.0,1e-12,PASS
충남,delivery_bed_supply,2022,구조환경지표_21개_검증본.csv,175,4.015474059095531,4.015474059095531,0.0,1e-12,PASS
충남,delivery_bed_supply,2023,구조환경지표_21개_검증본.csv,175,3.509193617821352,3.509193617821352,0.0,1e-12,PASS
충남,delivery_bed_supply,2024,구조환경지표_21개_검증본.csv,175,3.521993621564243,3.521993621564243,0.0,1e-12,PASS
충북,delivery_bed_supply,2018,구조환경지표_21개_검증본.csv,174,4.25198780429851,4.25198780429851,0.0,1e-12,PASS
충북,delivery_bed_supply,2019,구조환경지표_21개_검증본.csv,174,4.187481679767651,4.187481679767651,0.0,1e-12,PASS
충북,delivery_bed_supply,2020,구조환경지표_21개_검증본.csv,174,3.935441272284436,3.935441272284436,0.0,1e-12,PASS
충북,delivery_bed_supply,2021,구조환경지표_21개_검증본.csv,174,3.9125418563727794,3.9125418563727794,0.0,1e-12,PASS
충북,delivery_bed_supply,2022,구조환경지표_21개_검증본.csv,174,3.7302718772608894,3.7302718772608894,0.0,1e-12,PASS
충북,delivery_bed_supply,2023,구조환경지표_21개_검증본.csv,174,3.075051977791849,3.075051977791849,0.0,1e-12,PASS
충북,delivery_bed_supply,2024,구조환경지표_21개_검증본.csv,174,3.079481415329658,3.079481415329658,0.0,1e-12,PASS
강원,family_friendly_certification_rate,2018,구조환경지표_21개_검증본.csv,316,0.1292391251002012,0.1292391251002012,0.0,1e-12,PASS
강원,family_friendly_certification_rate,2022,구조환경지표_21개_검증본.csv,316,0.2465617445043949,0.2465617445043949,0.0,1e-12,PASS
강원,family_friendly_certification_rate,2023,구조환경지표_21개_검증본.csv,316,0.2765224536232342,0.2765224536232342,0.0,1e-12,PASS
강원,family_friendly_certification_rate,2024,구조환경지표_21개_검증본.csv,316,0.3133456772539524,0.3133456772539524,0.0,1e-12,PASS
경기,family_friendly_certification_rate,2018,구조환경지표_21개_검증본.csv,315,0.1019195848515311,0.1019195848515311,0.0,1e-12,PASS
경기,family_friendly_certification_rate,2022,구조환경지표_21개_검증본.csv,315,0.1756117384110766,0.1756117384110766,0.0,1e-12,PASS
경기,family_friendly_certification_rate,2023,구조환경지표_21개_검증본.csv,315,0.1931004751169829,0.1931004751169829,0.0,1e-12,PASS
경기,family_friendly_certification_rate,2024,구조환경지표_21개_검증본.csv,315,0.2231306698806169,0.2231306698806169,0.0,1e-12,PASS
경남,family_friendly_certification_rate,2018,구조환경지표_21개_검증본.csv,322,0.1231330156394921,0.1231330156394921,0.0,1e-12,PASS
경남,family_friendly_certification_rate,2022,구조환경지표_21개_검증본.csv,322,0.1569723179317327,0.1569723179317327,0.0,1e-12,PASS
경남,family_friendly_certification_rate,2023,구조환경지표_21개_검증본.csv,322,0.1603614848051568,0.1603614848051568,0.0,1e-12,PASS
경남,family_friendly_certification_rate,2024,구조환경지표_21개_검증본.csv,322,0.1675723553491489,0.1675723553491489,0.0,1e-12,PASS
경북,family_friendly_certification_rate,2018,구조환경지표_21개_검증본.csv,321,0.1127326391735672,0.1127326391735672,0.0,1e-12,PASS
경북,family_friendly_certification_rate,2022,구조환경지표_21개_검증본.csv,321,0.246055578431471,0.246055578431471,0.0,1e-12,PASS
경북,family_friendly_certification_rate,2023,구조환경지표_21개_검증본.csv,321,0.2756206494185813,0.2756206494185813,0.0,1e-12,PASS
경북,family_friendly_certification_rate,2024,구조환경지표_21개_검증본.csv,321,0.3062197075703189,0.3062197075703189,0.0,1e-12,PASS
광주,family_friendly_certification_rate,2018,구조환경지표_21개_검증본.csv,311,0.0989674397123346,0.0989674397123346,0.0,1e-12,PASS
광주,family_friendly_certification_rate,2022,구조환경지표_21개_검증본.csv,311,0.2058943642798802,0.2058943642798802,0.0,1e-12,PASS
광주,family_friendly_certification_rate,2023,구조환경지표_21개_검증본.csv,311,0.2189805612640231,0.2189805612640231,0.0,1e-12,PASS
광주,family_friendly_certification_rate,2024,구조환경지표_21개_검증본.csv,311,0.2751977984176126,0.2751977984176126,0.0,1e-12,PASS
대구,family_friendly_certification_rate,2018,구조환경지표_21개_검증본.csv,309,0.0999179620942804,0.0999179620942804,0.0,1e-12,PASS
대구,family_friendly_certification_rate,2022,구조환경지표_21개_검증본.csv,309,0.2028962887816189,0.2028962887816189,0.0,1e-12,PASS
대구,family_friendly_certification_rate,2023,구조환경지표_21개_검증본.csv,309,0.2274491793239948,0.2274491793239948,0.0,1e-12,PASS
대구,family_friendly_certification_rate,2024,구조환경지표_21개_검증본.csv,309,0.3036781231157156,0.3036781231157156,0.0,1e-12,PASS
대전,family_friendly_certification_rate,2018,구조환경지표_21개_검증본.csv,312,0.5483813904121705,0.5483813904121705,0.0,1e-12,PASS
대전,family_friendly_certification_rate,2022,구조환경지표_21개_검증본.csv,312,0.5473473330232891,0.5473473330232891,0.0,1e-12,PASS
대전,family_friendly_certification_rate,2023,구조환경지표_21개_검증본.csv,312,0.5408872631451208,0.5408872631451208,0.0,1e-12,PASS
대전,family_friendly_certification_rate,2024,구조환경지표_21개_검증본.csv,312,0.5830191314062282,0.5830191314062282,0.0,1e-12,PASS
부산,family_friendly_certification_rate,2018,구조환경지표_21개_검증본.csv,308,0.1390000421212248,0.1390000421212248,0.0,1e-12,PASS
부산,family_friendly_certification_rate,2022,구조환경지표_21개_검증본.csv,308,0.2285565496640363,0.2285565496640363,0.0,1e-12,PASS
부산,family_friendly_certification_rate,2023,구조환경지표_21개_검증본.csv,308,0.2555878157740401,0.2555878157740401,0.0,1e-12,PASS
부산,family_friendly_certification_rate,2024,구조환경지표_21개_검증본.csv,308,0.2633125149609383,0.2633125149609383,0.0,1e-12,PASS
서울,family_friendly_certification_rate,2018,구조환경지표_21개_검증본.csv,307,0.2011324532458263,0.2011324532458263,0.0,1e-12,PASS
서울,family_friendly_certification_rate,2022,구조환경지표_21개_검증본.csv,307,0.348027055202654,0.348027055202654,0.0,1e-12,PASS
서울,family_friendly_certification_rate,2023,구조환경지표_21개_검증본.csv,307,0.3838413869764614,0.3838413869764614,0.0,1e-12,PASS
서울,family_friendly_certification_rate,2024,구조환경지표_21개_검증본.csv,307,0.4289250377630676,0.4289250377630676,0.0,1e-12,PASS
세종,family_friendly_certification_rate,2018,구조환경지표_21개_검증본.csv,314,0.8422234699606962,0.8422234699606962,0.0,1e-12,PASS
세종,family_friendly_certification_rate,2022,구조환경지표_21개_검증본.csv,314,0.7273017902813299,0.7273017902813299,0.0,1e-12,PASS
세종,family_friendly_certification_rate,2023,구조환경지표_21개_검증본.csv,314,0.7546289092889372,0.7546289092889372,0.0,1e-12,PASS
세종,family_friendly_certification_rate,2024,구조환경지표_21개_검증본.csv,314,0.7571660356949702,0.7571660356949702,0.0,1e-12,PASS
울산,family_friendly_certification_rate,2018,구조환경지표_21개_검증본.csv,313,0.1052631578947368,0.1052631578947368,0.0,1e-12,PASS
울산,family_friendly_certification_rate,2022,구조환경지표_21개_검증본.csv,313,0.1744001691153155,0.1744001691153155,0.0,1e-12,PASS
울산,family_friendly_certification_rate,2023,구조환경지표_21개_검증본.csv,313,0.1757330955253633,0.1757330955253633,0.0,1e-12,PASS
울산,family_friendly_certification_rate,2024,구조환경지표_21개_검증본.csv,313,0.195959007494108,0.195959007494108,0.0,1e-12,PASS
인천,family_friendly_certification_rate,2018,구조환경지표_21개_검증본.csv,310,0.11790535046349,0.11790535046349,0.0,1e-12,PASS
인천,family_friendly_certification_rate,2022,구조환경지표_21개_검증본.csv,310,0.2061855670103093,0.2061855670103093,0.0,1e-12,PASS
인천,family_friendly_certification_rate,2023,구조환경지표_21개_검증본.csv,310,0.2267379271580592,0.2267379271580592,0.0,1e-12,PASS
인천,family_friendly_certification_rate,2024,구조환경지표_21개_검증본.csv,310,0.2657591342752806,0.2657591342752806,0.0,1e-12,PASS
전국,family_friendly_certification_rate,2018,구조환경지표_21개_검증본.csv,306,0.1639584940648799,0.1639584940648799,0.0,1e-12,PASS
전국,family_friendly_certification_rate,2022,구조환경지표_21개_검증본.csv,306,0.2578626684857533,0.2578626684857533,0.0,1e-12,PASS
전국,family_friendly_certification_rate,2023,구조환경지표_21개_검증본.csv,306,0.2782079099342486,0.2782079099342486,0.0,1e-12,PASS
전국,family_friendly_certification_rate,2024,구조환경지표_21개_검증본.csv,306,0.3126227677352022,0.3126227677352022,0.0,1e-12,PASS
전남,family_friendly_certification_rate,2018,구조환경지표_21개_검증본.csv,320,0.1604569342420986,0.1604569342420986,0.0,1e-12,PASS
전남,family_friendly_certification_rate,2022,구조환경지표_21개_검증본.csv,320,0.2917649686596959,0.2917649686596959,0.0,1e-12,PASS
전남,family_friendly_certification_rate,2023,구조환경지표_21개_검증본.csv,320,0.316529094754076,0.316529094754076,0.0,1e-12,PASS
전남,family_friendly_certification_rate,2024,구조환경지표_21개_검증본.csv,320,0.3467569247772328,0.3467569247772328,0.0,1e-12,PASS
전북,family_friendly_certification_rate,2018,구조환경지표_21개_검증본.csv,319,0.1499610101373643,0.1499610101373643,0.0,1e-12,PASS
전북,family_friendly_certification_rate,2022,구조환경지표_21개_검증본.csv,319,0.2273293929571887,0.2273293929571887,0.0,1e-12,PASS
전북,family_friendly_certification_rate,2023,구조환경지표_21개_검증본.csv,319,0.2325984570487445,0.2325984570487445,0.0,1e-12,PASS
전북,family_friendly_certification_rate,2024,구조환경지표_21개_검증본.csv,319,0.2539507480663465,0.2539507480663465,0.0,1e-12,PASS
제주,family_friendly_certification_rate,2018,구조환경지표_21개_검증본.csv,323,0.1835370710253835,0.1835370710253835,0.0,1e-12,PASS
제주,family_friendly_certification_rate,2022,구조환경지표_21개_검증본.csv,323,0.3381039915966387,0.3381039915966387,0.0,1e-12,PASS
제주,family_friendly_certification_rate,2023,구조환경지표_21개_검증본.csv,323,0.3499395558948908,0.3499395558948908,0.0,1e-12,PASS
제주,family_friendly_certification_rate,2024,구조환경지표_21개_검증본.csv,323,0.3540171108270233,0.3540171108270233,0.0,1e-12,PASS
충남,family_friendly_certification_rate,2018,구조환경지표_21개_검증본.csv,318,0.2503384678263979,0.2503384678263979,0.0,1e-12,PASS
충남,family_friendly_certification_rate,2022,구조환경지표_21개_검증본.csv,318,0.2917132270775745,0.2917132270775745,0.0,1e-12,PASS
충남,family_friendly_certification_rate,2023,구조환경지표_21개_검증본.csv,318,0.2859590627026026,0.2859590627026026,0.0,1e-12,PASS
충남,family_friendly_certification_rate,2024,구조환경지표_21개_검증본.csv,318,0.3039722869039562,0.3039722869039562,0.0,1e-12,PASS
충북,family_friendly_certification_rate,2018,구조환경지표_21개_검증본.csv,317,0.3900761970876514,0.3900761970876514,0.0,1e-12,PASS
충북,family_friendly_certification_rate,2022,구조환경지표_21개_검증본.csv,317,0.4602439137778742,0.4602439137778742,0.0,1e-12,PASS
충북,family_friendly_certification_rate,2023,구조환경지표_21개_검증본.csv,317,0.4593639575971731,0.4593639575971731,0.0,1e-12,PASS
충북,family_friendly_certification_rate,2024,구조환경지표_21개_검증본.csv,317,0.5553248111741812,0.5553248111741812,0.0,1e-12,PASS
강원,household_chore_equal_participation,2020,가족실태조사_가사노동_공동_참여도_2020_2023.csv,11,27.1,27.1,0.0,1e-12,PASS
강원,household_chore_equal_participation,2023,가족실태조사_가사노동_공동_참여도_2020_2023.csv,11,28.4,28.4,0.0,1e-12,PASS
경기,household_chore_equal_participation,2020,가족실태조사_가사노동_공동_참여도_2020_2023.csv,10,30.9,30.9,0.0,1e-12,PASS
경기,household_chore_equal_participation,2023,가족실태조사_가사노동_공동_참여도_2020_2023.csv,10,25.6,25.6,0.0,1e-12,PASS
경남,household_chore_equal_participation,2020,가족실태조사_가사노동_공동_참여도_2020_2023.csv,17,25.0,25.0,0.0,1e-12,PASS
경남,household_chore_equal_participation,2023,가족실태조사_가사노동_공동_참여도_2020_2023.csv,17,19.2,19.2,0.0,1e-12,PASS
경북,household_chore_equal_participation,2020,가족실태조사_가사노동_공동_참여도_2020_2023.csv,16,25.8,25.8,0.0,1e-12,PASS
경북,household_chore_equal_participation,2023,가족실태조사_가사노동_공동_참여도_2020_2023.csv,16,30.4,30.4,0.0,1e-12,PASS
광주,household_chore_equal_participation,2020,가족실태조사_가사노동_공동_참여도_2020_2023.csv,6,28.2,28.2,0.0,1e-12,PASS
광주,household_chore_equal_participation,2023,가족실태조사_가사노동_공동_참여도_2020_2023.csv,6,32.1,32.1,0.0,1e-12,PASS
대구,household_chore_equal_participation,2020,가족실태조사_가사노동_공동_참여도_2020_2023.csv,4,20.3,20.3,0.0,1e-12,PASS
대구,household_chore_equal_participation,2023,가족실태조사_가사노동_공동_참여도_2020_2023.csv,4,24.4,24.4,0.0,1e-12,PASS
대전,household_chore_equal_participation,2020,가족실태조사_가사노동_공동_참여도_2020_2023.csv,7,24.7,24.7,0.0,1e-12,PASS
대전,household_chore_equal_participation,2023,가족실태조사_가사노동_공동_참여도_2020_2023.csv,7,36.6,36.6,0.0,1e-12,PASS
부산,household_chore_equal_participation,2020,가족실태조사_가사노동_공동_참여도_2020_2023.csv,3,22.4,22.4,0.0,1e-12,PASS
부산,household_chore_equal_participation,2023,가족실태조사_가사노동_공동_참여도_2020_2023.csv,3,20.1,20.1,0.0,1e-12,PASS
서울,household_chore_equal_participation,2020,가족실태조사_가사노동_공동_참여도_2020_2023.csv,2,27.9,27.9,0.0,1e-12,PASS
서울,household_chore_equal_participation,2023,가족실태조사_가사노동_공동_참여도_2020_2023.csv,2,23.6,23.6,0.0,1e-12,PASS
세종,household_chore_equal_participation,2020,가족실태조사_가사노동_공동_참여도_2020_2023.csv,9,27.5,27.5,0.0,1e-12,PASS
세종,household_chore_equal_participation,2023,가족실태조사_가사노동_공동_참여도_2020_2023.csv,9,27.3,27.3,0.0,1e-12,PASS
울산,household_chore_equal_participation,2020,가족실태조사_가사노동_공동_참여도_2020_2023.csv,8,21.0,21.0,0.0,1e-12,PASS
울산,household_chore_equal_participation,2023,가족실태조사_가사노동_공동_참여도_2020_2023.csv,8,30.7,30.7,0.0,1e-12,PASS
인천,household_chore_equal_participation,2020,가족실태조사_가사노동_공동_참여도_2020_2023.csv,5,26.9,26.9,0.0,1e-12,PASS
인천,household_chore_equal_participation,2023,가족실태조사_가사노동_공동_참여도_2020_2023.csv,5,22.3,22.3,0.0,1e-12,PASS
전국,household_chore_equal_participation,2020,가족실태조사_가사노동_공동_참여도_2020_2023.csv,1,26.6,26.6,0.0,1e-12,PASS
전국,household_chore_equal_participation,2023,가족실태조사_가사노동_공동_참여도_2020_2023.csv,1,25.3,25.3,0.0,1e-12,PASS
전남,household_chore_equal_participation,2020,가족실태조사_가사노동_공동_참여도_2020_2023.csv,15,21.2,21.2,0.0,1e-12,PASS
전남,household_chore_equal_participation,2023,가족실태조사_가사노동_공동_참여도_2020_2023.csv,15,24.2,24.2,0.0,1e-12,PASS
전북,household_chore_equal_participation,2020,가족실태조사_가사노동_공동_참여도_2020_2023.csv,14,23.1,23.1,0.0,1e-12,PASS
전북,household_chore_equal_participation,2023,가족실태조사_가사노동_공동_참여도_2020_2023.csv,14,29.7,29.7,0.0,1e-12,PASS
제주,household_chore_equal_participation,2020,가족실태조사_가사노동_공동_참여도_2020_2023.csv,18,27.3,27.3,0.0,1e-12,PASS
제주,household_chore_equal_participation,2023,가족실태조사_가사노동_공동_참여도_2020_2023.csv,18,30.6,30.6,0.0,1e-12,PASS
충남,household_chore_equal_participation,2020,가족실태조사_가사노동_공동_참여도_2020_2023.csv,13,24.8,24.8,0.0,1e-12,PASS
충남,household_chore_equal_participation,2023,가족실태조사_가사노동_공동_참여도_2020_2023.csv,13,25.4,25.4,0.0,1e-12,PASS
충북,household_chore_equal_participation,2020,가족실태조사_가사노동_공동_참여도_2020_2023.csv,12,23.5,23.5,0.0,1e-12,PASS
충북,household_chore_equal_participation,2023,가족실태조사_가사노동_공동_참여도_2020_2023.csv,12,23.7,23.7,0.0,1e-12,PASS
강원,household_own_occupancy_rate,2016,전체_가구_자가점유비율_2016-2024.csv,11,61.4,61.4,0.0,1e-12,PASS
강원,household_own_occupancy_rate,2017,전체_가구_자가점유비율_2016-2024.csv,11,64.1,64.1,0.0,1e-12,PASS
강원,household_own_occupancy_rate,2018,전체_가구_자가점유비율_2016-2024.csv,11,64.2,64.2,0.0,1e-12,PASS
강원,household_own_occupancy_rate,2019,전체_가구_자가점유비율_2016-2024.csv,11,64.6,64.6,0.0,1e-12,PASS
강원,household_own_occupancy_rate,2020,전체_가구_자가점유비율_2016-2024.csv,11,65.6,65.6,0.0,1e-12,PASS
강원,household_own_occupancy_rate,2021,전체_가구_자가점유비율_2016-2024.csv,11,61.8,61.8,0.0,1e-12,PASS
강원,household_own_occupancy_rate,2022,전체_가구_자가점유비율_2016-2024.csv,11,62.2,62.2,0.0,1e-12,PASS
강원,household_own_occupancy_rate,2023,전체_가구_자가점유비율_2016-2024.csv,11,62.5,62.5,0.0,1e-12,PASS
강원,household_own_occupancy_rate,2024,전체_가구_자가점유비율_2016-2024.csv,11,63.2,63.2,0.0,1e-12,PASS
경기,household_own_occupancy_rate,2016,전체_가구_자가점유비율_2016-2024.csv,10,52.7,52.7,0.0,1e-12,PASS
경기,household_own_occupancy_rate,2017,전체_가구_자가점유비율_2016-2024.csv,10,53.0,53.0,0.0,1e-12,PASS
경기,household_own_occupancy_rate,2018,전체_가구_자가점유비율_2016-2024.csv,10,53.0,53.0,0.0,1e-12,PASS
경기,household_own_occupancy_rate,2019,전체_가구_자가점유비율_2016-2024.csv,10,53.5,53.5,0.0,1e-12,PASS
경기,household_own_occupancy_rate,2020,전체_가구_자가점유비율_2016-2024.csv,10,53.7,53.7,0.0,1e-12,PASS
경기,household_own_occupancy_rate,2021,전체_가구_자가점유비율_2016-2024.csv,10,55.3,55.3,0.0,1e-12,PASS
경기,household_own_occupancy_rate,2022,전체_가구_자가점유비율_2016-2024.csv,10,55.9,55.9,0.0,1e-12,PASS
경기,household_own_occupancy_rate,2023,전체_가구_자가점유비율_2016-2024.csv,10,56.0,56.0,0.0,1e-12,PASS
경기,household_own_occupancy_rate,2024,전체_가구_자가점유비율_2016-2024.csv,10,57.2,57.2,0.0,1e-12,PASS
경남,household_own_occupancy_rate,2016,전체_가구_자가점유비율_2016-2024.csv,17,66.8,66.8,0.0,1e-12,PASS
경남,household_own_occupancy_rate,2017,전체_가구_자가점유비율_2016-2024.csv,17,67.8,67.8,0.0,1e-12,PASS
경남,household_own_occupancy_rate,2018,전체_가구_자가점유비율_2016-2024.csv,17,68.0,68.0,0.0,1e-12,PASS
경남,household_own_occupancy_rate,2019,전체_가구_자가점유비율_2016-2024.csv,17,68.6,68.6,0.0,1e-12,PASS
경남,household_own_occupancy_rate,2020,전체_가구_자가점유비율_2016-2024.csv,17,68.8,68.8,0.0,1e-12,PASS
경남,household_own_occupancy_rate,2021,전체_가구_자가점유비율_2016-2024.csv,17,66.4,66.4,0.0,1e-12,PASS
경남,household_own_occupancy_rate,2022,전체_가구_자가점유비율_2016-2024.csv,17,66.1,66.1,0.0,1e-12,PASS
경남,household_own_occupancy_rate,2023,전체_가구_자가점유비율_2016-2024.csv,17,65.8,65.8,0.0,1e-12,PASS
경남,household_own_occupancy_rate,2024,전체_가구_자가점유비율_2016-2024.csv,17,66.8,66.8,0.0,1e-12,PASS
경북,household_own_occupancy_rate,2016,전체_가구_자가점유비율_2016-2024.csv,16,69.3,69.3,0.0,1e-12,PASS
경북,household_own_occupancy_rate,2017,전체_가구_자가점유비율_2016-2024.csv,16,70.9,70.9,0.0,1e-12,PASS
경북,household_own_occupancy_rate,2018,전체_가구_자가점유비율_2016-2024.csv,16,70.8,70.8,0.0,1e-12,PASS
경북,household_own_occupancy_rate,2019,전체_가구_자가점유비율_2016-2024.csv,16,71.7,71.7,0.0,1e-12,PASS
경북,household_own_occupancy_rate,2020,전체_가구_자가점유비율_2016-2024.csv,16,71.9,71.9,0.0,1e-12,PASS
경북,household_own_occupancy_rate,2021,전체_가구_자가점유비율_2016-2024.csv,16,69.0,69.0,0.0,1e-12,PASS
경북,household_own_occupancy_rate,2022,전체_가구_자가점유비율_2016-2024.csv,16,68.7,68.7,0.0,1e-12,PASS
경북,household_own_occupancy_rate,2023,전체_가구_자가점유비율_2016-2024.csv,16,68.4,68.4,0.0,1e-12,PASS
경북,household_own_occupancy_rate,2024,전체_가구_자가점유비율_2016-2024.csv,16,69.5,69.5,0.0,1e-12,PASS
광주,household_own_occupancy_rate,2016,전체_가구_자가점유비율_2016-2024.csv,6,61.8,61.8,0.0,1e-12,PASS
광주,household_own_occupancy_rate,2017,전체_가구_자가점유비율_2016-2024.csv,6,62.5,62.5,0.0,1e-12,PASS
광주,household_own_occupancy_rate,2018,전체_가구_자가점유비율_2016-2024.csv,6,62.4,62.4,0.0,1e-12,PASS
광주,household_own_occupancy_rate,2019,전체_가구_자가점유비율_2016-2024.csv,6,63.1,63.1,0.0,1e-12,PASS
광주,household_own_occupancy_rate,2020,전체_가구_자가점유비율_2016-2024.csv,6,62.9,62.9,0.0,1e-12,PASS
광주,household_own_occupancy_rate,2021,전체_가구_자가점유비율_2016-2024.csv,6,61.1,61.1,0.0,1e-12,PASS
광주,household_own_occupancy_rate,2022,전체_가구_자가점유비율_2016-2024.csv,6,61.2,61.2,0.0,1e-12,PASS
광주,household_own_occupancy_rate,2023,전체_가구_자가점유비율_2016-2024.csv,6,61.2,61.2,0.0,1e-12,PASS
광주,household_own_occupancy_rate,2024,전체_가구_자가점유비율_2016-2024.csv,6,62.5,62.5,0.0,1e-12,PASS
대구,household_own_occupancy_rate,2016,전체_가구_자가점유비율_2016-2024.csv,4,59.3,59.3,0.0,1e-12,PASS
대구,household_own_occupancy_rate,2017,전체_가구_자가점유비율_2016-2024.csv,4,59.4,59.4,0.0,1e-12,PASS
대구,household_own_occupancy_rate,2018,전체_가구_자가점유비율_2016-2024.csv,4,59.4,59.4,0.0,1e-12,PASS
대구,household_own_occupancy_rate,2019,전체_가구_자가점유비율_2016-2024.csv,4,59.8,59.8,0.0,1e-12,PASS
대구,household_own_occupancy_rate,2020,전체_가구_자가점유비율_2016-2024.csv,4,59.2,59.2,0.0,1e-12,PASS
대구,household_own_occupancy_rate,2021,전체_가구_자가점유비율_2016-2024.csv,4,58.4,58.4,0.0,1e-12,PASS
대구,household_own_occupancy_rate,2022,전체_가구_자가점유비율_2016-2024.csv,4,58.5,58.5,0.0,1e-12,PASS
대구,household_own_occupancy_rate,2023,전체_가구_자가점유비율_2016-2024.csv,4,58.8,58.8,0.0,1e-12,PASS
대구,household_own_occupancy_rate,2024,전체_가구_자가점유비율_2016-2024.csv,4,60.2,60.2,0.0,1e-12,PASS
대전,household_own_occupancy_rate,2016,전체_가구_자가점유비율_2016-2024.csv,7,53.7,53.7,0.0,1e-12,PASS
대전,household_own_occupancy_rate,2017,전체_가구_자가점유비율_2016-2024.csv,7,53.9,53.9,0.0,1e-12,PASS
대전,household_own_occupancy_rate,2018,전체_가구_자가점유비율_2016-2024.csv,7,53.4,53.4,0.0,1e-12,PASS
대전,household_own_occupancy_rate,2019,전체_가구_자가점유비율_2016-2024.csv,7,53.8,53.8,0.0,1e-12,PASS
대전,household_own_occupancy_rate,2020,전체_가구_자가점유비율_2016-2024.csv,7,53.1,53.1,0.0,1e-12,PASS
대전,household_own_occupancy_rate,2021,전체_가구_자가점유비율_2016-2024.csv,7,51.7,51.7,0.0,1e-12,PASS
대전,household_own_occupancy_rate,2022,전체_가구_자가점유비율_2016-2024.csv,7,51.9,51.9,0.0,1e-12,PASS
대전,household_own_occupancy_rate,2023,전체_가구_자가점유비율_2016-2024.csv,7,52.3,52.3,0.0,1e-12,PASS
대전,household_own_occupancy_rate,2024,전체_가구_자가점유비율_2016-2024.csv,7,53.1,53.1,0.0,1e-12,PASS
부산,household_own_occupancy_rate,2016,전체_가구_자가점유비율_2016-2024.csv,3,61.3,61.3,0.0,1e-12,PASS
부산,household_own_occupancy_rate,2017,전체_가구_자가점유비율_2016-2024.csv,3,61.7,61.7,0.0,1e-12,PASS
부산,household_own_occupancy_rate,2018,전체_가구_자가점유비율_2016-2024.csv,3,62.3,62.3,0.0,1e-12,PASS
부산,household_own_occupancy_rate,2019,전체_가구_자가점유비율_2016-2024.csv,3,62.2,62.2,0.0,1e-12,PASS
부산,household_own_occupancy_rate,2020,전체_가구_자가점유비율_2016-2024.csv,3,61.8,61.8,0.0,1e-12,PASS
부산,household_own_occupancy_rate,2021,전체_가구_자가점유비율_2016-2024.csv,3,59.7,59.7,0.0,1e-12,PASS
부산,household_own_occupancy_rate,2022,전체_가구_자가점유비율_2016-2024.csv,3,59.6,59.6,0.0,1e-12,PASS
부산,household_own_occupancy_rate,2023,전체_가구_자가점유비율_2016-2024.csv,3,59.7,59.7,0.0,1e-12,PASS
부산,household_own_occupancy_rate,2024,전체_가구_자가점유비율_2016-2024.csv,3,60.8,60.8,0.0,1e-12,PASS
서울,household_own_occupancy_rate,2016,전체_가구_자가점유비율_2016-2024.csv,2,42.0,42.0,0.0,1e-12,PASS
서울,household_own_occupancy_rate,2017,전체_가구_자가점유비율_2016-2024.csv,2,42.9,42.9,0.0,1e-12,PASS
서울,household_own_occupancy_rate,2018,전체_가구_자가점유비율_2016-2024.csv,2,43.3,43.3,0.0,1e-12,PASS
서울,household_own_occupancy_rate,2019,전체_가구_자가점유비율_2016-2024.csv,2,42.7,42.7,0.0,1e-12,PASS
서울,household_own_occupancy_rate,2020,전체_가구_자가점유비율_2016-2024.csv,2,42.2,42.2,0.0,1e-12,PASS
서울,household_own_occupancy_rate,2021,전체_가구_자가점유비율_2016-2024.csv,2,43.5,43.5,0.0,1e-12,PASS
서울,household_own_occupancy_rate,2022,전체_가구_자가점유비율_2016-2024.csv,2,44.1,44.1,0.0,1e-12,PASS
서울,household_own_occupancy_rate,2023,전체_가구_자가점유비율_2016-2024.csv,2,44.0,44.0,0.0,1e-12,PASS
서울,household_own_occupancy_rate,2024,전체_가구_자가점유비율_2016-2024.csv,2,44.1,44.1,0.0,1e-12,PASS
세종,household_own_occupancy_rate,2017,전체_가구_자가점유비율_2016-2024.csv,9,52.1,52.1,0.0,1e-12,PASS
세종,household_own_occupancy_rate,2018,전체_가구_자가점유비율_2016-2024.csv,9,52.7,52.7,0.0,1e-12,PASS
세종,household_own_occupancy_rate,2019,전체_가구_자가점유비율_2016-2024.csv,9,53.3,53.3,0.0,1e-12,PASS
세종,household_own_occupancy_rate,2020,전체_가구_자가점유비율_2016-2024.csv,9,52.2,52.2,0.0,1e-12,PASS
세종,household_own_occupancy_rate,2021,전체_가구_자가점유비율_2016-2024.csv,9,51.9,51.9,0.0,1e-12,PASS
세종,household_own_occupancy_rate,2022,전체_가구_자가점유비율_2016-2024.csv,9,54.4,54.4,0.0,1e-12,PASS
세종,household_own_occupancy_rate,2023,전체_가구_자가점유비율_2016-2024.csv,9,57.4,57.4,0.0,1e-12,PASS
세종,household_own_occupancy_rate,2024,전체_가구_자가점유비율_2016-2024.csv,9,58.4,58.4,0.0,1e-12,PASS
울산,household_own_occupancy_rate,2016,전체_가구_자가점유비율_2016-2024.csv,8,62.8,62.8,0.0,1e-12,PASS
울산,household_own_occupancy_rate,2017,전체_가구_자가점유비율_2016-2024.csv,8,63.5,63.5,0.0,1e-12,PASS
울산,household_own_occupancy_rate,2018,전체_가구_자가점유비율_2016-2024.csv,8,64.0,64.0,0.0,1e-12,PASS
울산,household_own_occupancy_rate,2019,전체_가구_자가점유비율_2016-2024.csv,8,64.1,64.1,0.0,1e-12,PASS
울산,household_own_occupancy_rate,2020,전체_가구_자가점유비율_2016-2024.csv,8,64.9,64.9,0.0,1e-12,PASS
울산,household_own_occupancy_rate,2021,전체_가구_자가점유비율_2016-2024.csv,8,63.9,63.9,0.0,1e-12,PASS
울산,household_own_occupancy_rate,2022,전체_가구_자가점유비율_2016-2024.csv,8,63.7,63.7,0.0,1e-12,PASS
울산,household_own_occupancy_rate,2023,전체_가구_자가점유비율_2016-2024.csv,8,63.7,63.7,0.0,1e-12,PASS
울산,household_own_occupancy_rate,2024,전체_가구_자가점유비율_2016-2024.csv,8,64.1,64.1,0.0,1e-12,PASS
인천,household_own_occupancy_rate,2016,전체_가구_자가점유비율_2016-2024.csv,5,58.4,58.4,0.0,1e-12,PASS
인천,household_own_occupancy_rate,2017,전체_가구_자가점유비율_2016-2024.csv,5,59.6,59.6,0.0,1e-12,PASS
인천,household_own_occupancy_rate,2018,전체_가구_자가점유비율_2016-2024.csv,5,59.6,59.6,0.0,1e-12,PASS
인천,household_own_occupancy_rate,2019,전체_가구_자가점유비율_2016-2024.csv,5,60.2,60.2,0.0,1e-12,PASS
인천,household_own_occupancy_rate,2020,전체_가구_자가점유비율_2016-2024.csv,5,59.2,59.2,0.0,1e-12,PASS
인천,household_own_occupancy_rate,2021,전체_가구_자가점유비율_2016-2024.csv,5,60.9,60.9,0.0,1e-12,PASS
인천,household_own_occupancy_rate,2022,전체_가구_자가점유비율_2016-2024.csv,5,60.9,60.9,0.0,1e-12,PASS
인천,household_own_occupancy_rate,2023,전체_가구_자가점유비율_2016-2024.csv,5,60.4,60.4,0.0,1e-12,PASS
인천,household_own_occupancy_rate,2024,전체_가구_자가점유비율_2016-2024.csv,5,61.5,61.5,0.0,1e-12,PASS
전국,household_own_occupancy_rate,2016,전체_가구_자가점유비율_2016-2024.csv,1,56.8,56.8,0.0,1e-12,PASS
전국,household_own_occupancy_rate,2017,전체_가구_자가점유비율_2016-2024.csv,1,57.7,57.7,0.0,1e-12,PASS
전국,household_own_occupancy_rate,2018,전체_가구_자가점유비율_2016-2024.csv,1,57.7,57.7,0.0,1e-12,PASS
전국,household_own_occupancy_rate,2019,전체_가구_자가점유비율_2016-2024.csv,1,58.0,58.0,0.0,1e-12,PASS
전국,household_own_occupancy_rate,2020,전체_가구_자가점유비율_2016-2024.csv,1,57.9,57.9,0.0,1e-12,PASS
전국,household_own_occupancy_rate,2021,전체_가구_자가점유비율_2016-2024.csv,1,57.3,57.3,0.0,1e-12,PASS
전국,household_own_occupancy_rate,2022,전체_가구_자가점유비율_2016-2024.csv,1,57.5,57.5,0.0,1e-12,PASS
전국,household_own_occupancy_rate,2023,전체_가구_자가점유비율_2016-2024.csv,1,57.4,57.4,0.0,1e-12,PASS
전국,household_own_occupancy_rate,2024,전체_가구_자가점유비율_2016-2024.csv,1,58.4,58.4,0.0,1e-12,PASS
전남,household_own_occupancy_rate,2016,전체_가구_자가점유비율_2016-2024.csv,15,73.4,73.4,0.0,1e-12,PASS
전남,household_own_occupancy_rate,2017,전체_가구_자가점유비율_2016-2024.csv,15,74.8,74.8,0.0,1e-12,PASS
전남,household_own_occupancy_rate,2018,전체_가구_자가점유비율_2016-2024.csv,15,74.2,74.2,0.0,1e-12,PASS
전남,household_own_occupancy_rate,2019,전체_가구_자가점유비율_2016-2024.csv,15,74.5,74.5,0.0,1e-12,PASS
전남,household_own_occupancy_rate,2020,전체_가구_자가점유비율_2016-2024.csv,15,75.5,75.5,0.0,1e-12,PASS
전남,household_own_occupancy_rate,2021,전체_가구_자가점유비율_2016-2024.csv,15,71.1,71.1,0.0,1e-12,PASS
전남,household_own_occupancy_rate,2022,전체_가구_자가점유비율_2016-2024.csv,15,70.6,70.6,0.0,1e-12,PASS
전남,household_own_occupancy_rate,2023,전체_가구_자가점유비율_2016-2024.csv,15,70.5,70.5,0.0,1e-12,PASS
전남,household_own_occupancy_rate,2024,전체_가구_자가점유비율_2016-2024.csv,15,72.1,72.1,0.0,1e-12,PASS
전북,household_own_occupancy_rate,2016,전체_가구_자가점유비율_2016-2024.csv,14,68.2,68.2,0.0,1e-12,PASS
전북,household_own_occupancy_rate,2017,전체_가구_자가점유비율_2016-2024.csv,14,69.1,69.1,0.0,1e-12,PASS
전북,household_own_occupancy_rate,2018,전체_가구_자가점유비율_2016-2024.csv,14,69.3,69.3,0.0,1e-12,PASS
전북,household_own_occupancy_rate,2019,전체_가구_자가점유비율_2016-2024.csv,14,70.0,70.0,0.0,1e-12,PASS
전북,household_own_occupancy_rate,2020,전체_가구_자가점유비율_2016-2024.csv,14,70.0,70.0,0.0,1e-12,PASS
전북,household_own_occupancy_rate,2021,전체_가구_자가점유비율_2016-2024.csv,14,67.7,67.7,0.0,1e-12,PASS
전북,household_own_occupancy_rate,2022,전체_가구_자가점유비율_2016-2024.csv,14,66.7,66.7,0.0,1e-12,PASS
전북,household_own_occupancy_rate,2023,전체_가구_자가점유비율_2016-2024.csv,14,66.4,66.4,0.0,1e-12,PASS
전북,household_own_occupancy_rate,2024,전체_가구_자가점유비율_2016-2024.csv,14,67.4,67.4,0.0,1e-12,PASS
제주,household_own_occupancy_rate,2016,전체_가구_자가점유비율_2016-2024.csv,18,57.5,57.5,0.0,1e-12,PASS
제주,household_own_occupancy_rate,2017,전체_가구_자가점유비율_2016-2024.csv,18,58.9,58.9,0.0,1e-12,PASS
제주,household_own_occupancy_rate,2018,전체_가구_자가점유비율_2016-2024.csv,18,58.4,58.4,0.0,1e-12,PASS
제주,household_own_occupancy_rate,2019,전체_가구_자가점유비율_2016-2024.csv,18,58.1,58.1,0.0,1e-12,PASS
제주,household_own_occupancy_rate,2020,전체_가구_자가점유비율_2016-2024.csv,18,58.6,58.6,0.0,1e-12,PASS
제주,household_own_occupancy_rate,2021,전체_가구_자가점유비율_2016-2024.csv,18,56.6,56.6,0.0,1e-12,PASS
제주,household_own_occupancy_rate,2022,전체_가구_자가점유비율_2016-2024.csv,18,56.8,56.8,0.0,1e-12,PASS
제주,household_own_occupancy_rate,2023,전체_가구_자가점유비율_2016-2024.csv,18,57.1,57.1,0.0,1e-12,PASS
제주,household_own_occupancy_rate,2024,전체_가구_자가점유비율_2016-2024.csv,18,58.5,58.5,0.0,1e-12,PASS
충남,household_own_occupancy_rate,2016,전체_가구_자가점유비율_2016-2024.csv,13,63.9,63.9,0.0,1e-12,PASS
충남,household_own_occupancy_rate,2017,전체_가구_자가점유비율_2016-2024.csv,13,67.1,67.1,0.0,1e-12,PASS
충남,household_own_occupancy_rate,2018,전체_가구_자가점유비율_2016-2024.csv,13,66.8,66.8,0.0,1e-12,PASS
충남,household_own_occupancy_rate,2019,전체_가구_자가점유비율_2016-2024.csv,13,67.6,67.6,0.0,1e-12,PASS
충남,household_own_occupancy_rate,2020,전체_가구_자가점유비율_2016-2024.csv,13,67.9,67.9,0.0,1e-12,PASS
충남,household_own_occupancy_rate,2021,전체_가구_자가점유비율_2016-2024.csv,13,63.8,63.8,0.0,1e-12,PASS
충남,household_own_occupancy_rate,2022,전체_가구_자가점유비율_2016-2024.csv,13,63.2,63.2,0.0,1e-12,PASS
충남,household_own_occupancy_rate,2023,전체_가구_자가점유비율_2016-2024.csv,13,62.8,62.8,0.0,1e-12,PASS
충남,household_own_occupancy_rate,2024,전체_가구_자가점유비율_2016-2024.csv,13,64.2,64.2,0.0,1e-12,PASS
충북,household_own_occupancy_rate,2016,전체_가구_자가점유비율_2016-2024.csv,12,64.9,64.9,0.0,1e-12,PASS
충북,household_own_occupancy_rate,2017,전체_가구_자가점유비율_2016-2024.csv,12,66.1,66.1,0.0,1e-12,PASS
충북,household_own_occupancy_rate,2018,전체_가구_자가점유비율_2016-2024.csv,12,66.3,66.3,0.0,1e-12,PASS
충북,household_own_occupancy_rate,2019,전체_가구_자가점유비율_2016-2024.csv,12,66.1,66.1,0.0,1e-12,PASS
충북,household_own_occupancy_rate,2020,전체_가구_자가점유비율_2016-2024.csv,12,66.8,66.8,0.0,1e-12,PASS
충북,household_own_occupancy_rate,2021,전체_가구_자가점유비율_2016-2024.csv,12,62.3,62.3,0.0,1e-12,PASS
충북,household_own_occupancy_rate,2022,전체_가구_자가점유비율_2016-2024.csv,12,62.1,62.1,0.0,1e-12,PASS
충북,household_own_occupancy_rate,2023,전체_가구_자가점유비율_2016-2024.csv,12,62.0,62.0,0.0,1e-12,PASS
충북,household_own_occupancy_rate,2024,전체_가구_자가점유비율_2016-2024.csv,12,62.8,62.8,0.0,1e-12,PASS
강원,housework_gender_equality,2016,구조환경지표_21개_검증본.csv,370,0.7759999999999998,0.7759999999999998,0.0,1e-12,PASS
강원,housework_gender_equality,2018,구조환경지표_21개_검증본.csv,370,0.8140000000000003,0.8140000000000003,0.0,1e-12,PASS
강원,housework_gender_equality,2020,구조환경지표_21개_검증본.csv,370,0.8385,0.8385,0.0,1e-12,PASS
강원,housework_gender_equality,2022,구조환경지표_21개_검증본.csv,370,0.8426573426573427,0.8426573426573427,0.0,1e-12,PASS
강원,housework_gender_equality,2024,구조환경지표_21개_검증본.csv,370,0.863,0.863,0.0,1e-12,PASS
경기,housework_gender_equality,2016,구조환경지표_21개_검증본.csv,369,0.7805,0.7805,0.0,1e-12,PASS
경기,housework_gender_equality,2018,구조환경지표_21개_검증본.csv,369,0.8089999999999999,0.8089999999999999,0.0,1e-12,PASS
경기,housework_gender_equality,2020,구조환경지표_21개_검증본.csv,369,0.8394999999999999,0.8394999999999999,0.0,1e-12,PASS
경기,housework_gender_equality,2022,구조환경지표_21개_검증본.csv,369,0.8450000000000002,0.8450000000000002,0.0,1e-12,PASS
경기,housework_gender_equality,2024,구조환경지표_21개_검증본.csv,369,0.8579999999999999,0.8579999999999999,0.0,1e-12,PASS
경남,housework_gender_equality,2016,구조환경지표_21개_검증본.csv,376,0.7462462462462462,0.7462462462462462,0.0,1e-12,PASS
경남,housework_gender_equality,2018,구조환경지표_21개_검증본.csv,376,0.7910000000000001,0.7910000000000001,0.0,1e-12,PASS
경남,housework_gender_equality,2020,구조환경지표_21개_검증본.csv,376,0.8119999999999998,0.8119999999999998,0.0,1e-12,PASS
경남,housework_gender_equality,2022,구조환경지표_21개_검증본.csv,376,0.8054999999999999,0.8054999999999999,0.0,1e-12,PASS
경남,housework_gender_equality,2024,구조환경지표_21개_검증본.csv,376,0.7970000000000002,0.7970000000000002,0.0,1e-12,PASS
경북,housework_gender_equality,2016,구조환경지표_21개_검증본.csv,375,0.756,0.756,0.0,1e-12,PASS
경북,housework_gender_equality,2018,구조환경지표_21개_검증본.csv,375,0.7375,0.7375,0.0,1e-12,PASS
경북,housework_gender_equality,2020,구조환경지표_21개_검증본.csv,375,0.7605000000000002,0.7605000000000002,0.0,1e-12,PASS
경북,housework_gender_equality,2022,구조환경지표_21개_검증본.csv,375,0.7815000000000001,0.7815000000000001,0.0,1e-12,PASS
경북,housework_gender_equality,2024,구조환경지표_21개_검증본.csv,375,0.8151848151848153,0.8151848151848153,0.0,1e-12,PASS
광주,housework_gender_equality,2016,구조환경지표_21개_검증본.csv,365,0.7552552552552552,0.7552552552552552,0.0,1e-12,PASS
광주,housework_gender_equality,2018,구조환경지표_21개_검증본.csv,365,0.8191808191808194,0.8191808191808194,0.0,1e-12,PASS
광주,housework_gender_equality,2020,구조환경지표_21개_검증본.csv,365,0.8460000000000001,0.8460000000000001,0.0,1e-12,PASS
광주,housework_gender_equality,2022,구조환경지표_21개_검증본.csv,365,0.8535000000000001,0.8535000000000001,0.0,1e-12,PASS
광주,housework_gender_equality,2024,구조환경지표_21개_검증본.csv,365,0.8604999999999998,0.8604999999999998,0.0,1e-12,PASS
대구,housework_gender_equality,2016,구조환경지표_21개_검증본.csv,363,0.7555000000000003,0.7555000000000003,0.0,1e-12,PASS
대구,housework_gender_equality,2018,구조환경지표_21개_검증본.csv,363,0.7752752752752752,0.7752752752752752,0.0,1e-12,PASS
대구,housework_gender_equality,2020,구조환경지표_21개_검증본.csv,363,0.7579999999999998,0.7579999999999998,0.0,1e-12,PASS
대구,housework_gender_equality,2022,구조환경지표_21개_검증본.csv,363,0.7802197802197801,0.7802197802197801,0.0,1e-12,PASS
대구,housework_gender_equality,2024,구조환경지표_21개_검증본.csv,363,0.8339999999999999,0.8339999999999999,0.0,1e-12,PASS
대전,housework_gender_equality,2016,구조환경지표_21개_검증본.csv,366,0.7789999999999999,0.7789999999999999,0.0,1e-12,PASS
대전,housework_gender_equality,2018,구조환경지표_21개_검증본.csv,366,0.7997002997002998,0.7997002997002998,0.0,1e-12,PASS
대전,housework_gender_equality,2020,구조환경지표_21개_검증본.csv,366,0.8331668331668332,0.8331668331668332,0.0,1e-12,PASS
대전,housework_gender_equality,2022,구조환경지표_21개_검증본.csv,366,0.8365000000000002,0.8365000000000002,0.0,1e-12,PASS
대전,housework_gender_equality,2024,구조환경지표_21개_검증본.csv,366,0.8805000000000001,0.8805000000000001,0.0,1e-12,PASS
부산,housework_gender_equality,2016,구조환경지표_21개_검증본.csv,362,0.7827827827827827,0.7827827827827827,0.0,1e-12,PASS
부산,housework_gender_equality,2018,구조환경지표_21개_검증본.csv,362,0.8016983016983015,0.8016983016983015,0.0,1e-12,PASS
부산,housework_gender_equality,2020,구조환경지표_21개_검증본.csv,362,0.8275000000000001,0.8275000000000001,0.0,1e-12,PASS
부산,housework_gender_equality,2022,구조환경지표_21개_검증본.csv,362,0.8061938061938061,0.8061938061938061,0.0,1e-12,PASS
부산,housework_gender_equality,2024,구조환경지표_21개_검증본.csv,362,0.8334999999999999,0.8334999999999999,0.0,1e-12,PASS
서울,housework_gender_equality,2016,구조환경지표_21개_검증본.csv,361,0.7945,0.7945,0.0,1e-12,PASS
서울,housework_gender_equality,2018,구조환경지표_21개_검증본.csv,361,0.8300000000000001,0.8300000000000001,0.0,1e-12,PASS
서울,housework_gender_equality,2020,구조환경지표_21개_검증본.csv,361,0.8474999999999999,0.8474999999999999,0.0,1e-12,PASS
서울,housework_gender_equality,2022,구조환경지표_21개_검증본.csv,361,0.8575000000000002,0.8575000000000002,0.0,1e-12,PASS
서울,housework_gender_equality,2024,구조환경지표_21개_검증본.csv,361,0.8843843843843844,0.8843843843843844,0.0,1e-12,PASS
세종,housework_gender_equality,2016,구조환경지표_21개_검증본.csv,368,0.7635000000000001,0.7635000000000001,0.0,1e-12,PASS
세종,housework_gender_equality,2018,구조환경지표_21개_검증본.csv,368,0.8291708291708293,0.8291708291708293,0.0,1e-12,PASS
세종,housework_gender_equality,2020,구조환경지표_21개_검증본.csv,368,0.839,0.839,0.0,1e-12,PASS
세종,housework_gender_equality,2022,구조환경지표_21개_검증본.csv,368,0.851,0.851,0.0,1e-12,PASS
세종,housework_gender_equality,2024,구조환경지표_21개_검증본.csv,368,0.898101898101898,0.898101898101898,0.0,1e-12,PASS
울산,housework_gender_equality,2016,구조환경지표_21개_검증본.csv,367,0.7615000000000001,0.7615000000000001,0.0,1e-12,PASS
울산,housework_gender_equality,2018,구조환경지표_21개_검증본.csv,367,0.7637362637362637,0.7637362637362637,0.0,1e-12,PASS
울산,housework_gender_equality,2020,구조환경지표_21개_검증본.csv,367,0.8014999999999999,0.8014999999999999,0.0,1e-12,PASS
울산,housework_gender_equality,2022,구조환경지표_21개_검증본.csv,367,0.8075000000000001,0.8075000000000001,0.0,1e-12,PASS
울산,housework_gender_equality,2024,구조환경지표_21개_검증본.csv,367,0.8290000000000002,0.8290000000000002,0.0,1e-12,PASS
인천,housework_gender_equality,2016,구조환경지표_21개_검증본.csv,364,0.7832832832832834,0.7832832832832834,0.0,1e-12,PASS
인천,housework_gender_equality,2018,구조환경지표_21개_검증본.csv,364,0.8194999999999999,0.8194999999999999,0.0,1e-12,PASS
인천,housework_gender_equality,2020,구조환경지표_21개_검증본.csv,364,0.8366633366633365,0.8366633366633365,0.0,1e-12,PASS
인천,housework_gender_equality,2022,구조환경지표_21개_검증본.csv,364,0.8489999999999998,0.8489999999999998,0.0,1e-12,PASS
인천,housework_gender_equality,2024,구조환경지표_21개_검증본.csv,364,0.8813813813813813,0.8813813813813813,0.0,1e-12,PASS
전국,housework_gender_equality,2016,구조환경지표_21개_검증본.csv,360,0.7760000000000002,0.7760000000000002,0.0,1e-12,PASS
전국,housework_gender_equality,2018,구조환경지표_21개_검증본.csv,360,0.8045,0.8045,0.0,1e-12,PASS
전국,housework_gender_equality,2020,구조환경지표_21개_검증본.csv,360,0.8235000000000001,0.8235000000000001,0.0,1e-12,PASS
전국,housework_gender_equality,2022,구조환경지표_21개_검증본.csv,360,0.8305000000000002,0.8305000000000002,0.0,1e-12,PASS
전국,housework_gender_equality,2024,구조환경지표_21개_검증본.csv,360,0.8540000000000001,0.8540000000000001,0.0,1e-12,PASS
전남,housework_gender_equality,2016,구조환경지표_21개_검증본.csv,374,0.7865,0.7865,0.0,1e-12,PASS
전남,housework_gender_equality,2018,구조환경지표_21개_검증본.csv,374,0.7467467467467468,0.7467467467467468,0.0,1e-12,PASS
전남,housework_gender_equality,2020,구조환경지표_21개_검증본.csv,374,0.7817182817182817,0.7817182817182817,0.0,1e-12,PASS
전남,housework_gender_equality,2022,구조환경지표_21개_검증본.csv,374,0.8253253253253252,0.8253253253253252,0.0,1e-12,PASS
전남,housework_gender_equality,2024,구조환경지표_21개_검증본.csv,374,0.8694999999999999,0.8694999999999999,0.0,1e-12,PASS
전북,housework_gender_equality,2016,구조환경지표_21개_검증본.csv,373,0.7770000000000001,0.7770000000000001,0.0,1e-12,PASS
전북,housework_gender_equality,2018,구조환경지표_21개_검증본.csv,373,0.8038038038038038,0.8038038038038038,0.0,1e-12,PASS
전북,housework_gender_equality,2020,구조환경지표_21개_검증본.csv,373,0.8015000000000001,0.8015000000000001,0.0,1e-12,PASS
전북,housework_gender_equality,2022,구조환경지표_21개_검증본.csv,373,0.8206793206793206,0.8206793206793206,0.0,1e-12,PASS
전북,housework_gender_equality,2024,구조환경지표_21개_검증본.csv,373,0.8413413413413413,0.8413413413413413,0.0,1e-12,PASS
제주,housework_gender_equality,2016,구조환경지표_21개_검증본.csv,377,0.7870000000000001,0.7870000000000001,0.0,1e-12,PASS
제주,housework_gender_equality,2018,구조환경지표_21개_검증본.csv,377,0.8456543456543453,0.8456543456543453,0.0,1e-12,PASS
제주,housework_gender_equality,2020,구조환경지표_21개_검증본.csv,377,0.8310000000000002,0.8310000000000002,0.0,1e-12,PASS
제주,housework_gender_equality,2022,구조환경지표_21개_검증본.csv,377,0.8651348651348651,0.8651348651348651,0.0,1e-12,PASS
제주,housework_gender_equality,2024,구조환경지표_21개_검증본.csv,377,0.8500000000000003,0.8500000000000003,0.0,1e-12,PASS
충남,housework_gender_equality,2016,구조환경지표_21개_검증본.csv,372,0.7542542542542543,0.7542542542542543,0.0,1e-12,PASS
충남,housework_gender_equality,2018,구조환경지표_21개_검증본.csv,372,0.8,0.8,0.0,1e-12,PASS
충남,housework_gender_equality,2020,구조환경지표_21개_검증본.csv,372,0.8228228228228229,0.8228228228228229,0.0,1e-12,PASS
충남,housework_gender_equality,2022,구조환경지표_21개_검증본.csv,372,0.7945,0.7945,0.0,1e-12,PASS
충남,housework_gender_equality,2024,구조환경지표_21개_검증본.csv,372,0.8514999999999999,0.8514999999999999,0.0,1e-12,PASS
충북,housework_gender_equality,2016,구조환경지표_21개_검증본.csv,371,0.7627627627627627,0.7627627627627627,0.0,1e-12,PASS
충북,housework_gender_equality,2018,구조환경지표_21개_검증본.csv,371,0.8266733266733268,0.8266733266733268,0.0,1e-12,PASS
충북,housework_gender_equality,2020,구조환경지표_21개_검증본.csv,371,0.8026973026973028,0.8026973026973028,0.0,1e-12,PASS
충북,housework_gender_equality,2022,구조환경지표_21개_검증본.csv,371,0.8166833166833167,0.8166833166833167,0.0,1e-12,PASS
충북,housework_gender_equality,2024,구조환경지표_21개_검증본.csv,371,0.835,0.835,0.0,1e-12,PASS
강원,housing_price,2016,현재_주택가격_2016-2024.csv,11,13951.7,13951.7,0.0,1e-12,PASS
강원,housing_price,2017,현재_주택가격_2016-2024.csv,11,13308.5,13308.5,0.0,1e-12,PASS
강원,housing_price,2018,현재_주택가격_2016-2024.csv,11,13897.9,13897.9,0.0,1e-12,PASS
강원,housing_price,2019,현재_주택가격_2016-2024.csv,11,15322.9,15322.9,0.0,1e-12,PASS
강원,housing_price,2020,현재_주택가격_2016-2024.csv,11,15812.5,15812.5,0.0,1e-12,PASS
강원,housing_price,2021,현재_주택가격_2016-2024.csv,11,18783.7,18783.7,0.0,1e-12,PASS
강원,housing_price,2022,현재_주택가격_2016-2024.csv,11,20971.6,20971.6,0.0,1e-12,PASS
강원,housing_price,2023,현재_주택가격_2016-2024.csv,11,20309.9,20309.9,0.0,1e-12,PASS
강원,housing_price,2024,현재_주택가격_2016-2024.csv,11,22180.0,22180.0,0.0,1e-12,PASS
경기,housing_price,2016,현재_주택가격_2016-2024.csv,10,27072.8,27072.8,0.0,1e-12,PASS
경기,housing_price,2017,현재_주택가격_2016-2024.csv,10,28759.1,28759.1,0.0,1e-12,PASS
경기,housing_price,2018,현재_주택가격_2016-2024.csv,10,31769.0,31769.0,0.0,1e-12,PASS
경기,housing_price,2019,현재_주택가격_2016-2024.csv,10,32138.6,32138.6,0.0,1e-12,PASS
경기,housing_price,2020,현재_주택가격_2016-2024.csv,10,36942.4,36942.4,0.0,1e-12,PASS
경기,housing_price,2021,현재_주택가격_2016-2024.csv,10,52871.3,52871.3,0.0,1e-12,PASS
경기,housing_price,2022,현재_주택가격_2016-2024.csv,10,51460.6,51460.6,0.0,1e-12,PASS
경기,housing_price,2023,현재_주택가격_2016-2024.csv,10,47782.8,47782.8,0.0,1e-12,PASS
경기,housing_price,2024,현재_주택가격_2016-2024.csv,10,48394.1,48394.1,0.0,1e-12,PASS
경남,housing_price,2016,현재_주택가격_2016-2024.csv,17,18453.6,18453.6,0.0,1e-12,PASS
경남,housing_price,2017,현재_주택가격_2016-2024.csv,17,17911.1,17911.1,0.0,1e-12,PASS
경남,housing_price,2018,현재_주택가격_2016-2024.csv,17,17944.6,17944.6,0.0,1e-12,PASS
경남,housing_price,2019,현재_주택가격_2016-2024.csv,17,17311.6,17311.6,0.0,1e-12,PASS
경남,housing_price,2020,현재_주택가격_2016-2024.csv,17,18939.3,18939.3,0.0,1e-12,PASS
경남,housing_price,2021,현재_주택가격_2016-2024.csv,17,21096.9,21096.9,0.0,1e-12,PASS
경남,housing_price,2022,현재_주택가격_2016-2024.csv,17,22200.3,22200.3,0.0,1e-12,PASS
경남,housing_price,2023,현재_주택가격_2016-2024.csv,17,21319.3,21319.3,0.0,1e-12,PASS
경남,housing_price,2024,현재_주택가격_2016-2024.csv,17,21702.3,21702.3,0.0,1e-12,PASS
경북,housing_price,2016,현재_주택가격_2016-2024.csv,16,11891.2,11891.2,0.0,1e-12,PASS
경북,housing_price,2017,현재_주택가격_2016-2024.csv,16,11358.4,11358.4,0.0,1e-12,PASS
경북,housing_price,2018,현재_주택가격_2016-2024.csv,16,12490.5,12490.5,0.0,1e-12,PASS
경북,housing_price,2019,현재_주택가격_2016-2024.csv,16,12889.3,12889.3,0.0,1e-12,PASS
경북,housing_price,2020,현재_주택가격_2016-2024.csv,16,13970.3,13970.3,0.0,1e-12,PASS
경북,housing_price,2021,현재_주택가격_2016-2024.csv,16,15630.1,15630.1,0.0,1e-12,PASS
경북,housing_price,2022,현재_주택가격_2016-2024.csv,16,15855.4,15855.4,0.0,1e-12,PASS
경북,housing_price,2023,현재_주택가격_2016-2024.csv,16,16049.4,16049.4,0.0,1e-12,PASS
경북,housing_price,2024,현재_주택가격_2016-2024.csv,16,15752.3,15752.3,0.0,1e-12,PASS
광주,housing_price,2016,현재_주택가격_2016-2024.csv,6,19200.2,19200.2,0.0,1e-12,PASS
광주,housing_price,2017,현재_주택가격_2016-2024.csv,6,19859.0,19859.0,0.0,1e-12,PASS
광주,housing_price,2018,현재_주택가격_2016-2024.csv,6,22912.8,22912.8,0.0,1e-12,PASS
광주,housing_price,2019,현재_주택가격_2016-2024.csv,6,24508.8,24508.8,0.0,1e-12,PASS
광주,housing_price,2020,현재_주택가격_2016-2024.csv,6,24059.3,24059.3,0.0,1e-12,PASS
광주,housing_price,2021,현재_주택가격_2016-2024.csv,6,28195.9,28195.9,0.0,1e-12,PASS
광주,housing_price,2022,현재_주택가격_2016-2024.csv,6,30121.4,30121.4,0.0,1e-12,PASS
광주,housing_price,2023,현재_주택가격_2016-2024.csv,6,28012.4,28012.4,0.0,1e-12,PASS
광주,housing_price,2024,현재_주택가격_2016-2024.csv,6,29165.3,29165.3,0.0,1e-12,PASS
대구,housing_price,2016,현재_주택가격_2016-2024.csv,4,21011.3,21011.3,0.0,1e-12,PASS
대구,housing_price,2017,현재_주택가격_2016-2024.csv,4,23031.7,23031.7,0.0,1e-12,PASS
대구,housing_price,2018,현재_주택가격_2016-2024.csv,4,26591.8,26591.8,0.0,1e-12,PASS
대구,housing_price,2019,현재_주택가격_2016-2024.csv,4,27091.4,27091.4,0.0,1e-12,PASS
대구,housing_price,2020,현재_주택가격_2016-2024.csv,4,29772.1,29772.1,0.0,1e-12,PASS
대구,housing_price,2021,현재_주택가격_2016-2024.csv,4,34197.4,34197.4,0.0,1e-12,PASS
대구,housing_price,2022,현재_주택가격_2016-2024.csv,4,34690.5,34690.5,0.0,1e-12,PASS
대구,housing_price,2023,현재_주택가격_2016-2024.csv,4,30907.7,30907.7,0.0,1e-12,PASS
대구,housing_price,2024,현재_주택가격_2016-2024.csv,4,31288.3,31288.3,0.0,1e-12,PASS
대전,housing_price,2016,현재_주택가격_2016-2024.csv,7,21900.4,21900.4,0.0,1e-12,PASS
대전,housing_price,2017,현재_주택가격_2016-2024.csv,7,21683.6,21683.6,0.0,1e-12,PASS
대전,housing_price,2018,현재_주택가격_2016-2024.csv,7,22202.5,22202.5,0.0,1e-12,PASS
대전,housing_price,2019,현재_주택가격_2016-2024.csv,7,24992.7,24992.7,0.0,1e-12,PASS
대전,housing_price,2020,현재_주택가격_2016-2024.csv,7,28900.2,28900.2,0.0,1e-12,PASS
대전,housing_price,2021,현재_주택가격_2016-2024.csv,7,39802.6,39802.6,0.0,1e-12,PASS
대전,housing_price,2022,현재_주택가격_2016-2024.csv,7,38907.2,38907.2,0.0,1e-12,PASS
대전,housing_price,2023,현재_주택가격_2016-2024.csv,7,34888.0,34888.0,0.0,1e-12,PASS
대전,housing_price,2024,현재_주택가격_2016-2024.csv,7,35543.1,35543.1,0.0,1e-12,PASS
부산,housing_price,2016,현재_주택가격_2016-2024.csv,3,21813.4,21813.4,0.0,1e-12,PASS
부산,housing_price,2017,현재_주택가격_2016-2024.csv,3,25148.9,25148.9,0.0,1e-12,PASS
부산,housing_price,2018,현재_주택가격_2016-2024.csv,3,25802.9,25802.9,0.0,1e-12,PASS
부산,housing_price,2019,현재_주택가격_2016-2024.csv,3,25365.3,25365.3,0.0,1e-12,PASS
부산,housing_price,2020,현재_주택가격_2016-2024.csv,3,27416.2,27416.2,0.0,1e-12,PASS
부산,housing_price,2021,현재_주택가격_2016-2024.csv,3,34120.1,34120.1,0.0,1e-12,PASS
부산,housing_price,2022,현재_주택가격_2016-2024.csv,3,36832.5,36832.5,0.0,1e-12,PASS
부산,housing_price,2023,현재_주택가격_2016-2024.csv,3,34289.0,34289.0,0.0,1e-12,PASS
부산,housing_price,2024,현재_주택가격_2016-2024.csv,3,32543.5,32543.5,0.0,1e-12,PASS
서울,housing_price,2016,현재_주택가격_2016-2024.csv,2,48213.9,48213.9,0.0,1e-12,PASS
서울,housing_price,2017,현재_주택가격_2016-2024.csv,2,53171.7,53171.7,0.0,1e-12,PASS
서울,housing_price,2018,현재_주택가격_2016-2024.csv,2,60586.9,60586.9,0.0,1e-12,PASS
서울,housing_price,2019,현재_주택가격_2016-2024.csv,2,64337.6,64337.6,0.0,1e-12,PASS
서울,housing_price,2020,현재_주택가격_2016-2024.csv,2,70379.2,70379.2,0.0,1e-12,PASS
서울,housing_price,2021,현재_주택가격_2016-2024.csv,2,89080.9,89080.9,0.0,1e-12,PASS
서울,housing_price,2022,현재_주택가격_2016-2024.csv,2,97210.4,97210.4,0.0,1e-12,PASS
서울,housing_price,2023,현재_주택가격_2016-2024.csv,2,91410.5,91410.5,0.0,1e-12,PASS
서울,housing_price,2024,현재_주택가격_2016-2024.csv,2,96805.8,96805.8,0.0,1e-12,PASS
세종,housing_price,2017,현재_주택가격_2016-2024.csv,9,22880.0,22880.0,0.0,1e-12,PASS
세종,housing_price,2018,현재_주택가격_2016-2024.csv,9,27751.6,27751.6,0.0,1e-12,PASS
세종,housing_price,2019,현재_주택가격_2016-2024.csv,9,31573.3,31573.3,0.0,1e-12,PASS
세종,housing_price,2020,현재_주택가격_2016-2024.csv,9,42614.1,42614.1,0.0,1e-12,PASS
세종,housing_price,2021,현재_주택가격_2016-2024.csv,9,57866.4,57866.4,0.0,1e-12,PASS
세종,housing_price,2022,현재_주택가격_2016-2024.csv,9,51749.9,51749.9,0.0,1e-12,PASS
세종,housing_price,2023,현재_주택가격_2016-2024.csv,9,46613.7,46613.7,0.0,1e-12,PASS
세종,housing_price,2024,현재_주택가격_2016-2024.csv,9,49861.9,49861.9,0.0,1e-12,PASS
울산,housing_price,2016,현재_주택가격_2016-2024.csv,8,24836.5,24836.5,0.0,1e-12,PASS
울산,housing_price,2017,현재_주택가격_2016-2024.csv,8,22685.3,22685.3,0.0,1e-12,PASS
울산,housing_price,2018,현재_주택가격_2016-2024.csv,8,25274.2,25274.2,0.0,1e-12,PASS
울산,housing_price,2019,현재_주택가격_2016-2024.csv,8,25744.3,25744.3,0.0,1e-12,PASS
울산,housing_price,2020,현재_주택가격_2016-2024.csv,8,26559.6,26559.6,0.0,1e-12,PASS
울산,housing_price,2021,현재_주택가격_2016-2024.csv,8,31132.4,31132.4,0.0,1e-12,PASS
울산,housing_price,2022,현재_주택가격_2016-2024.csv,8,34547.8,34547.8,0.0,1e-12,PASS
울산,housing_price,2023,현재_주택가격_2016-2024.csv,8,32599.5,32599.5,0.0,1e-12,PASS
울산,housing_price,2024,현재_주택가격_2016-2024.csv,8,32967.2,32967.2,0.0,1e-12,PASS
인천,housing_price,2016,현재_주택가격_2016-2024.csv,5,20392.7,20392.7,0.0,1e-12,PASS
인천,housing_price,2017,현재_주택가격_2016-2024.csv,5,21223.1,21223.1,0.0,1e-12,PASS
인천,housing_price,2018,현재_주택가격_2016-2024.csv,5,23571.4,23571.4,0.0,1e-12,PASS
인천,housing_price,2019,현재_주택가격_2016-2024.csv,5,24209.4,24209.4,0.0,1e-12,PASS
인천,housing_price,2020,현재_주택가격_2016-2024.csv,5,26513.1,26513.1,0.0,1e-12,PASS
인천,housing_price,2021,현재_주택가격_2016-2024.csv,5,37434.0,37434.0,0.0,1e-12,PASS
인천,housing_price,2022,현재_주택가격_2016-2024.csv,5,35666.7,35666.7,0.0,1e-12,PASS
인천,housing_price,2023,현재_주택가격_2016-2024.csv,5,33331.1,33331.1,0.0,1e-12,PASS
인천,housing_price,2024,현재_주택가격_2016-2024.csv,5,34399.9,34399.9,0.0,1e-12,PASS
전국,housing_price,2016,현재_주택가격_2016-2024.csv,1,23866.7,23866.7,0.0,1e-12,PASS
전국,housing_price,2017,현재_주택가격_2016-2024.csv,1,22647.2,22647.2,0.0,1e-12,PASS
전국,housing_price,2018,현재_주택가격_2016-2024.csv,1,24621.1,24621.1,0.0,1e-12,PASS
전국,housing_price,2019,현재_주택가격_2016-2024.csv,1,25752.1,25752.1,0.0,1e-12,PASS
전국,housing_price,2020,현재_주택가격_2016-2024.csv,1,28565.0,28565.0,0.0,1e-12,PASS
전국,housing_price,2021,현재_주택가격_2016-2024.csv,1,35714.6,35714.6,0.0,1e-12,PASS
전국,housing_price,2022,현재_주택가격_2016-2024.csv,1,37470.4,37470.4,0.0,1e-12,PASS
전국,housing_price,2023,현재_주택가격_2016-2024.csv,1,33927.7,33927.7,0.0,1e-12,PASS
전국,housing_price,2024,현재_주택가격_2016-2024.csv,1,35030.5,35030.5,0.0,1e-12,PASS
전남,housing_price,2016,현재_주택가격_2016-2024.csv,15,8409.8,8409.8,0.0,1e-12,PASS
전남,housing_price,2017,현재_주택가격_2016-2024.csv,15,9736.2,9736.2,0.0,1e-12,PASS
전남,housing_price,2018,현재_주택가격_2016-2024.csv,15,10825.4,10825.4,0.0,1e-12,PASS
전남,housing_price,2019,현재_주택가격_2016-2024.csv,15,11735.5,11735.5,0.0,1e-12,PASS
전남,housing_price,2020,현재_주택가격_2016-2024.csv,15,11600.5,11600.5,0.0,1e-12,PASS
전남,housing_price,2021,현재_주택가격_2016-2024.csv,15,13813.7,13813.7,0.0,1e-12,PASS
전남,housing_price,2022,현재_주택가격_2016-2024.csv,15,14532.7,14532.7,0.0,1e-12,PASS
전남,housing_price,2023,현재_주택가격_2016-2024.csv,15,13445.5,13445.5,0.0,1e-12,PASS
전남,housing_price,2024,현재_주택가격_2016-2024.csv,15,15220.0,15220.0,0.0,1e-12,PASS
전북,housing_price,2016,현재_주택가격_2016-2024.csv,14,12755.2,12755.2,0.0,1e-12,PASS
전북,housing_price,2017,현재_주택가격_2016-2024.csv,14,11269.6,11269.6,0.0,1e-12,PASS
전북,housing_price,2018,현재_주택가격_2016-2024.csv,14,12689.4,12689.4,0.0,1e-12,PASS
전북,housing_price,2019,현재_주택가격_2016-2024.csv,14,13116.4,13116.4,0.0,1e-12,PASS
전북,housing_price,2020,현재_주택가격_2016-2024.csv,14,14235.5,14235.5,0.0,1e-12,PASS
전북,housing_price,2021,현재_주택가격_2016-2024.csv,14,15221.7,15221.7,0.0,1e-12,PASS
전북,housing_price,2022,현재_주택가격_2016-2024.csv,14,16490.2,16490.2,0.0,1e-12,PASS
전북,housing_price,2023,현재_주택가격_2016-2024.csv,14,16694.4,16694.4,0.0,1e-12,PASS
전북,housing_price,2024,현재_주택가격_2016-2024.csv,14,18141.8,18141.8,0.0,1e-12,PASS
제주,housing_price,2016,현재_주택가격_2016-2024.csv,18,21505.2,21505.2,0.0,1e-12,PASS
제주,housing_price,2017,현재_주택가격_2016-2024.csv,18,24167.4,24167.4,0.0,1e-12,PASS
제주,housing_price,2018,현재_주택가격_2016-2024.csv,18,28214.6,28214.6,0.0,1e-12,PASS
제주,housing_price,2019,현재_주택가격_2016-2024.csv,18,25221.5,25221.5,0.0,1e-12,PASS
제주,housing_price,2020,현재_주택가격_2016-2024.csv,18,27636.9,27636.9,0.0,1e-12,PASS
제주,housing_price,2021,현재_주택가격_2016-2024.csv,18,31065.4,31065.4,0.0,1e-12,PASS
제주,housing_price,2022,현재_주택가격_2016-2024.csv,18,35016.0,35016.0,0.0,1e-12,PASS
제주,housing_price,2023,현재_주택가격_2016-2024.csv,18,30849.0,30849.0,0.0,1e-12,PASS
제주,housing_price,2024,현재_주택가격_2016-2024.csv,18,30286.4,30286.4,0.0,1e-12,PASS
충남,housing_price,2016,현재_주택가격_2016-2024.csv,13,14501.3,14501.3,0.0,1e-12,PASS
충남,housing_price,2017,현재_주택가격_2016-2024.csv,13,14383.9,14383.9,0.0,1e-12,PASS
충남,housing_price,2018,현재_주택가격_2016-2024.csv,13,14776.2,14776.2,0.0,1e-12,PASS
충남,housing_price,2019,현재_주택가격_2016-2024.csv,13,14853.9,14853.9,0.0,1e-12,PASS
충남,housing_price,2020,현재_주택가격_2016-2024.csv,13,15112.6,15112.6,0.0,1e-12,PASS
충남,housing_price,2021,현재_주택가격_2016-2024.csv,13,18080.3,18080.3,0.0,1e-12,PASS
충남,housing_price,2022,현재_주택가격_2016-2024.csv,13,20861.3,20861.3,0.0,1e-12,PASS
충남,housing_price,2023,현재_주택가격_2016-2024.csv,13,19594.8,19594.8,0.0,1e-12,PASS
충남,housing_price,2024,현재_주택가격_2016-2024.csv,13,21609.8,21609.8,0.0,1e-12,PASS
충북,housing_price,2016,현재_주택가격_2016-2024.csv,12,15075.5,15075.5,0.0,1e-12,PASS
충북,housing_price,2017,현재_주택가격_2016-2024.csv,12,13960.8,13960.8,0.0,1e-12,PASS
충북,housing_price,2018,현재_주택가격_2016-2024.csv,12,13654.0,13654.0,0.0,1e-12,PASS
충북,housing_price,2019,현재_주택가격_2016-2024.csv,12,14384.8,14384.8,0.0,1e-12,PASS
충북,housing_price,2020,현재_주택가격_2016-2024.csv,12,16691.4,16691.4,0.0,1e-12,PASS
충북,housing_price,2021,현재_주택가격_2016-2024.csv,12,18809.7,18809.7,0.0,1e-12,PASS
충북,housing_price,2022,현재_주택가격_2016-2024.csv,12,19553.9,19553.9,0.0,1e-12,PASS
충북,housing_price,2023,현재_주택가격_2016-2024.csv,12,19879.9,19879.9,0.0,1e-12,PASS
충북,housing_price,2024,현재_주택가격_2016-2024.csv,12,20544.4,20544.4,0.0,1e-12,PASS
강원,income_level,2016,구조환경지표_21개_검증본.csv,47,17644.0,17644.0,0.0,1e-12,PASS
강원,income_level,2017,구조환경지표_21개_검증본.csv,47,18305.0,18305.0,0.0,1e-12,PASS
강원,income_level,2018,구조환경지표_21개_검증본.csv,47,19285.0,19285.0,0.0,1e-12,PASS
강원,income_level,2019,구조환경지표_21개_검증본.csv,47,20221.0,20221.0,0.0,1e-12,PASS
강원,income_level,2020,구조환경지표_21개_검증본.csv,47,21294.0,21294.0,0.0,1e-12,PASS
강원,income_level,2021,구조환경지표_21개_검증본.csv,47,22104.0,22104.0,0.0,1e-12,PASS
강원,income_level,2022,구조환경지표_21개_검증본.csv,47,23029.0,23029.0,0.0,1e-12,PASS
강원,income_level,2023,구조환경지표_21개_검증본.csv,47,24041.0,24041.0,0.0,1e-12,PASS
강원,income_level,2024,구조환경지표_21개_검증본.csv,47,25243.0,25243.0,0.0,1e-12,PASS
경기,income_level,2016,구조환경지표_21개_검증본.csv,46,19660.0,19660.0,0.0,1e-12,PASS
경기,income_level,2017,구조환경지표_21개_검증본.csv,46,20414.0,20414.0,0.0,1e-12,PASS
경기,income_level,2018,구조환경지표_21개_검증본.csv,46,21488.0,21488.0,0.0,1e-12,PASS
경기,income_level,2019,구조환경지표_21개_검증본.csv,46,22552.0,22552.0,0.0,1e-12,PASS
경기,income_level,2020,구조환경지표_21개_검증본.csv,46,23379.0,23379.0,0.0,1e-12,PASS
경기,income_level,2021,구조환경지표_21개_검증본.csv,46,23962.0,23962.0,0.0,1e-12,PASS
경기,income_level,2022,구조환경지표_21개_검증본.csv,46,25248.0,25248.0,0.0,1e-12,PASS
경기,income_level,2023,구조환경지표_21개_검증본.csv,46,26488.0,26488.0,0.0,1e-12,PASS
경기,income_level,2024,구조환경지표_21개_검증본.csv,46,27914.0,27914.0,0.0,1e-12,PASS
경남,income_level,2016,구조환경지표_21개_검증본.csv,53,18181.0,18181.0,0.0,1e-12,PASS
경남,income_level,2017,구조환경지표_21개_검증본.csv,53,18530.0,18530.0,0.0,1e-12,PASS
경남,income_level,2018,구조환경지표_21개_검증본.csv,53,19217.0,19217.0,0.0,1e-12,PASS
경남,income_level,2019,구조환경지표_21개_검증본.csv,53,19860.0,19860.0,0.0,1e-12,PASS
경남,income_level,2020,구조환경지표_21개_검증본.csv,53,20622.0,20622.0,0.0,1e-12,PASS
경남,income_level,2021,구조환경지표_21개_검증본.csv,53,21262.0,21262.0,0.0,1e-12,PASS
경남,income_level,2022,구조환경지표_21개_검증본.csv,53,22447.0,22447.0,0.0,1e-12,PASS
경남,income_level,2023,구조환경지표_21개_검증본.csv,53,23671.0,23671.0,0.0,1e-12,PASS
경남,income_level,2024,구조환경지표_21개_검증본.csv,53,25057.0,25057.0,0.0,1e-12,PASS
경북,income_level,2016,구조환경지표_21개_검증본.csv,52,17628.0,17628.0,0.0,1e-12,PASS
경북,income_level,2017,구조환경지표_21개_검증본.csv,52,18106.0,18106.0,0.0,1e-12,PASS
경북,income_level,2018,구조환경지표_21개_검증본.csv,52,18856.0,18856.0,0.0,1e-12,PASS
경북,income_level,2019,구조환경지표_21개_검증본.csv,52,19655.0,19655.0,0.0,1e-12,PASS
경북,income_level,2020,구조환경지표_21개_검증본.csv,52,20631.0,20631.0,0.0,1e-12,PASS
경북,income_level,2021,구조환경지표_21개_검증본.csv,52,21251.0,21251.0,0.0,1e-12,PASS
경북,income_level,2022,구조환경지표_21개_검증본.csv,52,22426.0,22426.0,0.0,1e-12,PASS
경북,income_level,2023,구조환경지표_21개_검증본.csv,52,23677.0,23677.0,0.0,1e-12,PASS
경북,income_level,2024,구조환경지표_21개_검증본.csv,52,24861.0,24861.0,0.0,1e-12,PASS
광주,income_level,2016,구조환경지표_21개_검증본.csv,42,18837.0,18837.0,0.0,1e-12,PASS
광주,income_level,2017,구조환경지표_21개_검증본.csv,42,19483.0,19483.0,0.0,1e-12,PASS
광주,income_level,2018,구조환경지표_21개_검증본.csv,42,20675.0,20675.0,0.0,1e-12,PASS
광주,income_level,2019,구조환경지표_21개_검증본.csv,42,21759.0,21759.0,0.0,1e-12,PASS
광주,income_level,2020,구조환경지표_21개_검증본.csv,42,22766.0,22766.0,0.0,1e-12,PASS
광주,income_level,2021,구조환경지표_21개_검증본.csv,42,23649.0,23649.0,0.0,1e-12,PASS
광주,income_level,2022,구조환경지표_21개_검증본.csv,42,25203.0,25203.0,0.0,1e-12,PASS
광주,income_level,2023,구조환경지표_21개_검증본.csv,42,26142.0,26142.0,0.0,1e-12,PASS
광주,income_level,2024,구조환경지표_21개_검증본.csv,42,27782.0,27782.0,0.0,1e-12,PASS
대구,income_level,2016,구조환경지표_21개_검증본.csv,40,18468.0,18468.0,0.0,1e-12,PASS
대구,income_level,2017,구조환경지표_21개_검증본.csv,40,18955.0,18955.0,0.0,1e-12,PASS
대구,income_level,2018,구조환경지표_21개_검증본.csv,40,19891.0,19891.0,0.0,1e-12,PASS
대구,income_level,2019,구조환경지표_21개_검증본.csv,40,20760.0,20760.0,0.0,1e-12,PASS
대구,income_level,2020,구조환경지표_21개_검증본.csv,40,21581.0,21581.0,0.0,1e-12,PASS
대구,income_level,2021,구조환경지표_21개_검증본.csv,40,22197.0,22197.0,0.0,1e-12,PASS
대구,income_level,2022,구조환경지표_21개_검증본.csv,40,23425.0,23425.0,0.0,1e-12,PASS
대구,income_level,2023,구조환경지표_21개_검증본.csv,40,24603.0,24603.0,0.0,1e-12,PASS
대구,income_level,2024,구조환경지표_21개_검증본.csv,40,25784.0,25784.0,0.0,1e-12,PASS
대전,income_level,2016,구조환경지표_21개_검증본.csv,43,19917.0,19917.0,0.0,1e-12,PASS
대전,income_level,2017,구조환경지표_21개_검증본.csv,43,20619.0,20619.0,0.0,1e-12,PASS
대전,income_level,2018,구조환경지표_21개_검증본.csv,43,21756.0,21756.0,0.0,1e-12,PASS
대전,income_level,2019,구조환경지표_21개_검증본.csv,43,22978.0,22978.0,0.0,1e-12,PASS
대전,income_level,2020,구조환경지표_21개_검증본.csv,43,23916.0,23916.0,0.0,1e-12,PASS
대전,income_level,2021,구조환경지표_21개_검증본.csv,43,24774.0,24774.0,0.0,1e-12,PASS
대전,income_level,2022,구조환경지표_21개_검증본.csv,43,26158.0,26158.0,0.0,1e-12,PASS
대전,income_level,2023,구조환경지표_21개_검증본.csv,43,27418.0,27418.0,0.0,1e-12,PASS
대전,income_level,2024,구조환경지표_21개_검증본.csv,43,28753.0,28753.0,0.0,1e-12,PASS
부산,income_level,2016,구조환경지표_21개_검증본.csv,39,18637.0,18637.0,0.0,1e-12,PASS
부산,income_level,2017,구조환경지표_21개_검증본.csv,39,19161.0,19161.0,0.0,1e-12,PASS
부산,income_level,2018,구조환경지표_21개_검증본.csv,39,20022.0,20022.0,0.0,1e-12,PASS
부산,income_level,2019,구조환경지표_21개_검증본.csv,39,21096.0,21096.0,0.0,1e-12,PASS
부산,income_level,2020,구조환경지표_21개_검증본.csv,39,21715.0,21715.0,0.0,1e-12,PASS
부산,income_level,2021,구조환경지표_21개_검증본.csv,39,22338.0,22338.0,0.0,1e-12,PASS
부산,income_level,2022,구조환경지표_21개_검증본.csv,39,23730.0,23730.0,0.0,1e-12,PASS
부산,income_level,2023,구조환경지표_21개_검증본.csv,39,24853.0,24853.0,0.0,1e-12,PASS
부산,income_level,2024,구조환경지표_21개_검증본.csv,39,26157.0,26157.0,0.0,1e-12,PASS
서울,income_level,2016,구조환경지표_21개_검증본.csv,38,23375.0,23375.0,0.0,1e-12,PASS
서울,income_level,2017,구조환경지표_21개_검증본.csv,38,23976.0,23976.0,0.0,1e-12,PASS
서울,income_level,2018,구조환경지표_21개_검증본.csv,38,25053.0,25053.0,0.0,1e-12,PASS
서울,income_level,2019,구조환경지표_21개_검증본.csv,38,26229.0,26229.0,0.0,1e-12,PASS
서울,income_level,2020,구조환경지표_21개_검증본.csv,38,26428.0,26428.0,0.0,1e-12,PASS
서울,income_level,2021,구조환경지표_21개_검증본.csv,38,27119.0,27119.0,0.0,1e-12,PASS
서울,income_level,2022,구조환경지표_21개_검증본.csv,38,28187.0,28187.0,0.0,1e-12,PASS
서울,income_level,2023,구조환경지표_21개_검증본.csv,38,30382.0,30382.0,0.0,1e-12,PASS
서울,income_level,2024,구조환경지표_21개_검증본.csv,38,32224.0,32224.0,0.0,1e-12,PASS
세종,income_level,2016,구조환경지표_21개_검증본.csv,45,22605.0,22605.0,0.0,1e-12,PASS
세종,income_level,2017,구조환경지표_21개_검증본.csv,45,22678.0,22678.0,0.0,1e-12,PASS
세종,income_level,2018,구조환경지표_21개_검증본.csv,45,22790.0,22790.0,0.0,1e-12,PASS
세종,income_level,2019,구조환경지표_21개_검증본.csv,45,23515.0,23515.0,0.0,1e-12,PASS
세종,income_level,2020,구조환경지표_21개_검증본.csv,45,24369.0,24369.0,0.0,1e-12,PASS
세종,income_level,2021,구조환경지표_21개_검증본.csv,45,25346.0,25346.0,0.0,1e-12,PASS
세종,income_level,2022,구조환경지표_21개_검증본.csv,45,25854.0,25854.0,0.0,1e-12,PASS
세종,income_level,2023,구조환경지표_21개_검증본.csv,45,26598.0,26598.0,0.0,1e-12,PASS
세종,income_level,2024,구조환경지표_21개_검증본.csv,45,28379.0,28379.0,0.0,1e-12,PASS
울산,income_level,2016,구조환경지표_21개_검증본.csv,44,22883.0,22883.0,0.0,1e-12,PASS
울산,income_level,2017,구조환경지표_21개_검증본.csv,44,22973.0,22973.0,0.0,1e-12,PASS
울산,income_level,2018,구조환경지표_21개_검증본.csv,44,23252.0,23252.0,0.0,1e-12,PASS
울산,income_level,2019,구조환경지표_21개_검증본.csv,44,24079.0,24079.0,0.0,1e-12,PASS
울산,income_level,2020,구조환경지표_21개_검증본.csv,44,24671.0,24671.0,0.0,1e-12,PASS
울산,income_level,2021,구조환경지표_21개_검증본.csv,44,25672.0,25672.0,0.0,1e-12,PASS
울산,income_level,2022,구조환경지표_21개_검증본.csv,44,27079.0,27079.0,0.0,1e-12,PASS
울산,income_level,2023,구조환경지표_21개_검증본.csv,44,29378.0,29378.0,0.0,1e-12,PASS
울산,income_level,2024,구조환경지표_21개_검증본.csv,44,31117.0,31117.0,0.0,1e-12,PASS
인천,income_level,2016,구조환경지표_21개_검증본.csv,41,18611.0,18611.0,0.0,1e-12,PASS
인천,income_level,2017,구조환경지표_21개_검증본.csv,41,19297.0,19297.0,0.0,1e-12,PASS
인천,income_level,2018,구조환경지표_21개_검증본.csv,41,20522.0,20522.0,0.0,1e-12,PASS
인천,income_level,2019,구조환경지표_21개_검증본.csv,41,21517.0,21517.0,0.0,1e-12,PASS
인천,income_level,2020,구조환경지표_21개_검증본.csv,41,22338.0,22338.0,0.0,1e-12,PASS
인천,income_level,2021,구조환경지표_21개_검증본.csv,41,23053.0,23053.0,0.0,1e-12,PASS
인천,income_level,2022,구조환경지표_21개_검증본.csv,41,24387.0,24387.0,0.0,1e-12,PASS
인천,income_level,2023,구조환경지표_21개_검증본.csv,41,25421.0,25421.0,0.0,1e-12,PASS
인천,income_level,2024,구조환경지표_21개_검증본.csv,41,26869.0,26869.0,0.0,1e-12,PASS
전국,income_level,2016,구조환경지표_21개_검증본.csv,37,19714.0,19714.0,0.0,1e-12,PASS
전국,income_level,2017,구조환경지표_21개_검증본.csv,37,20309.0,20309.0,0.0,1e-12,PASS
전국,income_level,2018,구조환경지표_21개_검증본.csv,37,21288.0,21288.0,0.0,1e-12,PASS
전국,income_level,2019,구조환경지표_21개_검증본.csv,37,22289.0,22289.0,0.0,1e-12,PASS
전국,income_level,2020,구조환경지표_21개_검증본.csv,37,23042.0,23042.0,0.0,1e-12,PASS
전국,income_level,2021,구조환경지표_21개_검증본.csv,37,23726.0,23726.0,0.0,1e-12,PASS
전국,income_level,2022,구조환경지표_21개_검증본.csv,37,24971.0,24971.0,0.0,1e-12,PASS
전국,income_level,2023,구조환경지표_21개_검증본.csv,37,26383.0,26383.0,0.0,1e-12,PASS
전국,income_level,2024,구조환경지표_21개_검증본.csv,37,27825.0,27825.0,0.0,1e-12,PASS
전남,income_level,2016,구조환경지표_21개_검증본.csv,51,17863.0,17863.0,0.0,1e-12,PASS
전남,income_level,2017,구조환경지표_21개_검증본.csv,51,18433.0,18433.0,0.0,1e-12,PASS
전남,income_level,2018,구조환경지표_21개_검증본.csv,51,19384.0,19384.0,0.0,1e-12,PASS
전남,income_level,2019,구조환경지표_21개_검증본.csv,51,20355.0,20355.0,0.0,1e-12,PASS
전남,income_level,2020,구조환경지표_21개_검증본.csv,51,21395.0,21395.0,0.0,1e-12,PASS
전남,income_level,2021,구조환경지표_21개_검증본.csv,51,22270.0,22270.0,0.0,1e-12,PASS
전남,income_level,2022,구조환경지표_21개_검증본.csv,51,23748.0,23748.0,0.0,1e-12,PASS
전남,income_level,2023,구조환경지표_21개_검증본.csv,51,25444.0,25444.0,0.0,1e-12,PASS
전남,income_level,2024,구조환경지표_21개_검증본.csv,51,26804.0,26804.0,0.0,1e-12,PASS
전북,income_level,2016,구조환경지표_21개_검증본.csv,50,17670.0,17670.0,0.0,1e-12,PASS
전북,income_level,2017,구조환경지표_21개_검증본.csv,50,18298.0,18298.0,0.0,1e-12,PASS
전북,income_level,2018,구조환경지표_21개_검증본.csv,50,19302.0,19302.0,0.0,1e-12,PASS
전북,income_level,2019,구조환경지표_21개_검증본.csv,50,20271.0,20271.0,0.0,1e-12,PASS
전북,income_level,2020,구조환경지표_21개_검증본.csv,50,21444.0,21444.0,0.0,1e-12,PASS
전북,income_level,2021,구조환경지표_21개_검증본.csv,50,22029.0,22029.0,0.0,1e-12,PASS
전북,income_level,2022,구조환경지표_21개_검증본.csv,50,23633.0,23633.0,0.0,1e-12,PASS
전북,income_level,2023,구조환경지표_21개_검증본.csv,50,24930.0,24930.0,0.0,1e-12,PASS
전북,income_level,2024,구조환경지표_21개_검증본.csv,50,26132.0,26132.0,0.0,1e-12,PASS
제주,income_level,2016,구조환경지표_21개_검증본.csv,54,18295.0,18295.0,0.0,1e-12,PASS
제주,income_level,2017,구조환경지표_21개_검증본.csv,54,18731.0,18731.0,0.0,1e-12,PASS
제주,income_level,2018,구조환경지표_21개_검증본.csv,54,19402.0,19402.0,0.0,1e-12,PASS
제주,income_level,2019,구조환경지표_21개_검증본.csv,54,19979.0,19979.0,0.0,1e-12,PASS
제주,income_level,2020,구조환경지표_21개_검증본.csv,54,20835.0,20835.0,0.0,1e-12,PASS
제주,income_level,2021,구조환경지표_21개_검증본.csv,54,21396.0,21396.0,0.0,1e-12,PASS
제주,income_level,2022,구조환경지표_21개_검증본.csv,54,22481.0,22481.0,0.0,1e-12,PASS
제주,income_level,2023,구조환경지표_21개_검증본.csv,54,23718.0,23718.0,0.0,1e-12,PASS
제주,income_level,2024,구조환경지표_21개_검증본.csv,54,24611.0,24611.0,0.0,1e-12,PASS
충남,income_level,2016,구조환경지표_21개_검증본.csv,49,17842.0,17842.0,0.0,1e-12,PASS
충남,income_level,2017,구조환경지표_21개_검증본.csv,49,18332.0,18332.0,0.0,1e-12,PASS
충남,income_level,2018,구조환경지표_21개_검증본.csv,49,19292.0,19292.0,0.0,1e-12,PASS
충남,income_level,2019,구조환경지표_21개_검증본.csv,49,20125.0,20125.0,0.0,1e-12,PASS
충남,income_level,2020,구조환경지표_21개_검증본.csv,49,21308.0,21308.0,0.0,1e-12,PASS
충남,income_level,2021,구조환경지표_21개_검증본.csv,49,22047.0,22047.0,0.0,1e-12,PASS
충남,income_level,2022,구조환경지표_21개_검증본.csv,49,23176.0,23176.0,0.0,1e-12,PASS
충남,income_level,2023,구조환경지표_21개_검증본.csv,49,24449.0,24449.0,0.0,1e-12,PASS
충남,income_level,2024,구조환경지표_21개_검증본.csv,49,25610.0,25610.0,0.0,1e-12,PASS
충북,income_level,2016,구조환경지표_21개_검증본.csv,48,17894.0,17894.0,0.0,1e-12,PASS
충북,income_level,2017,구조환경지표_21개_검증본.csv,48,18634.0,18634.0,0.0,1e-12,PASS
충북,income_level,2018,구조환경지표_21개_검증본.csv,48,19734.0,19734.0,0.0,1e-12,PASS
충북,income_level,2019,구조환경지표_21개_검증본.csv,48,20770.0,20770.0,0.0,1e-12,PASS
충북,income_level,2020,구조환경지표_21개_검증본.csv,48,21801.0,21801.0,0.0,1e-12,PASS
충북,income_level,2021,구조환경지표_21개_검증본.csv,48,22873.0,22873.0,0.0,1e-12,PASS
충북,income_level,2022,구조환경지표_21개_검증본.csv,48,24181.0,24181.0,0.0,1e-12,PASS
충북,income_level,2023,구조환경지표_21개_검증본.csv,48,25327.0,25327.0,0.0,1e-12,PASS
충북,income_level,2024,구조환경지표_21개_검증본.csv,48,26551.0,26551.0,0.0,1e-12,PASS
강원,income_satisfaction,2017,구조환경지표_21개_검증본.csv,29,2.619,2.619,0.0,1e-12,PASS
강원,income_satisfaction,2019,구조환경지표_21개_검증본.csv,29,2.6720000000000006,2.6720000000000006,0.0,1e-12,PASS
강원,income_satisfaction,2021,구조환경지표_21개_검증본.csv,29,2.813,2.813,0.0,1e-12,PASS
강원,income_satisfaction,2023,구조환경지표_21개_검증본.csv,29,2.931,2.931,0.0,1e-12,PASS
경기,income_satisfaction,2017,구조환경지표_21개_검증본.csv,28,2.533,2.533,0.0,1e-12,PASS
경기,income_satisfaction,2019,구조환경지표_21개_검증본.csv,28,2.6033966033966034,2.6033966033966034,0.0,1e-12,PASS
경기,income_satisfaction,2021,구조환경지표_21개_검증본.csv,28,2.659,2.659,0.0,1e-12,PASS
경기,income_satisfaction,2023,구조환경지표_21개_검증본.csv,28,2.723723723723724,2.723723723723724,0.0,1e-12,PASS
경남,income_satisfaction,2017,구조환경지표_21개_검증본.csv,35,2.5504495504495504,2.5504495504495504,0.0,1e-12,PASS
경남,income_satisfaction,2019,구조환경지표_21개_검증본.csv,35,2.636,2.636,0.0,1e-12,PASS
경남,income_satisfaction,2021,구조환경지표_21개_검증본.csv,35,2.6733266733266734,2.6733266733266734,0.0,1e-12,PASS
경남,income_satisfaction,2023,구조환경지표_21개_검증본.csv,35,2.784,2.784,0.0,1e-12,PASS
경북,income_satisfaction,2017,구조환경지표_21개_검증본.csv,34,2.569430569430569,2.569430569430569,0.0,1e-12,PASS
경북,income_satisfaction,2019,구조환경지표_21개_검증본.csv,34,2.6000000000000005,2.6000000000000005,0.0,1e-12,PASS
경북,income_satisfaction,2021,구조환경지표_21개_검증본.csv,34,2.7157157157157155,2.7157157157157155,0.0,1e-12,PASS
경북,income_satisfaction,2023,구조환경지표_21개_검증본.csv,34,2.734265734265735,2.734265734265735,0.0,1e-12,PASS
광주,income_satisfaction,2017,구조환경지표_21개_검증본.csv,24,2.6049999999999995,2.6049999999999995,0.0,1e-12,PASS
광주,income_satisfaction,2019,구조환경지표_21개_검증본.csv,24,2.6253746253746253,2.6253746253746253,0.0,1e-12,PASS
광주,income_satisfaction,2021,구조환경지표_21개_검증본.csv,24,2.7437437437437437,2.743743743743744,4.440892098500626e-16,1e-12,PASS
광주,income_satisfaction,2023,구조환경지표_21개_검증본.csv,24,2.807,2.807,0.0,1e-12,PASS
대구,income_satisfaction,2017,구조환경지표_21개_검증본.csv,22,2.51,2.51,0.0,1e-12,PASS
대구,income_satisfaction,2019,구조환경지표_21개_검증본.csv,22,2.586,2.586,0.0,1e-12,PASS
대구,income_satisfaction,2021,구조환경지표_21개_검증본.csv,22,2.639,2.639,0.0,1e-12,PASS
대구,income_satisfaction,2023,구조환경지표_21개_검증본.csv,22,2.705,2.705,0.0,1e-12,PASS
대전,income_satisfaction,2017,구조환경지표_21개_검증본.csv,25,2.565,2.565,0.0,1e-12,PASS
대전,income_satisfaction,2019,구조환경지표_21개_검증본.csv,25,2.606,2.606,0.0,1e-12,PASS
대전,income_satisfaction,2021,구조환경지표_21개_검증본.csv,25,2.734,2.734,0.0,1e-12,PASS
대전,income_satisfaction,2023,구조환경지표_21개_검증본.csv,25,2.835835835835836,2.835835835835836,0.0,1e-12,PASS
부산,income_satisfaction,2017,구조환경지표_21개_검증본.csv,21,2.488511488511488,2.488511488511488,0.0,1e-12,PASS
부산,income_satisfaction,2019,구조환경지표_21개_검증본.csv,21,2.5570000000000004,2.5570000000000004,0.0,1e-12,PASS
부산,income_satisfaction,2021,구조환경지표_21개_검증본.csv,21,2.624,2.624,0.0,1e-12,PASS
부산,income_satisfaction,2023,구조환경지표_21개_검증본.csv,21,2.7820000000000005,2.7820000000000005,0.0,1e-12,PASS
서울,income_satisfaction,2017,구조환경지표_21개_검증본.csv,20,2.592,2.592,0.0,1e-12,PASS
서울,income_satisfaction,2019,구조환경지표_21개_검증본.csv,20,2.5754245754245755,2.5754245754245755,0.0,1e-12,PASS
서울,income_satisfaction,2021,구조환경지표_21개_검증본.csv,20,2.6570000000000005,2.6570000000000005,0.0,1e-12,PASS
서울,income_satisfaction,2023,구조환경지표_21개_검증본.csv,20,2.767232767232768,2.767232767232768,0.0,1e-12,PASS
세종,income_satisfaction,2017,구조환경지표_21개_검증본.csv,27,2.7332667332667326,2.7332667332667326,0.0,1e-12,PASS
세종,income_satisfaction,2019,구조환경지표_21개_검증본.csv,27,2.752,2.752,0.0,1e-12,PASS
세종,income_satisfaction,2021,구조환경지표_21개_검증본.csv,27,2.8510000000000004,2.8510000000000004,0.0,1e-12,PASS
세종,income_satisfaction,2023,구조환경지표_21개_검증본.csv,27,2.835835835835835,2.835835835835835,0.0,1e-12,PASS
울산,income_satisfaction,2017,구조환경지표_21개_검증본.csv,26,2.54954954954955,2.54954954954955,0.0,1e-12,PASS
울산,income_satisfaction,2019,구조환경지표_21개_검증본.csv,26,2.567,2.567,0.0,1e-12,PASS
울산,income_satisfaction,2021,구조환경지표_21개_검증본.csv,26,2.727,2.727,0.0,1e-12,PASS
울산,income_satisfaction,2023,구조환경지표_21개_검증본.csv,26,2.77,2.77,0.0,1e-12,PASS
인천,income_satisfaction,2017,구조환경지표_21개_검증본.csv,23,2.509,2.509,0.0,1e-12,PASS
인천,income_satisfaction,2019,구조환경지표_21개_검증본.csv,23,2.6210000000000004,2.6210000000000004,0.0,1e-12,PASS
인천,income_satisfaction,2021,구조환경지표_21개_검증본.csv,23,2.6623376623376624,2.6623376623376624,0.0,1e-12,PASS
인천,income_satisfaction,2023,구조환경지표_21개_검증본.csv,23,2.7179999999999995,2.7179999999999995,0.0,1e-12,PASS
전국,income_satisfaction,2017,구조환경지표_21개_검증본.csv,19,2.559,2.559,0.0,1e-12,PASS
전국,income_satisfaction,2019,구조환경지표_21개_검증본.csv,19,2.607392607392608,2.607392607392608,0.0,1e-12,PASS
전국,income_satisfaction,2021,구조환경지표_21개_검증본.csv,19,2.6966966966966965,2.6966966966966965,0.0,1e-12,PASS
전국,income_satisfaction,2023,구조환경지표_21개_검증본.csv,19,2.772772772772773,2.772772772772773,0.0,1e-12,PASS
전남,income_satisfaction,2017,구조환경지표_21개_검증본.csv,33,2.658,2.658,0.0,1e-12,PASS
전남,income_satisfaction,2019,구조환경지표_21개_검증본.csv,33,2.6990000000000003,2.6990000000000003,0.0,1e-12,PASS
전남,income_satisfaction,2021,구조환경지표_21개_검증본.csv,33,2.841158841158841,2.841158841158841,0.0,1e-12,PASS
전남,income_satisfaction,2023,구조환경지표_21개_검증본.csv,33,2.883,2.883,0.0,1e-12,PASS
전북,income_satisfaction,2017,구조환경지표_21개_검증본.csv,32,2.587587587587588,2.587587587587588,0.0,1e-12,PASS
전북,income_satisfaction,2019,구조환경지표_21개_검증본.csv,32,2.639,2.639,0.0,1e-12,PASS
전북,income_satisfaction,2021,구조환경지표_21개_검증본.csv,32,2.8070000000000004,2.8070000000000004,0.0,1e-12,PASS
전북,income_satisfaction,2023,구조환경지표_21개_검증본.csv,32,2.8758758758758765,2.8758758758758765,0.0,1e-12,PASS
제주,income_satisfaction,2017,구조환경지표_21개_검증본.csv,36,2.7310000000000003,2.7310000000000003,0.0,1e-12,PASS
제주,income_satisfaction,2019,구조환경지표_21개_검증본.csv,36,2.654,2.654,0.0,1e-12,PASS
제주,income_satisfaction,2021,구조환경지표_21개_검증본.csv,36,2.853,2.853,0.0,1e-12,PASS
제주,income_satisfaction,2023,구조환경지표_21개_검증본.csv,36,2.887,2.887,0.0,1e-12,PASS
충남,income_satisfaction,2017,구조환경지표_21개_검증본.csv,31,2.5674325674325678,2.567432567432568,4.440892098500626e-16,1e-12,PASS
충남,income_satisfaction,2019,구조환경지표_21개_검증본.csv,31,2.6486486486486487,2.6486486486486487,0.0,1e-12,PASS
충남,income_satisfaction,2021,구조환경지표_21개_검증본.csv,31,2.855855855855856,2.855855855855856,0.0,1e-12,PASS
충남,income_satisfaction,2023,구조환경지표_21개_검증본.csv,31,2.8831168831168834,2.8831168831168834,0.0,1e-12,PASS
충북,income_satisfaction,2017,구조환경지표_21개_검증본.csv,30,2.52,2.52,0.0,1e-12,PASS
충북,income_satisfaction,2019,구조환경지표_21개_검증본.csv,30,2.6010000000000004,2.6010000000000004,0.0,1e-12,PASS
충북,income_satisfaction,2021,구조환경지표_21개_검증본.csv,30,2.793,2.793,0.0,1e-12,PASS
충북,income_satisfaction,2023,구조환경지표_21개_검증본.csv,30,2.7992007992008,2.7992007992008,0.0,1e-12,PASS
강원,leisure_satisfaction,2017,구조환경지표_21개_검증본.csv,155,3.1019999999999994,3.1019999999999994,0.0,1e-12,PASS
강원,leisure_satisfaction,2019,구조환경지표_21개_검증본.csv,155,3.112112112112112,3.112112112112112,0.0,1e-12,PASS
강원,leisure_satisfaction,2021,구조환경지표_21개_검증본.csv,155,3.104895104895105,3.104895104895105,0.0,1e-12,PASS
강원,leisure_satisfaction,2023,구조환경지표_21개_검증본.csv,155,3.249249249249248,3.249249249249248,0.0,1e-12,PASS
경기,leisure_satisfaction,2017,구조환경지표_21개_검증본.csv,154,2.996003996003996,2.996003996003996,0.0,1e-12,PASS
경기,leisure_satisfaction,2019,구조환경지표_21개_검증본.csv,154,3.0790790790790794,3.0790790790790794,0.0,1e-12,PASS
경기,leisure_satisfaction,2021,구조환경지표_21개_검증본.csv,154,3.02,3.02,0.0,1e-12,PASS
경기,leisure_satisfaction,2023,구조환경지표_21개_검증본.csv,154,3.209209209209209,3.209209209209209,0.0,1e-12,PASS
경남,leisure_satisfaction,2017,구조환경지표_21개_검증본.csv,161,3.096,3.096,0.0,1e-12,PASS
경남,leisure_satisfaction,2019,구조환경지표_21개_검증본.csv,161,3.091908091908092,3.091908091908092,0.0,1e-12,PASS
경남,leisure_satisfaction,2021,구조환경지표_21개_검증본.csv,161,3.0680000000000005,3.0680000000000005,0.0,1e-12,PASS
경남,leisure_satisfaction,2023,구조환경지표_21개_검증본.csv,161,3.199,3.199,0.0,1e-12,PASS
경북,leisure_satisfaction,2017,구조환경지표_21개_검증본.csv,160,3.0329999999999995,3.0329999999999995,0.0,1e-12,PASS
경북,leisure_satisfaction,2019,구조환경지표_21개_검증본.csv,160,3.0640000000000005,3.0640000000000005,0.0,1e-12,PASS
경북,leisure_satisfaction,2021,구조환경지표_21개_검증본.csv,160,3.0049999999999994,3.0049999999999994,0.0,1e-12,PASS
경북,leisure_satisfaction,2023,구조환경지표_21개_검증본.csv,160,3.1501501501501497,3.1501501501501497,0.0,1e-12,PASS
광주,leisure_satisfaction,2017,구조환경지표_21개_검증본.csv,150,3.0409999999999995,3.0409999999999995,0.0,1e-12,PASS
광주,leisure_satisfaction,2019,구조환경지표_21개_검증본.csv,150,3.067067067067067,3.067067067067067,0.0,1e-12,PASS
광주,leisure_satisfaction,2021,구조환경지표_21개_검증본.csv,150,3.02,3.02,0.0,1e-12,PASS
광주,leisure_satisfaction,2023,구조환경지표_21개_검증본.csv,150,3.1830000000000003,3.1830000000000003,0.0,1e-12,PASS
대구,leisure_satisfaction,2017,구조환경지표_21개_검증본.csv,148,2.8811188811188813,2.8811188811188813,0.0,1e-12,PASS
대구,leisure_satisfaction,2019,구조환경지표_21개_검증본.csv,148,2.9640000000000004,2.9640000000000004,0.0,1e-12,PASS
대구,leisure_satisfaction,2021,구조환경지표_21개_검증본.csv,148,3.042,3.042,0.0,1e-12,PASS
대구,leisure_satisfaction,2023,구조환경지표_21개_검증본.csv,148,3.148,3.148,0.0,1e-12,PASS
대전,leisure_satisfaction,2017,구조환경지표_21개_검증본.csv,151,3.024,3.024,0.0,1e-12,PASS
대전,leisure_satisfaction,2019,구조환경지표_21개_검증본.csv,151,3.033,3.033,0.0,1e-12,PASS
대전,leisure_satisfaction,2021,구조환경지표_21개_검증본.csv,151,3.108,3.108,0.0,1e-12,PASS
대전,leisure_satisfaction,2023,구조환경지표_21개_검증본.csv,151,3.295,3.295,0.0,1e-12,PASS
부산,leisure_satisfaction,2017,구조환경지표_21개_검증본.csv,147,2.957042957042957,2.957042957042957,0.0,1e-12,PASS
부산,leisure_satisfaction,2019,구조환경지표_21개_검증본.csv,147,2.93,2.93,0.0,1e-12,PASS
부산,leisure_satisfaction,2021,구조환경지표_21개_검증본.csv,147,2.967,2.967,0.0,1e-12,PASS
부산,leisure_satisfaction,2023,구조환경지표_21개_검증본.csv,147,3.177,3.177,0.0,1e-12,PASS
서울,leisure_satisfaction,2017,구조환경지표_21개_검증본.csv,146,3.026026026026025,3.026026026026025,0.0,1e-12,PASS
서울,leisure_satisfaction,2019,구조환경지표_21개_검증본.csv,146,3.0830830830830838,3.083083083083084,4.440892098500626e-16,1e-12,PASS
서울,leisure_satisfaction,2021,구조환경지표_21개_검증본.csv,146,3.0860860860860857,3.0860860860860857,0.0,1e-12,PASS
서울,leisure_satisfaction,2023,구조환경지표_21개_검증본.csv,146,3.250000000000001,3.250000000000001,0.0,1e-12,PASS
세종,leisure_satisfaction,2017,구조환경지표_21개_검증본.csv,153,3.13,3.13,0.0,1e-12,PASS
세종,leisure_satisfaction,2019,구조환경지표_21개_검증본.csv,153,3.271000000000001,3.271000000000001,0.0,1e-12,PASS
세종,leisure_satisfaction,2021,구조환경지표_21개_검증본.csv,153,3.086913086913087,3.086913086913087,0.0,1e-12,PASS
세종,leisure_satisfaction,2023,구조환경지표_21개_검증본.csv,153,3.297,3.297,0.0,1e-12,PASS
울산,leisure_satisfaction,2017,구조환경지표_21개_검증본.csv,152,3.0040000000000004,3.0040000000000004,0.0,1e-12,PASS
울산,leisure_satisfaction,2019,구조환경지표_21개_검증본.csv,152,3.117882117882118,3.117882117882118,0.0,1e-12,PASS
울산,leisure_satisfaction,2021,구조환경지표_21개_검증본.csv,152,3.1630000000000003,3.1630000000000003,0.0,1e-12,PASS
울산,leisure_satisfaction,2023,구조환경지표_21개_검증본.csv,152,3.1488511488511497,3.1488511488511497,0.0,1e-12,PASS
인천,leisure_satisfaction,2017,구조환경지표_21개_검증본.csv,149,2.975024975024975,2.975024975024975,0.0,1e-12,PASS
인천,leisure_satisfaction,2019,구조환경지표_21개_검증본.csv,149,3.091999999999999,3.091999999999999,0.0,1e-12,PASS
인천,leisure_satisfaction,2021,구조환경지표_21개_검증본.csv,149,3.0880880880880883,3.0880880880880883,0.0,1e-12,PASS
인천,leisure_satisfaction,2023,구조환경지표_21개_검증본.csv,149,3.1861861861861858,3.1861861861861858,0.0,1e-12,PASS
전국,leisure_satisfaction,2017,구조환경지표_21개_검증본.csv,145,3.009,3.009,0.0,1e-12,PASS
전국,leisure_satisfaction,2019,구조환경지표_21개_검증본.csv,145,3.0609999999999995,3.0609999999999995,0.0,1e-12,PASS
전국,leisure_satisfaction,2021,구조환경지표_21개_검증본.csv,145,3.051051051051051,3.051051051051051,0.0,1e-12,PASS
전국,leisure_satisfaction,2023,구조환경지표_21개_검증본.csv,145,3.2039999999999997,3.204,4.440892098500626e-16,1e-12,PASS
전남,leisure_satisfaction,2017,구조환경지표_21개_검증본.csv,159,3.026,3.026,0.0,1e-12,PASS
전남,leisure_satisfaction,2019,구조환경지표_21개_검증본.csv,159,3.068,3.068,0.0,1e-12,PASS
전남,leisure_satisfaction,2021,구조환경지표_21개_검증본.csv,159,3.1370000000000005,3.1370000000000005,0.0,1e-12,PASS
전남,leisure_satisfaction,2023,구조환경지표_21개_검증본.csv,159,3.164,3.164,0.0,1e-12,PASS
전북,leisure_satisfaction,2017,구조환경지표_21개_검증본.csv,158,2.9820000000000007,2.9820000000000007,0.0,1e-12,PASS
전북,leisure_satisfaction,2019,구조환경지표_21개_검증본.csv,158,3.0229999999999992,3.0229999999999992,0.0,1e-12,PASS
전북,leisure_satisfaction,2021,구조환경지표_21개_검증본.csv,158,3.0110110110110115,3.0110110110110115,0.0,1e-12,PASS
전북,leisure_satisfaction,2023,구조환경지표_21개_검증본.csv,158,3.189,3.189,0.0,1e-12,PASS
제주,leisure_satisfaction,2017,구조환경지표_21개_검증본.csv,162,3.1361361361361366,3.1361361361361366,0.0,1e-12,PASS
제주,leisure_satisfaction,2019,구조환경지표_21개_검증본.csv,162,3.0409999999999995,3.0409999999999995,0.0,1e-12,PASS
제주,leisure_satisfaction,2021,구조환경지표_21개_검증본.csv,162,3.127127127127127,3.127127127127127,0.0,1e-12,PASS
제주,leisure_satisfaction,2023,구조환경지표_21개_검증본.csv,162,3.276,3.276,0.0,1e-12,PASS
충남,leisure_satisfaction,2017,구조환경지표_21개_검증본.csv,157,2.9920000000000004,2.9920000000000004,0.0,1e-12,PASS
충남,leisure_satisfaction,2019,구조환경지표_21개_검증본.csv,157,3.062,3.062,0.0,1e-12,PASS
충남,leisure_satisfaction,2021,구조환경지표_21개_검증본.csv,157,3.051051051051051,3.051051051051051,0.0,1e-12,PASS
충남,leisure_satisfaction,2023,구조환경지표_21개_검증본.csv,157,3.168,3.168,0.0,1e-12,PASS
충북,leisure_satisfaction,2017,구조환경지표_21개_검증본.csv,156,2.9749749749749745,2.9749749749749745,0.0,1e-12,PASS
충북,leisure_satisfaction,2019,구조환경지표_21개_검증본.csv,156,3.0180000000000007,3.0180000000000007,0.0,1e-12,PASS
충북,leisure_satisfaction,2021,구조환경지표_21개_검증본.csv,156,3.007007007007006,3.007007007007006,0.0,1e-12,PASS
충북,leisure_satisfaction,2023,구조환경지표_21개_검증본.csv,156,3.185,3.185,0.0,1e-12,PASS
강원,marriage_perception,2016,구조환경지표_21개_검증본.csv,334,3.664969450101833,3.664969450101833,0.0,1e-12,PASS
강원,marriage_perception,2018,구조환경지표_21개_검증본.csv,334,3.640495867768595,3.640495867768595,0.0,1e-12,PASS
강원,marriage_perception,2020,구조환경지표_21개_검증본.csv,334,3.6974358974358976,3.6974358974358976,0.0,1e-12,PASS
강원,marriage_perception,2022,구조환경지표_21개_검증본.csv,334,3.664953751284686,3.664953751284686,0.0,1e-12,PASS
강원,marriage_perception,2024,구조환경지표_21개_검증본.csv,334,3.684265010351967,3.684265010351967,0.0,1e-12,PASS
경기,marriage_perception,2016,구조환경지표_21개_검증본.csv,333,3.595116988809766,3.595116988809766,0.0,1e-12,PASS
경기,marriage_perception,2018,구조환경지표_21개_검증본.csv,333,3.538226299694189,3.538226299694189,0.0,1e-12,PASS
경기,marriage_perception,2020,구조환경지표_21개_검증본.csv,333,3.603288797533402,3.603288797533402,0.0,1e-12,PASS
경기,marriage_perception,2022,구조환경지표_21개_검증본.csv,333,3.598555211558308,3.598555211558308,0.0,1e-12,PASS
경기,marriage_perception,2024,구조환경지표_21개_검증본.csv,333,3.6348717948717946,3.6348717948717946,0.0,1e-12,PASS
경남,marriage_perception,2016,구조환경지표_21개_검증본.csv,340,3.660860655737704,3.660860655737704,0.0,1e-12,PASS
경남,marriage_perception,2018,구조환경지표_21개_검증본.csv,340,3.5804480651731163,3.5804480651731163,0.0,1e-12,PASS
경남,marriage_perception,2020,구조환경지표_21개_검증본.csv,340,3.7197125256673504,3.7197125256673504,0.0,1e-12,PASS
경남,marriage_perception,2022,구조환경지표_21개_검증본.csv,340,3.66147455867082,3.66147455867082,0.0,1e-12,PASS
경남,marriage_perception,2024,구조환경지표_21개_검증본.csv,340,3.767179487179487,3.767179487179487,0.0,1e-12,PASS
경북,marriage_perception,2016,구조환경지표_21개_검증본.csv,339,3.69458631256384,3.69458631256384,0.0,1e-12,PASS
경북,marriage_perception,2018,구조환경지표_21개_검증본.csv,339,3.657520325203252,3.657520325203252,0.0,1e-12,PASS
경북,marriage_perception,2020,구조환경지표_21개_검증본.csv,339,3.626680455015512,3.626680455015512,0.0,1e-12,PASS
경북,marriage_perception,2022,구조환경지표_21개_검증본.csv,339,3.709844559585493,3.709844559585493,0.0,1e-12,PASS
경북,marriage_perception,2024,구조환경지표_21개_검증본.csv,339,3.751787538304393,3.751787538304393,0.0,1e-12,PASS
광주,marriage_perception,2016,구조환경지표_21개_검증본.csv,329,3.601634320735445,3.601634320735445,0.0,1e-12,PASS
광주,marriage_perception,2018,구조환경지표_21개_검증본.csv,329,3.527720739219712,3.527720739219712,0.0,1e-12,PASS
광주,marriage_perception,2020,구조환경지표_21개_검증본.csv,329,3.7283825025432336,3.7283825025432336,0.0,1e-12,PASS
광주,marriage_perception,2022,구조환경지표_21개_검증본.csv,329,3.7456410256410257,3.7456410256410257,0.0,1e-12,PASS
광주,marriage_perception,2024,구조환경지표_21개_검증본.csv,329,3.749741468459152,3.749741468459152,0.0,1e-12,PASS
대구,marriage_perception,2016,구조환경지표_21개_검증본.csv,327,3.620162932790224,3.620162932790224,0.0,1e-12,PASS
대구,marriage_perception,2018,구조환경지표_21개_검증본.csv,327,3.560041407867495,3.560041407867495,0.0,1e-12,PASS
대구,marriage_perception,2020,구조환경지표_21개_검증본.csv,327,3.6420512820512823,3.642051282051282,4.440892098500626e-16,1e-12,PASS
대구,marriage_perception,2022,구조환경지표_21개_검증본.csv,327,3.650826446280992,3.650826446280992,0.0,1e-12,PASS
대구,marriage_perception,2024,구조환경지표_21개_검증본.csv,327,3.556701030927836,3.556701030927836,0.0,1e-12,PASS
대전,marriage_perception,2016,구조환경지표_21개_검증본.csv,330,3.635897435897436,3.635897435897436,0.0,1e-12,PASS
대전,marriage_perception,2018,구조환경지표_21개_검증본.csv,330,3.5097037793667014,3.5097037793667014,0.0,1e-12,PASS
대전,marriage_perception,2020,구조환경지표_21개_검증본.csv,330,3.635802469135802,3.635802469135802,0.0,1e-12,PASS
대전,marriage_perception,2022,구조환경지표_21개_검증본.csv,330,3.6956967213114735,3.6956967213114735,0.0,1e-12,PASS
대전,marriage_perception,2024,구조환경지표_21개_검증본.csv,330,3.756449948400413,3.756449948400413,0.0,1e-12,PASS
부산,marriage_perception,2016,구조환경지표_21개_검증본.csv,326,3.6316872427983538,3.6316872427983538,0.0,1e-12,PASS
부산,marriage_perception,2018,구조환경지표_21개_검증본.csv,326,3.568464730290456,3.568464730290456,0.0,1e-12,PASS
부산,marriage_perception,2020,구조환경지표_21개_검증본.csv,326,3.633056133056134,3.633056133056134,0.0,1e-12,PASS
부산,marriage_perception,2022,구조환경지표_21개_검증본.csv,326,3.585669781931464,3.585669781931464,0.0,1e-12,PASS
부산,marriage_perception,2024,구조환경지표_21개_검증본.csv,326,3.635619242579325,3.635619242579325,0.0,1e-12,PASS
서울,marriage_perception,2016,구조환경지표_21개_검증본.csv,325,3.5605289928789423,3.5605289928789423,0.0,1e-12,PASS
서울,marriage_perception,2018,구조환경지표_21개_검증본.csv,325,3.529051987767583,3.529051987767583,0.0,1e-12,PASS
서울,marriage_perception,2020,구조환경지표_21개_검증본.csv,325,3.618312757201646,3.618312757201646,0.0,1e-12,PASS
서울,marriage_perception,2022,구조환경지표_21개_검증본.csv,325,3.5733471074380163,3.5733471074380163,0.0,1e-12,PASS
서울,marriage_perception,2024,구조환경지표_21개_검증본.csv,325,3.604316546762589,3.604316546762589,0.0,1e-12,PASS
세종,marriage_perception,2016,구조환경지표_21개_검증본.csv,332,3.59979633401222,3.59979633401222,0.0,1e-12,PASS
세종,marriage_perception,2018,구조환경지표_21개_검증본.csv,332,3.513733468972533,3.513733468972533,0.0,1e-12,PASS
세종,marriage_perception,2020,구조환경지표_21개_검증본.csv,332,3.674489795918368,3.674489795918368,0.0,1e-12,PASS
세종,marriage_perception,2022,구조환경지표_21개_검증본.csv,332,3.582815734989648,3.582815734989648,0.0,1e-12,PASS
세종,marriage_perception,2024,구조환경지표_21개_검증본.csv,332,3.643666323377961,3.643666323377961,0.0,1e-12,PASS
울산,marriage_perception,2016,구조환경지표_21개_검증본.csv,331,3.6163655685441034,3.616365568544104,4.440892098500626e-16,1e-12,PASS
울산,marriage_perception,2018,구조환경지표_21개_검증본.csv,331,3.471134020618557,3.471134020618557,0.0,1e-12,PASS
울산,marriage_perception,2020,구조환경지표_21개_검증본.csv,331,3.572320499479709,3.572320499479709,0.0,1e-12,PASS
울산,marriage_perception,2022,구조환경지표_21개_검증본.csv,331,3.607068607068608,3.607068607068608,0.0,1e-12,PASS
울산,marriage_perception,2024,구조환경지표_21개_검증본.csv,331,3.5900104058272637,3.590010405827264,4.440892098500626e-16,1e-12,PASS
인천,marriage_perception,2016,구조환경지표_21개_검증본.csv,328,3.5944272445820427,3.5944272445820427,0.0,1e-12,PASS
인천,marriage_perception,2018,구조환경지표_21개_검증본.csv,328,3.523421588594705,3.523421588594705,0.0,1e-12,PASS
인천,marriage_perception,2020,구조환경지표_21개_검증본.csv,328,3.639462809917355,3.639462809917355,0.0,1e-12,PASS
인천,marriage_perception,2022,구조환경지표_21개_검증본.csv,328,3.597927461139896,3.597927461139896,0.0,1e-12,PASS
인천,marriage_perception,2024,구조환경지표_21개_검증본.csv,328,3.636831275720165,3.636831275720165,0.0,1e-12,PASS
전국,marriage_perception,2016,구조환경지표_21개_검증본.csv,324,3.619631901840491,3.619631901840491,0.0,1e-12,PASS
전국,marriage_perception,2018,구조환경지표_21개_검증본.csv,324,3.5701125895598773,3.5701125895598773,0.0,1e-12,PASS
전국,marriage_perception,2020,구조환경지표_21개_검증본.csv,324,3.646391752577319,3.646391752577319,0.0,1e-12,PASS
전국,marriage_perception,2022,구조환경지표_21개_검증본.csv,324,3.630546955624355,3.630546955624355,0.0,1e-12,PASS
전국,marriage_perception,2024,구조환경지표_21개_검증본.csv,324,3.6670092497430624,3.6670092497430624,0.0,1e-12,PASS
전남,marriage_perception,2016,구조환경지표_21개_검증본.csv,338,3.775384615384616,3.775384615384616,0.0,1e-12,PASS
전남,marriage_perception,2018,구조환경지표_21개_검증본.csv,338,3.762641898864809,3.762641898864809,0.0,1e-12,PASS
전남,marriage_perception,2020,구조환경지표_21개_검증본.csv,338,3.8229813664596266,3.8229813664596266,0.0,1e-12,PASS
전남,marriage_perception,2022,구조환경지표_21개_검증본.csv,338,3.791581108829569,3.791581108829569,0.0,1e-12,PASS
전남,marriage_perception,2024,구조환경지표_21개_검증본.csv,338,3.828689370485036,3.828689370485036,0.0,1e-12,PASS
전북,marriage_perception,2016,구조환경지표_21개_검증본.csv,337,3.67420349434738,3.67420349434738,0.0,1e-12,PASS
전북,marriage_perception,2018,구조환경지표_21개_검증본.csv,337,3.678243105209397,3.678243105209397,0.0,1e-12,PASS
전북,marriage_perception,2020,구조환경지표_21개_검증본.csv,337,3.7345041322314056,3.7345041322314056,0.0,1e-12,PASS
전북,marriage_perception,2022,구조환경지표_21개_검증본.csv,337,3.693333333333333,3.693333333333333,0.0,1e-12,PASS
전북,marriage_perception,2024,구조환경지표_21개_검증본.csv,337,3.759674134419551,3.759674134419551,0.0,1e-12,PASS
제주,marriage_perception,2016,구조환경지표_21개_검증본.csv,341,3.656792645556691,3.656792645556691,0.0,1e-12,PASS
제주,marriage_perception,2018,구조환경지표_21개_검증본.csv,341,3.656410256410256,3.656410256410256,0.0,1e-12,PASS
제주,marriage_perception,2020,구조환경지표_21개_검증본.csv,341,3.736297828335057,3.736297828335057,0.0,1e-12,PASS
제주,marriage_perception,2022,구조환경지표_21개_검증본.csv,341,3.64778578784758,3.64778578784758,0.0,1e-12,PASS
제주,marriage_perception,2024,구조환경지표_21개_검증본.csv,341,3.658137154554759,3.658137154554759,0.0,1e-12,PASS
충남,marriage_perception,2016,구조환경지표_21개_검증본.csv,336,3.640816326530613,3.640816326530613,0.0,1e-12,PASS
충남,marriage_perception,2018,구조환경지표_21개_검증본.csv,336,3.640946502057613,3.640946502057613,0.0,1e-12,PASS
충남,marriage_perception,2020,구조환경지표_21개_검증본.csv,336,3.698529411764706,3.698529411764706,0.0,1e-12,PASS
충남,marriage_perception,2022,구조환경지표_21개_검증본.csv,336,3.654127481713688,3.654127481713688,0.0,1e-12,PASS
충남,marriage_perception,2024,구조환경지표_21개_검증본.csv,336,3.81165452653486,3.81165452653486,0.0,1e-12,PASS
충북,marriage_perception,2016,구조환경지표_21개_검증본.csv,335,3.704615384615384,3.704615384615384,0.0,1e-12,PASS
충북,marriage_perception,2018,구조환경지표_21개_검증본.csv,335,3.644102564102565,3.644102564102565,0.0,1e-12,PASS
충북,marriage_perception,2020,구조환경지표_21개_검증본.csv,335,3.649323621227888,3.649323621227888,0.0,1e-12,PASS
충북,marriage_perception,2022,구조환경지표_21개_검증본.csv,335,3.6793032786885247,3.6793032786885247,0.0,1e-12,PASS
충북,marriage_perception,2024,구조환경지표_21개_검증본.csv,335,3.6776180698151952,3.6776180698151952,0.0,1e-12,PASS
강원,parental_leave_usage,2016,구조환경지표_21개_검증본.csv,298,18.6,18.6,0.0,1e-12,PASS
강원,parental_leave_usage,2017,구조환경지표_21개_검증본.csv,298,21.9,21.9,0.0,1e-12,PASS
강원,parental_leave_usage,2018,구조환경지표_21개_검증본.csv,298,23.4,23.4,0.0,1e-12,PASS
강원,parental_leave_usage,2019,구조환경지표_21개_검증본.csv,298,25.9,25.9,0.0,1e-12,PASS
강원,parental_leave_usage,2020,구조환경지표_21개_검증본.csv,298,27.8,27.8,0.0,1e-12,PASS
강원,parental_leave_usage,2021,구조환경지표_21개_검증본.csv,298,29.9,29.9,0.0,1e-12,PASS
강원,parental_leave_usage,2022,구조환경지표_21개_검증본.csv,298,34.2,34.2,0.0,1e-12,PASS
강원,parental_leave_usage,2023,구조환경지표_21개_검증본.csv,298,36.4,36.4,0.0,1e-12,PASS
강원,parental_leave_usage,2024,구조환경지표_21개_검증본.csv,298,38.8,38.8,0.0,1e-12,PASS
경기,parental_leave_usage,2016,구조환경지표_21개_검증본.csv,297,19.9,19.9,0.0,1e-12,PASS
경기,parental_leave_usage,2017,구조환경지표_21개_검증본.csv,297,21.4,21.4,0.0,1e-12,PASS
경기,parental_leave_usage,2018,구조환경지표_21개_검증본.csv,297,22.3,22.3,0.0,1e-12,PASS
경기,parental_leave_usage,2019,구조환경지표_21개_검증본.csv,297,23.7,23.7,0.0,1e-12,PASS
경기,parental_leave_usage,2020,구조환경지표_21개_검증본.csv,297,24.9,24.9,0.0,1e-12,PASS
경기,parental_leave_usage,2021,구조환경지표_21개_검증본.csv,297,26.4,26.4,0.0,1e-12,PASS
경기,parental_leave_usage,2022,구조환경지표_21개_검증본.csv,297,30.9,30.9,0.0,1e-12,PASS
경기,parental_leave_usage,2023,구조환경지표_21개_검증본.csv,297,33.1,33.1,0.0,1e-12,PASS
경기,parental_leave_usage,2024,구조환경지표_21개_검증본.csv,297,34.3,34.3,0.0,1e-12,PASS
경남,parental_leave_usage,2016,구조환경지표_21개_검증본.csv,304,16.6,16.6,0.0,1e-12,PASS
경남,parental_leave_usage,2017,구조환경지표_21개_검증본.csv,304,19.3,19.3,0.0,1e-12,PASS
경남,parental_leave_usage,2018,구조환경지표_21개_검증본.csv,304,20.0,20.0,0.0,1e-12,PASS
경남,parental_leave_usage,2019,구조환경지표_21개_검증본.csv,304,21.3,21.3,0.0,1e-12,PASS
경남,parental_leave_usage,2020,구조환경지표_21개_검증본.csv,304,22.9,22.9,0.0,1e-12,PASS
경남,parental_leave_usage,2021,구조환경지표_21개_검증본.csv,304,24.8,24.8,0.0,1e-12,PASS
경남,parental_leave_usage,2022,구조환경지표_21개_검증본.csv,304,29.2,29.2,0.0,1e-12,PASS
경남,parental_leave_usage,2023,구조환경지표_21개_검증본.csv,304,30.8,30.8,0.0,1e-12,PASS
경남,parental_leave_usage,2024,구조환경지표_21개_검증본.csv,304,33.2,33.2,0.0,1e-12,PASS
경북,parental_leave_usage,2016,구조환경지표_21개_검증본.csv,303,17.6,17.6,0.0,1e-12,PASS
경북,parental_leave_usage,2017,구조환경지표_21개_검증본.csv,303,18.9,18.9,0.0,1e-12,PASS
경북,parental_leave_usage,2018,구조환경지표_21개_검증본.csv,303,20.0,20.0,0.0,1e-12,PASS
경북,parental_leave_usage,2019,구조환경지표_21개_검증본.csv,303,21.0,21.0,0.0,1e-12,PASS
경북,parental_leave_usage,2020,구조환경지표_21개_검증본.csv,303,23.7,23.7,0.0,1e-12,PASS
경북,parental_leave_usage,2021,구조환경지표_21개_검증본.csv,303,25.0,25.0,0.0,1e-12,PASS
경북,parental_leave_usage,2022,구조환경지표_21개_검증본.csv,303,29.4,29.4,0.0,1e-12,PASS
경북,parental_leave_usage,2023,구조환경지표_21개_검증본.csv,303,31.4,31.4,0.0,1e-12,PASS
경북,parental_leave_usage,2024,구조환경지표_21개_검증본.csv,303,33.5,33.5,0.0,1e-12,PASS
광주,parental_leave_usage,2016,구조환경지표_21개_검증본.csv,293,19.6,19.6,0.0,1e-12,PASS
광주,parental_leave_usage,2017,구조환경지표_21개_검증본.csv,293,21.0,21.0,0.0,1e-12,PASS
광주,parental_leave_usage,2018,구조환경지표_21개_검증본.csv,293,22.6,22.6,0.0,1e-12,PASS
광주,parental_leave_usage,2019,구조환경지표_21개_검증본.csv,293,23.4,23.4,0.0,1e-12,PASS
광주,parental_leave_usage,2020,구조환경지표_21개_검증본.csv,293,25.1,25.1,0.0,1e-12,PASS
광주,parental_leave_usage,2021,구조환경지표_21개_검증본.csv,293,27.3,27.3,0.0,1e-12,PASS
광주,parental_leave_usage,2022,구조환경지표_21개_검증본.csv,293,32.1,32.1,0.0,1e-12,PASS
광주,parental_leave_usage,2023,구조환경지표_21개_검증본.csv,293,31.1,31.1,0.0,1e-12,PASS
광주,parental_leave_usage,2024,구조환경지표_21개_검증본.csv,293,33.5,33.5,0.0,1e-12,PASS
대구,parental_leave_usage,2016,구조환경지표_21개_검증본.csv,291,20.1,20.1,0.0,1e-12,PASS
대구,parental_leave_usage,2017,구조환경지표_21개_검증본.csv,291,20.8,20.8,0.0,1e-12,PASS
대구,parental_leave_usage,2018,구조환경지표_21개_검증본.csv,291,21.2,21.2,0.0,1e-12,PASS
대구,parental_leave_usage,2019,구조환경지표_21개_검증본.csv,291,23.2,23.2,0.0,1e-12,PASS
대구,parental_leave_usage,2020,구조환경지표_21개_검증본.csv,291,24.4,24.4,0.0,1e-12,PASS
대구,parental_leave_usage,2021,구조환경지표_21개_검증본.csv,291,25.7,25.7,0.0,1e-12,PASS
대구,parental_leave_usage,2022,구조환경지표_21개_검증본.csv,291,29.5,29.5,0.0,1e-12,PASS
대구,parental_leave_usage,2023,구조환경지표_21개_검증본.csv,291,31.7,31.7,0.0,1e-12,PASS
대구,parental_leave_usage,2024,구조환경지표_21개_검증본.csv,291,33.1,33.1,0.0,1e-12,PASS
대전,parental_leave_usage,2016,구조환경지표_21개_검증본.csv,294,20.0,20.0,0.0,1e-12,PASS
대전,parental_leave_usage,2017,구조환경지표_21개_검증본.csv,294,22.0,22.0,0.0,1e-12,PASS
대전,parental_leave_usage,2018,구조환경지표_21개_검증본.csv,294,22.9,22.9,0.0,1e-12,PASS
대전,parental_leave_usage,2019,구조환경지표_21개_검증본.csv,294,23.7,23.7,0.0,1e-12,PASS
대전,parental_leave_usage,2020,구조환경지표_21개_검증본.csv,294,26.3,26.3,0.0,1e-12,PASS
대전,parental_leave_usage,2021,구조환경지표_21개_검증본.csv,294,27.9,27.9,0.0,1e-12,PASS
대전,parental_leave_usage,2022,구조환경지표_21개_검증본.csv,294,32.7,32.7,0.0,1e-12,PASS
대전,parental_leave_usage,2023,구조환경지표_21개_검증본.csv,294,34.7,34.7,0.0,1e-12,PASS
대전,parental_leave_usage,2024,구조환경지표_21개_검증본.csv,294,36.5,36.5,0.0,1e-12,PASS
부산,parental_leave_usage,2016,구조환경지표_21개_검증본.csv,290,20.4,20.4,0.0,1e-12,PASS
부산,parental_leave_usage,2017,구조환경지표_21개_검증본.csv,290,21.4,21.4,0.0,1e-12,PASS
부산,parental_leave_usage,2018,구조환경지표_21개_검증본.csv,290,22.5,22.5,0.0,1e-12,PASS
부산,parental_leave_usage,2019,구조환경지표_21개_검증본.csv,290,24.1,24.1,0.0,1e-12,PASS
부산,parental_leave_usage,2020,구조환경지표_21개_검증본.csv,290,26.3,26.3,0.0,1e-12,PASS
부산,parental_leave_usage,2021,구조환경지표_21개_검증본.csv,290,28.0,28.0,0.0,1e-12,PASS
부산,parental_leave_usage,2022,구조환경지표_21개_검증본.csv,290,31.9,31.9,0.0,1e-12,PASS
부산,parental_leave_usage,2023,구조환경지표_21개_검증본.csv,290,33.7,33.7,0.0,1e-12,PASS
부산,parental_leave_usage,2024,구조환경지표_21개_검증본.csv,290,36.0,36.0,0.0,1e-12,PASS
서울,parental_leave_usage,2016,구조환경지표_21개_검증본.csv,289,23.8,23.8,0.0,1e-12,PASS
서울,parental_leave_usage,2017,구조환경지표_21개_검증본.csv,289,25.3,25.3,0.0,1e-12,PASS
서울,parental_leave_usage,2018,구조환경지표_21개_검증본.csv,289,26.2,26.2,0.0,1e-12,PASS
서울,parental_leave_usage,2019,구조환경지표_21개_검증본.csv,289,27.3,27.3,0.0,1e-12,PASS
서울,parental_leave_usage,2020,구조환경지표_21개_검증본.csv,289,28.2,28.2,0.0,1e-12,PASS
서울,parental_leave_usage,2021,구조환경지표_21개_검증본.csv,289,29.1,29.1,0.0,1e-12,PASS
서울,parental_leave_usage,2022,구조환경지표_21개_검증본.csv,289,32.7,32.7,0.0,1e-12,PASS
서울,parental_leave_usage,2023,구조환경지표_21개_검증본.csv,289,34.1,34.1,0.0,1e-12,PASS
서울,parental_leave_usage,2024,구조환경지표_21개_검증본.csv,289,35.0,35.0,0.0,1e-12,PASS
세종,parental_leave_usage,2016,구조환경지표_21개_검증본.csv,296,22.6,22.6,0.0,1e-12,PASS
세종,parental_leave_usage,2017,구조환경지표_21개_검증본.csv,296,23.6,23.6,0.0,1e-12,PASS
세종,parental_leave_usage,2018,구조환경지표_21개_검증본.csv,296,25.7,25.7,0.0,1e-12,PASS
세종,parental_leave_usage,2019,구조환경지표_21개_검증본.csv,296,27.3,27.3,0.0,1e-12,PASS
세종,parental_leave_usage,2020,구조환경지표_21개_검증본.csv,296,28.9,28.9,0.0,1e-12,PASS
세종,parental_leave_usage,2021,구조환경지표_21개_검증본.csv,296,31.7,31.7,0.0,1e-12,PASS
세종,parental_leave_usage,2022,구조환경지표_21개_검증본.csv,296,35.1,35.1,0.0,1e-12,PASS
세종,parental_leave_usage,2023,구조환경지표_21개_검증본.csv,296,37.4,37.4,0.0,1e-12,PASS
세종,parental_leave_usage,2024,구조환경지표_21개_검증본.csv,296,38.6,38.6,0.0,1e-12,PASS
울산,parental_leave_usage,2016,구조환경지표_21개_검증본.csv,295,14.6,14.6,0.0,1e-12,PASS
울산,parental_leave_usage,2017,구조환경지표_21개_검증본.csv,295,17.3,17.3,0.0,1e-12,PASS
울산,parental_leave_usage,2018,구조환경지표_21개_검증본.csv,295,18.5,18.5,0.0,1e-12,PASS
울산,parental_leave_usage,2019,구조환경지표_21개_검증본.csv,295,19.8,19.8,0.0,1e-12,PASS
울산,parental_leave_usage,2020,구조환경지표_21개_검증본.csv,295,20.8,20.8,0.0,1e-12,PASS
울산,parental_leave_usage,2021,구조환경지표_21개_검증본.csv,295,23.3,23.3,0.0,1e-12,PASS
울산,parental_leave_usage,2022,구조환경지표_21개_검증본.csv,295,27.7,27.7,0.0,1e-12,PASS
울산,parental_leave_usage,2023,구조환경지표_21개_검증본.csv,295,29.9,29.9,0.0,1e-12,PASS
울산,parental_leave_usage,2024,구조환경지표_21개_검증본.csv,295,30.6,30.6,0.0,1e-12,PASS
인천,parental_leave_usage,2016,구조환경지표_21개_검증본.csv,292,19.0,19.0,0.0,1e-12,PASS
인천,parental_leave_usage,2017,구조환경지표_21개_검증본.csv,292,20.6,20.6,0.0,1e-12,PASS
인천,parental_leave_usage,2018,구조환경지표_21개_검증본.csv,292,21.8,21.8,0.0,1e-12,PASS
인천,parental_leave_usage,2019,구조환경지표_21개_검증본.csv,292,24.0,24.0,0.0,1e-12,PASS
인천,parental_leave_usage,2020,구조환경지표_21개_검증본.csv,292,25.5,25.5,0.0,1e-12,PASS
인천,parental_leave_usage,2021,구조환경지표_21개_검증본.csv,292,26.0,26.0,0.0,1e-12,PASS
인천,parental_leave_usage,2022,구조환경지표_21개_검증본.csv,292,31.4,31.4,0.0,1e-12,PASS
인천,parental_leave_usage,2023,구조환경지표_21개_검증본.csv,292,32.6,32.6,0.0,1e-12,PASS
인천,parental_leave_usage,2024,구조환경지표_21개_검증본.csv,292,35.6,35.6,0.0,1e-12,PASS
전국,parental_leave_usage,2016,구조환경지표_21개_검증본.csv,288,20.0,20.0,0.0,1e-12,PASS
전국,parental_leave_usage,2017,구조환경지표_21개_검증본.csv,288,21.6,21.6,0.0,1e-12,PASS
전국,parental_leave_usage,2018,구조환경지표_21개_검증본.csv,288,22.5,22.5,0.0,1e-12,PASS
전국,parental_leave_usage,2019,구조환경지표_21개_검증본.csv,288,24.0,24.0,0.0,1e-12,PASS
전국,parental_leave_usage,2020,구조환경지표_21개_검증본.csv,288,25.5,25.5,0.0,1e-12,PASS
전국,parental_leave_usage,2021,구조환경지표_21개_검증본.csv,288,27.0,27.0,0.0,1e-12,PASS
전국,parental_leave_usage,2022,구조환경지표_21개_검증본.csv,288,31.2,31.2,0.0,1e-12,PASS
전국,parental_leave_usage,2023,구조환경지표_21개_검증본.csv,288,33.0,33.0,0.0,1e-12,PASS
전국,parental_leave_usage,2024,구조환경지표_21개_검증본.csv,288,34.7,34.7,0.0,1e-12,PASS
전남,parental_leave_usage,2016,구조환경지표_21개_검증본.csv,302,17.0,17.0,0.0,1e-12,PASS
전남,parental_leave_usage,2017,구조환경지표_21개_검증본.csv,302,18.6,18.6,0.0,1e-12,PASS
전남,parental_leave_usage,2018,구조환경지표_21개_검증본.csv,302,20.7,20.7,0.0,1e-12,PASS
전남,parental_leave_usage,2019,구조환경지표_21개_검증본.csv,302,22.9,22.9,0.0,1e-12,PASS
전남,parental_leave_usage,2020,구조환경지표_21개_검증본.csv,302,25.1,25.1,0.0,1e-12,PASS
전남,parental_leave_usage,2021,구조환경지표_21개_검증본.csv,302,25.6,25.6,0.0,1e-12,PASS
전남,parental_leave_usage,2022,구조환경지표_21개_검증본.csv,302,30.2,30.2,0.0,1e-12,PASS
전남,parental_leave_usage,2023,구조환경지표_21개_검증본.csv,302,33.3,33.3,0.0,1e-12,PASS
전남,parental_leave_usage,2024,구조환경지표_21개_검증본.csv,302,35.7,35.7,0.0,1e-12,PASS
전북,parental_leave_usage,2016,구조환경지표_21개_검증본.csv,301,18.1,18.1,0.0,1e-12,PASS
전북,parental_leave_usage,2017,구조환경지표_21개_검증본.csv,301,20.1,20.1,0.0,1e-12,PASS
전북,parental_leave_usage,2018,구조환경지표_21개_검증본.csv,301,21.4,21.4,0.0,1e-12,PASS
전북,parental_leave_usage,2019,구조환경지표_21개_검증본.csv,301,22.2,22.2,0.0,1e-12,PASS
전북,parental_leave_usage,2020,구조환경지표_21개_검증본.csv,301,23.4,23.4,0.0,1e-12,PASS
전북,parental_leave_usage,2021,구조환경지표_21개_검증본.csv,301,26.0,26.0,0.0,1e-12,PASS
전북,parental_leave_usage,2022,구조환경지표_21개_검증본.csv,301,30.0,30.0,0.0,1e-12,PASS
전북,parental_leave_usage,2023,구조환경지표_21개_검증본.csv,301,31.9,31.9,0.0,1e-12,PASS
전북,parental_leave_usage,2024,구조환경지표_21개_검증본.csv,301,34.7,34.7,0.0,1e-12,PASS
제주,parental_leave_usage,2016,구조환경지표_21개_검증본.csv,305,24.1,24.1,0.0,1e-12,PASS
제주,parental_leave_usage,2017,구조환경지표_21개_검증본.csv,305,24.4,24.4,0.0,1e-12,PASS
제주,parental_leave_usage,2018,구조환경지표_21개_검증본.csv,305,25.9,25.9,0.0,1e-12,PASS
제주,parental_leave_usage,2019,구조환경지표_21개_검증본.csv,305,27.8,27.8,0.0,1e-12,PASS
제주,parental_leave_usage,2020,구조환경지표_21개_검증본.csv,305,28.8,28.8,0.0,1e-12,PASS
제주,parental_leave_usage,2021,구조환경지표_21개_검증본.csv,305,32.0,32.0,0.0,1e-12,PASS
제주,parental_leave_usage,2022,구조환경지표_21개_검증본.csv,305,36.5,36.5,0.0,1e-12,PASS
제주,parental_leave_usage,2023,구조환경지표_21개_검증본.csv,305,35.9,35.9,0.0,1e-12,PASS
제주,parental_leave_usage,2024,구조환경지표_21개_검증본.csv,305,39.3,39.3,0.0,1e-12,PASS
충남,parental_leave_usage,2016,구조환경지표_21개_검증본.csv,300,17.3,17.3,0.0,1e-12,PASS
충남,parental_leave_usage,2017,구조환경지표_21개_검증본.csv,300,18.7,18.7,0.0,1e-12,PASS
충남,parental_leave_usage,2018,구조환경지표_21개_검증본.csv,300,19.4,19.4,0.0,1e-12,PASS
충남,parental_leave_usage,2019,구조환경지표_21개_검증본.csv,300,21.3,21.3,0.0,1e-12,PASS
충남,parental_leave_usage,2020,구조환경지표_21개_검증본.csv,300,23.4,23.4,0.0,1e-12,PASS
충남,parental_leave_usage,2021,구조환경지표_21개_검증본.csv,300,25.5,25.5,0.0,1e-12,PASS
충남,parental_leave_usage,2022,구조환경지표_21개_검증본.csv,300,29.7,29.7,0.0,1e-12,PASS
충남,parental_leave_usage,2023,구조환경지표_21개_검증본.csv,300,31.1,31.1,0.0,1e-12,PASS
충남,parental_leave_usage,2024,구조환경지표_21개_검증본.csv,300,34.0,34.0,0.0,1e-12,PASS
충북,parental_leave_usage,2016,구조환경지표_21개_검증본.csv,299,19.3,19.3,0.0,1e-12,PASS
충북,parental_leave_usage,2017,구조환경지표_21개_검증본.csv,299,20.3,20.3,0.0,1e-12,PASS
충북,parental_leave_usage,2018,구조환경지표_21개_검증본.csv,299,21.6,21.6,0.0,1e-12,PASS
충북,parental_leave_usage,2019,구조환경지표_21개_검증본.csv,299,23.0,23.0,0.0,1e-12,PASS
충북,parental_leave_usage,2020,구조환경지표_21개_검증본.csv,299,24.6,24.6,0.0,1e-12,PASS
충북,parental_leave_usage,2021,구조환경지표_21개_검증본.csv,299,27.0,27.0,0.0,1e-12,PASS
충북,parental_leave_usage,2022,구조환경지표_21개_검증본.csv,299,30.0,30.0,0.0,1e-12,PASS
충북,parental_leave_usage,2023,구조환경지표_21개_검증본.csv,299,32.8,32.8,0.0,1e-12,PASS
충북,parental_leave_usage,2024,구조환경지표_21개_검증본.csv,299,35.2,35.2,0.0,1e-12,PASS
강원,pediatric_specialist_supply,2016,구조환경지표_21개_검증본.csv,191,7.737911769750698,7.737911769750698,0.0,1e-12,PASS
강원,pediatric_specialist_supply,2017,구조환경지표_21개_검증본.csv,191,8.257308040166643,8.257308040166643,0.0,1e-12,PASS
강원,pediatric_specialist_supply,2018,구조환경지표_21개_검증본.csv,191,8.246643664633467,8.246643664633467,0.0,1e-12,PASS
강원,pediatric_specialist_supply,2019,구조환경지표_21개_검증본.csv,191,8.546858842868838,8.546858842868838,0.0,1e-12,PASS
강원,pediatric_specialist_supply,2020,구조환경지표_21개_검증본.csv,191,8.75009722330248,8.75009722330248,0.0,1e-12,PASS
강원,pediatric_specialist_supply,2021,구조환경지표_21개_검증본.csv,191,9.424813388694904,9.424813388694904,0.0,1e-12,PASS
강원,pediatric_specialist_supply,2022,구조환경지표_21개_검증본.csv,191,10.055333622302143,10.055333622302143,0.0,1e-12,PASS
강원,pediatric_specialist_supply,2023,구조환경지표_21개_검증본.csv,191,10.243440434557506,10.243440434557506,0.0,1e-12,PASS
강원,pediatric_specialist_supply,2024,구조환경지표_21개_검증본.csv,191,10.29473581566592,10.29473581566592,0.0,1e-12,PASS
경기,pediatric_specialist_supply,2016,구조환경지표_21개_검증본.csv,190,10.206986359754591,10.206986359754591,0.0,1e-12,PASS
경기,pediatric_specialist_supply,2017,구조환경지표_21개_검증본.csv,190,10.51740751342154,10.51740751342154,0.0,1e-12,PASS
경기,pediatric_specialist_supply,2018,구조환경지표_21개_검증본.csv,190,10.753487398977438,10.753487398977438,0.0,1e-12,PASS
경기,pediatric_specialist_supply,2019,구조환경지표_21개_검증본.csv,190,11.07089861632461,11.07089861632461,0.0,1e-12,PASS
경기,pediatric_specialist_supply,2020,구조환경지표_21개_검증본.csv,190,11.30929036046287,11.30929036046287,0.0,1e-12,PASS
경기,pediatric_specialist_supply,2021,구조환경지표_21개_검증본.csv,190,11.247323162888073,11.247323162888073,0.0,1e-12,PASS
경기,pediatric_specialist_supply,2022,구조환경지표_21개_검증본.csv,190,11.689230278351593,11.689230278351593,0.0,1e-12,PASS
경기,pediatric_specialist_supply,2023,구조환경지표_21개_검증본.csv,190,12.03522517095632,12.03522517095632,0.0,1e-12,PASS
경기,pediatric_specialist_supply,2024,구조환경지표_21개_검증본.csv,190,12.324124286173795,12.324124286173795,0.0,1e-12,PASS
경남,pediatric_specialist_supply,2016,구조환경지표_21개_검증본.csv,197,9.5217037047356,9.5217037047356,0.0,1e-12,PASS
경남,pediatric_specialist_supply,2017,구조환경지표_21개_검증본.csv,197,9.887871390520187,9.887871390520187,0.0,1e-12,PASS
경남,pediatric_specialist_supply,2018,구조환경지표_21개_검증본.csv,197,10.032637934693309,10.032637934693309,0.0,1e-12,PASS
경남,pediatric_specialist_supply,2019,구조환경지표_21개_검증본.csv,197,10.245191674302234,10.245191674302234,0.0,1e-12,PASS
경남,pediatric_specialist_supply,2020,구조환경지표_21개_검증본.csv,197,10.48584881935779,10.48584881935779,0.0,1e-12,PASS
경남,pediatric_specialist_supply,2021,구조환경지표_21개_검증본.csv,197,10.794515571409304,10.794515571409304,0.0,1e-12,PASS
경남,pediatric_specialist_supply,2022,구조환경지표_21개_검증본.csv,197,11.385483828192896,11.385483828192896,0.0,1e-12,PASS
경남,pediatric_specialist_supply,2023,구조환경지표_21개_검증본.csv,197,11.188321207397488,11.188321207397488,0.0,1e-12,PASS
경남,pediatric_specialist_supply,2024,구조환경지표_21개_검증본.csv,197,11.151103649508425,11.151103649508425,0.0,1e-12,PASS
경북,pediatric_specialist_supply,2016,구조환경지표_21개_검증본.csv,196,7.489636712810483,7.489636712810483,0.0,1e-12,PASS
경북,pediatric_specialist_supply,2017,구조환경지표_21개_검증본.csv,196,7.550973248935805,7.550973248935805,0.0,1e-12,PASS
경북,pediatric_specialist_supply,2018,구조환경지표_21개_검증본.csv,196,7.639630593040801,7.639630593040801,0.0,1e-12,PASS
경북,pediatric_specialist_supply,2019,구조환경지표_21개_검증본.csv,196,7.77429669342,7.77429669342,0.0,1e-12,PASS
경북,pediatric_specialist_supply,2020,구조환경지표_21개_검증본.csv,196,7.643718965743257,7.643718965743257,0.0,1e-12,PASS
경북,pediatric_specialist_supply,2021,구조환경지표_21개_검증본.csv,196,7.519200611891606,7.519200611891606,0.0,1e-12,PASS
경북,pediatric_specialist_supply,2022,구조환경지표_21개_검증본.csv,196,7.383218252546056,7.383218252546056,0.0,1e-12,PASS
경북,pediatric_specialist_supply,2023,구조환경지표_21개_검증본.csv,196,7.653688412276594,7.653688412276594,0.0,1e-12,PASS
경북,pediatric_specialist_supply,2024,구조환경지표_21개_검증본.csv,196,7.81193212882755,7.81193212882755,0.0,1e-12,PASS
광주,pediatric_specialist_supply,2016,구조환경지표_21개_검증본.csv,186,14.582627173441036,14.582627173441036,0.0,1e-12,PASS
광주,pediatric_specialist_supply,2017,구조환경지표_21개_검증본.csv,186,15.285871414224912,15.285871414224912,0.0,1e-12,PASS
광주,pediatric_specialist_supply,2018,구조환경지표_21개_검증본.csv,186,15.26379120367071,15.26379120367071,0.0,1e-12,PASS
광주,pediatric_specialist_supply,2019,구조환경지표_21개_검증본.csv,186,15.654308917188706,15.654308917188706,0.0,1e-12,PASS
광주,pediatric_specialist_supply,2020,구조환경지표_21개_검증본.csv,186,15.620021764586618,15.620021764586618,0.0,1e-12,PASS
광주,pediatric_specialist_supply,2021,구조환경지표_21개_검증본.csv,186,16.09310694771336,16.09310694771336,0.0,1e-12,PASS
광주,pediatric_specialist_supply,2022,구조환경지표_21개_검증본.csv,186,16.36909961217288,16.36909961217288,0.0,1e-12,PASS
광주,pediatric_specialist_supply,2023,구조환경지표_21개_검증본.csv,186,17.2804119396549,17.2804119396549,0.0,1e-12,PASS
광주,pediatric_specialist_supply,2024,구조환경지표_21개_검증본.csv,186,16.632088961973043,16.632088961973043,0.0,1e-12,PASS
대구,pediatric_specialist_supply,2016,구조환경지표_21개_검증본.csv,184,12.970119019205436,12.970119019205436,0.0,1e-12,PASS
대구,pediatric_specialist_supply,2017,구조환경지표_21개_검증본.csv,184,13.806792174144556,13.806792174144556,0.0,1e-12,PASS
대구,pediatric_specialist_supply,2018,구조환경지표_21개_검증본.csv,184,13.587789918550442,13.587789918550442,0.0,1e-12,PASS
대구,pediatric_specialist_supply,2019,구조환경지표_21개_검증본.csv,184,13.884154877440034,13.884154877440034,0.0,1e-12,PASS
대구,pediatric_specialist_supply,2020,구조환경지표_21개_검증본.csv,184,14.028182898559592,14.028182898559592,0.0,1e-12,PASS
대구,pediatric_specialist_supply,2021,구조환경지표_21개_검증본.csv,184,14.43146928077833,14.43146928077833,0.0,1e-12,PASS
대구,pediatric_specialist_supply,2022,구조환경지표_21개_검증본.csv,184,14.987153566181028,14.987153566181028,0.0,1e-12,PASS
대구,pediatric_specialist_supply,2023,구조환경지표_21개_검증본.csv,184,14.747616801967192,14.747616801967192,0.0,1e-12,PASS
대구,pediatric_specialist_supply,2024,구조환경지표_21개_검증본.csv,184,15.262547548705824,15.262547548705824,0.0,1e-12,PASS
대전,pediatric_specialist_supply,2016,구조환경지표_21개_검증본.csv,187,11.952164926669177,11.952164926669177,0.0,1e-12,PASS
대전,pediatric_specialist_supply,2017,구조환경지표_21개_검증본.csv,187,12.664530726714403,12.664530726714403,0.0,1e-12,PASS
대전,pediatric_specialist_supply,2018,구조환경지표_21개_검증본.csv,187,13.826097228337323,13.826097228337323,0.0,1e-12,PASS
대전,pediatric_specialist_supply,2019,구조환경지표_21개_검증본.csv,187,14.408049523008808,14.408049523008808,0.0,1e-12,PASS
대전,pediatric_specialist_supply,2020,구조환경지표_21개_검증본.csv,187,14.123406121531657,14.123406121531657,0.0,1e-12,PASS
대전,pediatric_specialist_supply,2021,구조환경지표_21개_검증본.csv,187,14.511954200754554,14.511954200754554,0.0,1e-12,PASS
대전,pediatric_specialist_supply,2022,구조환경지표_21개_검증본.csv,187,14.625827759613628,14.625827759613628,0.0,1e-12,PASS
대전,pediatric_specialist_supply,2023,구조환경지표_21개_검증본.csv,187,15.02895544079389,15.02895544079389,0.0,1e-12,PASS
대전,pediatric_specialist_supply,2024,구조환경지표_21개_검증본.csv,187,14.904558710411722,14.904558710411722,0.0,1e-12,PASS
부산,pediatric_specialist_supply,2016,구조환경지표_21개_검증본.csv,183,11.869274200671196,11.869274200671196,0.0,1e-12,PASS
부산,pediatric_specialist_supply,2017,구조환경지표_21개_검증본.csv,183,11.950200725915268,11.950200725915268,0.0,1e-12,PASS
부산,pediatric_specialist_supply,2018,구조환경지표_21개_검증본.csv,183,12.051595648698385,12.051595648698385,0.0,1e-12,PASS
부산,pediatric_specialist_supply,2019,구조환경지표_21개_검증본.csv,183,12.4859359296464,12.4859359296464,0.0,1e-12,PASS
부산,pediatric_specialist_supply,2020,구조환경지표_21개_검증본.csv,183,12.404383796204302,12.404383796204302,0.0,1e-12,PASS
부산,pediatric_specialist_supply,2021,구조환경지표_21개_검증본.csv,183,12.894059778293803,12.894059778293803,0.0,1e-12,PASS
부산,pediatric_specialist_supply,2022,구조환경지표_21개_검증본.csv,183,13.40491866326362,13.40491866326362,0.0,1e-12,PASS
부산,pediatric_specialist_supply,2023,구조환경지표_21개_검증본.csv,183,13.84603332400143,13.84603332400143,0.0,1e-12,PASS
부산,pediatric_specialist_supply,2024,구조환경지표_21개_검증본.csv,183,14.18142054822785,14.18142054822785,0.0,1e-12,PASS
서울,pediatric_specialist_supply,2016,구조환경지표_21개_검증본.csv,182,12.403560866717632,12.403560866717632,0.0,1e-12,PASS
서울,pediatric_specialist_supply,2017,구조환경지표_21개_검증본.csv,182,12.718837554550245,12.718837554550245,0.0,1e-12,PASS
서울,pediatric_specialist_supply,2018,구조환경지표_21개_검증본.csv,182,12.751362611479063,12.751362611479063,0.0,1e-12,PASS
서울,pediatric_specialist_supply,2019,구조환경지표_21개_검증본.csv,182,13.01506911168723,13.01506911168723,0.0,1e-12,PASS
서울,pediatric_specialist_supply,2020,구조환경지표_21개_검증본.csv,182,13.17427326881775,13.17427326881775,0.0,1e-12,PASS
서울,pediatric_specialist_supply,2021,구조환경지표_21개_검증본.csv,182,13.78627467517076,13.78627467517076,0.0,1e-12,PASS
서울,pediatric_specialist_supply,2022,구조환경지표_21개_검증본.csv,182,14.52265566101974,14.52265566101974,0.0,1e-12,PASS
서울,pediatric_specialist_supply,2023,구조환경지표_21개_검증본.csv,182,15.320634892223916,15.320634892223916,0.0,1e-12,PASS
서울,pediatric_specialist_supply,2024,구조환경지표_21개_검증본.csv,182,16.060626063832295,16.060626063832295,0.0,1e-12,PASS
세종,pediatric_specialist_supply,2016,구조환경지표_21개_검증본.csv,189,8.948849609953589,8.948849609953589,0.0,1e-12,PASS
세종,pediatric_specialist_supply,2017,구조환경지표_21개_검증본.csv,189,7.854337736522671,7.854337736522671,0.0,1e-12,PASS
세종,pediatric_specialist_supply,2018,구조환경지표_21개_검증본.csv,189,12.89291558164558,12.89291558164558,0.0,1e-12,PASS
세종,pediatric_specialist_supply,2019,구조환경지표_21개_검증본.csv,189,12.625706525728548,12.625706525728548,0.0,1e-12,PASS
세종,pediatric_specialist_supply,2020,구조환경지표_21개_검증본.csv,189,13.700324030227833,13.700324030227833,0.0,1e-12,PASS
세종,pediatric_specialist_supply,2021,구조환경지표_21개_검증본.csv,189,15.595799889753827,15.595799889753827,0.0,1e-12,PASS
세종,pediatric_specialist_supply,2022,구조환경지표_21개_검증본.csv,189,16.293395830454834,16.293395830454834,0.0,1e-12,PASS
세종,pediatric_specialist_supply,2023,구조환경지표_21개_검증본.csv,189,17.269258133367828,17.269258133367828,0.0,1e-12,PASS
세종,pediatric_specialist_supply,2024,구조환경지표_21개_검증본.csv,189,20.220894070670745,20.220894070670745,0.0,1e-12,PASS
울산,pediatric_specialist_supply,2016,구조환경지표_21개_검증본.csv,188,9.873718762368808,9.873718762368808,0.0,1e-12,PASS
울산,pediatric_specialist_supply,2017,구조환경지표_21개_검증본.csv,188,9.91303989590879,9.91303989590879,0.0,1e-12,PASS
울산,pediatric_specialist_supply,2018,구조환경지표_21개_검증본.csv,188,9.735008735547838,9.735008735547838,0.0,1e-12,PASS
울산,pediatric_specialist_supply,2019,구조환경지표_21개_검증본.csv,188,9.973702525829276,9.973702525829276,0.0,1e-12,PASS
울산,pediatric_specialist_supply,2020,구조환경지표_21개_검증본.csv,188,9.814993965759315,9.814993965759315,0.0,1e-12,PASS
울산,pediatric_specialist_supply,2021,구조환경지표_21개_검증본.csv,188,10.208703343105157,10.208703343105157,0.0,1e-12,PASS
울산,pediatric_specialist_supply,2022,구조환경지표_21개_검증본.csv,188,10.309157683293671,10.309157683293671,0.0,1e-12,PASS
울산,pediatric_specialist_supply,2023,구조환경지표_21개_검증본.csv,188,10.714340726001916,10.714340726001916,0.0,1e-12,PASS
울산,pediatric_specialist_supply,2024,구조환경지표_21개_검증본.csv,188,10.928474048061608,10.928474048061608,0.0,1e-12,PASS
인천,pediatric_specialist_supply,2016,구조환경지표_21개_검증본.csv,185,9.301514847256383,9.301514847256383,0.0,1e-12,PASS
인천,pediatric_specialist_supply,2017,구조환경지표_21개_검증본.csv,185,9.547091409923956,9.547091409923956,0.0,1e-12,PASS
인천,pediatric_specialist_supply,2018,구조환경지표_21개_검증본.csv,185,10.09428553442346,10.09428553442346,0.0,1e-12,PASS
인천,pediatric_specialist_supply,2019,구조환경지표_21개_검증본.csv,185,10.297508374968634,10.297508374968634,0.0,1e-12,PASS
인천,pediatric_specialist_supply,2020,구조환경지표_21개_검증본.csv,185,10.19427571030315,10.19427571030315,0.0,1e-12,PASS
인천,pediatric_specialist_supply,2021,구조환경지표_21개_검증본.csv,185,10.412515368635264,10.412515368635264,0.0,1e-12,PASS
인천,pediatric_specialist_supply,2022,구조환경지표_21개_검증본.csv,185,10.556685271595793,10.556685271595793,0.0,1e-12,PASS
인천,pediatric_specialist_supply,2023,구조환경지표_21개_검증본.csv,185,11.376488368291293,11.376488368291293,0.0,1e-12,PASS
인천,pediatric_specialist_supply,2024,구조환경지표_21개_검증본.csv,185,11.635181611447829,11.635181611447829,0.0,1e-12,PASS
전국,pediatric_specialist_supply,2016,구조환경지표_21개_검증본.csv,181,10.474654469874546,10.474654469874546,0.0,1e-12,PASS
전국,pediatric_specialist_supply,2017,구조환경지표_21개_검증본.csv,181,10.786321067660769,10.786321067660769,0.0,1e-12,PASS
전국,pediatric_specialist_supply,2018,구조환경지표_21개_검증본.csv,181,10.926453041702436,10.926453041702436,0.0,1e-12,PASS
전국,pediatric_specialist_supply,2019,구조환경지표_21개_검증본.csv,181,11.20446590975432,11.20446590975432,0.0,1e-12,PASS
전국,pediatric_specialist_supply,2020,구조환경지표_21개_검증본.csv,181,11.300618188384528,11.300618188384528,0.0,1e-12,PASS
전국,pediatric_specialist_supply,2021,구조환경지표_21개_검증본.csv,181,11.590604268196811,11.590604268196811,0.0,1e-12,PASS
전국,pediatric_specialist_supply,2022,구조환경지표_21개_검증본.csv,181,12.024427828529763,12.024427828529763,0.0,1e-12,PASS
전국,pediatric_specialist_supply,2023,구조환경지표_21개_검증본.csv,181,12.38423625107206,12.38423625107206,0.0,1e-12,PASS
전국,pediatric_specialist_supply,2024,구조환경지표_21개_검증본.csv,181,12.625148092279352,12.625148092279352,0.0,1e-12,PASS
전남,pediatric_specialist_supply,2016,구조환경지표_21개_검증본.csv,195,7.615890213528552,7.615890213528552,0.0,1e-12,PASS
전남,pediatric_specialist_supply,2017,구조환경지표_21개_검증본.csv,195,7.922806292263755,7.922806292263755,0.0,1e-12,PASS
전남,pediatric_specialist_supply,2018,구조환경지표_21개_검증본.csv,195,7.859923418854256,7.859923418854256,0.0,1e-12,PASS
전남,pediatric_specialist_supply,2019,구조환경지표_21개_검증본.csv,195,8.508383968920318,8.508383968920318,0.0,1e-12,PASS
전남,pediatric_specialist_supply,2020,구조환경지표_21개_검증본.csv,195,8.398373469997283,8.398373469997283,0.0,1e-12,PASS
전남,pediatric_specialist_supply,2021,구조환경지표_21개_검증본.csv,195,8.797999566783773,8.797999566783773,0.0,1e-12,PASS
전남,pediatric_specialist_supply,2022,구조환경지표_21개_검증본.csv,195,8.651056804296866,8.651056804296866,0.0,1e-12,PASS
전남,pediatric_specialist_supply,2023,구조환경지표_21개_검증본.csv,195,8.577127917539853,8.577127917539853,0.0,1e-12,PASS
전남,pediatric_specialist_supply,2024,구조환경지표_21개_검증본.csv,195,8.343493668168776,8.343493668168776,0.0,1e-12,PASS
전북,pediatric_specialist_supply,2016,구조환경지표_21개_검증본.csv,194,9.920682800378165,9.920682800378165,0.0,1e-12,PASS
전북,pediatric_specialist_supply,2017,구조환경지표_21개_검증본.csv,194,10.460437170786047,10.460437170786047,0.0,1e-12,PASS
전북,pediatric_specialist_supply,2018,구조환경지표_21개_검증본.csv,194,10.67054580930646,10.67054580930646,0.0,1e-12,PASS
전북,pediatric_specialist_supply,2019,구조환경지표_21개_검증본.csv,194,10.69317621419779,10.69317621419779,0.0,1e-12,PASS
전북,pediatric_specialist_supply,2020,구조환경지표_21개_검증본.csv,194,10.600830107355227,10.600830107355227,0.0,1e-12,PASS
전북,pediatric_specialist_supply,2021,구조환경지표_21개_검증본.csv,194,10.871055569702074,10.871055569702074,0.0,1e-12,PASS
전북,pediatric_specialist_supply,2022,구조환경지표_21개_검증본.csv,194,11.641002776322653,11.641002776322653,0.0,1e-12,PASS
전북,pediatric_specialist_supply,2023,구조환경지표_21개_검증본.csv,194,11.81075214402906,11.81075214402906,0.0,1e-12,PASS
전북,pediatric_specialist_supply,2024,구조환경지표_21개_검증본.csv,194,11.646699526655125,11.646699526655125,0.0,1e-12,PASS
제주,pediatric_specialist_supply,2016,구조환경지표_21개_검증본.csv,198,8.845116171054416,8.845116171054416,0.0,1e-12,PASS
제주,pediatric_specialist_supply,2017,구조환경지표_21개_검증본.csv,198,8.941031802679417,8.941031802679417,0.0,1e-12,PASS
제주,pediatric_specialist_supply,2018,구조환경지표_21개_검증본.csv,198,9.517514474865518,9.517514474865518,0.0,1e-12,PASS
제주,pediatric_specialist_supply,2019,구조환경지표_21개_검증본.csv,198,10.171552737824316,10.171552737824316,0.0,1e-12,PASS
제주,pediatric_specialist_supply,2020,구조환경지표_21개_검증본.csv,198,10.635380613220482,10.635380613220482,0.0,1e-12,PASS
제주,pediatric_specialist_supply,2021,구조환경지표_21개_검증본.csv,198,10.602001598796615,10.602001598796615,0.0,1e-12,PASS
제주,pediatric_specialist_supply,2022,구조환경지표_21개_검증본.csv,198,10.875030781866789,10.875030781866789,0.0,1e-12,PASS
제주,pediatric_specialist_supply,2023,구조환경지표_21개_검증본.csv,198,10.662685930585914,10.662685930585914,0.0,1e-12,PASS
제주,pediatric_specialist_supply,2024,구조환경지표_21개_검증본.csv,198,10.553904720989069,10.553904720989069,0.0,1e-12,PASS
충남,pediatric_specialist_supply,2016,구조환경지표_21개_검증본.csv,193,8.131721487823642,8.131721487823642,0.0,1e-12,PASS
충남,pediatric_specialist_supply,2017,구조환경지표_21개_검증본.csv,193,8.208260699083981,8.208260699083981,0.0,1e-12,PASS
충남,pediatric_specialist_supply,2018,구조환경지표_21개_검증본.csv,193,7.9128732689267,7.9128732689267,0.0,1e-12,PASS
충남,pediatric_specialist_supply,2019,구조환경지표_21개_검증본.csv,193,7.969547616928685,7.969547616928685,0.0,1e-12,PASS
충남,pediatric_specialist_supply,2020,구조환경지표_21개_검증본.csv,193,8.156418417664256,8.156418417664256,0.0,1e-12,PASS
충남,pediatric_specialist_supply,2021,구조환경지표_21개_검증본.csv,193,8.493542784098388,8.493542784098388,0.0,1e-12,PASS
충남,pediatric_specialist_supply,2022,구조환경지표_21개_검증본.csv,193,8.819912229508953,8.819912229508953,0.0,1e-12,PASS
충남,pediatric_specialist_supply,2023,구조환경지표_21개_검증본.csv,193,8.567596458226042,8.567596458226042,0.0,1e-12,PASS
충남,pediatric_specialist_supply,2024,구조환경지표_21개_검증본.csv,193,8.155579914386303,8.155579914386303,0.0,1e-12,PASS
충북,pediatric_specialist_supply,2016,구조환경지표_21개_검증본.csv,192,8.827456216131312,8.827456216131312,0.0,1e-12,PASS
충북,pediatric_specialist_supply,2017,구조환경지표_21개_검증본.csv,192,8.76487677116365,8.76487677116365,0.0,1e-12,PASS
충북,pediatric_specialist_supply,2018,구조환경지표_21개_검증본.csv,192,8.50397560859702,8.50397560859702,0.0,1e-12,PASS
충북,pediatric_specialist_supply,2019,구조환경지표_21개_검증본.csv,192,8.484337881021771,8.484337881021771,0.0,1e-12,PASS
충북,pediatric_specialist_supply,2020,구조환경지표_21개_검증본.csv,192,8.292536966599348,8.292536966599348,0.0,1e-12,PASS
충북,pediatric_specialist_supply,2021,구조환경지표_21개_검증본.csv,192,8.920595432529938,8.920595432529938,0.0,1e-12,PASS
충북,pediatric_specialist_supply,2022,구조환경지표_21개_검증본.csv,192,9.294332870654232,9.294332870654232,0.0,1e-12,PASS
충북,pediatric_specialist_supply,2023,구조환경지표_21개_검증본.csv,192,9.49186962532688,9.49186962532688,0.0,1e-12,PASS
충북,pediatric_specialist_supply,2024,구조환경지표_21개_검증본.csv,192,9.15988604661832,9.15988604661832,0.0,1e-12,PASS
강원,postpartum_center_fee,2023,구조환경지표_21개_검증본.csv,227,244.94117647058823,244.94117647058823,0.0,1e-12,PASS
강원,postpartum_center_fee,2024,구조환경지표_21개_검증본.csv,227,245.16666666666663,245.16666666666663,0.0,1e-12,PASS
경기,postpartum_center_fee,2023,구조환경지표_21개_검증본.csv,226,333.0344827586207,333.0344827586207,0.0,1e-12,PASS
경기,postpartum_center_fee,2024,구조환경지표_21개_검증본.csv,226,343.00694444444446,343.00694444444446,0.0,1e-12,PASS
경남,postpartum_center_fee,2023,구조환경지표_21개_검증본.csv,233,272.4,272.4,0.0,1e-12,PASS
경남,postpartum_center_fee,2024,구조환경지표_21개_검증본.csv,233,290.8,290.8,0.0,1e-12,PASS
경북,postpartum_center_fee,2023,구조환경지표_21개_검증본.csv,232,220.6153846153846,220.6153846153846,0.0,1e-12,PASS
경북,postpartum_center_fee,2024,구조환경지표_21개_검증본.csv,232,222.92307692307693,222.92307692307693,0.0,1e-12,PASS
광주,postpartum_center_fee,2023,구조환경지표_21개_검증본.csv,222,370.0,370.0,0.0,1e-12,PASS
광주,postpartum_center_fee,2024,구조환경지표_21개_검증본.csv,222,370.11428571428576,370.11428571428576,0.0,1e-12,PASS
대구,postpartum_center_fee,2023,구조환경지표_21개_검증본.csv,220,270.5,270.5,0.0,1e-12,PASS
대구,postpartum_center_fee,2024,구조환경지표_21개_검증본.csv,220,296.1904761904762,296.1904761904762,0.0,1e-12,PASS
대전,postpartum_center_fee,2023,구조환경지표_21개_검증본.csv,223,294.44444444444446,294.44444444444446,0.0,1e-12,PASS
대전,postpartum_center_fee,2024,구조환경지표_21개_검증본.csv,223,325.6666666666667,325.6666666666667,0.0,1e-12,PASS
부산,postpartum_center_fee,2023,구조환경지표_21개_검증본.csv,219,278.0,278.0,0.0,1e-12,PASS
부산,postpartum_center_fee,2024,구조환경지표_21개_검증본.csv,219,304.3684210526316,304.3684210526316,0.0,1e-12,PASS
서울,postpartum_center_fee,2023,구조환경지표_21개_검증본.csv,218,432.9285714285714,432.9285714285714,0.0,1e-12,PASS
서울,postpartum_center_fee,2024,구조환경지표_21개_검증본.csv,218,454.5178571428572,454.5178571428572,0.0,1e-12,PASS
세종,postpartum_center_fee,2023,구조환경지표_21개_검증본.csv,225,346.6666666666667,346.6666666666667,0.0,1e-12,PASS
세종,postpartum_center_fee,2024,구조환경지표_21개_검증본.csv,225,376.6666666666667,376.6666666666667,0.0,1e-12,PASS
울산,postpartum_center_fee,2023,구조환경지표_21개_검증본.csv,224,296.6857142857143,296.6857142857143,0.0,1e-12,PASS
울산,postpartum_center_fee,2024,구조환경지표_21개_검증본.csv,224,299.0,299.0,0.0,1e-12,PASS
인천,postpartum_center_fee,2023,구조환경지표_21개_검증본.csv,221,303.8636363636364,303.8636363636364,0.0,1e-12,PASS
인천,postpartum_center_fee,2024,구조환경지표_21개_검증본.csv,221,319.45454545454544,319.45454545454544,0.0,1e-12,PASS
전국,postpartum_center_fee,2023,구조환경지표_21개_검증본.csv,217,328.9392543859649,328.9392543859649,0.0,1e-12,PASS
전국,postpartum_center_fee,2024,구조환경지표_21개_검증본.csv,217,346.58606194690265,346.58606194690265,0.0,1e-12,PASS
전남,postpartum_center_fee,2023,구조환경지표_21개_검증본.csv,231,193.07692307692307,193.07692307692307,0.0,1e-12,PASS
전남,postpartum_center_fee,2024,구조환경지표_21개_검증본.csv,231,191.75,191.75,0.0,1e-12,PASS
전북,postpartum_center_fee,2023,구조환경지표_21개_검증본.csv,230,200.55555555555557,200.5555555555556,2.842170943040401e-14,1e-12,PASS
전북,postpartum_center_fee,2024,구조환경지표_21개_검증본.csv,230,304.09090909090907,304.09090909090907,0.0,1e-12,PASS
제주,postpartum_center_fee,2023,구조환경지표_21개_검증본.csv,234,310.0,310.0,0.0,1e-12,PASS
제주,postpartum_center_fee,2024,구조환경지표_21개_검증본.csv,234,304.5,304.5,0.0,1e-12,PASS
충남,postpartum_center_fee,2023,구조환경지표_21개_검증본.csv,229,252.92307692307693,252.92307692307693,0.0,1e-12,PASS
충남,postpartum_center_fee,2024,구조환경지표_21개_검증본.csv,229,279.6666666666667,279.6666666666667,0.0,1e-12,PASS
충북,postpartum_center_fee,2023,구조환경지표_21개_검증본.csv,228,221.72222222222223,221.72222222222223,0.0,1e-12,PASS
충북,postpartum_center_fee,2024,구조환경지표_21개_검증본.csv,228,255.2625,255.2625,0.0,1e-12,PASS
강원,postpartum_center_supply,2023,구조환경지표_21개_검증본.csv,209,1.1127059896963425,1.1127059896963425,0.0,1e-12,PASS
강원,postpartum_center_supply,2024,구조환경지표_21개_검증본.csv,209,1.185953565964714,1.185953565964714,0.0,1e-12,PASS
경기,postpartum_center_supply,2023,구조환경지표_21개_검증본.csv,208,1.0637657115444477,1.0637657115444477,0.0,1e-12,PASS
경기,postpartum_center_supply,2024,구조환경지표_21개_검증본.csv,208,1.051502827556822,1.051502827556822,0.0,1e-12,PASS
경남,postpartum_center_supply,2023,구조환경지표_21개_검증본.csv,215,0.768956784013573,0.768956784013573,0.0,1e-12,PASS
경남,postpartum_center_supply,2024,구조환경지표_21개_검증본.csv,215,0.7743821978825293,0.7743821978825293,0.0,1e-12,PASS
경북,postpartum_center_supply,2023,구조환경지표_21개_검증본.csv,214,0.5089409174403874,0.5089409174403874,0.0,1e-12,PASS
경북,postpartum_center_supply,2024,구조환경지표_21개_검증본.csv,214,0.5135530603021905,0.5135530603021905,0.0,1e-12,PASS
광주,postpartum_center_supply,2023,구조환경지표_21개_검증본.csv,204,0.4932227668810776,0.4932227668810776,0.0,1e-12,PASS
광주,postpartum_center_supply,2024,구조환경지표_21개_검증본.csv,204,0.4970101290664304,0.4970101290664304,0.0,1e-12,PASS
대구,postpartum_center_supply,2023,구조환경지표_21개_검증본.csv,202,0.8421194462222522,0.8421194462222522,0.0,1e-12,PASS
대구,postpartum_center_supply,2024,구조환경지표_21개_검증본.csv,202,0.88846430636957,0.88846430636957,0.0,1e-12,PASS
대전,postpartum_center_supply,2023,구조환경지표_21개_검증본.csv,205,0.6240396722820992,0.6240396722820992,0.0,1e-12,PASS
대전,postpartum_center_supply,2024,구조환경지표_21개_검증본.csv,205,0.6253660997375547,0.6253660997375547,0.0,1e-12,PASS
부산,postpartum_center_supply,2023,구조환경지표_21개_검증본.csv,201,0.6680103796667357,0.6680103796667357,0.0,1e-12,PASS
부산,postpartum_center_supply,2024,구조환경지표_21개_검증본.csv,201,0.5816448794739971,0.5816448794739971,0.0,1e-12,PASS
서울,postpartum_center_supply,2023,구조환경지표_21개_검증본.csv,200,1.1932622447351031,1.1932622447351031,0.0,1e-12,PASS
서울,postpartum_center_supply,2024,구조환경지표_21개_검증본.csv,200,1.2001935740778762,1.2001935740778762,0.0,1e-12,PASS
세종,postpartum_center_supply,2023,구조환경지표_21개_검증본.csv,207,1.5522928659207036,1.5522928659207036,0.0,1e-12,PASS
세종,postpartum_center_supply,2024,구조환경지표_21개_검증본.csv,207,1.5357641066332213,1.5357641066332213,0.0,1e-12,PASS
울산,postpartum_center_supply,2023,구조환경지표_21개_검증본.csv,206,0.6342527279662867,0.6342527279662867,0.0,1e-12,PASS
울산,postpartum_center_supply,2024,구조환경지표_21개_검증본.csv,206,0.6374943194702604,0.6374943194702604,0.0,1e-12,PASS
인천,postpartum_center_supply,2023,구조환경지표_21개_검증본.csv,203,0.733966991502664,0.733966991502664,0.0,1e-12,PASS
인천,postpartum_center_supply,2024,구조환경지표_21개_검증본.csv,203,0.7282332729782424,0.7282332729782424,0.0,1e-12,PASS
전국,postpartum_center_supply,2023,구조환경지표_21개_검증본.csv,199,0.8884502230857595,0.8884502230857595,0.0,1e-12,PASS
전국,postpartum_center_supply,2024,구조환경지표_21개_검증본.csv,199,0.88251566792349,0.88251566792349,0.0,1e-12,PASS
전남,postpartum_center_supply,2023,구조환경지표_21개_검증본.csv,213,0.7205341707787921,0.7205341707787921,0.0,1e-12,PASS
전남,postpartum_center_supply,2024,구조환경지표_21개_검증본.csv,213,0.6708336617623136,0.6708336617623136,0.0,1e-12,PASS
전북,postpartum_center_supply,2023,구조환경지표_21개_검증본.csv,212,0.5128915285706226,0.5128915285706226,0.0,1e-12,PASS
전북,postpartum_center_supply,2024,구조환경지표_21개_검증본.csv,212,0.6326602212010192,0.6326602212010192,0.0,1e-12,PASS
제주,postpartum_center_supply,2023,구조환경지표_21개_검증본.csv,216,1.0366500210291862,1.0366500210291862,0.0,1e-12,PASS
제주,postpartum_center_supply,2024,구조환경지표_21개_검증본.csv,216,0.8950307890591436,0.8950307890591436,0.0,1e-12,PASS
충남,postpartum_center_supply,2023,구조환경지표_21개_검증본.csv,211,0.6102945422298004,0.6102945422298004,0.0,1e-12,PASS
충남,postpartum_center_supply,2024,구조환경지표_21개_검증본.csv,211,0.5616468233723709,0.5616468233723709,0.0,1e-12,PASS
충북,postpartum_center_supply,2023,구조환경지표_21개_검증본.csv,210,0.564805465308707,0.564805465308707,0.0,1e-12,PASS
충북,postpartum_center_supply,2024,구조환경지표_21개_검증본.csv,210,0.5027724759721891,0.5027724759721891,0.0,1e-12,PASS
강원,private_education_cost,2016,구조환경지표_21개_검증본.csv,101,18.4,18.4,0.0,1e-12,PASS
강원,private_education_cost,2017,구조환경지표_21개_검증본.csv,101,20.3,20.3,0.0,1e-12,PASS
강원,private_education_cost,2018,구조환경지표_21개_검증본.csv,101,20.5,20.5,0.0,1e-12,PASS
강원,private_education_cost,2019,구조환경지표_21개_검증본.csv,101,22.0,22.0,0.0,1e-12,PASS
강원,private_education_cost,2020,구조환경지표_21개_검증본.csv,101,22.6,22.6,0.0,1e-12,PASS
강원,private_education_cost,2021,구조환경지표_21개_검증본.csv,101,26.6,26.6,0.0,1e-12,PASS
강원,private_education_cost,2022,구조환경지표_21개_검증본.csv,101,29.6,29.6,0.0,1e-12,PASS
강원,private_education_cost,2023,구조환경지표_21개_검증본.csv,101,32.4,32.4,0.0,1e-12,PASS
강원,private_education_cost,2024,구조환경지표_21개_검증본.csv,101,33.9,33.9,0.0,1e-12,PASS
경기,private_education_cost,2016,구조환경지표_21개_검증본.csv,100,27.9,27.9,0.0,1e-12,PASS
경기,private_education_cost,2017,구조환경지표_21개_검증본.csv,100,28.7,28.7,0.0,1e-12,PASS
경기,private_education_cost,2018,구조환경지표_21개_검증본.csv,100,32.1,32.1,0.0,1e-12,PASS
경기,private_education_cost,2019,구조환경지표_21개_검증본.csv,100,35.8,35.8,0.0,1e-12,PASS
경기,private_education_cost,2020,구조환경지표_21개_검증본.csv,100,31.6,31.6,0.0,1e-12,PASS
경기,private_education_cost,2021,구조환경지표_21개_검증본.csv,100,39.3,39.3,0.0,1e-12,PASS
경기,private_education_cost,2022,구조환경지표_21개_검증본.csv,100,44.6,44.6,0.0,1e-12,PASS
경기,private_education_cost,2023,구조환경지표_21개_검증본.csv,100,46.9,46.9,0.0,1e-12,PASS
경기,private_education_cost,2024,구조환경지표_21개_검증본.csv,100,51.3,51.3,0.0,1e-12,PASS
경남,private_education_cost,2016,구조환경지표_21개_검증본.csv,107,20.9,20.9,0.0,1e-12,PASS
경남,private_education_cost,2017,구조환경지표_21개_검증본.csv,107,22.1,22.1,0.0,1e-12,PASS
경남,private_education_cost,2018,구조환경지표_21개_검증본.csv,107,22.6,22.6,0.0,1e-12,PASS
경남,private_education_cost,2019,구조환경지표_21개_검증본.csv,107,24.8,24.8,0.0,1e-12,PASS
경남,private_education_cost,2020,구조환경지표_21개_검증본.csv,107,24.1,24.1,0.0,1e-12,PASS
경남,private_education_cost,2021,구조환경지표_21개_검증본.csv,107,27.6,27.6,0.0,1e-12,PASS
경남,private_education_cost,2022,구조환경지표_21개_검증본.csv,107,31.1,31.1,0.0,1e-12,PASS
경남,private_education_cost,2023,구조환경지표_21개_검증본.csv,107,32.4,32.4,0.0,1e-12,PASS
경남,private_education_cost,2024,구조환경지표_21개_검증본.csv,107,37.6,37.6,0.0,1e-12,PASS
경북,private_education_cost,2016,구조환경지표_21개_검증본.csv,106,19.3,19.3,0.0,1e-12,PASS
경북,private_education_cost,2017,구조환경지표_21개_검증본.csv,106,20.6,20.6,0.0,1e-12,PASS
경북,private_education_cost,2018,구조환경지표_21개_검증본.csv,106,21.4,21.4,0.0,1e-12,PASS
경북,private_education_cost,2019,구조환경지표_21개_검증본.csv,106,22.5,22.5,0.0,1e-12,PASS
경북,private_education_cost,2020,구조환경지표_21개_검증본.csv,106,20.7,20.7,0.0,1e-12,PASS
경북,private_education_cost,2021,구조환경지표_21개_검증본.csv,106,27.9,27.9,0.0,1e-12,PASS
경북,private_education_cost,2022,구조환경지표_21개_검증본.csv,106,29.4,29.4,0.0,1e-12,PASS
경북,private_education_cost,2023,구조환경지표_21개_검증본.csv,106,31.5,31.5,0.0,1e-12,PASS
경북,private_education_cost,2024,구조환경지표_21개_검증본.csv,106,35.6,35.6,0.0,1e-12,PASS
광주,private_education_cost,2016,구조환경지표_21개_검증본.csv,96,22.8,22.8,0.0,1e-12,PASS
광주,private_education_cost,2017,구조환경지표_21개_검증본.csv,96,24.5,24.5,0.0,1e-12,PASS
광주,private_education_cost,2018,구조환경지표_21개_검증본.csv,96,26.2,26.2,0.0,1e-12,PASS
광주,private_education_cost,2019,구조환경지표_21개_검증본.csv,96,27.6,27.6,0.0,1e-12,PASS
광주,private_education_cost,2020,구조환경지표_21개_검증본.csv,96,29.9,29.9,0.0,1e-12,PASS
광주,private_education_cost,2021,구조환경지표_21개_검증본.csv,96,32.0,32.0,0.0,1e-12,PASS
광주,private_education_cost,2022,구조환경지표_21개_검증본.csv,96,35.6,35.6,0.0,1e-12,PASS
광주,private_education_cost,2023,구조환경지표_21개_검증본.csv,96,39.6,39.6,0.0,1e-12,PASS
광주,private_education_cost,2024,구조환경지표_21개_검증본.csv,96,41.3,41.3,0.0,1e-12,PASS
대구,private_education_cost,2016,구조환경지표_21개_검증본.csv,94,26.5,26.5,0.0,1e-12,PASS
대구,private_education_cost,2017,구조환경지표_21개_검증본.csv,94,30.0,30.0,0.0,1e-12,PASS
대구,private_education_cost,2018,구조환경지표_21개_검증본.csv,94,30.3,30.3,0.0,1e-12,PASS
대구,private_education_cost,2019,구조환경지표_21개_검증본.csv,94,32.9,32.9,0.0,1e-12,PASS
대구,private_education_cost,2020,구조환경지표_21개_검증본.csv,94,29.0,29.0,0.0,1e-12,PASS
대구,private_education_cost,2021,구조환경지표_21개_검증본.csv,94,40.0,40.0,0.0,1e-12,PASS
대구,private_education_cost,2022,구조환경지표_21개_검증본.csv,94,43.7,43.7,0.0,1e-12,PASS
대구,private_education_cost,2023,구조환경지표_21개_검증본.csv,94,45.9,45.9,0.0,1e-12,PASS
대구,private_education_cost,2024,구조환경지표_21개_검증본.csv,94,47.8,47.8,0.0,1e-12,PASS
대전,private_education_cost,2016,구조환경지표_21개_검증본.csv,97,25.7,25.7,0.0,1e-12,PASS
대전,private_education_cost,2017,구조환경지표_21개_검증본.csv,97,27.6,27.6,0.0,1e-12,PASS
대전,private_education_cost,2018,구조환경지표_21개_검증본.csv,97,27.0,27.0,0.0,1e-12,PASS
대전,private_education_cost,2019,구조환경지표_21개_검증본.csv,97,31.1,31.1,0.0,1e-12,PASS
대전,private_education_cost,2020,구조환경지표_21개_검증본.csv,97,30.2,30.2,0.0,1e-12,PASS
대전,private_education_cost,2021,구조환경지표_21개_검증본.csv,97,36.4,36.4,0.0,1e-12,PASS
대전,private_education_cost,2022,구조환경지표_21개_검증본.csv,97,38.9,38.9,0.0,1e-12,PASS
대전,private_education_cost,2023,구조환경지표_21개_검증본.csv,97,41.0,41.0,0.0,1e-12,PASS
대전,private_education_cost,2024,구조환경지표_21개_검증본.csv,97,45.7,45.7,0.0,1e-12,PASS
부산,private_education_cost,2016,구조환경지표_21개_검증본.csv,93,25.6,25.6,0.0,1e-12,PASS
부산,private_education_cost,2017,구조환경지표_21개_검증본.csv,93,27.6,27.6,0.0,1e-12,PASS
부산,private_education_cost,2018,구조환경지표_21개_검증본.csv,93,27.6,27.6,0.0,1e-12,PASS
부산,private_education_cost,2019,구조환경지표_21개_검증본.csv,93,31.6,31.6,0.0,1e-12,PASS
부산,private_education_cost,2020,구조환경지표_21개_검증본.csv,93,28.3,28.3,0.0,1e-12,PASS
부산,private_education_cost,2021,구조환경지표_21개_검증본.csv,93,36.9,36.9,0.0,1e-12,PASS
부산,private_education_cost,2022,구조환경지표_21개_검증본.csv,93,39.5,39.5,0.0,1e-12,PASS
부산,private_education_cost,2023,구조환경지표_21개_검증본.csv,93,43.4,43.4,0.0,1e-12,PASS
부산,private_education_cost,2024,구조환경지표_21개_검증본.csv,93,48.3,48.3,0.0,1e-12,PASS
서울,private_education_cost,2016,구조환경지표_21개_검증본.csv,92,35.2,35.2,0.0,1e-12,PASS
서울,private_education_cost,2017,구조환경지표_21개_검증본.csv,92,39.1,39.1,0.0,1e-12,PASS
서울,private_education_cost,2018,구조환경지표_21개_검증본.csv,92,41.1,41.1,0.0,1e-12,PASS
서울,private_education_cost,2019,구조환경지표_21개_검증본.csv,92,45.1,45.1,0.0,1e-12,PASS
서울,private_education_cost,2020,구조환경지표_21개_검증본.csv,92,45.3,45.3,0.0,1e-12,PASS
서울,private_education_cost,2021,구조환경지표_21개_검증본.csv,92,52.9,52.9,0.0,1e-12,PASS
서울,private_education_cost,2022,구조환경지표_21개_검증본.csv,92,59.6,59.6,0.0,1e-12,PASS
서울,private_education_cost,2023,구조환경지표_21개_검증본.csv,92,62.8,62.8,0.0,1e-12,PASS
서울,private_education_cost,2024,구조환경지표_21개_검증본.csv,92,67.3,67.3,0.0,1e-12,PASS
세종,private_education_cost,2016,구조환경지표_21개_검증본.csv,99,23.7,23.7,0.0,1e-12,PASS
세종,private_education_cost,2017,구조환경지표_21개_검증본.csv,99,26.2,26.2,0.0,1e-12,PASS
세종,private_education_cost,2018,구조환경지표_21개_검증본.csv,99,28.8,28.8,0.0,1e-12,PASS
세종,private_education_cost,2019,구조환경지표_21개_검증본.csv,99,34.1,34.1,0.0,1e-12,PASS
세종,private_education_cost,2020,구조환경지표_21개_검증본.csv,99,30.7,30.7,0.0,1e-12,PASS
세종,private_education_cost,2021,구조환경지표_21개_검증본.csv,99,36.9,36.9,0.0,1e-12,PASS
세종,private_education_cost,2022,구조환경지표_21개_검증본.csv,99,41.8,41.8,0.0,1e-12,PASS
세종,private_education_cost,2023,구조환경지표_21개_검증본.csv,99,46.5,46.5,0.0,1e-12,PASS
세종,private_education_cost,2024,구조환경지표_21개_검증본.csv,99,47.8,47.8,0.0,1e-12,PASS
울산,private_education_cost,2016,구조환경지표_21개_검증본.csv,98,23.9,23.9,0.0,1e-12,PASS
울산,private_education_cost,2017,구조환경지표_21개_검증본.csv,98,23.6,23.6,0.0,1e-12,PASS
울산,private_education_cost,2018,구조환경지표_21개_검증본.csv,98,26.5,26.5,0.0,1e-12,PASS
울산,private_education_cost,2019,구조환경지표_21개_검증본.csv,98,27.4,27.4,0.0,1e-12,PASS
울산,private_education_cost,2020,구조환경지표_21개_검증본.csv,98,25.4,25.4,0.0,1e-12,PASS
울산,private_education_cost,2021,구조환경지표_21개_검증본.csv,98,30.0,30.0,0.0,1e-12,PASS
울산,private_education_cost,2022,구조환경지표_21개_검증본.csv,98,36.7,36.7,0.0,1e-12,PASS
울산,private_education_cost,2023,구조환경지표_21개_검증본.csv,98,36.8,36.8,0.0,1e-12,PASS
울산,private_education_cost,2024,구조환경지표_21개_검증본.csv,98,39.9,39.9,0.0,1e-12,PASS
인천,private_education_cost,2016,구조환경지표_21개_검증본.csv,95,23.2,23.2,0.0,1e-12,PASS
인천,private_education_cost,2017,구조환경지표_21개_검증본.csv,95,25.1,25.1,0.0,1e-12,PASS
인천,private_education_cost,2018,구조환경지표_21개_검증본.csv,95,27.7,27.7,0.0,1e-12,PASS
인천,private_education_cost,2019,구조환경지표_21개_검증본.csv,95,31.3,31.3,0.0,1e-12,PASS
인천,private_education_cost,2020,구조환경지표_21개_검증본.csv,95,30.1,30.1,0.0,1e-12,PASS
인천,private_education_cost,2021,구조환경지표_21개_검증본.csv,95,34.4,34.4,0.0,1e-12,PASS
인천,private_education_cost,2022,구조환경지표_21개_검증본.csv,95,38.6,38.6,0.0,1e-12,PASS
인천,private_education_cost,2023,구조환경지표_21개_검증본.csv,95,42.4,42.4,0.0,1e-12,PASS
인천,private_education_cost,2024,구조환경지표_21개_검증본.csv,95,45.9,45.9,0.0,1e-12,PASS
전국,private_education_cost,2016,구조환경지표_21개_검증본.csv,91,25.6,25.6,0.0,1e-12,PASS
전국,private_education_cost,2017,구조환경지표_21개_검증본.csv,91,27.2,27.2,0.0,1e-12,PASS
전국,private_education_cost,2018,구조환경지표_21개_검증본.csv,91,29.1,29.1,0.0,1e-12,PASS
전국,private_education_cost,2019,구조환경지표_21개_검증본.csv,91,32.1,32.1,0.0,1e-12,PASS
전국,private_education_cost,2020,구조환경지표_21개_검증본.csv,91,30.2,30.2,0.0,1e-12,PASS
전국,private_education_cost,2021,구조환경지표_21개_검증본.csv,91,36.7,36.7,0.0,1e-12,PASS
전국,private_education_cost,2022,구조환경지표_21개_검증본.csv,91,41.0,41.0,0.0,1e-12,PASS
전국,private_education_cost,2023,구조환경지표_21개_검증본.csv,91,43.4,43.4,0.0,1e-12,PASS
전국,private_education_cost,2024,구조환경지표_21개_검증본.csv,91,47.4,47.4,0.0,1e-12,PASS
전남,private_education_cost,2016,구조환경지표_21개_검증본.csv,105,16.2,16.2,0.0,1e-12,PASS
전남,private_education_cost,2017,구조환경지표_21개_검증본.csv,105,15.8,15.8,0.0,1e-12,PASS
전남,private_education_cost,2018,구조환경지표_21개_검증본.csv,105,19.0,19.0,0.0,1e-12,PASS
전남,private_education_cost,2019,구조환경지표_21개_검증본.csv,105,18.1,18.1,0.0,1e-12,PASS
전남,private_education_cost,2020,구조환경지표_21개_검증본.csv,105,19.1,19.1,0.0,1e-12,PASS
전남,private_education_cost,2021,구조환경지표_21개_검증본.csv,105,23.3,23.3,0.0,1e-12,PASS
전남,private_education_cost,2022,구조환경지표_21개_검증본.csv,105,26.1,26.1,0.0,1e-12,PASS
전남,private_education_cost,2023,구조환경지표_21개_검증본.csv,105,27.9,27.9,0.0,1e-12,PASS
전남,private_education_cost,2024,구조환경지표_21개_검증본.csv,105,32.0,32.0,0.0,1e-12,PASS
전북,private_education_cost,2016,구조환경지표_21개_검증본.csv,104,19.4,19.4,0.0,1e-12,PASS
전북,private_education_cost,2017,구조환경지표_21개_검증본.csv,104,20.3,20.3,0.0,1e-12,PASS
전북,private_education_cost,2018,구조환경지표_21개_검증본.csv,104,20.9,20.9,0.0,1e-12,PASS
전북,private_education_cost,2019,구조환경지표_21개_검증본.csv,104,23.9,23.9,0.0,1e-12,PASS
전북,private_education_cost,2020,구조환경지표_21개_검증본.csv,104,22.6,22.6,0.0,1e-12,PASS
전북,private_education_cost,2021,구조환경지표_21개_검증본.csv,104,27.4,27.4,0.0,1e-12,PASS
전북,private_education_cost,2022,구조환경지표_21개_검증본.csv,104,29.6,29.6,0.0,1e-12,PASS
전북,private_education_cost,2023,구조환경지표_21개_검증본.csv,104,30.2,30.2,0.0,1e-12,PASS
전북,private_education_cost,2024,구조환경지표_21개_검증본.csv,104,34.4,34.4,0.0,1e-12,PASS
제주,private_education_cost,2016,구조환경지표_21개_검증본.csv,108,22.6,22.6,0.0,1e-12,PASS
제주,private_education_cost,2017,구조환경지표_21개_검증본.csv,108,22.4,22.4,0.0,1e-12,PASS
제주,private_education_cost,2018,구조환경지표_21개_검증본.csv,108,23.2,23.2,0.0,1e-12,PASS
제주,private_education_cost,2019,구조환경지표_21개_검증본.csv,108,25.8,25.8,0.0,1e-12,PASS
제주,private_education_cost,2020,구조환경지표_21개_검증본.csv,108,27.3,27.3,0.0,1e-12,PASS
제주,private_education_cost,2021,구조환경지표_21개_검증본.csv,108,29.6,29.6,0.0,1e-12,PASS
제주,private_education_cost,2022,구조환경지표_21개_검증본.csv,108,31.4,31.4,0.0,1e-12,PASS
제주,private_education_cost,2023,구조환경지표_21개_검증본.csv,108,34.5,34.5,0.0,1e-12,PASS
제주,private_education_cost,2024,구조환경지표_21개_검증본.csv,108,38.4,38.4,0.0,1e-12,PASS
충남,private_education_cost,2016,구조환경지표_21개_검증본.csv,103,17.7,17.7,0.0,1e-12,PASS
충남,private_education_cost,2017,구조환경지표_21개_검증본.csv,103,18.8,18.8,0.0,1e-12,PASS
충남,private_education_cost,2018,구조환경지표_21개_검증본.csv,103,18.7,18.7,0.0,1e-12,PASS
충남,private_education_cost,2019,구조환경지표_21개_검증본.csv,103,23.7,23.7,0.0,1e-12,PASS
충남,private_education_cost,2020,구조환경지표_21개_검증본.csv,103,19.5,19.5,0.0,1e-12,PASS
충남,private_education_cost,2021,구조환경지표_21개_검증본.csv,103,26.0,26.0,0.0,1e-12,PASS
충남,private_education_cost,2022,구조환경지표_21개_검증본.csv,103,29.2,29.2,0.0,1e-12,PASS
충남,private_education_cost,2023,구조환경지표_21개_검증본.csv,103,30.8,30.8,0.0,1e-12,PASS
충남,private_education_cost,2024,구조환경지표_21개_검증본.csv,103,35.9,35.9,0.0,1e-12,PASS
충북,private_education_cost,2016,구조환경지표_21개_검증본.csv,102,19.7,19.7,0.0,1e-12,PASS
충북,private_education_cost,2017,구조환경지표_21개_검증본.csv,102,19.0,19.0,0.0,1e-12,PASS
충북,private_education_cost,2018,구조환경지표_21개_검증본.csv,102,24.4,24.4,0.0,1e-12,PASS
충북,private_education_cost,2019,구조환경지표_21개_검증본.csv,102,24.3,24.3,0.0,1e-12,PASS
충북,private_education_cost,2020,구조환경지표_21개_검증본.csv,102,22.5,22.5,0.0,1e-12,PASS
충북,private_education_cost,2021,구조환경지표_21개_검증본.csv,102,28.4,28.4,0.0,1e-12,PASS
충북,private_education_cost,2022,구조환경지표_21개_검증본.csv,102,31.8,31.8,0.0,1e-12,PASS
충북,private_education_cost,2023,구조환경지표_21개_검증본.csv,102,32.1,32.1,0.0,1e-12,PASS
충북,private_education_cost,2024,구조환경지표_21개_검증본.csv,102,35.2,35.2,0.0,1e-12,PASS
강원,renter_household_annual_housing_cost_hcc,2016,임차가구_연간_주거비_HCC_2016-2024.csv,11,385.0,385.0,0.0,1e-12,PASS
강원,renter_household_annual_housing_cost_hcc,2017,임차가구_연간_주거비_HCC_2016-2024.csv,11,432.0,432.0,0.0,1e-12,PASS
강원,renter_household_annual_housing_cost_hcc,2018,임차가구_연간_주거비_HCC_2016-2024.csv,11,459.0,459.0,0.0,1e-12,PASS
강원,renter_household_annual_housing_cost_hcc,2019,임차가구_연간_주거비_HCC_2016-2024.csv,11,433.0,433.0,0.0,1e-12,PASS
강원,renter_household_annual_housing_cost_hcc,2020,임차가구_연간_주거비_HCC_2016-2024.csv,11,446.0,446.0,0.0,1e-12,PASS
강원,renter_household_annual_housing_cost_hcc,2021,임차가구_연간_주거비_HCC_2016-2024.csv,11,476.0,476.0,0.0,1e-12,PASS
강원,renter_household_annual_housing_cost_hcc,2022,임차가구_연간_주거비_HCC_2016-2024.csv,11,518.0,518.0,0.0,1e-12,PASS
강원,renter_household_annual_housing_cost_hcc,2023,임차가구_연간_주거비_HCC_2016-2024.csv,11,592.0,592.0,0.0,1e-12,PASS
강원,renter_household_annual_housing_cost_hcc,2024,임차가구_연간_주거비_HCC_2016-2024.csv,11,620.0,620.0,0.0,1e-12,PASS
경기,renter_household_annual_housing_cost_hcc,2016,임차가구_연간_주거비_HCC_2016-2024.csv,10,739.0,739.0,0.0,1e-12,PASS
경기,renter_household_annual_housing_cost_hcc,2017,임차가구_연간_주거비_HCC_2016-2024.csv,10,746.0,746.0,0.0,1e-12,PASS
경기,renter_household_annual_housing_cost_hcc,2018,임차가구_연간_주거비_HCC_2016-2024.csv,10,734.0,734.0,0.0,1e-12,PASS
경기,renter_household_annual_housing_cost_hcc,2019,임차가구_연간_주거비_HCC_2016-2024.csv,10,736.0,736.0,0.0,1e-12,PASS
경기,renter_household_annual_housing_cost_hcc,2020,임차가구_연간_주거비_HCC_2016-2024.csv,10,790.0,790.0,0.0,1e-12,PASS
경기,renter_household_annual_housing_cost_hcc,2021,임차가구_연간_주거비_HCC_2016-2024.csv,10,885.0,885.0,0.0,1e-12,PASS
경기,renter_household_annual_housing_cost_hcc,2022,임차가구_연간_주거비_HCC_2016-2024.csv,10,926.0,926.0,0.0,1e-12,PASS
경기,renter_household_annual_housing_cost_hcc,2023,임차가구_연간_주거비_HCC_2016-2024.csv,10,1073.0,1073.0,0.0,1e-12,PASS
경기,renter_household_annual_housing_cost_hcc,2024,임차가구_연간_주거비_HCC_2016-2024.csv,10,1077.0,1077.0,0.0,1e-12,PASS
경남,renter_household_annual_housing_cost_hcc,2016,임차가구_연간_주거비_HCC_2016-2024.csv,17,530.0,530.0,0.0,1e-12,PASS
경남,renter_household_annual_housing_cost_hcc,2017,임차가구_연간_주거비_HCC_2016-2024.csv,17,567.0,567.0,0.0,1e-12,PASS
경남,renter_household_annual_housing_cost_hcc,2018,임차가구_연간_주거비_HCC_2016-2024.csv,17,547.0,547.0,0.0,1e-12,PASS
경남,renter_household_annual_housing_cost_hcc,2019,임차가구_연간_주거비_HCC_2016-2024.csv,17,520.0,520.0,0.0,1e-12,PASS
경남,renter_household_annual_housing_cost_hcc,2020,임차가구_연간_주거비_HCC_2016-2024.csv,17,578.0,578.0,0.0,1e-12,PASS
경남,renter_household_annual_housing_cost_hcc,2021,임차가구_연간_주거비_HCC_2016-2024.csv,17,603.0,603.0,0.0,1e-12,PASS
경남,renter_household_annual_housing_cost_hcc,2022,임차가구_연간_주거비_HCC_2016-2024.csv,17,611.0,611.0,0.0,1e-12,PASS
경남,renter_household_annual_housing_cost_hcc,2023,임차가구_연간_주거비_HCC_2016-2024.csv,17,578.0,578.0,0.0,1e-12,PASS
경남,renter_household_annual_housing_cost_hcc,2024,임차가구_연간_주거비_HCC_2016-2024.csv,17,562.0,562.0,0.0,1e-12,PASS
경북,renter_household_annual_housing_cost_hcc,2016,임차가구_연간_주거비_HCC_2016-2024.csv,16,445.0,445.0,0.0,1e-12,PASS
경북,renter_household_annual_housing_cost_hcc,2017,임차가구_연간_주거비_HCC_2016-2024.csv,16,455.0,455.0,0.0,1e-12,PASS
경북,renter_household_annual_housing_cost_hcc,2018,임차가구_연간_주거비_HCC_2016-2024.csv,16,475.0,475.0,0.0,1e-12,PASS
경북,renter_household_annual_housing_cost_hcc,2019,임차가구_연간_주거비_HCC_2016-2024.csv,16,489.0,489.0,0.0,1e-12,PASS
경북,renter_household_annual_housing_cost_hcc,2020,임차가구_연간_주거비_HCC_2016-2024.csv,16,504.0,504.0,0.0,1e-12,PASS
경북,renter_household_annual_housing_cost_hcc,2021,임차가구_연간_주거비_HCC_2016-2024.csv,16,536.0,536.0,0.0,1e-12,PASS
경북,renter_household_annual_housing_cost_hcc,2022,임차가구_연간_주거비_HCC_2016-2024.csv,16,633.0,633.0,0.0,1e-12,PASS
경북,renter_household_annual_housing_cost_hcc,2023,임차가구_연간_주거비_HCC_2016-2024.csv,16,522.0,522.0,0.0,1e-12,PASS
경북,renter_household_annual_housing_cost_hcc,2024,임차가구_연간_주거비_HCC_2016-2024.csv,16,533.0,533.0,0.0,1e-12,PASS
광주,renter_household_annual_housing_cost_hcc,2016,임차가구_연간_주거비_HCC_2016-2024.csv,6,480.0,480.0,0.0,1e-12,PASS
광주,renter_household_annual_housing_cost_hcc,2017,임차가구_연간_주거비_HCC_2016-2024.csv,6,452.0,452.0,0.0,1e-12,PASS
광주,renter_household_annual_housing_cost_hcc,2018,임차가구_연간_주거비_HCC_2016-2024.csv,6,443.0,443.0,0.0,1e-12,PASS
광주,renter_household_annual_housing_cost_hcc,2019,임차가구_연간_주거비_HCC_2016-2024.csv,6,511.0,511.0,0.0,1e-12,PASS
광주,renter_household_annual_housing_cost_hcc,2020,임차가구_연간_주거비_HCC_2016-2024.csv,6,495.0,495.0,0.0,1e-12,PASS
광주,renter_household_annual_housing_cost_hcc,2021,임차가구_연간_주거비_HCC_2016-2024.csv,6,493.0,493.0,0.0,1e-12,PASS
광주,renter_household_annual_housing_cost_hcc,2022,임차가구_연간_주거비_HCC_2016-2024.csv,6,555.0,555.0,0.0,1e-12,PASS
광주,renter_household_annual_housing_cost_hcc,2023,임차가구_연간_주거비_HCC_2016-2024.csv,6,548.0,548.0,0.0,1e-12,PASS
광주,renter_household_annual_housing_cost_hcc,2024,임차가구_연간_주거비_HCC_2016-2024.csv,6,539.0,539.0,0.0,1e-12,PASS
대구,renter_household_annual_housing_cost_hcc,2016,임차가구_연간_주거비_HCC_2016-2024.csv,4,519.0,519.0,0.0,1e-12,PASS
대구,renter_household_annual_housing_cost_hcc,2017,임차가구_연간_주거비_HCC_2016-2024.csv,4,526.0,526.0,0.0,1e-12,PASS
대구,renter_household_annual_housing_cost_hcc,2018,임차가구_연간_주거비_HCC_2016-2024.csv,4,525.0,525.0,0.0,1e-12,PASS
대구,renter_household_annual_housing_cost_hcc,2019,임차가구_연간_주거비_HCC_2016-2024.csv,4,567.0,567.0,0.0,1e-12,PASS
대구,renter_household_annual_housing_cost_hcc,2020,임차가구_연간_주거비_HCC_2016-2024.csv,4,613.0,613.0,0.0,1e-12,PASS
대구,renter_household_annual_housing_cost_hcc,2021,임차가구_연간_주거비_HCC_2016-2024.csv,4,686.0,686.0,0.0,1e-12,PASS
대구,renter_household_annual_housing_cost_hcc,2022,임차가구_연간_주거비_HCC_2016-2024.csv,4,641.0,641.0,0.0,1e-12,PASS
대구,renter_household_annual_housing_cost_hcc,2023,임차가구_연간_주거비_HCC_2016-2024.csv,4,591.0,591.0,0.0,1e-12,PASS
대구,renter_household_annual_housing_cost_hcc,2024,임차가구_연간_주거비_HCC_2016-2024.csv,4,617.0,617.0,0.0,1e-12,PASS
대전,renter_household_annual_housing_cost_hcc,2016,임차가구_연간_주거비_HCC_2016-2024.csv,7,528.0,528.0,0.0,1e-12,PASS
대전,renter_household_annual_housing_cost_hcc,2017,임차가구_연간_주거비_HCC_2016-2024.csv,7,487.0,487.0,0.0,1e-12,PASS
대전,renter_household_annual_housing_cost_hcc,2018,임차가구_연간_주거비_HCC_2016-2024.csv,7,529.0,529.0,0.0,1e-12,PASS
대전,renter_household_annual_housing_cost_hcc,2019,임차가구_연간_주거비_HCC_2016-2024.csv,7,507.0,507.0,0.0,1e-12,PASS
대전,renter_household_annual_housing_cost_hcc,2020,임차가구_연간_주거비_HCC_2016-2024.csv,7,530.0,530.0,0.0,1e-12,PASS
대전,renter_household_annual_housing_cost_hcc,2021,임차가구_연간_주거비_HCC_2016-2024.csv,7,541.0,541.0,0.0,1e-12,PASS
대전,renter_household_annual_housing_cost_hcc,2022,임차가구_연간_주거비_HCC_2016-2024.csv,7,596.0,596.0,0.0,1e-12,PASS
대전,renter_household_annual_housing_cost_hcc,2023,임차가구_연간_주거비_HCC_2016-2024.csv,7,607.0,607.0,0.0,1e-12,PASS
대전,renter_household_annual_housing_cost_hcc,2024,임차가구_연간_주거비_HCC_2016-2024.csv,7,647.0,647.0,0.0,1e-12,PASS
부산,renter_household_annual_housing_cost_hcc,2016,임차가구_연간_주거비_HCC_2016-2024.csv,3,463.0,463.0,0.0,1e-12,PASS
부산,renter_household_annual_housing_cost_hcc,2017,임차가구_연간_주거비_HCC_2016-2024.csv,3,551.0,551.0,0.0,1e-12,PASS
부산,renter_household_annual_housing_cost_hcc,2018,임차가구_연간_주거비_HCC_2016-2024.csv,3,555.0,555.0,0.0,1e-12,PASS
부산,renter_household_annual_housing_cost_hcc,2019,임차가구_연간_주거비_HCC_2016-2024.csv,3,541.0,541.0,0.0,1e-12,PASS
부산,renter_household_annual_housing_cost_hcc,2020,임차가구_연간_주거비_HCC_2016-2024.csv,3,576.0,576.0,0.0,1e-12,PASS
부산,renter_household_annual_housing_cost_hcc,2021,임차가구_연간_주거비_HCC_2016-2024.csv,3,590.0,590.0,0.0,1e-12,PASS
부산,renter_household_annual_housing_cost_hcc,2022,임차가구_연간_주거비_HCC_2016-2024.csv,3,666.0,666.0,0.0,1e-12,PASS
부산,renter_household_annual_housing_cost_hcc,2023,임차가구_연간_주거비_HCC_2016-2024.csv,3,642.0,642.0,0.0,1e-12,PASS
부산,renter_household_annual_housing_cost_hcc,2024,임차가구_연간_주거비_HCC_2016-2024.csv,3,655.0,655.0,0.0,1e-12,PASS
서울,renter_household_annual_housing_cost_hcc,2016,임차가구_연간_주거비_HCC_2016-2024.csv,2,897.0,897.0,0.0,1e-12,PASS
서울,renter_household_annual_housing_cost_hcc,2017,임차가구_연간_주거비_HCC_2016-2024.csv,2,931.0,931.0,0.0,1e-12,PASS
서울,renter_household_annual_housing_cost_hcc,2018,임차가구_연간_주거비_HCC_2016-2024.csv,2,912.0,912.0,0.0,1e-12,PASS
서울,renter_household_annual_housing_cost_hcc,2019,임차가구_연간_주거비_HCC_2016-2024.csv,2,927.0,927.0,0.0,1e-12,PASS
서울,renter_household_annual_housing_cost_hcc,2020,임차가구_연간_주거비_HCC_2016-2024.csv,2,916.0,916.0,0.0,1e-12,PASS
서울,renter_household_annual_housing_cost_hcc,2021,임차가구_연간_주거비_HCC_2016-2024.csv,2,1178.0,1178.0,0.0,1e-12,PASS
서울,renter_household_annual_housing_cost_hcc,2022,임차가구_연간_주거비_HCC_2016-2024.csv,2,1082.0,1082.0,0.0,1e-12,PASS
서울,renter_household_annual_housing_cost_hcc,2023,임차가구_연간_주거비_HCC_2016-2024.csv,2,1237.0,1237.0,0.0,1e-12,PASS
서울,renter_household_annual_housing_cost_hcc,2024,임차가구_연간_주거비_HCC_2016-2024.csv,2,1196.0,1196.0,0.0,1e-12,PASS
세종,renter_household_annual_housing_cost_hcc,2017,임차가구_연간_주거비_HCC_2016-2024.csv,9,642.0,642.0,0.0,1e-12,PASS
세종,renter_household_annual_housing_cost_hcc,2018,임차가구_연간_주거비_HCC_2016-2024.csv,9,547.0,547.0,0.0,1e-12,PASS
세종,renter_household_annual_housing_cost_hcc,2019,임차가구_연간_주거비_HCC_2016-2024.csv,9,604.0,604.0,0.0,1e-12,PASS
세종,renter_household_annual_housing_cost_hcc,2020,임차가구_연간_주거비_HCC_2016-2024.csv,9,605.0,605.0,0.0,1e-12,PASS
세종,renter_household_annual_housing_cost_hcc,2021,임차가구_연간_주거비_HCC_2016-2024.csv,9,739.0,739.0,0.0,1e-12,PASS
세종,renter_household_annual_housing_cost_hcc,2022,임차가구_연간_주거비_HCC_2016-2024.csv,9,804.0,804.0,0.0,1e-12,PASS
세종,renter_household_annual_housing_cost_hcc,2023,임차가구_연간_주거비_HCC_2016-2024.csv,9,942.0,942.0,0.0,1e-12,PASS
세종,renter_household_annual_housing_cost_hcc,2024,임차가구_연간_주거비_HCC_2016-2024.csv,9,888.0,888.0,0.0,1e-12,PASS
울산,renter_household_annual_housing_cost_hcc,2016,임차가구_연간_주거비_HCC_2016-2024.csv,8,596.0,596.0,0.0,1e-12,PASS
울산,renter_household_annual_housing_cost_hcc,2017,임차가구_연간_주거비_HCC_2016-2024.csv,8,541.0,541.0,0.0,1e-12,PASS
울산,renter_household_annual_housing_cost_hcc,2018,임차가구_연간_주거비_HCC_2016-2024.csv,8,617.0,617.0,0.0,1e-12,PASS
울산,renter_household_annual_housing_cost_hcc,2019,임차가구_연간_주거비_HCC_2016-2024.csv,8,549.0,549.0,0.0,1e-12,PASS
울산,renter_household_annual_housing_cost_hcc,2020,임차가구_연간_주거비_HCC_2016-2024.csv,8,544.0,544.0,0.0,1e-12,PASS
울산,renter_household_annual_housing_cost_hcc,2021,임차가구_연간_주거비_HCC_2016-2024.csv,8,520.0,520.0,0.0,1e-12,PASS
울산,renter_household_annual_housing_cost_hcc,2022,임차가구_연간_주거비_HCC_2016-2024.csv,8,602.0,602.0,0.0,1e-12,PASS
울산,renter_household_annual_housing_cost_hcc,2023,임차가구_연간_주거비_HCC_2016-2024.csv,8,615.0,615.0,0.0,1e-12,PASS
울산,renter_household_annual_housing_cost_hcc,2024,임차가구_연간_주거비_HCC_2016-2024.csv,8,711.0,711.0,0.0,1e-12,PASS
인천,renter_household_annual_housing_cost_hcc,2016,임차가구_연간_주거비_HCC_2016-2024.csv,5,510.0,510.0,0.0,1e-12,PASS
인천,renter_household_annual_housing_cost_hcc,2017,임차가구_연간_주거비_HCC_2016-2024.csv,5,589.0,589.0,0.0,1e-12,PASS
인천,renter_household_annual_housing_cost_hcc,2018,임차가구_연간_주거비_HCC_2016-2024.csv,5,594.0,594.0,0.0,1e-12,PASS
인천,renter_household_annual_housing_cost_hcc,2019,임차가구_연간_주거비_HCC_2016-2024.csv,5,596.0,596.0,0.0,1e-12,PASS
인천,renter_household_annual_housing_cost_hcc,2020,임차가구_연간_주거비_HCC_2016-2024.csv,5,645.0,645.0,0.0,1e-12,PASS
인천,renter_household_annual_housing_cost_hcc,2021,임차가구_연간_주거비_HCC_2016-2024.csv,5,667.0,667.0,0.0,1e-12,PASS
인천,renter_household_annual_housing_cost_hcc,2022,임차가구_연간_주거비_HCC_2016-2024.csv,5,753.0,753.0,0.0,1e-12,PASS
인천,renter_household_annual_housing_cost_hcc,2023,임차가구_연간_주거비_HCC_2016-2024.csv,5,883.0,883.0,0.0,1e-12,PASS
인천,renter_household_annual_housing_cost_hcc,2024,임차가구_연간_주거비_HCC_2016-2024.csv,5,811.0,811.0,0.0,1e-12,PASS
전국,renter_household_annual_housing_cost_hcc,2016,임차가구_연간_주거비_HCC_2016-2024.csv,1,665.0,665.0,0.0,1e-12,PASS
전국,renter_household_annual_housing_cost_hcc,2017,임차가구_연간_주거비_HCC_2016-2024.csv,1,642.0,642.0,0.0,1e-12,PASS
전국,renter_household_annual_housing_cost_hcc,2018,임차가구_연간_주거비_HCC_2016-2024.csv,1,638.0,638.0,0.0,1e-12,PASS
전국,renter_household_annual_housing_cost_hcc,2019,임차가구_연간_주거비_HCC_2016-2024.csv,1,642.0,642.0,0.0,1e-12,PASS
전국,renter_household_annual_housing_cost_hcc,2020,임차가구_연간_주거비_HCC_2016-2024.csv,1,659.0,659.0,0.0,1e-12,PASS
전국,renter_household_annual_housing_cost_hcc,2021,임차가구_연간_주거비_HCC_2016-2024.csv,1,769.0,769.0,0.0,1e-12,PASS
전국,renter_household_annual_housing_cost_hcc,2022,임차가구_연간_주거비_HCC_2016-2024.csv,1,781.0,781.0,0.0,1e-12,PASS
전국,renter_household_annual_housing_cost_hcc,2023,임차가구_연간_주거비_HCC_2016-2024.csv,1,830.0,830.0,0.0,1e-12,PASS
전국,renter_household_annual_housing_cost_hcc,2024,임차가구_연간_주거비_HCC_2016-2024.csv,1,832.0,832.0,0.0,1e-12,PASS
전남,renter_household_annual_housing_cost_hcc,2016,임차가구_연간_주거비_HCC_2016-2024.csv,15,376.0,376.0,0.0,1e-12,PASS
전남,renter_household_annual_housing_cost_hcc,2017,임차가구_연간_주거비_HCC_2016-2024.csv,15,486.0,486.0,0.0,1e-12,PASS
전남,renter_household_annual_housing_cost_hcc,2018,임차가구_연간_주거비_HCC_2016-2024.csv,15,512.0,512.0,0.0,1e-12,PASS
전남,renter_household_annual_housing_cost_hcc,2019,임차가구_연간_주거비_HCC_2016-2024.csv,15,462.0,462.0,0.0,1e-12,PASS
전남,renter_household_annual_housing_cost_hcc,2020,임차가구_연간_주거비_HCC_2016-2024.csv,15,504.0,504.0,0.0,1e-12,PASS
전남,renter_household_annual_housing_cost_hcc,2021,임차가구_연간_주거비_HCC_2016-2024.csv,15,539.0,539.0,0.0,1e-12,PASS
전남,renter_household_annual_housing_cost_hcc,2022,임차가구_연간_주거비_HCC_2016-2024.csv,15,525.0,525.0,0.0,1e-12,PASS
전남,renter_household_annual_housing_cost_hcc,2023,임차가구_연간_주거비_HCC_2016-2024.csv,15,512.0,512.0,0.0,1e-12,PASS
전남,renter_household_annual_housing_cost_hcc,2024,임차가구_연간_주거비_HCC_2016-2024.csv,15,588.0,588.0,0.0,1e-12,PASS
전북,renter_household_annual_housing_cost_hcc,2016,임차가구_연간_주거비_HCC_2016-2024.csv,14,504.0,504.0,0.0,1e-12,PASS
전북,renter_household_annual_housing_cost_hcc,2017,임차가구_연간_주거비_HCC_2016-2024.csv,14,417.0,417.0,0.0,1e-12,PASS
전북,renter_household_annual_housing_cost_hcc,2018,임차가구_연간_주거비_HCC_2016-2024.csv,14,456.0,456.0,0.0,1e-12,PASS
전북,renter_household_annual_housing_cost_hcc,2019,임차가구_연간_주거비_HCC_2016-2024.csv,14,488.0,488.0,0.0,1e-12,PASS
전북,renter_household_annual_housing_cost_hcc,2020,임차가구_연간_주거비_HCC_2016-2024.csv,14,469.0,469.0,0.0,1e-12,PASS
전북,renter_household_annual_housing_cost_hcc,2021,임차가구_연간_주거비_HCC_2016-2024.csv,14,564.0,564.0,0.0,1e-12,PASS
전북,renter_household_annual_housing_cost_hcc,2022,임차가구_연간_주거비_HCC_2016-2024.csv,14,492.0,492.0,0.0,1e-12,PASS
전북,renter_household_annual_housing_cost_hcc,2023,임차가구_연간_주거비_HCC_2016-2024.csv,14,544.0,544.0,0.0,1e-12,PASS
전북,renter_household_annual_housing_cost_hcc,2024,임차가구_연간_주거비_HCC_2016-2024.csv,14,550.0,550.0,0.0,1e-12,PASS
제주,renter_household_annual_housing_cost_hcc,2016,임차가구_연간_주거비_HCC_2016-2024.csv,18,369.0,369.0,0.0,1e-12,PASS
제주,renter_household_annual_housing_cost_hcc,2017,임차가구_연간_주거비_HCC_2016-2024.csv,18,485.0,485.0,0.0,1e-12,PASS
제주,renter_household_annual_housing_cost_hcc,2018,임차가구_연간_주거비_HCC_2016-2024.csv,18,593.0,593.0,0.0,1e-12,PASS
제주,renter_household_annual_housing_cost_hcc,2019,임차가구_연간_주거비_HCC_2016-2024.csv,18,551.0,551.0,0.0,1e-12,PASS
제주,renter_household_annual_housing_cost_hcc,2020,임차가구_연간_주거비_HCC_2016-2024.csv,18,559.0,559.0,0.0,1e-12,PASS
제주,renter_household_annual_housing_cost_hcc,2021,임차가구_연간_주거비_HCC_2016-2024.csv,18,551.0,551.0,0.0,1e-12,PASS
제주,renter_household_annual_housing_cost_hcc,2022,임차가구_연간_주거비_HCC_2016-2024.csv,18,681.0,681.0,0.0,1e-12,PASS
제주,renter_household_annual_housing_cost_hcc,2023,임차가구_연간_주거비_HCC_2016-2024.csv,18,611.0,611.0,0.0,1e-12,PASS
제주,renter_household_annual_housing_cost_hcc,2024,임차가구_연간_주거비_HCC_2016-2024.csv,18,594.0,594.0,0.0,1e-12,PASS
충남,renter_household_annual_housing_cost_hcc,2016,임차가구_연간_주거비_HCC_2016-2024.csv,13,520.0,520.0,0.0,1e-12,PASS
충남,renter_household_annual_housing_cost_hcc,2017,임차가구_연간_주거비_HCC_2016-2024.csv,13,534.0,534.0,0.0,1e-12,PASS
충남,renter_household_annual_housing_cost_hcc,2018,임차가구_연간_주거비_HCC_2016-2024.csv,13,534.0,534.0,0.0,1e-12,PASS
충남,renter_household_annual_housing_cost_hcc,2019,임차가구_연간_주거비_HCC_2016-2024.csv,13,537.0,537.0,0.0,1e-12,PASS
충남,renter_household_annual_housing_cost_hcc,2020,임차가구_연간_주거비_HCC_2016-2024.csv,13,554.0,554.0,0.0,1e-12,PASS
충남,renter_household_annual_housing_cost_hcc,2021,임차가구_연간_주거비_HCC_2016-2024.csv,13,603.0,603.0,0.0,1e-12,PASS
충남,renter_household_annual_housing_cost_hcc,2022,임차가구_연간_주거비_HCC_2016-2024.csv,13,621.0,621.0,0.0,1e-12,PASS
충남,renter_household_annual_housing_cost_hcc,2023,임차가구_연간_주거비_HCC_2016-2024.csv,13,594.0,594.0,0.0,1e-12,PASS
충남,renter_household_annual_housing_cost_hcc,2024,임차가구_연간_주거비_HCC_2016-2024.csv,13,738.0,738.0,0.0,1e-12,PASS
충북,renter_household_annual_housing_cost_hcc,2016,임차가구_연간_주거비_HCC_2016-2024.csv,12,428.0,428.0,0.0,1e-12,PASS
충북,renter_household_annual_housing_cost_hcc,2017,임차가구_연간_주거비_HCC_2016-2024.csv,12,485.0,485.0,0.0,1e-12,PASS
충북,renter_household_annual_housing_cost_hcc,2018,임차가구_연간_주거비_HCC_2016-2024.csv,12,484.0,484.0,0.0,1e-12,PASS
충북,renter_household_annual_housing_cost_hcc,2019,임차가구_연간_주거비_HCC_2016-2024.csv,12,471.0,471.0,0.0,1e-12,PASS
충북,renter_household_annual_housing_cost_hcc,2020,임차가구_연간_주거비_HCC_2016-2024.csv,12,539.0,539.0,0.0,1e-12,PASS
충북,renter_household_annual_housing_cost_hcc,2021,임차가구_연간_주거비_HCC_2016-2024.csv,12,550.0,550.0,0.0,1e-12,PASS
충북,renter_household_annual_housing_cost_hcc,2022,임차가구_연간_주거비_HCC_2016-2024.csv,12,637.0,637.0,0.0,1e-12,PASS
충북,renter_household_annual_housing_cost_hcc,2023,임차가구_연간_주거비_HCC_2016-2024.csv,12,615.0,615.0,0.0,1e-12,PASS
충북,renter_household_annual_housing_cost_hcc,2024,임차가구_연간_주거비_HCC_2016-2024.csv,12,650.0,650.0,0.0,1e-12,PASS
강원,social_safety_perception,2016,구조환경지표_21개_검증본.csv,263,2.57,2.57,0.0,1e-12,PASS
강원,social_safety_perception,2018,구조환경지표_21개_검증본.csv,263,2.9040959040959047,2.9040959040959047,0.0,1e-12,PASS
강원,social_safety_perception,2020,구조환경지표_21개_검증본.csv,263,2.973973973973973,2.973973973973973,0.0,1e-12,PASS
강원,social_safety_perception,2022,구조환경지표_21개_검증본.csv,263,3.093906093906094,3.093906093906094,0.0,1e-12,PASS
강원,social_safety_perception,2024,구조환경지표_21개_검증본.csv,263,3.0110110110110115,3.0110110110110115,0.0,1e-12,PASS
경기,social_safety_perception,2016,구조환경지표_21개_검증본.csv,262,2.533,2.533,0.0,1e-12,PASS
경기,social_safety_perception,2018,구조환경지표_21개_검증본.csv,262,2.8190000000000004,2.8190000000000004,0.0,1e-12,PASS
경기,social_safety_perception,2020,구조환경지표_21개_검증본.csv,262,3.0950950950950946,3.0950950950950946,0.0,1e-12,PASS
경기,social_safety_perception,2022,구조환경지표_21개_검증본.csv,262,3.0840000000000005,3.0840000000000005,0.0,1e-12,PASS
경기,social_safety_perception,2024,구조환경지표_21개_검증본.csv,262,3.0170170170170176,3.0170170170170176,0.0,1e-12,PASS
경남,social_safety_perception,2016,구조환경지표_21개_검증본.csv,269,2.6143856143856143,2.6143856143856143,0.0,1e-12,PASS
경남,social_safety_perception,2018,구조환경지표_21개_검증본.csv,269,2.8560000000000008,2.8560000000000008,0.0,1e-12,PASS
경남,social_safety_perception,2020,구조환경지표_21개_검증본.csv,269,3.06893106893107,3.06893106893107,0.0,1e-12,PASS
경남,social_safety_perception,2022,구조환경지표_21개_검증본.csv,269,3.1730000000000005,3.1730000000000005,0.0,1e-12,PASS
경남,social_safety_perception,2024,구조환경지표_21개_검증본.csv,269,3.085085085085084,3.085085085085084,0.0,1e-12,PASS
경북,social_safety_perception,2016,구조환경지표_21개_검증본.csv,268,2.664335664335664,2.664335664335664,0.0,1e-12,PASS
경북,social_safety_perception,2018,구조환경지표_21개_검증본.csv,268,2.7987987987987983,2.7987987987987983,0.0,1e-12,PASS
경북,social_safety_perception,2020,구조환경지표_21개_검증본.csv,268,2.9679999999999995,2.9679999999999995,0.0,1e-12,PASS
경북,social_safety_perception,2022,구조환경지표_21개_검증본.csv,268,3.051,3.051,0.0,1e-12,PASS
경북,social_safety_perception,2024,구조환경지표_21개_검증본.csv,268,3.022954091816367,3.022954091816367,0.0,1e-12,PASS
광주,social_safety_perception,2016,구조환경지표_21개_검증본.csv,258,2.495,2.495,0.0,1e-12,PASS
광주,social_safety_perception,2018,구조환경지표_21개_검증본.csv,258,2.73,2.73,0.0,1e-12,PASS
광주,social_safety_perception,2020,구조환경지표_21개_검증본.csv,258,3.205,3.205,0.0,1e-12,PASS
광주,social_safety_perception,2022,구조환경지표_21개_검증본.csv,258,3.040040040040041,3.040040040040041,0.0,1e-12,PASS
광주,social_safety_perception,2024,구조환경지표_21개_검증본.csv,258,2.9730000000000008,2.9730000000000008,0.0,1e-12,PASS
대구,social_safety_perception,2016,구조환경지표_21개_검증본.csv,256,2.6386386386386387,2.6386386386386387,0.0,1e-12,PASS
대구,social_safety_perception,2018,구조환경지표_21개_검증본.csv,256,2.6613386613386614,2.6613386613386614,0.0,1e-12,PASS
대구,social_safety_perception,2020,구조환경지표_21개_검증본.csv,256,2.888888888888889,2.888888888888889,0.0,1e-12,PASS
대구,social_safety_perception,2022,구조환경지표_21개_검증본.csv,256,3.108891108891108,3.108891108891108,0.0,1e-12,PASS
대구,social_safety_perception,2024,구조환경지표_21개_검증본.csv,256,2.9550449550449542,2.9550449550449542,0.0,1e-12,PASS
대전,social_safety_perception,2016,구조환경지표_21개_검증본.csv,259,2.592407592407592,2.592407592407592,0.0,1e-12,PASS
대전,social_safety_perception,2018,구조환경지표_21개_검증본.csv,259,2.871,2.871,0.0,1e-12,PASS
대전,social_safety_perception,2020,구조환경지표_21개_검증본.csv,259,3.1781781781781784,3.1781781781781784,0.0,1e-12,PASS
대전,social_safety_perception,2022,구조환경지표_21개_검증본.csv,259,3.25,3.25,0.0,1e-12,PASS
대전,social_safety_perception,2024,구조환경지표_21개_검증본.csv,259,3.033966033966035,3.033966033966035,0.0,1e-12,PASS
부산,social_safety_perception,2016,구조환경지표_21개_검증본.csv,255,2.7622377622377625,2.7622377622377625,0.0,1e-12,PASS
부산,social_safety_perception,2018,구조환경지표_21개_검증본.csv,255,3.002,3.002,0.0,1e-12,PASS
부산,social_safety_perception,2020,구조환경지표_21개_검증본.csv,255,3.1590000000000003,3.1590000000000003,0.0,1e-12,PASS
부산,social_safety_perception,2022,구조환경지표_21개_검증본.csv,255,3.187812187812188,3.187812187812188,0.0,1e-12,PASS
부산,social_safety_perception,2024,구조환경지표_21개_검증본.csv,255,3.072927072927073,3.072927072927073,0.0,1e-12,PASS
서울,social_safety_perception,2016,구조환경지표_21개_검증본.csv,254,2.593406593406593,2.593406593406593,0.0,1e-12,PASS
서울,social_safety_perception,2018,구조환경지표_21개_검증본.csv,254,2.9449999999999994,2.9449999999999994,0.0,1e-12,PASS
서울,social_safety_perception,2020,구조환경지표_21개_검증본.csv,254,3.072927072927072,3.072927072927072,0.0,1e-12,PASS
서울,social_safety_perception,2022,구조환경지표_21개_검증본.csv,254,3.181181181181181,3.181181181181181,0.0,1e-12,PASS
서울,social_safety_perception,2024,구조환경지표_21개_검증본.csv,254,3.07,3.07,0.0,1e-12,PASS
세종,social_safety_perception,2016,구조환경지표_21개_검증본.csv,261,2.714000000000001,2.714000000000001,0.0,1e-12,PASS
세종,social_safety_perception,2018,구조환경지표_21개_검증본.csv,261,2.966,2.966,0.0,1e-12,PASS
세종,social_safety_perception,2020,구조환경지표_21개_검증본.csv,261,3.275724275724276,3.275724275724276,0.0,1e-12,PASS
세종,social_safety_perception,2022,구조환경지표_21개_검증본.csv,261,3.1830000000000003,3.1830000000000003,0.0,1e-12,PASS
세종,social_safety_perception,2024,구조환경지표_21개_검증본.csv,261,3.171,3.171,0.0,1e-12,PASS
울산,social_safety_perception,2016,구조환경지표_21개_검증본.csv,260,2.553,2.553,0.0,1e-12,PASS
울산,social_safety_perception,2018,구조환경지표_21개_검증본.csv,260,2.922000000000001,2.922000000000001,0.0,1e-12,PASS
울산,social_safety_perception,2020,구조환경지표_21개_검증본.csv,260,3.216,3.216,0.0,1e-12,PASS
울산,social_safety_perception,2022,구조환경지표_21개_검증본.csv,260,3.1851851851851856,3.1851851851851856,0.0,1e-12,PASS
울산,social_safety_perception,2024,구조환경지표_21개_검증본.csv,260,3.039,3.039,0.0,1e-12,PASS
인천,social_safety_perception,2016,구조환경지표_21개_검증본.csv,257,2.555,2.555,0.0,1e-12,PASS
인천,social_safety_perception,2018,구조환경지표_21개_검증본.csv,257,2.7840000000000003,2.7840000000000003,0.0,1e-12,PASS
인천,social_safety_perception,2020,구조환경지표_21개_검증본.csv,257,3.0749250749250754,3.0749250749250754,0.0,1e-12,PASS
인천,social_safety_perception,2022,구조환경지표_21개_검증본.csv,257,3.1439999999999992,3.1439999999999992,0.0,1e-12,PASS
인천,social_safety_perception,2024,구조환경지표_21개_검증본.csv,257,2.9449999999999994,2.9449999999999994,0.0,1e-12,PASS
전국,social_safety_perception,2016,구조환경지표_21개_검증본.csv,253,2.593593593593593,2.593593593593593,0.0,1e-12,PASS
전국,social_safety_perception,2018,구조환경지표_21개_검증본.csv,253,2.868,2.868,0.0,1e-12,PASS
전국,social_safety_perception,2020,구조환경지표_21개_검증본.csv,253,3.076923076923076,3.076923076923076,0.0,1e-12,PASS
전국,social_safety_perception,2022,구조환경지표_21개_검증본.csv,253,3.124875124875125,3.124875124875125,0.0,1e-12,PASS
전국,social_safety_perception,2024,구조환경지표_21개_검증본.csv,253,3.0249750249750247,3.0249750249750247,0.0,1e-12,PASS
전남,social_safety_perception,2016,구조환경지표_21개_검증본.csv,267,2.597,2.597,0.0,1e-12,PASS
전남,social_safety_perception,2018,구조환경지표_21개_검증본.csv,267,2.966,2.966,0.0,1e-12,PASS
전남,social_safety_perception,2020,구조환경지표_21개_검증본.csv,267,3.107892107892108,3.107892107892108,0.0,1e-12,PASS
전남,social_safety_perception,2022,구조환경지표_21개_검증본.csv,267,3.028,3.028,0.0,1e-12,PASS
전남,social_safety_perception,2024,구조환경지표_21개_검증본.csv,267,2.937,2.937,0.0,1e-12,PASS
전북,social_safety_perception,2016,구조환경지표_21개_검증본.csv,266,2.613,2.613,0.0,1e-12,PASS
전북,social_safety_perception,2018,구조환경지표_21개_검증본.csv,266,2.9669669669669667,2.9669669669669667,0.0,1e-12,PASS
전북,social_safety_perception,2020,구조환경지표_21개_검증본.csv,266,3.0700000000000007,3.0700000000000007,0.0,1e-12,PASS
전북,social_safety_perception,2022,구조환경지표_21개_검증본.csv,266,3.0509490509490504,3.0509490509490504,0.0,1e-12,PASS
전북,social_safety_perception,2024,구조환경지표_21개_검증본.csv,266,2.9700299700299704,2.9700299700299704,0.0,1e-12,PASS
제주,social_safety_perception,2016,구조환경지표_21개_검증본.csv,270,2.632632632632633,2.632632632632633,0.0,1e-12,PASS
제주,social_safety_perception,2018,구조환경지표_21개_검증본.csv,270,2.880880880880881,2.880880880880881,0.0,1e-12,PASS
제주,social_safety_perception,2020,구조환경지표_21개_검증본.csv,270,3.126873126873127,3.126873126873127,0.0,1e-12,PASS
제주,social_safety_perception,2022,구조환경지표_21개_검증본.csv,270,3.0420000000000003,3.0420000000000003,0.0,1e-12,PASS
제주,social_safety_perception,2024,구조환경지표_21개_검증본.csv,270,3.009009009009009,3.009009009009009,0.0,1e-12,PASS
충남,social_safety_perception,2016,구조환경지표_21개_검증본.csv,265,2.6386386386386387,2.6386386386386387,0.0,1e-12,PASS
충남,social_safety_perception,2018,구조환경지표_21개_검증본.csv,265,2.93,2.93,0.0,1e-12,PASS
충남,social_safety_perception,2020,구조환경지표_21개_검증본.csv,265,3.04,3.04,0.0,1e-12,PASS
충남,social_safety_perception,2022,구조환경지표_21개_검증본.csv,265,3.187,3.187,0.0,1e-12,PASS
충남,social_safety_perception,2024,구조환경지표_21개_검증본.csv,265,3.095,3.095,0.0,1e-12,PASS
충북,social_safety_perception,2016,구조환경지표_21개_검증본.csv,264,2.576,2.576,0.0,1e-12,PASS
충북,social_safety_perception,2018,구조환경지표_21개_검증본.csv,264,2.8500000000000005,2.8500000000000005,0.0,1e-12,PASS
충북,social_safety_perception,2020,구조환경지표_21개_검증본.csv,264,3.0180180180180183,3.0180180180180183,0.0,1e-12,PASS
충북,social_safety_perception,2022,구조환경지표_21개_검증본.csv,264,3.063936063936064,3.063936063936064,0.0,1e-12,PASS
충북,social_safety_perception,2024,구조환경지표_21개_검증본.csv,264,2.9190000000000005,2.9190000000000005,0.0,1e-12,PASS
강원,socioeconomic_status_perception,2020,가족실태조사_사회경제적_지위에_대한_인식_2020_2023.csv,11,2.48,2.48,0.0,1e-12,PASS
강원,socioeconomic_status_perception,2023,가족실태조사_사회경제적_지위에_대한_인식_2020_2023.csv,11,2.7,2.7,0.0,1e-12,PASS
경기,socioeconomic_status_perception,2020,가족실태조사_사회경제적_지위에_대한_인식_2020_2023.csv,10,2.47,2.47,0.0,1e-12,PASS
경기,socioeconomic_status_perception,2023,가족실태조사_사회경제적_지위에_대한_인식_2020_2023.csv,10,2.29,2.29,0.0,1e-12,PASS
경남,socioeconomic_status_perception,2020,가족실태조사_사회경제적_지위에_대한_인식_2020_2023.csv,17,2.45,2.45,0.0,1e-12,PASS
경남,socioeconomic_status_perception,2023,가족실태조사_사회경제적_지위에_대한_인식_2020_2023.csv,17,2.11,2.11,0.0,1e-12,PASS
경북,socioeconomic_status_perception,2020,가족실태조사_사회경제적_지위에_대한_인식_2020_2023.csv,16,2.41,2.41,0.0,1e-12,PASS
경북,socioeconomic_status_perception,2023,가족실태조사_사회경제적_지위에_대한_인식_2020_2023.csv,16,2.29,2.29,0.0,1e-12,PASS
광주,socioeconomic_status_perception,2020,가족실태조사_사회경제적_지위에_대한_인식_2020_2023.csv,6,2.66,2.66,0.0,1e-12,PASS
광주,socioeconomic_status_perception,2023,가족실태조사_사회경제적_지위에_대한_인식_2020_2023.csv,6,2.51,2.51,0.0,1e-12,PASS
대구,socioeconomic_status_perception,2020,가족실태조사_사회경제적_지위에_대한_인식_2020_2023.csv,4,2.51,2.51,0.0,1e-12,PASS
대구,socioeconomic_status_perception,2023,가족실태조사_사회경제적_지위에_대한_인식_2020_2023.csv,4,2.32,2.32,0.0,1e-12,PASS
대전,socioeconomic_status_perception,2020,가족실태조사_사회경제적_지위에_대한_인식_2020_2023.csv,7,2.59,2.59,0.0,1e-12,PASS
대전,socioeconomic_status_perception,2023,가족실태조사_사회경제적_지위에_대한_인식_2020_2023.csv,7,2.79,2.79,0.0,1e-12,PASS
부산,socioeconomic_status_perception,2020,가족실태조사_사회경제적_지위에_대한_인식_2020_2023.csv,3,2.5,2.5,0.0,1e-12,PASS
부산,socioeconomic_status_perception,2023,가족실태조사_사회경제적_지위에_대한_인식_2020_2023.csv,3,2.19,2.19,0.0,1e-12,PASS
서울,socioeconomic_status_perception,2020,가족실태조사_사회경제적_지위에_대한_인식_2020_2023.csv,2,2.57,2.57,0.0,1e-12,PASS
서울,socioeconomic_status_perception,2023,가족실태조사_사회경제적_지위에_대한_인식_2020_2023.csv,2,2.22,2.22,0.0,1e-12,PASS
세종,socioeconomic_status_perception,2020,가족실태조사_사회경제적_지위에_대한_인식_2020_2023.csv,9,2.75,2.75,0.0,1e-12,PASS
세종,socioeconomic_status_perception,2023,가족실태조사_사회경제적_지위에_대한_인식_2020_2023.csv,9,2.68,2.68,0.0,1e-12,PASS
울산,socioeconomic_status_perception,2020,가족실태조사_사회경제적_지위에_대한_인식_2020_2023.csv,8,2.5,2.5,0.0,1e-12,PASS
울산,socioeconomic_status_perception,2023,가족실태조사_사회경제적_지위에_대한_인식_2020_2023.csv,8,2.54,2.54,0.0,1e-12,PASS
인천,socioeconomic_status_perception,2020,가족실태조사_사회경제적_지위에_대한_인식_2020_2023.csv,5,2.44,2.44,0.0,1e-12,PASS
인천,socioeconomic_status_perception,2023,가족실태조사_사회경제적_지위에_대한_인식_2020_2023.csv,5,2.26,2.26,0.0,1e-12,PASS
전국,socioeconomic_status_perception,2020,가족실태조사_사회경제적_지위에_대한_인식_2020_2023.csv,1,2.5,2.5,0.0,1e-12,PASS
전국,socioeconomic_status_perception,2023,가족실태조사_사회경제적_지위에_대한_인식_2020_2023.csv,1,2.32,2.32,0.0,1e-12,PASS
전남,socioeconomic_status_perception,2020,가족실태조사_사회경제적_지위에_대한_인식_2020_2023.csv,15,2.48,2.48,0.0,1e-12,PASS
전남,socioeconomic_status_perception,2023,가족실태조사_사회경제적_지위에_대한_인식_2020_2023.csv,15,2.35,2.35,0.0,1e-12,PASS
전북,socioeconomic_status_perception,2020,가족실태조사_사회경제적_지위에_대한_인식_2020_2023.csv,14,2.45,2.45,0.0,1e-12,PASS
전북,socioeconomic_status_perception,2023,가족실태조사_사회경제적_지위에_대한_인식_2020_2023.csv,14,2.31,2.31,0.0,1e-12,PASS
제주,socioeconomic_status_perception,2020,가족실태조사_사회경제적_지위에_대한_인식_2020_2023.csv,18,2.51,2.51,0.0,1e-12,PASS
제주,socioeconomic_status_perception,2023,가족실태조사_사회경제적_지위에_대한_인식_2020_2023.csv,18,2.61,2.61,0.0,1e-12,PASS
충남,socioeconomic_status_perception,2020,가족실태조사_사회경제적_지위에_대한_인식_2020_2023.csv,13,2.43,2.43,0.0,1e-12,PASS
충남,socioeconomic_status_perception,2023,가족실태조사_사회경제적_지위에_대한_인식_2020_2023.csv,13,2.4,2.4,0.0,1e-12,PASS
충북,socioeconomic_status_perception,2020,가족실태조사_사회경제적_지위에_대한_인식_2020_2023.csv,12,2.45,2.45,0.0,1e-12,PASS
충북,socioeconomic_status_perception,2023,가족실태조사_사회경제적_지위에_대한_인식_2020_2023.csv,12,2.52,2.52,0.0,1e-12,PASS
강원,urban_park_supply,2016,구조환경지표_21개_검증본.csv,137,8.4,8.4,0.0,1e-12,PASS
강원,urban_park_supply,2017,구조환경지표_21개_검증본.csv,137,8.8,8.8,0.0,1e-12,PASS
강원,urban_park_supply,2018,구조환경지표_21개_검증본.csv,137,10.0,10.0,0.0,1e-12,PASS
강원,urban_park_supply,2019,구조환경지표_21개_검증본.csv,137,10.7,10.7,0.0,1e-12,PASS
강원,urban_park_supply,2020,구조환경지표_21개_검증본.csv,137,13.3,13.3,0.0,1e-12,PASS
강원,urban_park_supply,2021,구조환경지표_21개_검증본.csv,137,15.4,15.4,0.0,1e-12,PASS
강원,urban_park_supply,2022,구조환경지표_21개_검증본.csv,137,15.8,15.8,0.0,1e-12,PASS
강원,urban_park_supply,2023,구조환경지표_21개_검증본.csv,137,16.1,16.1,0.0,1e-12,PASS
강원,urban_park_supply,2024,구조환경지표_21개_검증본.csv,137,15.7,15.7,0.0,1e-12,PASS
경기,urban_park_supply,2016,구조환경지표_21개_검증본.csv,136,9.1,9.1,0.0,1e-12,PASS
경기,urban_park_supply,2017,구조환경지표_21개_검증본.csv,136,9.2,9.2,0.0,1e-12,PASS
경기,urban_park_supply,2018,구조환경지표_21개_검증본.csv,136,9.6,9.6,0.0,1e-12,PASS
경기,urban_park_supply,2019,구조환경지표_21개_검증본.csv,136,9.6,9.6,0.0,1e-12,PASS
경기,urban_park_supply,2020,구조환경지표_21개_검증본.csv,136,10.0,10.0,0.0,1e-12,PASS
경기,urban_park_supply,2021,구조환경지표_21개_검증본.csv,136,10.4,10.4,0.0,1e-12,PASS
경기,urban_park_supply,2022,구조환경지표_21개_검증본.csv,136,11.2,11.2,0.0,1e-12,PASS
경기,urban_park_supply,2023,구조환경지표_21개_검증본.csv,136,11.2,11.2,0.0,1e-12,PASS
경기,urban_park_supply,2024,구조환경지표_21개_검증본.csv,136,11.4,11.4,0.0,1e-12,PASS
경남,urban_park_supply,2016,구조환경지표_21개_검증본.csv,143,10.8,10.8,0.0,1e-12,PASS
경남,urban_park_supply,2017,구조환경지표_21개_검증본.csv,143,11.4,11.4,0.0,1e-12,PASS
경남,urban_park_supply,2018,구조환경지표_21개_검증본.csv,143,12.4,12.4,0.0,1e-12,PASS
경남,urban_park_supply,2019,구조환경지표_21개_검증본.csv,143,12.6,12.6,0.0,1e-12,PASS
경남,urban_park_supply,2020,구조환경지표_21개_검증본.csv,143,14.5,14.5,0.0,1e-12,PASS
경남,urban_park_supply,2021,구조환경지표_21개_검증본.csv,143,15.7,15.7,0.0,1e-12,PASS
경남,urban_park_supply,2022,구조환경지표_21개_검증본.csv,143,15.8,15.8,0.0,1e-12,PASS
경남,urban_park_supply,2023,구조환경지표_21개_검증본.csv,143,16.0,16.0,0.0,1e-12,PASS
경남,urban_park_supply,2024,구조환경지표_21개_검증본.csv,143,16.2,16.2,0.0,1e-12,PASS
경북,urban_park_supply,2016,구조환경지표_21개_검증본.csv,142,9.6,9.6,0.0,1e-12,PASS
경북,urban_park_supply,2017,구조환경지표_21개_검증본.csv,142,10.3,10.3,0.0,1e-12,PASS
경북,urban_park_supply,2018,구조환경지표_21개_검증본.csv,142,11.4,11.4,0.0,1e-12,PASS
경북,urban_park_supply,2019,구조환경지표_21개_검증본.csv,142,11.5,11.5,0.0,1e-12,PASS
경북,urban_park_supply,2020,구조환경지표_21개_검증본.csv,142,15.7,15.7,0.0,1e-12,PASS
경북,urban_park_supply,2021,구조환경지표_21개_검증본.csv,142,16.0,16.0,0.0,1e-12,PASS
경북,urban_park_supply,2022,구조환경지표_21개_검증본.csv,142,16.4,16.4,0.0,1e-12,PASS
경북,urban_park_supply,2023,구조환경지표_21개_검증본.csv,142,16.6,16.6,0.0,1e-12,PASS
경북,urban_park_supply,2024,구조환경지표_21개_검증본.csv,142,16.5,16.5,0.0,1e-12,PASS
광주,urban_park_supply,2016,구조환경지표_21개_검증본.csv,132,6.2,6.2,0.0,1e-12,PASS
광주,urban_park_supply,2017,구조환경지표_21개_검증본.csv,132,6.1,6.1,0.0,1e-12,PASS
광주,urban_park_supply,2018,구조환경지표_21개_검증본.csv,132,7.4,7.4,0.0,1e-12,PASS
광주,urban_park_supply,2019,구조환경지표_21개_검증본.csv,132,6.9,6.9,0.0,1e-12,PASS
광주,urban_park_supply,2020,구조환경지표_21개_검증본.csv,132,12.2,12.2,0.0,1e-12,PASS
광주,urban_park_supply,2021,구조환경지표_21개_검증본.csv,132,12.2,12.2,0.0,1e-12,PASS
광주,urban_park_supply,2022,구조환경지표_21개_검증본.csv,132,12.4,12.4,0.0,1e-12,PASS
광주,urban_park_supply,2023,구조환경지표_21개_검증본.csv,132,13.3,13.3,0.0,1e-12,PASS
광주,urban_park_supply,2024,구조환경지표_21개_검증본.csv,132,13.4,13.4,0.0,1e-12,PASS
대구,urban_park_supply,2016,구조환경지표_21개_검증본.csv,130,4.9,4.9,0.0,1e-12,PASS
대구,urban_park_supply,2017,구조환경지표_21개_검증본.csv,130,4.9,4.9,0.0,1e-12,PASS
대구,urban_park_supply,2018,구조환경지표_21개_검증본.csv,130,5.0,5.0,0.0,1e-12,PASS
대구,urban_park_supply,2019,구조환경지표_21개_검증본.csv,130,5.1,5.1,0.0,1e-12,PASS
대구,urban_park_supply,2020,구조환경지표_21개_검증본.csv,130,7.5,7.5,0.0,1e-12,PASS
대구,urban_park_supply,2021,구조환경지표_21개_검증본.csv,130,7.6,7.6,0.0,1e-12,PASS
대구,urban_park_supply,2022,구조환경지표_21개_검증본.csv,130,7.2,7.2,0.0,1e-12,PASS
대구,urban_park_supply,2023,구조환경지표_21개_검증본.csv,130,9.6,9.6,0.0,1e-12,PASS
대구,urban_park_supply,2024,구조환경지표_21개_검증본.csv,130,9.8,9.8,0.0,1e-12,PASS
대전,urban_park_supply,2016,구조환경지표_21개_검증본.csv,133,8.6,8.6,0.0,1e-12,PASS
대전,urban_park_supply,2017,구조환경지표_21개_검증본.csv,133,10.3,10.3,0.0,1e-12,PASS
대전,urban_park_supply,2018,구조환경지표_21개_검증본.csv,133,12.2,12.2,0.0,1e-12,PASS
대전,urban_park_supply,2019,구조환경지표_21개_검증본.csv,133,10.9,10.9,0.0,1e-12,PASS
대전,urban_park_supply,2020,구조환경지표_21개_검증본.csv,133,12.0,12.0,0.0,1e-12,PASS
대전,urban_park_supply,2021,구조환경지표_21개_검증본.csv,133,12.0,12.0,0.0,1e-12,PASS
대전,urban_park_supply,2022,구조환경지표_21개_검증본.csv,133,12.4,12.4,0.0,1e-12,PASS
대전,urban_park_supply,2023,구조환경지표_21개_검증본.csv,133,13.0,13.0,0.0,1e-12,PASS
대전,urban_park_supply,2024,구조환경지표_21개_검증본.csv,133,13.5,13.5,0.0,1e-12,PASS
부산,urban_park_supply,2016,구조환경지표_21개_검증본.csv,129,5.7,5.7,0.0,1e-12,PASS
부산,urban_park_supply,2017,구조환경지표_21개_검증본.csv,129,6.6,6.6,0.0,1e-12,PASS
부산,urban_park_supply,2018,구조환경지표_21개_검증본.csv,129,6.9,6.9,0.0,1e-12,PASS
부산,urban_park_supply,2019,구조환경지표_21개_검증본.csv,129,12.2,12.2,0.0,1e-12,PASS
부산,urban_park_supply,2020,구조환경지표_21개_검증본.csv,129,11.6,11.6,0.0,1e-12,PASS
부산,urban_park_supply,2021,구조환경지표_21개_검증본.csv,129,13.5,13.5,0.0,1e-12,PASS
부산,urban_park_supply,2022,구조환경지표_21개_검증본.csv,129,17.3,17.3,0.0,1e-12,PASS
부산,urban_park_supply,2023,구조환경지표_21개_검증본.csv,129,17.5,17.5,0.0,1e-12,PASS
부산,urban_park_supply,2024,구조환경지표_21개_검증본.csv,129,17.7,17.7,0.0,1e-12,PASS
서울,urban_park_supply,2016,구조환경지표_21개_검증본.csv,128,8.0,8.0,0.0,1e-12,PASS
서울,urban_park_supply,2017,구조환경지표_21개_검증본.csv,128,8.1,8.1,0.0,1e-12,PASS
서울,urban_park_supply,2018,구조환경지표_21개_검증본.csv,128,8.3,8.3,0.0,1e-12,PASS
서울,urban_park_supply,2019,구조환경지표_21개_검증본.csv,128,8.4,8.4,0.0,1e-12,PASS
서울,urban_park_supply,2020,구조환경지표_21개_검증본.csv,128,4.4,4.4,0.0,1e-12,PASS
서울,urban_park_supply,2021,구조환경지표_21개_검증본.csv,128,4.6,4.6,0.0,1e-12,PASS
서울,urban_park_supply,2022,구조환경지표_21개_검증본.csv,128,4.7,4.7,0.0,1e-12,PASS
서울,urban_park_supply,2023,구조환경지표_21개_검증본.csv,128,4.6,4.6,0.0,1e-12,PASS
서울,urban_park_supply,2024,구조환경지표_21개_검증본.csv,128,4.7,4.7,0.0,1e-12,PASS
세종,urban_park_supply,2016,구조환경지표_21개_검증본.csv,135,102.2,102.2,0.0,1e-12,PASS
세종,urban_park_supply,2017,구조환경지표_21개_검증본.csv,135,84.1,84.1,0.0,1e-12,PASS
세종,urban_park_supply,2018,구조환경지표_21개_검증본.csv,135,76.2,76.2,0.0,1e-12,PASS
세종,urban_park_supply,2019,구조환경지표_21개_검증본.csv,135,69.0,69.0,0.0,1e-12,PASS
세종,urban_park_supply,2020,구조환경지표_21개_검증본.csv,135,68.2,68.2,0.0,1e-12,PASS
세종,urban_park_supply,2021,구조환경지표_21개_검증본.csv,135,65.3,65.3,0.0,1e-12,PASS
세종,urban_park_supply,2022,구조환경지표_21개_검증본.csv,135,63.3,63.3,0.0,1e-12,PASS
세종,urban_park_supply,2023,구조환경지표_21개_검증본.csv,135,62.8,62.8,0.0,1e-12,PASS
세종,urban_park_supply,2024,구조환경지표_21개_검증본.csv,135,62.2,62.2,0.0,1e-12,PASS
울산,urban_park_supply,2016,구조환경지표_21개_검증본.csv,134,9.1,9.1,0.0,1e-12,PASS
울산,urban_park_supply,2017,구조환경지표_21개_검증본.csv,134,9.4,9.4,0.0,1e-12,PASS
울산,urban_park_supply,2018,구조환경지표_21개_검증본.csv,134,9.4,9.4,0.0,1e-12,PASS
울산,urban_park_supply,2019,구조환경지표_21개_검증본.csv,134,10.6,10.6,0.0,1e-12,PASS
울산,urban_park_supply,2020,구조환경지표_21개_검증본.csv,134,10.7,10.7,0.0,1e-12,PASS
울산,urban_park_supply,2021,구조환경지표_21개_검증본.csv,134,10.7,10.7,0.0,1e-12,PASS
울산,urban_park_supply,2022,구조환경지표_21개_검증본.csv,134,10.3,10.3,0.0,1e-12,PASS
울산,urban_park_supply,2023,구조환경지표_21개_검증본.csv,134,10.4,10.4,0.0,1e-12,PASS
울산,urban_park_supply,2024,구조환경지표_21개_검증본.csv,134,10.5,10.5,0.0,1e-12,PASS
인천,urban_park_supply,2016,구조환경지표_21개_검증본.csv,131,11.3,11.3,0.0,1e-12,PASS
인천,urban_park_supply,2017,구조환경지표_21개_검증본.csv,131,11.2,11.2,0.0,1e-12,PASS
인천,urban_park_supply,2018,구조환경지표_21개_검증본.csv,131,11.7,11.7,0.0,1e-12,PASS
인천,urban_park_supply,2019,구조환경지표_21개_검증본.csv,131,10.8,10.8,0.0,1e-12,PASS
인천,urban_park_supply,2020,구조환경지표_21개_검증본.csv,131,12.9,12.9,0.0,1e-12,PASS
인천,urban_park_supply,2021,구조환경지표_21개_검증본.csv,131,13.1,13.1,0.0,1e-12,PASS
인천,urban_park_supply,2022,구조환경지표_21개_검증본.csv,131,13.6,13.6,0.0,1e-12,PASS
인천,urban_park_supply,2023,구조환경지표_21개_검증본.csv,131,14.1,14.1,0.0,1e-12,PASS
인천,urban_park_supply,2024,구조환경지표_21개_검증본.csv,131,15.4,15.4,0.0,1e-12,PASS
전국,urban_park_supply,2016,구조환경지표_21개_검증본.csv,127,9.2,9.2,0.0,1e-12,PASS
전국,urban_park_supply,2017,구조환경지표_21개_검증본.csv,127,9.6,9.6,0.0,1e-12,PASS
전국,urban_park_supply,2018,구조환경지표_21개_검증본.csv,127,10.1,10.1,0.0,1e-12,PASS
전국,urban_park_supply,2019,구조환경지표_21개_검증본.csv,127,10.5,10.5,0.0,1e-12,PASS
전국,urban_park_supply,2020,구조환경지표_21개_검증본.csv,127,11.0,11.0,0.0,1e-12,PASS
전국,urban_park_supply,2021,구조환경지표_21개_검증본.csv,127,11.6,11.6,0.0,1e-12,PASS
전국,urban_park_supply,2022,구조환경지표_21개_검증본.csv,127,12.3,12.3,0.0,1e-12,PASS
전국,urban_park_supply,2023,구조환경지표_21개_검증본.csv,127,12.6,12.6,0.0,1e-12,PASS
전국,urban_park_supply,2024,구조환경지표_21개_검증본.csv,127,12.8,12.8,0.0,1e-12,PASS
전남,urban_park_supply,2016,구조환경지표_21개_검증본.csv,141,15.8,15.8,0.0,1e-12,PASS
전남,urban_park_supply,2017,구조환경지표_21개_검증본.csv,141,17.9,17.9,0.0,1e-12,PASS
전남,urban_park_supply,2018,구조환경지표_21개_검증본.csv,141,20.1,20.1,0.0,1e-12,PASS
전남,urban_park_supply,2019,구조환경지표_21개_검증본.csv,141,20.1,20.1,0.0,1e-12,PASS
전남,urban_park_supply,2020,구조환경지표_21개_검증본.csv,141,23.9,23.9,0.0,1e-12,PASS
전남,urban_park_supply,2021,구조환경지표_21개_검증본.csv,141,25.6,25.6,0.0,1e-12,PASS
전남,urban_park_supply,2022,구조환경지표_21개_검증본.csv,141,26.4,26.4,0.0,1e-12,PASS
전남,urban_park_supply,2023,구조환경지표_21개_검증본.csv,141,26.2,26.2,0.0,1e-12,PASS
전남,urban_park_supply,2024,구조환경지표_21개_검증본.csv,141,26.6,26.6,0.0,1e-12,PASS
전북,urban_park_supply,2016,구조환경지표_21개_검증본.csv,140,12.2,12.2,0.0,1e-12,PASS
전북,urban_park_supply,2017,구조환경지표_21개_검증본.csv,140,13.1,13.1,0.0,1e-12,PASS
전북,urban_park_supply,2018,구조환경지표_21개_검증본.csv,140,13.8,13.8,0.0,1e-12,PASS
전북,urban_park_supply,2019,구조환경지표_21개_검증본.csv,140,14.1,14.1,0.0,1e-12,PASS
전북,urban_park_supply,2020,구조환경지표_21개_검증본.csv,140,24.4,24.4,0.0,1e-12,PASS
전북,urban_park_supply,2021,구조환경지표_21개_검증본.csv,140,24.8,24.8,0.0,1e-12,PASS
전북,urban_park_supply,2022,구조환경지표_21개_검증본.csv,140,24.6,24.6,0.0,1e-12,PASS
전북,urban_park_supply,2023,구조환경지표_21개_검증본.csv,140,24.5,24.5,0.0,1e-12,PASS
전북,urban_park_supply,2024,구조환경지표_21개_검증본.csv,140,26.0,26.0,0.0,1e-12,PASS
제주,urban_park_supply,2016,구조환경지표_21개_검증본.csv,144,3.1,3.1,0.0,1e-12,PASS
제주,urban_park_supply,2017,구조환경지표_21개_검증본.csv,144,5.4,5.4,0.0,1e-12,PASS
제주,urban_park_supply,2018,구조환경지표_21개_검증본.csv,144,5.6,5.6,0.0,1e-12,PASS
제주,urban_park_supply,2019,구조환경지표_21개_검증본.csv,144,6.0,6.0,0.0,1e-12,PASS
제주,urban_park_supply,2020,구조환경지표_21개_검증본.csv,144,12.0,12.0,0.0,1e-12,PASS
제주,urban_park_supply,2021,구조환경지표_21개_검증본.csv,144,16.6,16.6,0.0,1e-12,PASS
제주,urban_park_supply,2022,구조환경지표_21개_검증본.csv,144,16.6,16.6,0.0,1e-12,PASS
제주,urban_park_supply,2023,구조환경지표_21개_검증본.csv,144,16.7,16.7,0.0,1e-12,PASS
제주,urban_park_supply,2024,구조환경지표_21개_검증본.csv,144,17.5,17.5,0.0,1e-12,PASS
충남,urban_park_supply,2016,구조환경지표_21개_검증본.csv,139,10.6,10.6,0.0,1e-12,PASS
충남,urban_park_supply,2017,구조환경지표_21개_검증본.csv,139,10.1,10.1,0.0,1e-12,PASS
충남,urban_park_supply,2018,구조환경지표_21개_검증본.csv,139,10.7,10.7,0.0,1e-12,PASS
충남,urban_park_supply,2019,구조환경지표_21개_검증본.csv,139,10.0,10.0,0.0,1e-12,PASS
충남,urban_park_supply,2020,구조환경지표_21개_검증본.csv,139,10.0,10.0,0.0,1e-12,PASS
충남,urban_park_supply,2021,구조환경지표_21개_검증본.csv,139,10.7,10.7,0.0,1e-12,PASS
충남,urban_park_supply,2022,구조환경지표_21개_검증본.csv,139,11.5,11.5,0.0,1e-12,PASS
충남,urban_park_supply,2023,구조환경지표_21개_검증본.csv,139,11.5,11.5,0.0,1e-12,PASS
충남,urban_park_supply,2024,구조환경지표_21개_검증본.csv,139,11.7,11.7,0.0,1e-12,PASS
충북,urban_park_supply,2016,구조환경지표_21개_검증본.csv,138,9.1,9.1,0.0,1e-12,PASS
충북,urban_park_supply,2017,구조환경지표_21개_검증본.csv,138,10.1,10.1,0.0,1e-12,PASS
충북,urban_park_supply,2018,구조환경지표_21개_검증본.csv,138,9.9,9.9,0.0,1e-12,PASS
충북,urban_park_supply,2019,구조환경지표_21개_검증본.csv,138,10.6,10.6,0.0,1e-12,PASS
충북,urban_park_supply,2020,구조환경지표_21개_검증본.csv,138,10.4,10.4,0.0,1e-12,PASS
충북,urban_park_supply,2021,구조환경지표_21개_검증본.csv,138,10.3,10.3,0.0,1e-12,PASS
충북,urban_park_supply,2022,구조환경지표_21개_검증본.csv,138,13.7,13.7,0.0,1e-12,PASS
충북,urban_park_supply,2023,구조환경지표_21개_검증본.csv,138,16.1,16.1,0.0,1e-12,PASS
충북,urban_park_supply,2024,구조환경지표_21개_검증본.csv,138,15.4,15.4,0.0,1e-12,PASS
강원,work_hours,2016,구조환경지표_21개_검증본.csv,280,176.6,176.6,0.0,1e-12,PASS
강원,work_hours,2017,구조환경지표_21개_검증본.csv,280,171.6,171.6,0.0,1e-12,PASS
강원,work_hours,2018,구조환경지표_21개_검증본.csv,280,175.2,175.2,0.0,1e-12,PASS
강원,work_hours,2019,구조환경지표_21개_검증본.csv,280,177.5,177.5,0.0,1e-12,PASS
강원,work_hours,2020,구조환경지표_21개_검증본.csv,280,157.7,157.7,0.0,1e-12,PASS
강원,work_hours,2021,구조환경지표_21개_검증본.csv,280,171.1,171.1,0.0,1e-12,PASS
강원,work_hours,2022,구조환경지표_21개_검증본.csv,280,164.9,164.9,0.0,1e-12,PASS
강원,work_hours,2023,구조환경지표_21개_검증본.csv,280,159.2,159.2,0.0,1e-12,PASS
강원,work_hours,2024,구조환경지표_21개_검증본.csv,280,163.8,163.8,0.0,1e-12,PASS
경기,work_hours,2016,구조환경지표_21개_검증본.csv,279,178.0,178.0,0.0,1e-12,PASS
경기,work_hours,2017,구조환경지표_21개_검증본.csv,279,174.8,174.8,0.0,1e-12,PASS
경기,work_hours,2018,구조환경지표_21개_검증본.csv,279,177.7,177.7,0.0,1e-12,PASS
경기,work_hours,2019,구조환경지표_21개_검증본.csv,279,183.3,183.3,0.0,1e-12,PASS
경기,work_hours,2020,구조환경지표_21개_검증본.csv,279,165.1,165.1,0.0,1e-12,PASS
경기,work_hours,2021,구조환경지표_21개_검증본.csv,279,178.2,178.2,0.0,1e-12,PASS
경기,work_hours,2022,구조환경지표_21개_검증본.csv,279,170.6,170.6,0.0,1e-12,PASS
경기,work_hours,2023,구조환경지표_21개_검증본.csv,279,162.3,162.3,0.0,1e-12,PASS
경기,work_hours,2024,구조환경지표_21개_검증본.csv,279,167.6,167.6,0.0,1e-12,PASS
경남,work_hours,2016,구조환경지표_21개_검증본.csv,286,182.7,182.7,0.0,1e-12,PASS
경남,work_hours,2017,구조환경지표_21개_검증본.csv,286,179.7,179.7,0.0,1e-12,PASS
경남,work_hours,2018,구조환경지표_21개_검증본.csv,286,180.5,180.5,0.0,1e-12,PASS
경남,work_hours,2019,구조환경지표_21개_검증본.csv,286,186.4,186.4,0.0,1e-12,PASS
경남,work_hours,2020,구조환경지표_21개_검증본.csv,286,165.9,165.9,0.0,1e-12,PASS
경남,work_hours,2021,구조환경지표_21개_검증본.csv,286,177.9,177.9,0.0,1e-12,PASS
경남,work_hours,2022,구조환경지표_21개_검증본.csv,286,171.6,171.6,0.0,1e-12,PASS
경남,work_hours,2023,구조환경지표_21개_검증본.csv,286,165.6,165.6,0.0,1e-12,PASS
경남,work_hours,2024,구조환경지표_21개_검증본.csv,286,172.0,172.0,0.0,1e-12,PASS
경북,work_hours,2016,구조환경지표_21개_검증본.csv,285,183.0,183.0,0.0,1e-12,PASS
경북,work_hours,2017,구조환경지표_21개_검증본.csv,285,179.8,179.8,0.0,1e-12,PASS
경북,work_hours,2018,구조환경지표_21개_검증본.csv,285,180.2,180.2,0.0,1e-12,PASS
경북,work_hours,2019,구조환경지표_21개_검증본.csv,285,182.7,182.7,0.0,1e-12,PASS
경북,work_hours,2020,구조환경지표_21개_검증본.csv,285,165.3,165.3,0.0,1e-12,PASS
경북,work_hours,2021,구조환경지표_21개_검증본.csv,285,178.2,178.2,0.0,1e-12,PASS
경북,work_hours,2022,구조환경지표_21개_검증본.csv,285,171.1,171.1,0.0,1e-12,PASS
경북,work_hours,2023,구조환경지표_21개_검증본.csv,285,163.7,163.7,0.0,1e-12,PASS
경북,work_hours,2024,구조환경지표_21개_검증본.csv,285,168.8,168.8,0.0,1e-12,PASS
광주,work_hours,2016,구조환경지표_21개_검증본.csv,275,172.4,172.4,0.0,1e-12,PASS
광주,work_hours,2017,구조환경지표_21개_검증본.csv,275,173.1,173.1,0.0,1e-12,PASS
광주,work_hours,2018,구조환경지표_21개_검증본.csv,275,174.5,174.5,0.0,1e-12,PASS
광주,work_hours,2019,구조환경지표_21개_검증본.csv,275,178.6,178.6,0.0,1e-12,PASS
광주,work_hours,2020,구조환경지표_21개_검증본.csv,275,160.0,160.0,0.0,1e-12,PASS
광주,work_hours,2021,구조환경지표_21개_검증본.csv,275,171.1,171.1,0.0,1e-12,PASS
광주,work_hours,2022,구조환경지표_21개_검증본.csv,275,164.3,164.3,0.0,1e-12,PASS
광주,work_hours,2023,구조환경지표_21개_검증본.csv,275,159.0,159.0,0.0,1e-12,PASS
광주,work_hours,2024,구조환경지표_21개_검증본.csv,275,165.3,165.3,0.0,1e-12,PASS
대구,work_hours,2016,구조환경지표_21개_검증본.csv,273,179.2,179.2,0.0,1e-12,PASS
대구,work_hours,2017,구조환경지표_21개_검증본.csv,273,176.9,176.9,0.0,1e-12,PASS
대구,work_hours,2018,구조환경지표_21개_검증본.csv,273,178.8,178.8,0.0,1e-12,PASS
대구,work_hours,2019,구조환경지표_21개_검증본.csv,273,181.6,181.6,0.0,1e-12,PASS
대구,work_hours,2020,구조환경지표_21개_검증본.csv,273,157.2,157.2,0.0,1e-12,PASS
대구,work_hours,2021,구조환경지표_21개_검증본.csv,273,174.8,174.8,0.0,1e-12,PASS
대구,work_hours,2022,구조환경지표_21개_검증본.csv,273,167.6,167.6,0.0,1e-12,PASS
대구,work_hours,2023,구조환경지표_21개_검증본.csv,273,160.0,160.0,0.0,1e-12,PASS
대구,work_hours,2024,구조환경지표_21개_검증본.csv,273,167.0,167.0,0.0,1e-12,PASS
대전,work_hours,2016,구조환경지표_21개_검증본.csv,276,172.3,172.3,0.0,1e-12,PASS
대전,work_hours,2017,구조환경지표_21개_검증본.csv,276,169.2,169.2,0.0,1e-12,PASS
대전,work_hours,2018,구조환경지표_21개_검증본.csv,276,169.9,169.9,0.0,1e-12,PASS
대전,work_hours,2019,구조환경지표_21개_검증본.csv,276,174.2,174.2,0.0,1e-12,PASS
대전,work_hours,2020,구조환경지표_21개_검증본.csv,276,159.1,159.1,0.0,1e-12,PASS
대전,work_hours,2021,구조환경지표_21개_검증본.csv,276,171.5,171.5,0.0,1e-12,PASS
대전,work_hours,2022,구조환경지표_21개_검증본.csv,276,162.6,162.6,0.0,1e-12,PASS
대전,work_hours,2023,구조환경지표_21개_검증본.csv,276,156.7,156.7,0.0,1e-12,PASS
대전,work_hours,2024,구조환경지표_21개_검증본.csv,276,164.1,164.1,0.0,1e-12,PASS
부산,work_hours,2016,구조환경지표_21개_검증본.csv,272,177.4,177.4,0.0,1e-12,PASS
부산,work_hours,2017,구조환경지표_21개_검증본.csv,272,173.9,173.9,0.0,1e-12,PASS
부산,work_hours,2018,구조환경지표_21개_검증본.csv,272,174.5,174.5,0.0,1e-12,PASS
부산,work_hours,2019,구조환경지표_21개_검증본.csv,272,179.5,179.5,0.0,1e-12,PASS
부산,work_hours,2020,구조환경지표_21개_검증본.csv,272,159.5,159.5,0.0,1e-12,PASS
부산,work_hours,2021,구조환경지표_21개_검증본.csv,272,175.2,175.2,0.0,1e-12,PASS
부산,work_hours,2022,구조환경지표_21개_검증본.csv,272,168.4,168.4,0.0,1e-12,PASS
부산,work_hours,2023,구조환경지표_21개_검증본.csv,272,158.9,158.9,0.0,1e-12,PASS
부산,work_hours,2024,구조환경지표_21개_검증본.csv,272,165.6,165.6,0.0,1e-12,PASS
서울,work_hours,2016,구조환경지표_21개_검증본.csv,271,169.1,169.1,0.0,1e-12,PASS
서울,work_hours,2017,구조환경지표_21개_검증본.csv,271,166.7,166.7,0.0,1e-12,PASS
서울,work_hours,2018,구조환경지표_21개_검증본.csv,271,171.3,171.3,0.0,1e-12,PASS
서울,work_hours,2019,구조환경지표_21개_검증본.csv,271,177.1,177.1,0.0,1e-12,PASS
서울,work_hours,2020,구조환경지표_21개_검증본.csv,271,157.4,157.4,0.0,1e-12,PASS
서울,work_hours,2021,구조환경지표_21개_검증본.csv,271,172.7,172.7,0.0,1e-12,PASS
서울,work_hours,2022,구조환경지표_21개_검증본.csv,271,165.9,165.9,0.0,1e-12,PASS
서울,work_hours,2023,구조환경지표_21개_검증본.csv,271,159.7,159.7,0.0,1e-12,PASS
서울,work_hours,2024,구조환경지표_21개_검증본.csv,271,165.5,165.5,0.0,1e-12,PASS
세종,work_hours,2020,구조환경지표_21개_검증본.csv,278,165.3,165.3,0.0,1e-12,PASS
세종,work_hours,2021,구조환경지표_21개_검증본.csv,278,178.5,178.5,0.0,1e-12,PASS
세종,work_hours,2022,구조환경지표_21개_검증본.csv,278,170.0,170.0,0.0,1e-12,PASS
세종,work_hours,2023,구조환경지표_21개_검증본.csv,278,161.8,161.8,0.0,1e-12,PASS
세종,work_hours,2024,구조환경지표_21개_검증본.csv,278,168.2,168.2,0.0,1e-12,PASS
울산,work_hours,2016,구조환경지표_21개_검증본.csv,277,178.8,178.8,0.0,1e-12,PASS
울산,work_hours,2017,구조환경지표_21개_검증본.csv,277,174.0,174.0,0.0,1e-12,PASS
울산,work_hours,2018,구조환경지표_21개_검증본.csv,277,176.5,176.5,0.0,1e-12,PASS
울산,work_hours,2019,구조환경지표_21개_검증본.csv,277,182.8,182.8,0.0,1e-12,PASS
울산,work_hours,2020,구조환경지표_21개_검증본.csv,277,165.9,165.9,0.0,1e-12,PASS
울산,work_hours,2021,구조환경지표_21개_검증본.csv,277,179.1,179.1,0.0,1e-12,PASS
울산,work_hours,2022,구조환경지표_21개_검증본.csv,277,169.2,169.2,0.0,1e-12,PASS
울산,work_hours,2023,구조환경지표_21개_검증본.csv,277,165.3,165.3,0.0,1e-12,PASS
울산,work_hours,2024,구조환경지표_21개_검증본.csv,277,171.8,171.8,0.0,1e-12,PASS
인천,work_hours,2016,구조환경지표_21개_검증본.csv,274,183.3,183.3,0.0,1e-12,PASS
인천,work_hours,2017,구조환경지표_21개_검증본.csv,274,177.3,177.3,0.0,1e-12,PASS
인천,work_hours,2018,구조환경지표_21개_검증본.csv,274,178.0,178.0,0.0,1e-12,PASS
인천,work_hours,2019,구조환경지표_21개_검증본.csv,274,180.8,180.8,0.0,1e-12,PASS
인천,work_hours,2020,구조환경지표_21개_검증본.csv,274,162.6,162.6,0.0,1e-12,PASS
인천,work_hours,2021,구조환경지표_21개_검증본.csv,274,177.5,177.5,0.0,1e-12,PASS
인천,work_hours,2022,구조환경지표_21개_검증본.csv,274,170.9,170.9,0.0,1e-12,PASS
인천,work_hours,2023,구조환경지표_21개_검증본.csv,274,163.9,163.9,0.0,1e-12,PASS
인천,work_hours,2024,구조환경지표_21개_검증본.csv,274,168.5,168.5,0.0,1e-12,PASS
전남,work_hours,2016,구조환경지표_21개_검증본.csv,284,179.1,179.1,0.0,1e-12,PASS
전남,work_hours,2017,구조환경지표_21개_검증본.csv,284,176.5,176.5,0.0,1e-12,PASS
전남,work_hours,2018,구조환경지표_21개_검증본.csv,284,178.9,178.9,0.0,1e-12,PASS
전남,work_hours,2019,구조환경지표_21개_검증본.csv,284,182.5,182.5,0.0,1e-12,PASS
전남,work_hours,2020,구조환경지표_21개_검증본.csv,284,165.7,165.7,0.0,1e-12,PASS
전남,work_hours,2021,구조환경지표_21개_검증본.csv,284,176.9,176.9,0.0,1e-12,PASS
전남,work_hours,2022,구조환경지표_21개_검증본.csv,284,170.6,170.6,0.0,1e-12,PASS
전남,work_hours,2023,구조환경지표_21개_검증본.csv,284,161.2,161.2,0.0,1e-12,PASS
전남,work_hours,2024,구조환경지표_21개_검증본.csv,284,164.8,164.8,0.0,1e-12,PASS
전북,work_hours,2016,구조환경지표_21개_검증본.csv,283,178.3,178.3,0.0,1e-12,PASS
전북,work_hours,2017,구조환경지표_21개_검증본.csv,283,178.9,178.9,0.0,1e-12,PASS
전북,work_hours,2018,구조환경지표_21개_검증본.csv,283,179.6,179.6,0.0,1e-12,PASS
전북,work_hours,2019,구조환경지표_21개_검증본.csv,283,184.0,184.0,0.0,1e-12,PASS
전북,work_hours,2020,구조환경지표_21개_검증본.csv,283,164.8,164.8,0.0,1e-12,PASS
전북,work_hours,2021,구조환경지표_21개_검증본.csv,283,175.5,175.5,0.0,1e-12,PASS
전북,work_hours,2022,구조환경지표_21개_검증본.csv,283,168.3,168.3,0.0,1e-12,PASS
전북,work_hours,2023,구조환경지표_21개_검증본.csv,283,160.6,160.6,0.0,1e-12,PASS
전북,work_hours,2024,구조환경지표_21개_검증본.csv,283,165.8,165.8,0.0,1e-12,PASS
제주,work_hours,2016,구조환경지표_21개_검증본.csv,287,182.2,182.2,0.0,1e-12,PASS
제주,work_hours,2017,구조환경지표_21개_검증본.csv,287,175.7,175.7,0.0,1e-12,PASS
제주,work_hours,2018,구조환경지표_21개_검증본.csv,287,176.6,176.6,0.0,1e-12,PASS
제주,work_hours,2019,구조환경지표_21개_검증본.csv,287,178.6,178.6,0.0,1e-12,PASS
제주,work_hours,2020,구조환경지표_21개_검증본.csv,287,157.1,157.1,0.0,1e-12,PASS
제주,work_hours,2021,구조환경지표_21개_검증본.csv,287,171.9,171.9,0.0,1e-12,PASS
제주,work_hours,2022,구조환경지표_21개_검증본.csv,287,166.7,166.7,0.0,1e-12,PASS
제주,work_hours,2023,구조환경지표_21개_검증본.csv,287,158.8,158.8,0.0,1e-12,PASS
제주,work_hours,2024,구조환경지표_21개_검증본.csv,287,165.2,165.2,0.0,1e-12,PASS
충남,work_hours,2016,구조환경지표_21개_검증본.csv,282,182.0,182.0,0.0,1e-12,PASS
충남,work_hours,2017,구조환경지표_21개_검증본.csv,282,177.1,177.1,0.0,1e-12,PASS
충남,work_hours,2018,구조환경지표_21개_검증본.csv,282,181.6,181.6,0.0,1e-12,PASS
충남,work_hours,2019,구조환경지표_21개_검증본.csv,282,186.3,186.3,0.0,1e-12,PASS
충남,work_hours,2020,구조환경지표_21개_검증본.csv,282,167.3,167.3,0.0,1e-12,PASS
충남,work_hours,2021,구조환경지표_21개_검증본.csv,282,180.8,180.8,0.0,1e-12,PASS
충남,work_hours,2022,구조환경지표_21개_검증본.csv,282,173.2,173.2,0.0,1e-12,PASS
충남,work_hours,2023,구조환경지표_21개_검증본.csv,282,165.9,165.9,0.0,1e-12,PASS
충남,work_hours,2024,구조환경지표_21개_검증본.csv,282,171.7,171.7,0.0,1e-12,PASS
충북,work_hours,2016,구조환경지표_21개_검증본.csv,281,183.9,183.9,0.0,1e-12,PASS
충북,work_hours,2017,구조환경지표_21개_검증본.csv,281,179.0,179.0,0.0,1e-12,PASS
충북,work_hours,2018,구조환경지표_21개_검증본.csv,281,180.3,180.3,0.0,1e-12,PASS
충북,work_hours,2019,구조환경지표_21개_검증본.csv,281,182.4,182.4,0.0,1e-12,PASS
충북,work_hours,2020,구조환경지표_21개_검증본.csv,281,167.8,167.8,0.0,1e-12,PASS
충북,work_hours,2021,구조환경지표_21개_검증본.csv,281,177.7,177.7,0.0,1e-12,PASS
충북,work_hours,2022,구조환경지표_21개_검증본.csv,281,170.8,170.8,0.0,1e-12,PASS
충북,work_hours,2023,구조환경지표_21개_검증본.csv,281,164.6,164.6,0.0,1e-12,PASS
충북,work_hours,2024,구조환경지표_21개_검증본.csv,281,170.6,170.6,0.0,1e-12,PASS
강원,youth_employment_rate,2016,구조환경지표_21개_검증본.csv,11,54.17238692441839,54.17238692441839,0.0,1e-12,PASS
강원,youth_employment_rate,2017,구조환경지표_21개_검증본.csv,11,57.67251810276262,57.67251810276262,0.0,1e-12,PASS
강원,youth_employment_rate,2018,구조환경지표_21개_검증본.csv,11,59.145978460039736,59.145978460039736,0.0,1e-12,PASS
강원,youth_employment_rate,2019,구조환경지표_21개_검증본.csv,11,58.54458169896377,58.54458169896377,0.0,1e-12,PASS
강원,youth_employment_rate,2020,구조환경지표_21개_검증본.csv,11,56.45000058802084,56.45000058802084,0.0,1e-12,PASS
강원,youth_employment_rate,2021,구조환경지표_21개_검증본.csv,11,57.11656539053451,57.11656539053451,0.0,1e-12,PASS
강원,youth_employment_rate,2022,구조환경지표_21개_검증본.csv,11,58.85626659086086,58.85626659086086,0.0,1e-12,PASS
강원,youth_employment_rate,2023,구조환경지표_21개_검증본.csv,11,62.909781654037054,62.909781654037054,0.0,1e-12,PASS
강원,youth_employment_rate,2024,구조환경지표_21개_검증본.csv,11,67.48911161693013,67.48911161693013,0.0,1e-12,PASS
경기,youth_employment_rate,2016,구조환경지표_21개_검증본.csv,10,63.8765631928359,63.8765631928359,0.0,1e-12,PASS
경기,youth_employment_rate,2017,구조환경지표_21개_검증본.csv,10,63.519369328419614,63.519369328419614,0.0,1e-12,PASS
경기,youth_employment_rate,2018,구조환경지표_21개_검증본.csv,10,63.86985686432985,63.86985686432985,0.0,1e-12,PASS
경기,youth_employment_rate,2019,구조환경지표_21개_검증본.csv,10,63.85071763318526,63.85071763318526,0.0,1e-12,PASS
경기,youth_employment_rate,2020,구조환경지표_21개_검증본.csv,10,62.15990495042383,62.15990495042383,0.0,1e-12,PASS
경기,youth_employment_rate,2021,구조환경지표_21개_검증본.csv,10,64.33995214530748,64.33995214530748,0.0,1e-12,PASS
경기,youth_employment_rate,2022,구조환경지표_21개_검증본.csv,10,69.31830388740192,69.31830388740192,0.0,1e-12,PASS
경기,youth_employment_rate,2023,구조환경지표_21개_검증본.csv,10,70.37628027855227,70.37628027855227,0.0,1e-12,PASS
경기,youth_employment_rate,2024,구조환경지표_21개_검증본.csv,10,71.12853970547205,71.12853970547205,0.0,1e-12,PASS
경남,youth_employment_rate,2016,구조환경지표_21개_검증본.csv,17,60.89773131262592,60.89773131262592,0.0,1e-12,PASS
경남,youth_employment_rate,2017,구조환경지표_21개_검증본.csv,17,59.45524135112036,59.45524135112036,0.0,1e-12,PASS
경남,youth_employment_rate,2018,구조환경지표_21개_검증본.csv,17,60.64060737632347,60.64060737632347,0.0,1e-12,PASS
경남,youth_employment_rate,2019,구조환경지표_21개_검증본.csv,17,61.80622950122904,61.80622950122904,0.0,1e-12,PASS
경남,youth_employment_rate,2020,구조환경지표_21개_검증본.csv,17,58.97890048038678,58.97890048038678,0.0,1e-12,PASS
경남,youth_employment_rate,2021,구조환경지표_21개_검증본.csv,17,58.77570028524054,58.77570028524054,0.0,1e-12,PASS
경남,youth_employment_rate,2022,구조환경지표_21개_검증본.csv,17,60.43229627079928,60.43229627079928,0.0,1e-12,PASS
경남,youth_employment_rate,2023,구조환경지표_21개_검증본.csv,17,59.73292296477782,59.73292296477782,0.0,1e-12,PASS
경남,youth_employment_rate,2024,구조환경지표_21개_검증본.csv,17,58.11632044252024,58.11632044252024,0.0,1e-12,PASS
경북,youth_employment_rate,2016,구조환경지표_21개_검증본.csv,16,62.28375188730507,62.28375188730507,0.0,1e-12,PASS
경북,youth_employment_rate,2017,구조환경지표_21개_검증본.csv,16,61.8177064523062,61.8177064523062,0.0,1e-12,PASS
경북,youth_employment_rate,2018,구조환경지표_21개_검증본.csv,16,58.74406559220648,58.74406559220648,0.0,1e-12,PASS
경북,youth_employment_rate,2019,구조환경지표_21개_검증본.csv,16,58.21592731659645,58.21592731659645,0.0,1e-12,PASS
경북,youth_employment_rate,2020,구조환경지표_21개_검증본.csv,16,57.90317813343412,57.90317813343412,0.0,1e-12,PASS
경북,youth_employment_rate,2021,구조환경지표_21개_검증본.csv,16,59.393444448568985,59.393444448568985,0.0,1e-12,PASS
경북,youth_employment_rate,2022,구조환경지표_21개_검증본.csv,16,64.65185489250347,64.65185489250347,0.0,1e-12,PASS
경북,youth_employment_rate,2023,구조환경지표_21개_검증본.csv,16,62.94536501671904,62.94536501671904,0.0,1e-12,PASS
경북,youth_employment_rate,2024,구조환경지표_21개_검증본.csv,16,66.65148950993326,66.65148950993326,0.0,1e-12,PASS
광주,youth_employment_rate,2016,구조환경지표_21개_검증본.csv,6,57.46454404222976,57.46454404222976,0.0,1e-12,PASS
광주,youth_employment_rate,2017,구조환경지표_21개_검증본.csv,6,58.20028385401599,58.20028385401599,0.0,1e-12,PASS
광주,youth_employment_rate,2018,구조환경지표_21개_검증본.csv,6,59.82568034520105,59.82568034520105,0.0,1e-12,PASS
광주,youth_employment_rate,2019,구조환경지표_21개_검증본.csv,6,59.55188070346951,59.55188070346951,0.0,1e-12,PASS
광주,youth_employment_rate,2020,구조환경지표_21개_검증본.csv,6,58.66068396299231,58.66068396299231,0.0,1e-12,PASS
광주,youth_employment_rate,2021,구조환경지표_21개_검증본.csv,6,56.38277025052515,56.38277025052515,0.0,1e-12,PASS
광주,youth_employment_rate,2022,구조환경지표_21개_검증본.csv,6,57.95259756808559,57.95259756808559,0.0,1e-12,PASS
광주,youth_employment_rate,2023,구조환경지표_21개_검증본.csv,6,60.8863774741767,60.8863774741767,0.0,1e-12,PASS
광주,youth_employment_rate,2024,구조환경지표_21개_검증본.csv,6,60.082148683290605,60.082148683290605,0.0,1e-12,PASS
대구,youth_employment_rate,2016,구조환경지표_21개_검증본.csv,4,59.05915655235439,59.05915655235439,0.0,1e-12,PASS
대구,youth_employment_rate,2017,구조환경지표_21개_검증본.csv,4,54.29864253393666,54.29864253393666,0.0,1e-12,PASS
대구,youth_employment_rate,2018,구조환경지표_21개_검증본.csv,4,53.00493074093626,53.00493074093626,0.0,1e-12,PASS
대구,youth_employment_rate,2019,구조환경지표_21개_검증본.csv,4,55.50162587115787,55.50162587115787,0.0,1e-12,PASS
대구,youth_employment_rate,2020,구조환경지표_21개_검증본.csv,4,53.92489971283895,53.92489971283895,0.0,1e-12,PASS
대구,youth_employment_rate,2021,구조환경지표_21개_검증본.csv,4,60.354363126849606,60.354363126849606,0.0,1e-12,PASS
대구,youth_employment_rate,2022,구조환경지표_21개_검증본.csv,4,59.94102354465032,59.94102354465032,0.0,1e-12,PASS
대구,youth_employment_rate,2023,구조환경지표_21개_검증본.csv,4,61.35756529448132,61.35756529448132,0.0,1e-12,PASS
대구,youth_employment_rate,2024,구조환경지표_21개_검증본.csv,4,57.4003179833515,57.4003179833515,0.0,1e-12,PASS
대전,youth_employment_rate,2016,구조환경지표_21개_검증본.csv,7,63.59420600115225,63.59420600115225,0.0,1e-12,PASS
대전,youth_employment_rate,2017,구조환경지표_21개_검증본.csv,7,63.15661236907827,63.15661236907827,0.0,1e-12,PASS
대전,youth_employment_rate,2018,구조환경지표_21개_검증본.csv,7,60.196076517347855,60.196076517347855,0.0,1e-12,PASS
대전,youth_employment_rate,2019,구조환경지표_21개_검증본.csv,7,62.51974307676108,62.51974307676108,0.0,1e-12,PASS
대전,youth_employment_rate,2020,구조환경지표_21개_검증본.csv,7,65.26038233355307,65.26038233355307,0.0,1e-12,PASS
대전,youth_employment_rate,2021,구조환경지표_21개_검증본.csv,7,66.43288460839302,66.43288460839302,0.0,1e-12,PASS
대전,youth_employment_rate,2022,구조환경지표_21개_검증본.csv,7,71.54194520885257,71.54194520885257,0.0,1e-12,PASS
대전,youth_employment_rate,2023,구조환경지표_21개_검증본.csv,7,69.60013384641124,69.60013384641124,0.0,1e-12,PASS
대전,youth_employment_rate,2024,구조환경지표_21개_검증본.csv,7,67.47000958074136,67.47000958074136,0.0,1e-12,PASS
부산,youth_employment_rate,2016,구조환경지표_21개_검증본.csv,3,60.38843016593562,60.38843016593562,0.0,1e-12,PASS
부산,youth_employment_rate,2017,구조환경지표_21개_검증본.csv,3,60.39417059684008,60.39417059684008,0.0,1e-12,PASS
부산,youth_employment_rate,2018,구조환경지표_21개_검증본.csv,3,59.45850623377961,59.45850623377961,0.0,1e-12,PASS
부산,youth_employment_rate,2019,구조환경지표_21개_검증본.csv,3,61.61792428797066,61.61792428797066,0.0,1e-12,PASS
부산,youth_employment_rate,2020,구조환경지표_21개_검증본.csv,3,57.74340695751759,57.74340695751759,0.0,1e-12,PASS
부산,youth_employment_rate,2021,구조환경지표_21개_검증본.csv,3,58.68400303583167,58.68400303583167,0.0,1e-12,PASS
부산,youth_employment_rate,2022,구조환경지표_21개_검증본.csv,3,60.95687175379469,60.95687175379469,0.0,1e-12,PASS
부산,youth_employment_rate,2023,구조환경지표_21개_검증본.csv,3,64.38950485503753,64.38950485503753,0.0,1e-12,PASS
부산,youth_employment_rate,2024,구조환경지표_21개_검증본.csv,3,67.70480704129994,67.70480704129994,0.0,1e-12,PASS
서울,youth_employment_rate,2016,구조환경지표_21개_검증본.csv,2,64.10804342251474,64.10804342251474,0.0,1e-12,PASS
서울,youth_employment_rate,2017,구조환경지표_21개_검증본.csv,2,63.96972250922709,63.96972250922709,0.0,1e-12,PASS
서울,youth_employment_rate,2018,구조환경지표_21개_검증본.csv,2,64.21608897414339,64.21608897414339,0.0,1e-12,PASS
서울,youth_employment_rate,2019,구조환경지표_21개_검증본.csv,2,64.9261093223721,64.9261093223721,0.0,1e-12,PASS
서울,youth_employment_rate,2020,구조환경지표_21개_검증본.csv,2,64.24933681422978,64.24933681422978,0.0,1e-12,PASS
서울,youth_employment_rate,2021,구조환경지표_21개_검증본.csv,2,67.32218926384832,67.32218926384832,0.0,1e-12,PASS
서울,youth_employment_rate,2022,구조환경지표_21개_검증본.csv,2,68.80242810192814,68.80242810192814,0.0,1e-12,PASS
서울,youth_employment_rate,2023,구조환경지표_21개_검증본.csv,2,70.81309934548263,70.81309934548263,0.0,1e-12,PASS
서울,youth_employment_rate,2024,구조환경지표_21개_검증본.csv,2,72.11541887514198,72.11541887514198,0.0,1e-12,PASS
세종,youth_employment_rate,2017,구조환경지표_21개_검증본.csv,9,59.41656763905394,59.41656763905394,0.0,1e-12,PASS
세종,youth_employment_rate,2018,구조환경지표_21개_검증본.csv,9,62.21699906674502,62.21699906674502,0.0,1e-12,PASS
세종,youth_employment_rate,2019,구조환경지표_21개_검증본.csv,9,64.53278265358801,64.53278265358801,0.0,1e-12,PASS
세종,youth_employment_rate,2020,구조환경지표_21개_검증본.csv,9,67.75174500133929,67.75174500133929,0.0,1e-12,PASS
세종,youth_employment_rate,2021,구조환경지표_21개_검증본.csv,9,65.55777469469898,65.55777469469898,0.0,1e-12,PASS
세종,youth_employment_rate,2022,구조환경지표_21개_검증본.csv,9,67.94298828360913,67.94298828360913,0.0,1e-12,PASS
세종,youth_employment_rate,2023,구조환경지표_21개_검증본.csv,9,70.56729972693523,70.56729972693523,0.0,1e-12,PASS
세종,youth_employment_rate,2024,구조환경지표_21개_검증본.csv,9,71.11495887700204,71.11495887700204,0.0,1e-12,PASS
울산,youth_employment_rate,2016,구조환경지표_21개_검증본.csv,8,57.82198316922705,57.82198316922705,0.0,1e-12,PASS
울산,youth_employment_rate,2017,구조환경지표_21개_검증본.csv,8,60.339885957615536,60.339885957615536,0.0,1e-12,PASS
울산,youth_employment_rate,2018,구조환경지표_21개_검증본.csv,8,60.28508145184338,60.28508145184338,0.0,1e-12,PASS
울산,youth_employment_rate,2019,구조환경지표_21개_검증본.csv,8,57.77696258253852,57.77696258253852,0.0,1e-12,PASS
울산,youth_employment_rate,2020,구조환경지표_21개_검증본.csv,8,55.66904282270353,55.66904282270353,0.0,1e-12,PASS
울산,youth_employment_rate,2021,구조환경지표_21개_검증본.csv,8,56.13096574546804,56.13096574546804,0.0,1e-12,PASS
울산,youth_employment_rate,2022,구조환경지표_21개_검증본.csv,8,60.75734024616849,60.75734024616849,0.0,1e-12,PASS
울산,youth_employment_rate,2023,구조환경지표_21개_검증본.csv,8,60.98609829708048,60.98609829708048,0.0,1e-12,PASS
울산,youth_employment_rate,2024,구조환경지표_21개_검증본.csv,8,59.84440454817474,59.84440454817474,0.0,1e-12,PASS
인천,youth_employment_rate,2016,구조환경지표_21개_검증본.csv,5,62.84589601683685,62.84589601683685,0.0,1e-12,PASS
인천,youth_employment_rate,2017,구조환경지표_21개_검증본.csv,5,61.85577213323238,61.85577213323238,0.0,1e-12,PASS
인천,youth_employment_rate,2018,구조환경지표_21개_검증본.csv,5,64.75624614049435,64.75624614049435,0.0,1e-12,PASS
인천,youth_employment_rate,2019,구조환경지표_21개_검증본.csv,5,65.5140670460883,65.5140670460883,0.0,1e-12,PASS
인천,youth_employment_rate,2020,구조환경지표_21개_검증본.csv,5,63.66618491451879,63.66618491451879,0.0,1e-12,PASS
인천,youth_employment_rate,2021,구조환경지표_21개_검증본.csv,5,62.77796784125898,62.77796784125898,0.0,1e-12,PASS
인천,youth_employment_rate,2022,구조환경지표_21개_검증본.csv,5,67.3659897988644,67.3659897988644,0.0,1e-12,PASS
인천,youth_employment_rate,2023,구조환경지표_21개_검증본.csv,5,67.1502404634575,67.1502404634575,0.0,1e-12,PASS
인천,youth_employment_rate,2024,구조환경지표_21개_검증본.csv,5,68.52408194294543,68.52408194294543,0.0,1e-12,PASS
전국,youth_employment_rate,2016,구조환경지표_21개_검증본.csv,1,62.24032472400561,62.24032472400561,0.0,1e-12,PASS
전국,youth_employment_rate,2017,구조환경지표_21개_검증본.csv,1,61.77076319541255,61.77076319541255,0.0,1e-12,PASS
전국,youth_employment_rate,2018,구조환경지표_21개_검증본.csv,1,62.037279491526,62.037279491526,0.0,1e-12,PASS
전국,youth_employment_rate,2019,구조환경지표_21개_검증본.csv,1,62.59664108831484,62.59664108831484,0.0,1e-12,PASS
전국,youth_employment_rate,2020,구조환경지표_21개_검증본.csv,1,61.25308990990993,61.25308990990993,0.0,1e-12,PASS
전국,youth_employment_rate,2021,구조환경지표_21개_검증본.csv,1,63.107881860424406,63.107881860424406,0.0,1e-12,PASS
전국,youth_employment_rate,2022,구조환경지표_21개_검증본.csv,1,66.38287695704672,66.38287695704672,0.0,1e-12,PASS
전국,youth_employment_rate,2023,구조환경지표_21개_검증본.csv,1,67.62714580725243,67.62714580725243,0.0,1e-12,PASS
전국,youth_employment_rate,2024,구조환경지표_21개_검증본.csv,1,68.42703045765982,68.42703045765982,0.0,1e-12,PASS
전남,youth_employment_rate,2016,구조환경지표_21개_검증본.csv,15,52.45256463719766,52.45256463719766,0.0,1e-12,PASS
전남,youth_employment_rate,2017,구조환경지표_21개_검증본.csv,15,49.94672349493873,49.94672349493873,0.0,1e-12,PASS
전남,youth_employment_rate,2018,구조환경지표_21개_검증본.csv,15,51.84652065503985,51.84652065503985,0.0,1e-12,PASS
전남,youth_employment_rate,2019,구조환경지표_21개_검증본.csv,15,53.471850889924376,53.471850889924376,0.0,1e-12,PASS
전남,youth_employment_rate,2020,구조환경지표_21개_검증본.csv,15,53.04001139114338,53.04001139114338,0.0,1e-12,PASS
전남,youth_employment_rate,2021,구조환경지표_21개_검증본.csv,15,52.24736753648182,52.24736753648182,0.0,1e-12,PASS
전남,youth_employment_rate,2022,구조환경지표_21개_검증본.csv,15,54.17988469025921,54.17988469025921,0.0,1e-12,PASS
전남,youth_employment_rate,2023,구조환경지표_21개_검증본.csv,15,55.24630326029391,55.24630326029391,0.0,1e-12,PASS
전남,youth_employment_rate,2024,구조환경지표_21개_검증본.csv,15,57.45015124631655,57.45015124631655,0.0,1e-12,PASS
전북,youth_employment_rate,2016,구조환경지표_21개_검증본.csv,14,55.89766999878888,55.89766999878888,0.0,1e-12,PASS
전북,youth_employment_rate,2017,구조환경지표_21개_검증본.csv,14,54.04082307352412,54.04082307352412,0.0,1e-12,PASS
전북,youth_employment_rate,2018,구조환경지표_21개_검증본.csv,14,53.88177359205293,53.88177359205293,0.0,1e-12,PASS
전북,youth_employment_rate,2019,구조환경지표_21개_검증본.csv,14,53.50222201415803,53.50222201415803,0.0,1e-12,PASS
전북,youth_employment_rate,2020,구조환경지표_21개_검증본.csv,14,52.97239662742408,52.97239662742408,0.0,1e-12,PASS
전북,youth_employment_rate,2021,구조환경지표_21개_검증본.csv,14,56.53398416359005,56.53398416359005,0.0,1e-12,PASS
전북,youth_employment_rate,2022,구조환경지표_21개_검증본.csv,14,59.20976115205278,59.20976115205278,0.0,1e-12,PASS
전북,youth_employment_rate,2023,구조환경지표_21개_검증본.csv,14,62.95054605102232,62.95054605102232,0.0,1e-12,PASS
전북,youth_employment_rate,2024,구조환경지표_21개_검증본.csv,14,63.88407809366957,63.88407809366957,0.0,1e-12,PASS
제주,youth_employment_rate,2016,구조환경지표_21개_검증본.csv,18,65.82138155615603,65.82138155615603,0.0,1e-12,PASS
제주,youth_employment_rate,2017,구조환경지표_21개_검증본.csv,18,68.41583142339137,68.41583142339137,0.0,1e-12,PASS
제주,youth_employment_rate,2018,구조환경지표_21개_검증본.csv,18,67.10041279494455,67.10041279494455,0.0,1e-12,PASS
제주,youth_employment_rate,2019,구조환경지표_21개_검증본.csv,18,63.9162781977314,63.9162781977314,0.0,1e-12,PASS
제주,youth_employment_rate,2020,구조환경지표_21개_검증본.csv,18,60.27625200567106,60.27625200567106,0.0,1e-12,PASS
제주,youth_employment_rate,2021,구조환경지표_21개_검증본.csv,18,59.70251091703056,59.70251091703056,0.0,1e-12,PASS
제주,youth_employment_rate,2022,구조환경지표_21개_검증본.csv,18,68.34619510675849,68.34619510675849,0.0,1e-12,PASS
제주,youth_employment_rate,2023,구조환경지표_21개_검증본.csv,18,69.83857564666985,69.83857564666985,0.0,1e-12,PASS
제주,youth_employment_rate,2024,구조환경지표_21개_검증본.csv,18,65.42480690595184,65.42480690595184,0.0,1e-12,PASS
충남,youth_employment_rate,2017,구조환경지표_21개_검증본.csv,13,67.85084430739336,67.85084430739336,0.0,1e-12,PASS
충남,youth_employment_rate,2018,구조환경지표_21개_검증본.csv,13,70.12040905356183,70.12040905356183,0.0,1e-12,PASS
충남,youth_employment_rate,2019,구조환경지표_21개_검증본.csv,13,71.1900420890745,71.1900420890745,0.0,1e-12,PASS
충남,youth_employment_rate,2020,구조환경지표_21개_검증본.csv,13,68.61507768108594,68.61507768108594,0.0,1e-12,PASS
충남,youth_employment_rate,2021,구조환경지표_21개_검증본.csv,13,70.77457598196227,70.77457598196227,0.0,1e-12,PASS
충남,youth_employment_rate,2022,구조환경지표_21개_검증본.csv,13,74.93251815836305,74.93251815836305,0.0,1e-12,PASS
충남,youth_employment_rate,2023,구조환경지표_21개_검증본.csv,13,75.29128854026509,75.29128854026509,0.0,1e-12,PASS
충남,youth_employment_rate,2024,구조환경지표_21개_검증본.csv,13,76.16585692359179,76.16585692359179,0.0,1e-12,PASS
충북,youth_employment_rate,2016,구조환경지표_21개_검증본.csv,12,65.71866376521001,65.71866376521001,0.0,1e-12,PASS
충북,youth_employment_rate,2017,구조환경지표_21개_검증본.csv,12,66.4236808938243,66.4236808938243,0.0,1e-12,PASS
충북,youth_employment_rate,2018,구조환경지표_21개_검증본.csv,12,67.20890998120895,67.20890998120895,0.0,1e-12,PASS
충북,youth_employment_rate,2019,구조환경지표_21개_검증본.csv,12,67.42785219814799,67.42785219814799,0.0,1e-12,PASS
충북,youth_employment_rate,2020,구조환경지표_21개_검증본.csv,12,67.489763472731,67.489763472731,0.0,1e-12,PASS
충북,youth_employment_rate,2021,구조환경지표_21개_검증본.csv,12,69.70677387897072,69.70677387897072,0.0,1e-12,PASS
충북,youth_employment_rate,2022,구조환경지표_21개_검증본.csv,12,74.05587658303337,74.05587658303337,0.0,1e-12,PASS
충북,youth_employment_rate,2023,구조환경지표_21개_검증본.csv,12,74.13592065297192,74.13592065297192,0.0,1e-12,PASS
충북,youth_employment_rate,2024,구조환경지표_21개_검증본.csv,12,75.04511858959107,75.04511858959107,0.0,1e-12,PASS
강원,youth_regular_employment_rate,2016,2016-2024_지역별고용조사_청년층_정규직_근로자_비율_연도평균.csv,10,59.8,59.8,0.0,1e-12,PASS
강원,youth_regular_employment_rate,2017,2016-2024_지역별고용조사_청년층_정규직_근로자_비율_연도평균.csv,10,67.5,67.5,0.0,1e-12,PASS
강원,youth_regular_employment_rate,2018,2016-2024_지역별고용조사_청년층_정규직_근로자_비율_연도평균.csv,10,66.7,66.7,0.0,1e-12,PASS
강원,youth_regular_employment_rate,2019,2016-2024_지역별고용조사_청년층_정규직_근로자_비율_연도평균.csv,10,67.1,67.1,0.0,1e-12,PASS
강원,youth_regular_employment_rate,2020,2016-2024_지역별고용조사_청년층_정규직_근로자_비율_연도평균.csv,10,52.5,52.5,0.0,1e-12,PASS
강원,youth_regular_employment_rate,2021,2016-2024_지역별고용조사_청년층_정규직_근로자_비율_연도평균.csv,10,56.6,56.6,0.0,1e-12,PASS
강원,youth_regular_employment_rate,2022,2016-2024_지역별고용조사_청년층_정규직_근로자_비율_연도평균.csv,10,55.3,55.3,0.0,1e-12,PASS
강원,youth_regular_employment_rate,2023,2016-2024_지역별고용조사_청년층_정규직_근로자_비율_연도평균.csv,10,68.3,68.3,0.0,1e-12,PASS
강원,youth_regular_employment_rate,2024,2016-2024_지역별고용조사_청년층_정규직_근로자_비율_연도평균.csv,10,70.5,70.5,0.0,1e-12,PASS
경기,youth_regular_employment_rate,2016,2016-2024_지역별고용조사_청년층_정규직_근로자_비율_연도평균.csv,9,65.1,65.1,0.0,1e-12,PASS
경기,youth_regular_employment_rate,2017,2016-2024_지역별고용조사_청년층_정규직_근로자_비율_연도평균.csv,9,68.6,68.6,0.0,1e-12,PASS
경기,youth_regular_employment_rate,2018,2016-2024_지역별고용조사_청년층_정규직_근로자_비율_연도평균.csv,9,69.5,69.5,0.0,1e-12,PASS
경기,youth_regular_employment_rate,2019,2016-2024_지역별고용조사_청년층_정규직_근로자_비율_연도평균.csv,9,67.9,67.9,0.0,1e-12,PASS
경기,youth_regular_employment_rate,2020,2016-2024_지역별고용조사_청년층_정규직_근로자_비율_연도평균.csv,9,57.1,57.1,0.0,1e-12,PASS
경기,youth_regular_employment_rate,2021,2016-2024_지역별고용조사_청년층_정규직_근로자_비율_연도평균.csv,9,63.3,63.3,0.0,1e-12,PASS
경기,youth_regular_employment_rate,2022,2016-2024_지역별고용조사_청년층_정규직_근로자_비율_연도평균.csv,9,60.2,60.2,0.0,1e-12,PASS
경기,youth_regular_employment_rate,2023,2016-2024_지역별고용조사_청년층_정규직_근로자_비율_연도평균.csv,9,71.8,71.8,0.0,1e-12,PASS
경기,youth_regular_employment_rate,2024,2016-2024_지역별고용조사_청년층_정규직_근로자_비율_연도평균.csv,9,70.2,70.2,0.0,1e-12,PASS
경남,youth_regular_employment_rate,2016,2016-2024_지역별고용조사_청년층_정규직_근로자_비율_연도평균.csv,16,68.1,68.1,0.0,1e-12,PASS
경남,youth_regular_employment_rate,2017,2016-2024_지역별고용조사_청년층_정규직_근로자_비율_연도평균.csv,16,72.6,72.6,0.0,1e-12,PASS
경남,youth_regular_employment_rate,2018,2016-2024_지역별고용조사_청년층_정규직_근로자_비율_연도평균.csv,16,71.3,71.3,0.0,1e-12,PASS
경남,youth_regular_employment_rate,2019,2016-2024_지역별고용조사_청년층_정규직_근로자_비율_연도평균.csv,16,69.7,69.7,0.0,1e-12,PASS
경남,youth_regular_employment_rate,2020,2016-2024_지역별고용조사_청년층_정규직_근로자_비율_연도평균.csv,16,61.9,61.9,0.0,1e-12,PASS
경남,youth_regular_employment_rate,2021,2016-2024_지역별고용조사_청년층_정규직_근로자_비율_연도평균.csv,16,66.4,66.4,0.0,1e-12,PASS
경남,youth_regular_employment_rate,2022,2016-2024_지역별고용조사_청년층_정규직_근로자_비율_연도평균.csv,16,66.8,66.8,0.0,1e-12,PASS
경남,youth_regular_employment_rate,2023,2016-2024_지역별고용조사_청년층_정규직_근로자_비율_연도평균.csv,16,70.3,70.3,0.0,1e-12,PASS
경남,youth_regular_employment_rate,2024,2016-2024_지역별고용조사_청년층_정규직_근로자_비율_연도평균.csv,16,71.1,71.1,0.0,1e-12,PASS
경북,youth_regular_employment_rate,2016,2016-2024_지역별고용조사_청년층_정규직_근로자_비율_연도평균.csv,15,68.3,68.3,0.0,1e-12,PASS
경북,youth_regular_employment_rate,2017,2016-2024_지역별고용조사_청년층_정규직_근로자_비율_연도평균.csv,15,72.2,72.2,0.0,1e-12,PASS
경북,youth_regular_employment_rate,2018,2016-2024_지역별고용조사_청년층_정규직_근로자_비율_연도평균.csv,15,71.1,71.1,0.0,1e-12,PASS
경북,youth_regular_employment_rate,2019,2016-2024_지역별고용조사_청년층_정규직_근로자_비율_연도평균.csv,15,69.3,69.3,0.0,1e-12,PASS
경북,youth_regular_employment_rate,2020,2016-2024_지역별고용조사_청년층_정규직_근로자_비율_연도평균.csv,15,63.3,63.3,0.0,1e-12,PASS
경북,youth_regular_employment_rate,2021,2016-2024_지역별고용조사_청년층_정규직_근로자_비율_연도평균.csv,15,67.8,67.8,0.0,1e-12,PASS
경북,youth_regular_employment_rate,2022,2016-2024_지역별고용조사_청년층_정규직_근로자_비율_연도평균.csv,15,66.2,66.2,0.0,1e-12,PASS
경북,youth_regular_employment_rate,2023,2016-2024_지역별고용조사_청년층_정규직_근로자_비율_연도평균.csv,15,71.0,71.0,0.0,1e-12,PASS
경북,youth_regular_employment_rate,2024,2016-2024_지역별고용조사_청년층_정규직_근로자_비율_연도평균.csv,15,68.6,68.6,0.0,1e-12,PASS
광주,youth_regular_employment_rate,2016,2016-2024_지역별고용조사_청년층_정규직_근로자_비율_연도평균.csv,5,65.2,65.2,0.0,1e-12,PASS
광주,youth_regular_employment_rate,2017,2016-2024_지역별고용조사_청년층_정규직_근로자_비율_연도평균.csv,5,63.7,63.7,0.0,1e-12,PASS
광주,youth_regular_employment_rate,2018,2016-2024_지역별고용조사_청년층_정규직_근로자_비율_연도평균.csv,5,62.8,62.8,0.0,1e-12,PASS
광주,youth_regular_employment_rate,2019,2016-2024_지역별고용조사_청년층_정규직_근로자_비율_연도평균.csv,5,66.1,66.1,0.0,1e-12,PASS
광주,youth_regular_employment_rate,2020,2016-2024_지역별고용조사_청년층_정규직_근로자_비율_연도평균.csv,5,58.0,58.0,0.0,1e-12,PASS
광주,youth_regular_employment_rate,2021,2016-2024_지역별고용조사_청년층_정규직_근로자_비율_연도평균.csv,5,64.5,64.5,0.0,1e-12,PASS
광주,youth_regular_employment_rate,2022,2016-2024_지역별고용조사_청년층_정규직_근로자_비율_연도평균.csv,5,63.0,63.0,0.0,1e-12,PASS
광주,youth_regular_employment_rate,2023,2016-2024_지역별고용조사_청년층_정규직_근로자_비율_연도평균.csv,5,67.6,67.6,0.0,1e-12,PASS
광주,youth_regular_employment_rate,2024,2016-2024_지역별고용조사_청년층_정규직_근로자_비율_연도평균.csv,5,68.5,68.5,0.0,1e-12,PASS
대구,youth_regular_employment_rate,2016,2016-2024_지역별고용조사_청년층_정규직_근로자_비율_연도평균.csv,3,61.8,61.8,0.0,1e-12,PASS
대구,youth_regular_employment_rate,2017,2016-2024_지역별고용조사_청년층_정규직_근로자_비율_연도평균.csv,3,67.1,67.1,0.0,1e-12,PASS
대구,youth_regular_employment_rate,2018,2016-2024_지역별고용조사_청년층_정규직_근로자_비율_연도평균.csv,3,63.7,63.7,0.0,1e-12,PASS
대구,youth_regular_employment_rate,2019,2016-2024_지역별고용조사_청년층_정규직_근로자_비율_연도평균.csv,3,66.1,66.1,0.0,1e-12,PASS
대구,youth_regular_employment_rate,2020,2016-2024_지역별고용조사_청년층_정규직_근로자_비율_연도평균.csv,3,59.6,59.6,0.0,1e-12,PASS
대구,youth_regular_employment_rate,2021,2016-2024_지역별고용조사_청년층_정규직_근로자_비율_연도평균.csv,3,63.8,63.8,0.0,1e-12,PASS
대구,youth_regular_employment_rate,2022,2016-2024_지역별고용조사_청년층_정규직_근로자_비율_연도평균.csv,3,62.9,62.9,0.0,1e-12,PASS
대구,youth_regular_employment_rate,2023,2016-2024_지역별고용조사_청년층_정규직_근로자_비율_연도평균.csv,3,70.1,70.1,0.0,1e-12,PASS
대구,youth_regular_employment_rate,2024,2016-2024_지역별고용조사_청년층_정규직_근로자_비율_연도평균.csv,3,72.5,72.5,0.0,1e-12,PASS
대전,youth_regular_employment_rate,2016,2016-2024_지역별고용조사_청년층_정규직_근로자_비율_연도평균.csv,6,62.9,62.9,0.0,1e-12,PASS
대전,youth_regular_employment_rate,2017,2016-2024_지역별고용조사_청년층_정규직_근로자_비율_연도평균.csv,6,69.7,69.7,0.0,1e-12,PASS
대전,youth_regular_employment_rate,2018,2016-2024_지역별고용조사_청년층_정규직_근로자_비율_연도평균.csv,6,66.4,66.4,0.0,1e-12,PASS
대전,youth_regular_employment_rate,2019,2016-2024_지역별고용조사_청년층_정규직_근로자_비율_연도평균.csv,6,69.5,69.5,0.0,1e-12,PASS
대전,youth_regular_employment_rate,2020,2016-2024_지역별고용조사_청년층_정규직_근로자_비율_연도평균.csv,6,58.2,58.2,0.0,1e-12,PASS
대전,youth_regular_employment_rate,2021,2016-2024_지역별고용조사_청년층_정규직_근로자_비율_연도평균.csv,6,57.7,57.7,0.0,1e-12,PASS
대전,youth_regular_employment_rate,2022,2016-2024_지역별고용조사_청년층_정규직_근로자_비율_연도평균.csv,6,56.5,56.5,0.0,1e-12,PASS
대전,youth_regular_employment_rate,2023,2016-2024_지역별고용조사_청년층_정규직_근로자_비율_연도평균.csv,6,74.8,74.8,0.0,1e-12,PASS
대전,youth_regular_employment_rate,2024,2016-2024_지역별고용조사_청년층_정규직_근로자_비율_연도평균.csv,6,70.0,70.0,0.0,1e-12,PASS
부산,youth_regular_employment_rate,2016,2016-2024_지역별고용조사_청년층_정규직_근로자_비율_연도평균.csv,2,61.2,61.2,0.0,1e-12,PASS
부산,youth_regular_employment_rate,2017,2016-2024_지역별고용조사_청년층_정규직_근로자_비율_연도평균.csv,2,65.6,65.6,0.0,1e-12,PASS
부산,youth_regular_employment_rate,2018,2016-2024_지역별고용조사_청년층_정규직_근로자_비율_연도평균.csv,2,67.5,67.5,0.0,1e-12,PASS
부산,youth_regular_employment_rate,2019,2016-2024_지역별고용조사_청년층_정규직_근로자_비율_연도평균.csv,2,67.8,67.8,0.0,1e-12,PASS
부산,youth_regular_employment_rate,2020,2016-2024_지역별고용조사_청년층_정규직_근로자_비율_연도평균.csv,2,56.5,56.5,0.0,1e-12,PASS
부산,youth_regular_employment_rate,2021,2016-2024_지역별고용조사_청년층_정규직_근로자_비율_연도평균.csv,2,66.4,66.4,0.0,1e-12,PASS
부산,youth_regular_employment_rate,2022,2016-2024_지역별고용조사_청년층_정규직_근로자_비율_연도평균.csv,2,48.9,48.9,0.0,1e-12,PASS
부산,youth_regular_employment_rate,2023,2016-2024_지역별고용조사_청년층_정규직_근로자_비율_연도평균.csv,2,64.6,64.6,0.0,1e-12,PASS
부산,youth_regular_employment_rate,2024,2016-2024_지역별고용조사_청년층_정규직_근로자_비율_연도평균.csv,2,67.7,67.7,0.0,1e-12,PASS
서울,youth_regular_employment_rate,2016,2016-2024_지역별고용조사_청년층_정규직_근로자_비율_연도평균.csv,1,61.8,61.8,0.0,1e-12,PASS
서울,youth_regular_employment_rate,2017,2016-2024_지역별고용조사_청년층_정규직_근로자_비율_연도평균.csv,1,66.5,66.5,0.0,1e-12,PASS
서울,youth_regular_employment_rate,2018,2016-2024_지역별고용조사_청년층_정규직_근로자_비율_연도평균.csv,1,66.5,66.5,0.0,1e-12,PASS
서울,youth_regular_employment_rate,2019,2016-2024_지역별고용조사_청년층_정규직_근로자_비율_연도평균.csv,1,68.5,68.5,0.0,1e-12,PASS
서울,youth_regular_employment_rate,2020,2016-2024_지역별고용조사_청년층_정규직_근로자_비율_연도평균.csv,1,56.6,56.6,0.0,1e-12,PASS
서울,youth_regular_employment_rate,2021,2016-2024_지역별고용조사_청년층_정규직_근로자_비율_연도평균.csv,1,61.0,61.0,0.0,1e-12,PASS
서울,youth_regular_employment_rate,2022,2016-2024_지역별고용조사_청년층_정규직_근로자_비율_연도평균.csv,1,61.0,61.0,0.0,1e-12,PASS
서울,youth_regular_employment_rate,2023,2016-2024_지역별고용조사_청년층_정규직_근로자_비율_연도평균.csv,1,73.6,73.6,0.0,1e-12,PASS
서울,youth_regular_employment_rate,2024,2016-2024_지역별고용조사_청년층_정규직_근로자_비율_연도평균.csv,1,72.0,72.0,0.0,1e-12,PASS
세종,youth_regular_employment_rate,2017,2016-2024_지역별고용조사_청년층_정규직_근로자_비율_연도평균.csv,8,72.6,72.6,0.0,1e-12,PASS
세종,youth_regular_employment_rate,2018,2016-2024_지역별고용조사_청년층_정규직_근로자_비율_연도평균.csv,8,72.3,72.3,0.0,1e-12,PASS
세종,youth_regular_employment_rate,2019,2016-2024_지역별고용조사_청년층_정규직_근로자_비율_연도평균.csv,8,71.3,71.3,0.0,1e-12,PASS
세종,youth_regular_employment_rate,2020,2016-2024_지역별고용조사_청년층_정규직_근로자_비율_연도평균.csv,8,55.4,55.4,0.0,1e-12,PASS
세종,youth_regular_employment_rate,2021,2016-2024_지역별고용조사_청년층_정규직_근로자_비율_연도평균.csv,8,69.7,69.7,0.0,1e-12,PASS
세종,youth_regular_employment_rate,2022,2016-2024_지역별고용조사_청년층_정규직_근로자_비율_연도평균.csv,8,64.6,64.6,0.0,1e-12,PASS
세종,youth_regular_employment_rate,2023,2016-2024_지역별고용조사_청년층_정규직_근로자_비율_연도평균.csv,8,75.8,75.8,0.0,1e-12,PASS
세종,youth_regular_employment_rate,2024,2016-2024_지역별고용조사_청년층_정규직_근로자_비율_연도평균.csv,8,71.1,71.1,0.0,1e-12,PASS
울산,youth_regular_employment_rate,2016,2016-2024_지역별고용조사_청년층_정규직_근로자_비율_연도평균.csv,7,70.7,70.7,0.0,1e-12,PASS
울산,youth_regular_employment_rate,2017,2016-2024_지역별고용조사_청년층_정규직_근로자_비율_연도평균.csv,7,70.9,70.9,0.0,1e-12,PASS
울산,youth_regular_employment_rate,2018,2016-2024_지역별고용조사_청년층_정규직_근로자_비율_연도평균.csv,7,68.7,68.7,0.0,1e-12,PASS
울산,youth_regular_employment_rate,2019,2016-2024_지역별고용조사_청년층_정규직_근로자_비율_연도평균.csv,7,70.5,70.5,0.0,1e-12,PASS
울산,youth_regular_employment_rate,2020,2016-2024_지역별고용조사_청년층_정규직_근로자_비율_연도평균.csv,7,60.0,60.0,0.0,1e-12,PASS
울산,youth_regular_employment_rate,2021,2016-2024_지역별고용조사_청년층_정규직_근로자_비율_연도평균.csv,7,70.2,70.2,0.0,1e-12,PASS
울산,youth_regular_employment_rate,2022,2016-2024_지역별고용조사_청년층_정규직_근로자_비율_연도평균.csv,7,68.9,68.9,0.0,1e-12,PASS
울산,youth_regular_employment_rate,2023,2016-2024_지역별고용조사_청년층_정규직_근로자_비율_연도평균.csv,7,73.6,73.6,0.0,1e-12,PASS
울산,youth_regular_employment_rate,2024,2016-2024_지역별고용조사_청년층_정규직_근로자_비율_연도평균.csv,7,69.7,69.7,0.0,1e-12,PASS
인천,youth_regular_employment_rate,2016,2016-2024_지역별고용조사_청년층_정규직_근로자_비율_연도평균.csv,4,60.9,60.9,0.0,1e-12,PASS
인천,youth_regular_employment_rate,2017,2016-2024_지역별고용조사_청년층_정규직_근로자_비율_연도평균.csv,4,63.7,63.7,0.0,1e-12,PASS
인천,youth_regular_employment_rate,2018,2016-2024_지역별고용조사_청년층_정규직_근로자_비율_연도평균.csv,4,65.0,65.0,0.0,1e-12,PASS
인천,youth_regular_employment_rate,2019,2016-2024_지역별고용조사_청년층_정규직_근로자_비율_연도평균.csv,4,62.0,62.0,0.0,1e-12,PASS
인천,youth_regular_employment_rate,2020,2016-2024_지역별고용조사_청년층_정규직_근로자_비율_연도평균.csv,4,53.5,53.5,0.0,1e-12,PASS
인천,youth_regular_employment_rate,2021,2016-2024_지역별고용조사_청년층_정규직_근로자_비율_연도평균.csv,4,65.4,65.4,0.0,1e-12,PASS
인천,youth_regular_employment_rate,2022,2016-2024_지역별고용조사_청년층_정규직_근로자_비율_연도평균.csv,4,64.4,64.4,0.0,1e-12,PASS
인천,youth_regular_employment_rate,2023,2016-2024_지역별고용조사_청년층_정규직_근로자_비율_연도평균.csv,4,71.9,71.9,0.0,1e-12,PASS
인천,youth_regular_employment_rate,2024,2016-2024_지역별고용조사_청년층_정규직_근로자_비율_연도평균.csv,4,70.9,70.9,0.0,1e-12,PASS
전남,youth_regular_employment_rate,2016,2016-2024_지역별고용조사_청년층_정규직_근로자_비율_연도평균.csv,14,63.9,63.9,0.0,1e-12,PASS
전남,youth_regular_employment_rate,2017,2016-2024_지역별고용조사_청년층_정규직_근로자_비율_연도평균.csv,14,65.8,65.8,0.0,1e-12,PASS
전남,youth_regular_employment_rate,2018,2016-2024_지역별고용조사_청년층_정규직_근로자_비율_연도평균.csv,14,65.0,65.0,0.0,1e-12,PASS
전남,youth_regular_employment_rate,2019,2016-2024_지역별고용조사_청년층_정규직_근로자_비율_연도평균.csv,14,65.6,65.6,0.0,1e-12,PASS
전남,youth_regular_employment_rate,2020,2016-2024_지역별고용조사_청년층_정규직_근로자_비율_연도평균.csv,14,56.9,56.9,0.0,1e-12,PASS
전남,youth_regular_employment_rate,2021,2016-2024_지역별고용조사_청년층_정규직_근로자_비율_연도평균.csv,14,62.7,62.7,0.0,1e-12,PASS
전남,youth_regular_employment_rate,2022,2016-2024_지역별고용조사_청년층_정규직_근로자_비율_연도평균.csv,14,60.9,60.9,0.0,1e-12,PASS
전남,youth_regular_employment_rate,2023,2016-2024_지역별고용조사_청년층_정규직_근로자_비율_연도평균.csv,14,67.2,67.2,0.0,1e-12,PASS
전남,youth_regular_employment_rate,2024,2016-2024_지역별고용조사_청년층_정규직_근로자_비율_연도평균.csv,14,67.9,67.9,0.0,1e-12,PASS
전북,youth_regular_employment_rate,2016,2016-2024_지역별고용조사_청년층_정규직_근로자_비율_연도평균.csv,13,66.2,66.2,0.0,1e-12,PASS
전북,youth_regular_employment_rate,2017,2016-2024_지역별고용조사_청년층_정규직_근로자_비율_연도평균.csv,13,64.9,64.9,0.0,1e-12,PASS
전북,youth_regular_employment_rate,2018,2016-2024_지역별고용조사_청년층_정규직_근로자_비율_연도평균.csv,13,62.5,62.5,0.0,1e-12,PASS
전북,youth_regular_employment_rate,2019,2016-2024_지역별고용조사_청년층_정규직_근로자_비율_연도평균.csv,13,63.4,63.4,0.0,1e-12,PASS
전북,youth_regular_employment_rate,2020,2016-2024_지역별고용조사_청년층_정규직_근로자_비율_연도평균.csv,13,59.0,59.0,0.0,1e-12,PASS
전북,youth_regular_employment_rate,2021,2016-2024_지역별고용조사_청년층_정규직_근로자_비율_연도평균.csv,13,67.3,67.3,0.0,1e-12,PASS
전북,youth_regular_employment_rate,2022,2016-2024_지역별고용조사_청년층_정규직_근로자_비율_연도평균.csv,13,57.8,57.8,0.0,1e-12,PASS
전북,youth_regular_employment_rate,2023,2016-2024_지역별고용조사_청년층_정규직_근로자_비율_연도평균.csv,13,72.1,72.1,0.0,1e-12,PASS
전북,youth_regular_employment_rate,2024,2016-2024_지역별고용조사_청년층_정규직_근로자_비율_연도평균.csv,13,72.5,72.5,0.0,1e-12,PASS
제주,youth_regular_employment_rate,2016,2016-2024_지역별고용조사_청년층_정규직_근로자_비율_연도평균.csv,17,57.6,57.6,0.0,1e-12,PASS
제주,youth_regular_employment_rate,2017,2016-2024_지역별고용조사_청년층_정규직_근로자_비율_연도평균.csv,17,60.7,60.7,0.0,1e-12,PASS
제주,youth_regular_employment_rate,2018,2016-2024_지역별고용조사_청년층_정규직_근로자_비율_연도평균.csv,17,60.5,60.5,0.0,1e-12,PASS
제주,youth_regular_employment_rate,2019,2016-2024_지역별고용조사_청년층_정규직_근로자_비율_연도평균.csv,17,61.0,61.0,0.0,1e-12,PASS
제주,youth_regular_employment_rate,2020,2016-2024_지역별고용조사_청년층_정규직_근로자_비율_연도평균.csv,17,54.8,54.8,0.0,1e-12,PASS
제주,youth_regular_employment_rate,2021,2016-2024_지역별고용조사_청년층_정규직_근로자_비율_연도평균.csv,17,59.1,59.1,0.0,1e-12,PASS
제주,youth_regular_employment_rate,2022,2016-2024_지역별고용조사_청년층_정규직_근로자_비율_연도평균.csv,17,56.2,56.2,0.0,1e-12,PASS
제주,youth_regular_employment_rate,2023,2016-2024_지역별고용조사_청년층_정규직_근로자_비율_연도평균.csv,17,66.9,66.9,0.0,1e-12,PASS
제주,youth_regular_employment_rate,2024,2016-2024_지역별고용조사_청년층_정규직_근로자_비율_연도평균.csv,17,64.5,64.5,0.0,1e-12,PASS
충남,youth_regular_employment_rate,2016,2016-2024_지역별고용조사_청년층_정규직_근로자_비율_연도평균.csv,12,67.9,67.9,0.0,1e-12,PASS
충남,youth_regular_employment_rate,2017,2016-2024_지역별고용조사_청년층_정규직_근로자_비율_연도평균.csv,12,70.0,70.0,0.0,1e-12,PASS
충남,youth_regular_employment_rate,2018,2016-2024_지역별고용조사_청년층_정규직_근로자_비율_연도평균.csv,12,74.4,74.4,0.0,1e-12,PASS
충남,youth_regular_employment_rate,2019,2016-2024_지역별고용조사_청년층_정규직_근로자_비율_연도평균.csv,12,71.8,71.8,0.0,1e-12,PASS
충남,youth_regular_employment_rate,2020,2016-2024_지역별고용조사_청년층_정규직_근로자_비율_연도평균.csv,12,60.4,60.4,0.0,1e-12,PASS
충남,youth_regular_employment_rate,2021,2016-2024_지역별고용조사_청년층_정규직_근로자_비율_연도평균.csv,12,67.3,67.3,0.0,1e-12,PASS
충남,youth_regular_employment_rate,2022,2016-2024_지역별고용조사_청년층_정규직_근로자_비율_연도평균.csv,12,66.2,66.2,0.0,1e-12,PASS
충남,youth_regular_employment_rate,2023,2016-2024_지역별고용조사_청년층_정규직_근로자_비율_연도평균.csv,12,73.4,73.4,0.0,1e-12,PASS
충남,youth_regular_employment_rate,2024,2016-2024_지역별고용조사_청년층_정규직_근로자_비율_연도평균.csv,12,77.2,77.2,0.0,1e-12,PASS
충북,youth_regular_employment_rate,2016,2016-2024_지역별고용조사_청년층_정규직_근로자_비율_연도평균.csv,11,68.8,68.8,0.0,1e-12,PASS
충북,youth_regular_employment_rate,2017,2016-2024_지역별고용조사_청년층_정규직_근로자_비율_연도평균.csv,11,69.7,69.7,0.0,1e-12,PASS
충북,youth_regular_employment_rate,2018,2016-2024_지역별고용조사_청년층_정규직_근로자_비율_연도평균.csv,11,73.9,73.9,0.0,1e-12,PASS
충북,youth_regular_employment_rate,2019,2016-2024_지역별고용조사_청년층_정규직_근로자_비율_연도평균.csv,11,72.2,72.2,0.0,1e-12,PASS
충북,youth_regular_employment_rate,2020,2016-2024_지역별고용조사_청년층_정규직_근로자_비율_연도평균.csv,11,59.8,59.8,0.0,1e-12,PASS
충북,youth_regular_employment_rate,2021,2016-2024_지역별고용조사_청년층_정규직_근로자_비율_연도평균.csv,11,63.6,63.6,0.0,1e-12,PASS
충북,youth_regular_employment_rate,2022,2016-2024_지역별고용조사_청년층_정규직_근로자_비율_연도평균.csv,11,61.8,61.8,0.0,1e-12,PASS
충북,youth_regular_employment_rate,2023,2016-2024_지역별고용조사_청년층_정규직_근로자_비율_연도평균.csv,11,77.3,77.3,0.0,1e-12,PASS
충북,youth_regular_employment_rate,2024,2016-2024_지역별고용조사_청년층_정규직_근로자_비율_연도평균.csv,11,75.5,75.5,0.0,1e-12,PASS
