지역,지표_id,연도,지표명,missing_position,nearest_observed_year,distance_from_observation,carry_direction,consecutive_missing_years,long_range_backcast,sensitivity_required,policy_risk_level,missing_cause,cause_status,imputation_policy,block_imputation,analysis_included_after_imputation,original_row_exists,auxiliary_scenario_policy,auxiliary_boundary_year,rule_id,evidence,policy_note
강원,childbirth_perception,2016,출산에 대한 인식,leading_missing,2018,2,backward,2,True,True,high,조사 비실시 연도,confirmed,boundary_carry,False,True,True,,,childbirth_leading_non_survey,configs/structural_indicators_verification.yaml:576,지표의 첫 비교 가능 관측연도인 2018년 이전 구간이다.
강원,childbirth_perception,2017,출산에 대한 인식,leading_missing,2018,1,backward,2,True,True,high,조사 비실시 연도,confirmed,boundary_carry,False,True,True,,,childbirth_leading_non_survey,configs/structural_indicators_verification.yaml:576,지표의 첫 비교 가능 관측연도인 2018년 이전 구간이다.
강원,childbirth_perception,2019,출산에 대한 인식,intermediate_missing,,,,,False,False,not_applicable,조사 비실시 연도,confirmed,linear_interpolation,False,True,True,,,childbirth_interior_non_survey,configs/structural_indicators_verification.yaml:576,2018·2020·2022·2024 관측값 사이의 비조사연도이다.
강원,childbirth_perception,2021,출산에 대한 인식,intermediate_missing,,,,,False,False,not_applicable,조사 비실시 연도,confirmed,linear_interpolation,False,True,True,,,childbirth_interior_non_survey,configs/structural_indicators_verification.yaml:576,2018·2020·2022·2024 관측값 사이의 비조사연도이다.
강원,childbirth_perception,2023,출산에 대한 인식,intermediate_missing,,,,,False,False,not_applicable,조사 비실시 연도,confirmed,linear_interpolation,False,True,True,,,childbirth_interior_non_survey,configs/structural_indicators_verification.yaml:576,2018·2020·2022·2024 관측값 사이의 비조사연도이다.
강원,childcare_equal_participation,2016,돌봄노동 공동 참여도,leading_missing,2020,4,backward,4,True,True,high,조사 비실시 연도,confirmed,boundary_carry,False,True,False,,,family_survey_boundary_non_survey,configs/structural_indicators_verification.yaml:790,2020·2023 관측 범위 밖의 비조사연도이며 본계열 boundary carry 후보이다.
강원,childcare_equal_participation,2017,돌봄노동 공동 참여도,leading_missing,2020,3,backward,4,True,True,high,조사 비실시 연도,confirmed,boundary_carry,False,True,False,,,family_survey_boundary_non_survey,configs/structural_indicators_verification.yaml:790,2020·2023 관측 범위 밖의 비조사연도이며 본계열 boundary carry 후보이다.
강원,childcare_equal_participation,2018,돌봄노동 공동 참여도,leading_missing,2020,2,backward,4,True,True,high,조사 비실시 연도,confirmed,boundary_carry,False,True,False,,,family_survey_boundary_non_survey,configs/structural_indicators_verification.yaml:790,2020·2023 관측 범위 밖의 비조사연도이며 본계열 boundary carry 후보이다.
강원,childcare_equal_participation,2019,돌봄노동 공동 참여도,leading_missing,2020,1,backward,4,True,True,high,조사 비실시 연도,confirmed,boundary_carry,False,True,False,,,family_survey_boundary_non_survey,configs/structural_indicators_verification.yaml:790,2020·2023 관측 범위 밖의 비조사연도이며 본계열 boundary carry 후보이다.
강원,childcare_equal_participation,2021,돌봄노동 공동 참여도,intermediate_missing,,,,,False,False,not_applicable,조사 비실시 연도,confirmed,linear_interpolation,False,True,False,,,family_survey_interior_non_survey,configs/structural_indicators_verification.yaml:790,2020년과 2023년 실제 관측값 사이의 비조사연도이다.
강원,childcare_equal_participation,2022,돌봄노동 공동 참여도,intermediate_missing,,,,,False,False,not_applicable,조사 비실시 연도,confirmed,linear_interpolation,False,True,False,,,family_survey_interior_non_survey,configs/structural_indicators_verification.yaml:790,2020년과 2023년 실제 관측값 사이의 비조사연도이다.
강원,childcare_equal_participation,2024,돌봄노동 공동 참여도,trailing_missing,2023,1,forward,1,False,True,medium,조사 비실시 연도,confirmed,boundary_carry,False,True,False,,,family_survey_boundary_non_survey,configs/structural_indicators_verification.yaml:790,2020·2023 관측 범위 밖의 비조사연도이며 본계열 boundary carry 후보이다.
강원,delivery_bed_supply,2016,(대체)분만실 병상수 보급도,leading_missing,2018,2,backward,2,True,True,high,원자료 부재,confirmed,boundary_carry,False,True,True,,,delivery_bed_before_source_start,이슈,"원자료는 2018년 3분기부터 시작한다. 추세 역외삽 대신 지역별 최초 관측연도인 2018년 값을 2016·2017년에 유지하고, 장기 소급 대체임을 플래그와 분석 한계에 남긴다."
강원,delivery_bed_supply,2017,(대체)분만실 병상수 보급도,leading_missing,2018,1,backward,2,True,True,high,원자료 부재,confirmed,boundary_carry,False,True,True,,,delivery_bed_before_source_start,이슈,"원자료는 2018년 3분기부터 시작한다. 추세 역외삽 대신 지역별 최초 관측연도인 2018년 값을 2016·2017년에 유지하고, 장기 소급 대체임을 플래그와 분석 한계에 남긴다."
강원,household_chore_equal_participation,2016,가사노동 공동 참여도,leading_missing,2020,4,backward,4,True,True,high,조사 비실시 연도,confirmed,boundary_carry,False,True,False,,,family_survey_boundary_non_survey,configs/structural_indicators_verification.yaml:790,2020·2023 관측 범위 밖의 비조사연도이며 본계열 boundary carry 후보이다.
강원,household_chore_equal_participation,2017,가사노동 공동 참여도,leading_missing,2020,3,backward,4,True,True,high,조사 비실시 연도,confirmed,boundary_carry,False,True,False,,,family_survey_boundary_non_survey,configs/structural_indicators_verification.yaml:790,2020·2023 관측 범위 밖의 비조사연도이며 본계열 boundary carry 후보이다.
강원,household_chore_equal_participation,2018,가사노동 공동 참여도,leading_missing,2020,2,backward,4,True,True,high,조사 비실시 연도,confirmed,boundary_carry,False,True,False,,,family_survey_boundary_non_survey,configs/structural_indicators_verification.yaml:790,2020·2023 관측 범위 밖의 비조사연도이며 본계열 boundary carry 후보이다.
강원,household_chore_equal_participation,2019,가사노동 공동 참여도,leading_missing,2020,1,backward,4,True,True,high,조사 비실시 연도,confirmed,boundary_carry,False,True,False,,,family_survey_boundary_non_survey,configs/structural_indicators_verification.yaml:790,2020·2023 관측 범위 밖의 비조사연도이며 본계열 boundary carry 후보이다.
강원,household_chore_equal_participation,2021,가사노동 공동 참여도,intermediate_missing,,,,,False,False,not_applicable,조사 비실시 연도,confirmed,linear_interpolation,False,True,False,,,family_survey_interior_non_survey,configs/structural_indicators_verification.yaml:790,2020년과 2023년 실제 관측값 사이의 비조사연도이다.
강원,household_chore_equal_participation,2022,가사노동 공동 참여도,intermediate_missing,,,,,False,False,not_applicable,조사 비실시 연도,confirmed,linear_interpolation,False,True,False,,,family_survey_interior_non_survey,configs/structural_indicators_verification.yaml:790,2020년과 2023년 실제 관측값 사이의 비조사연도이다.
강원,household_chore_equal_participation,2024,가사노동 공동 참여도,trailing_missing,2023,1,forward,1,False,True,medium,조사 비실시 연도,confirmed,boundary_carry,False,True,False,,,family_survey_boundary_non_survey,configs/structural_indicators_verification.yaml:790,2020·2023 관측 범위 밖의 비조사연도이며 본계열 boundary carry 후보이다.
강원,housework_gender_equality,2017,가사분담에 대한 성평등 인식,intermediate_missing,,,,,False,False,not_applicable,조사 비실시 연도,confirmed,linear_interpolation,False,True,True,,,nonlinear_housework_direct_interpolation,reports/methodology/20260805_가사분담_성평등_인식_직접보간_안전성_검증.md,"원산식 `1-|평균응답값-3|/2`은 비선형(절댓값) 변환이지만, 18개 지역 × 5개 관측연도(2016·2018·2020·2022·2024) 전부에서 평균응답값이 3점(중간) 미만이라 그 구간에서는 순수 선형함수와 같다. 검증 스크립트 (`scripts/verify_housework_gender_equality_interpolation_safety.py`)로 확인했으며, 최종값을 직접 선형보간해도 구성요소를 먼저 보간한 뒤 변환한 것과 정확히 같다."
강원,housework_gender_equality,2019,가사분담에 대한 성평등 인식,intermediate_missing,,,,,False,False,not_applicable,조사 비실시 연도,confirmed,linear_interpolation,False,True,True,,,nonlinear_housework_direct_interpolation,reports/methodology/20260805_가사분담_성평등_인식_직접보간_안전성_검증.md,"원산식 `1-|평균응답값-3|/2`은 비선형(절댓값) 변환이지만, 18개 지역 × 5개 관측연도(2016·2018·2020·2022·2024) 전부에서 평균응답값이 3점(중간) 미만이라 그 구간에서는 순수 선형함수와 같다. 검증 스크립트 (`scripts/verify_housework_gender_equality_interpolation_safety.py`)로 확인했으며, 최종값을 직접 선형보간해도 구성요소를 먼저 보간한 뒤 변환한 것과 정확히 같다."
강원,housework_gender_equality,2021,가사분담에 대한 성평등 인식,intermediate_missing,,,,,False,False,not_applicable,조사 비실시 연도,confirmed,linear_interpolation,False,True,True,,,nonlinear_housework_direct_interpolation,reports/methodology/20260805_가사분담_성평등_인식_직접보간_안전성_검증.md,"원산식 `1-|평균응답값-3|/2`은 비선형(절댓값) 변환이지만, 18개 지역 × 5개 관측연도(2016·2018·2020·2022·2024) 전부에서 평균응답값이 3점(중간) 미만이라 그 구간에서는 순수 선형함수와 같다. 검증 스크립트 (`scripts/verify_housework_gender_equality_interpolation_safety.py`)로 확인했으며, 최종값을 직접 선형보간해도 구성요소를 먼저 보간한 뒤 변환한 것과 정확히 같다."
강원,housework_gender_equality,2023,가사분담에 대한 성평등 인식,intermediate_missing,,,,,False,False,not_applicable,조사 비실시 연도,confirmed,linear_interpolation,False,True,True,,,nonlinear_housework_direct_interpolation,reports/methodology/20260805_가사분담_성평등_인식_직접보간_안전성_검증.md,"원산식 `1-|평균응답값-3|/2`은 비선형(절댓값) 변환이지만, 18개 지역 × 5개 관측연도(2016·2018·2020·2022·2024) 전부에서 평균응답값이 3점(중간) 미만이라 그 구간에서는 순수 선형함수와 같다. 검증 스크립트 (`scripts/verify_housework_gender_equality_interpolation_safety.py`)로 확인했으며, 최종값을 직접 선형보간해도 구성요소를 먼저 보간한 뒤 변환한 것과 정확히 같다."
강원,income_satisfaction,2016,소득만족도,leading_missing,2017,1,backward,1,False,True,medium,조사 비실시 연도,confirmed,boundary_carry,False,True,True,auxiliary_boundary_interpolation,2015,income_leisure_leading_non_survey,configs/structural_indicators_verification.yaml:145,본계열은 boundary carry 후보이며 2015년 값은 별도 보조 시나리오에서만 사용한다.
강원,income_satisfaction,2018,소득만족도,intermediate_missing,,,,,False,False,not_applicable,조사 비실시 연도,confirmed,linear_interpolation,False,True,True,,,income_leisure_interior_non_survey,reports/20260725_구조환경지표_통합파일_결측치_검증_결과.md:57,실제 관측값 사이의 비조사연도로 본계열 선형보간 후보이다.
강원,income_satisfaction,2020,소득만족도,intermediate_missing,,,,,False,False,not_applicable,조사 비실시 연도,confirmed,linear_interpolation,False,True,True,,,income_leisure_interior_non_survey,reports/20260725_구조환경지표_통합파일_결측치_검증_결과.md:57,실제 관측값 사이의 비조사연도로 본계열 선형보간 후보이다.
강원,income_satisfaction,2022,소득만족도,intermediate_missing,,,,,False,False,not_applicable,조사 비실시 연도,confirmed,linear_interpolation,False,True,True,,,income_leisure_interior_non_survey,reports/20260725_구조환경지표_통합파일_결측치_검증_결과.md:57,실제 관측값 사이의 비조사연도로 본계열 선형보간 후보이다.
강원,income_satisfaction,2024,소득만족도,trailing_missing,2023,1,forward,1,False,True,medium,조사 비실시 연도,confirmed,boundary_carry,False,True,True,auxiliary_boundary_interpolation,2025,income_leisure_trailing_non_survey,configs/structural_indicators_verification.yaml:145,본계열은 boundary carry 후보이며 2025년 값은 별도 보조 시나리오에서만 사용한다.
강원,leisure_satisfaction,2016,여가생활 만족도,leading_missing,2017,1,backward,1,False,True,medium,조사 비실시 연도,confirmed,boundary_carry,False,True,True,auxiliary_boundary_interpolation,2015,income_leisure_leading_non_survey,configs/structural_indicators_verification.yaml:145,본계열은 boundary carry 후보이며 2015년 값은 별도 보조 시나리오에서만 사용한다.
강원,leisure_satisfaction,2018,여가생활 만족도,intermediate_missing,,,,,False,False,not_applicable,조사 비실시 연도,confirmed,linear_interpolation,False,True,True,,,income_leisure_interior_non_survey,reports/20260725_구조환경지표_통합파일_결측치_검증_결과.md:57,실제 관측값 사이의 비조사연도로 본계열 선형보간 후보이다.
강원,leisure_satisfaction,2020,여가생활 만족도,intermediate_missing,,,,,False,False,not_applicable,조사 비실시 연도,confirmed,linear_interpolation,False,True,True,,,income_leisure_interior_non_survey,reports/20260725_구조환경지표_통합파일_결측치_검증_결과.md:57,실제 관측값 사이의 비조사연도로 본계열 선형보간 후보이다.
강원,leisure_satisfaction,2022,여가생활 만족도,intermediate_missing,,,,,False,False,not_applicable,조사 비실시 연도,confirmed,linear_interpolation,False,True,True,,,income_leisure_interior_non_survey,reports/20260725_구조환경지표_통합파일_결측치_검증_결과.md:57,실제 관측값 사이의 비조사연도로 본계열 선형보간 후보이다.
강원,leisure_satisfaction,2024,여가생활 만족도,trailing_missing,2023,1,forward,1,False,True,medium,조사 비실시 연도,confirmed,boundary_carry,False,True,True,auxiliary_boundary_interpolation,2025,income_leisure_trailing_non_survey,configs/structural_indicators_verification.yaml:145,본계열은 boundary carry 후보이며 2025년 값은 별도 보조 시나리오에서만 사용한다.
강원,marriage_perception,2017,결혼에 대한 인식,intermediate_missing,,,,,False,False,not_applicable,조사 비실시 연도,confirmed,linear_interpolation,False,True,True,,,social_survey_interior_non_survey,configs/structural_indicators_verification.yaml:460,2016·2018·2020·2022·2024 관측값 사이의 비조사연도이다.
강원,marriage_perception,2019,결혼에 대한 인식,intermediate_missing,,,,,False,False,not_applicable,조사 비실시 연도,confirmed,linear_interpolation,False,True,True,,,social_survey_interior_non_survey,configs/structural_indicators_verification.yaml:460,2016·2018·2020·2022·2024 관측값 사이의 비조사연도이다.
강원,marriage_perception,2021,결혼에 대한 인식,intermediate_missing,,,,,False,False,not_applicable,조사 비실시 연도,confirmed,linear_interpolation,False,True,True,,,social_survey_interior_non_survey,configs/structural_indicators_verification.yaml:460,2016·2018·2020·2022·2024 관측값 사이의 비조사연도이다.
강원,marriage_perception,2023,결혼에 대한 인식,intermediate_missing,,,,,False,False,not_applicable,조사 비실시 연도,confirmed,linear_interpolation,False,True,True,,,social_survey_interior_non_survey,configs/structural_indicators_verification.yaml:460,2016·2018·2020·2022·2024 관측값 사이의 비조사연도이다.
강원,postpartum_center_fee,2016,산후조리원 이용 요금,leading_missing,2023,7,backward,7,True,True,high,원자료 부재,confirmed,boundary_carry,False,True,True,,,postpartum_before_source_start,이슈,"승인된 원자료는 2023년부터 존재한다. 추세 역외삽 대신 지역별 최초 관측연도인 2023년 값을 2016–2022년에 유지하고, 장기 소급 대체임을 플래그와 분석 한계에 남긴다."
강원,postpartum_center_fee,2017,산후조리원 이용 요금,leading_missing,2023,6,backward,7,True,True,high,원자료 부재,confirmed,boundary_carry,False,True,True,,,postpartum_before_source_start,이슈,"승인된 원자료는 2023년부터 존재한다. 추세 역외삽 대신 지역별 최초 관측연도인 2023년 값을 2016–2022년에 유지하고, 장기 소급 대체임을 플래그와 분석 한계에 남긴다."
강원,postpartum_center_fee,2018,산후조리원 이용 요금,leading_missing,2023,5,backward,7,True,True,high,원자료 부재,confirmed,boundary_carry,False,True,True,,,postpartum_before_source_start,이슈,"승인된 원자료는 2023년부터 존재한다. 추세 역외삽 대신 지역별 최초 관측연도인 2023년 값을 2016–2022년에 유지하고, 장기 소급 대체임을 플래그와 분석 한계에 남긴다."
강원,postpartum_center_fee,2019,산후조리원 이용 요금,leading_missing,2023,4,backward,7,True,True,high,원자료 부재,confirmed,boundary_carry,False,True,True,,,postpartum_before_source_start,이슈,"승인된 원자료는 2023년부터 존재한다. 추세 역외삽 대신 지역별 최초 관측연도인 2023년 값을 2016–2022년에 유지하고, 장기 소급 대체임을 플래그와 분석 한계에 남긴다."
강원,postpartum_center_fee,2020,산후조리원 이용 요금,leading_missing,2023,3,backward,7,True,True,high,원자료 부재,confirmed,boundary_carry,False,True,True,,,postpartum_before_source_start,이슈,"승인된 원자료는 2023년부터 존재한다. 추세 역외삽 대신 지역별 최초 관측연도인 2023년 값을 2016–2022년에 유지하고, 장기 소급 대체임을 플래그와 분석 한계에 남긴다."
강원,postpartum_center_fee,2021,산후조리원 이용 요금,leading_missing,2023,2,backward,7,True,True,high,원자료 부재,confirmed,boundary_carry,False,True,True,,,postpartum_before_source_start,이슈,"승인된 원자료는 2023년부터 존재한다. 추세 역외삽 대신 지역별 최초 관측연도인 2023년 값을 2016–2022년에 유지하고, 장기 소급 대체임을 플래그와 분석 한계에 남긴다."
강원,postpartum_center_fee,2022,산후조리원 이용 요금,leading_missing,2023,1,backward,7,True,True,high,원자료 부재,confirmed,boundary_carry,False,True,True,,,postpartum_before_source_start,이슈,"승인된 원자료는 2023년부터 존재한다. 추세 역외삽 대신 지역별 최초 관측연도인 2023년 값을 2016–2022년에 유지하고, 장기 소급 대체임을 플래그와 분석 한계에 남긴다."
강원,postpartum_center_supply,2016,산후조리원 보급도,leading_missing,2023,7,backward,7,True,True,high,원자료 부재,confirmed,boundary_carry,False,True,True,,,postpartum_before_source_start,이슈,"승인된 원자료는 2023년부터 존재한다. 추세 역외삽 대신 지역별 최초 관측연도인 2023년 값을 2016–2022년에 유지하고, 장기 소급 대체임을 플래그와 분석 한계에 남긴다."
강원,postpartum_center_supply,2017,산후조리원 보급도,leading_missing,2023,6,backward,7,True,True,high,원자료 부재,confirmed,boundary_carry,False,True,True,,,postpartum_before_source_start,이슈,"승인된 원자료는 2023년부터 존재한다. 추세 역외삽 대신 지역별 최초 관측연도인 2023년 값을 2016–2022년에 유지하고, 장기 소급 대체임을 플래그와 분석 한계에 남긴다."
강원,postpartum_center_supply,2018,산후조리원 보급도,leading_missing,2023,5,backward,7,True,True,high,원자료 부재,confirmed,boundary_carry,False,True,True,,,postpartum_before_source_start,이슈,"승인된 원자료는 2023년부터 존재한다. 추세 역외삽 대신 지역별 최초 관측연도인 2023년 값을 2016–2022년에 유지하고, 장기 소급 대체임을 플래그와 분석 한계에 남긴다."
강원,postpartum_center_supply,2019,산후조리원 보급도,leading_missing,2023,4,backward,7,True,True,high,원자료 부재,confirmed,boundary_carry,False,True,True,,,postpartum_before_source_start,이슈,"승인된 원자료는 2023년부터 존재한다. 추세 역외삽 대신 지역별 최초 관측연도인 2023년 값을 2016–2022년에 유지하고, 장기 소급 대체임을 플래그와 분석 한계에 남긴다."
강원,postpartum_center_supply,2020,산후조리원 보급도,leading_missing,2023,3,backward,7,True,True,high,원자료 부재,confirmed,boundary_carry,False,True,True,,,postpartum_before_source_start,이슈,"승인된 원자료는 2023년부터 존재한다. 추세 역외삽 대신 지역별 최초 관측연도인 2023년 값을 2016–2022년에 유지하고, 장기 소급 대체임을 플래그와 분석 한계에 남긴다."
강원,postpartum_center_supply,2021,산후조리원 보급도,leading_missing,2023,2,backward,7,True,True,high,원자료 부재,confirmed,boundary_carry,False,True,True,,,postpartum_before_source_start,이슈,"승인된 원자료는 2023년부터 존재한다. 추세 역외삽 대신 지역별 최초 관측연도인 2023년 값을 2016–2022년에 유지하고, 장기 소급 대체임을 플래그와 분석 한계에 남긴다."
강원,postpartum_center_supply,2022,산후조리원 보급도,leading_missing,2023,1,backward,7,True,True,high,원자료 부재,confirmed,boundary_carry,False,True,True,,,postpartum_before_source_start,이슈,"승인된 원자료는 2023년부터 존재한다. 추세 역외삽 대신 지역별 최초 관측연도인 2023년 값을 2016–2022년에 유지하고, 장기 소급 대체임을 플래그와 분석 한계에 남긴다."
강원,social_safety_perception,2017,사회 안전에 대한 인식,intermediate_missing,,,,,False,False,not_applicable,조사 비실시 연도,confirmed,linear_interpolation,False,True,True,,,social_survey_interior_non_survey,configs/structural_indicators_verification.yaml:460,2016·2018·2020·2022·2024 관측값 사이의 비조사연도이다.
강원,social_safety_perception,2019,사회 안전에 대한 인식,intermediate_missing,,,,,False,False,not_applicable,조사 비실시 연도,confirmed,linear_interpolation,False,True,True,,,social_survey_interior_non_survey,configs/structural_indicators_verification.yaml:460,2016·2018·2020·2022·2024 관측값 사이의 비조사연도이다.
강원,social_safety_perception,2021,사회 안전에 대한 인식,intermediate_missing,,,,,False,False,not_applicable,조사 비실시 연도,confirmed,linear_interpolation,False,True,True,,,social_survey_interior_non_survey,configs/structural_indicators_verification.yaml:460,2016·2018·2020·2022·2024 관측값 사이의 비조사연도이다.
강원,social_safety_perception,2023,사회 안전에 대한 인식,intermediate_missing,,,,,False,False,not_applicable,조사 비실시 연도,confirmed,linear_interpolation,False,True,True,,,social_survey_interior_non_survey,configs/structural_indicators_verification.yaml:460,2016·2018·2020·2022·2024 관측값 사이의 비조사연도이다.
강원,socioeconomic_status_perception,2016,사회경제적 지위에 대한 인식,leading_missing,2020,4,backward,4,True,True,high,조사 비실시 연도,confirmed,boundary_carry,False,True,False,,,family_survey_boundary_non_survey,configs/structural_indicators_verification.yaml:790,2020·2023 관측 범위 밖의 비조사연도이며 본계열 boundary carry 후보이다.
강원,socioeconomic_status_perception,2017,사회경제적 지위에 대한 인식,leading_missing,2020,3,backward,4,True,True,high,조사 비실시 연도,confirmed,boundary_carry,False,True,False,,,family_survey_boundary_non_survey,configs/structural_indicators_verification.yaml:790,2020·2023 관측 범위 밖의 비조사연도이며 본계열 boundary carry 후보이다.
강원,socioeconomic_status_perception,2018,사회경제적 지위에 대한 인식,leading_missing,2020,2,backward,4,True,True,high,조사 비실시 연도,confirmed,boundary_carry,False,True,False,,,family_survey_boundary_non_survey,configs/structural_indicators_verification.yaml:790,2020·2023 관측 범위 밖의 비조사연도이며 본계열 boundary carry 후보이다.
강원,socioeconomic_status_perception,2019,사회경제적 지위에 대한 인식,leading_missing,2020,1,backward,4,True,True,high,조사 비실시 연도,confirmed,boundary_carry,False,True,False,,,family_survey_boundary_non_survey,configs/structural_indicators_verification.yaml:790,2020·2023 관측 범위 밖의 비조사연도이며 본계열 boundary carry 후보이다.
강원,socioeconomic_status_perception,2021,사회경제적 지위에 대한 인식,intermediate_missing,,,,,False,False,not_applicable,조사 비실시 연도,confirmed,linear_interpolation,False,True,False,,,family_survey_interior_non_survey,configs/structural_indicators_verification.yaml:790,2020년과 2023년 실제 관측값 사이의 비조사연도이다.
강원,socioeconomic_status_perception,2022,사회경제적 지위에 대한 인식,intermediate_missing,,,,,False,False,not_applicable,조사 비실시 연도,confirmed,linear_interpolation,False,True,False,,,family_survey_interior_non_survey,configs/structural_indicators_verification.yaml:790,2020년과 2023년 실제 관측값 사이의 비조사연도이다.
강원,socioeconomic_status_perception,2024,사회경제적 지위에 대한 인식,trailing_missing,2023,1,forward,1,False,True,medium,조사 비실시 연도,confirmed,boundary_carry,False,True,False,,,family_survey_boundary_non_survey,configs/structural_indicators_verification.yaml:790,2020·2023 관측 범위 밖의 비조사연도이며 본계열 boundary carry 후보이다.
경기,childbirth_perception,2016,출산에 대한 인식,leading_missing,2018,2,backward,2,True,True,high,조사 비실시 연도,confirmed,boundary_carry,False,True,True,,,childbirth_leading_non_survey,configs/structural_indicators_verification.yaml:576,지표의 첫 비교 가능 관측연도인 2018년 이전 구간이다.
경기,childbirth_perception,2017,출산에 대한 인식,leading_missing,2018,1,backward,2,True,True,high,조사 비실시 연도,confirmed,boundary_carry,False,True,True,,,childbirth_leading_non_survey,configs/structural_indicators_verification.yaml:576,지표의 첫 비교 가능 관측연도인 2018년 이전 구간이다.
경기,childbirth_perception,2019,출산에 대한 인식,intermediate_missing,,,,,False,False,not_applicable,조사 비실시 연도,confirmed,linear_interpolation,False,True,True,,,childbirth_interior_non_survey,configs/structural_indicators_verification.yaml:576,2018·2020·2022·2024 관측값 사이의 비조사연도이다.
경기,childbirth_perception,2021,출산에 대한 인식,intermediate_missing,,,,,False,False,not_applicable,조사 비실시 연도,confirmed,linear_interpolation,False,True,True,,,childbirth_interior_non_survey,configs/structural_indicators_verification.yaml:576,2018·2020·2022·2024 관측값 사이의 비조사연도이다.
경기,childbirth_perception,2023,출산에 대한 인식,intermediate_missing,,,,,False,False,not_applicable,조사 비실시 연도,confirmed,linear_interpolation,False,True,True,,,childbirth_interior_non_survey,configs/structural_indicators_verification.yaml:576,2018·2020·2022·2024 관측값 사이의 비조사연도이다.
경기,childcare_equal_participation,2016,돌봄노동 공동 참여도,leading_missing,2020,4,backward,4,True,True,high,조사 비실시 연도,confirmed,boundary_carry,False,True,False,,,family_survey_boundary_non_survey,configs/structural_indicators_verification.yaml:790,2020·2023 관측 범위 밖의 비조사연도이며 본계열 boundary carry 후보이다.
경기,childcare_equal_participation,2017,돌봄노동 공동 참여도,leading_missing,2020,3,backward,4,True,True,high,조사 비실시 연도,confirmed,boundary_carry,False,True,False,,,family_survey_boundary_non_survey,configs/structural_indicators_verification.yaml:790,2020·2023 관측 범위 밖의 비조사연도이며 본계열 boundary carry 후보이다.
경기,childcare_equal_participation,2018,돌봄노동 공동 참여도,leading_missing,2020,2,backward,4,True,True,high,조사 비실시 연도,confirmed,boundary_carry,False,True,False,,,family_survey_boundary_non_survey,configs/structural_indicators_verification.yaml:790,2020·2023 관측 범위 밖의 비조사연도이며 본계열 boundary carry 후보이다.
경기,childcare_equal_participation,2019,돌봄노동 공동 참여도,leading_missing,2020,1,backward,4,True,True,high,조사 비실시 연도,confirmed,boundary_carry,False,True,False,,,family_survey_boundary_non_survey,configs/structural_indicators_verification.yaml:790,2020·2023 관측 범위 밖의 비조사연도이며 본계열 boundary carry 후보이다.
경기,childcare_equal_participation,2021,돌봄노동 공동 참여도,intermediate_missing,,,,,False,False,not_applicable,조사 비실시 연도,confirmed,linear_interpolation,False,True,False,,,family_survey_interior_non_survey,configs/structural_indicators_verification.yaml:790,2020년과 2023년 실제 관측값 사이의 비조사연도이다.
경기,childcare_equal_participation,2022,돌봄노동 공동 참여도,intermediate_missing,,,,,False,False,not_applicable,조사 비실시 연도,confirmed,linear_interpolation,False,True,False,,,family_survey_interior_non_survey,configs/structural_indicators_verification.yaml:790,2020년과 2023년 실제 관측값 사이의 비조사연도이다.
경기,childcare_equal_participation,2024,돌봄노동 공동 참여도,trailing_missing,2023,1,forward,1,False,True,medium,조사 비실시 연도,confirmed,boundary_carry,False,True,False,,,family_survey_boundary_non_survey,configs/structural_indicators_verification.yaml:790,2020·2023 관측 범위 밖의 비조사연도이며 본계열 boundary carry 후보이다.
경기,delivery_bed_supply,2016,(대체)분만실 병상수 보급도,leading_missing,2018,2,backward,2,True,True,high,원자료 부재,confirmed,boundary_carry,False,True,True,,,delivery_bed_before_source_start,이슈,"원자료는 2018년 3분기부터 시작한다. 추세 역외삽 대신 지역별 최초 관측연도인 2018년 값을 2016·2017년에 유지하고, 장기 소급 대체임을 플래그와 분석 한계에 남긴다."
경기,delivery_bed_supply,2017,(대체)분만실 병상수 보급도,leading_missing,2018,1,backward,2,True,True,high,원자료 부재,confirmed,boundary_carry,False,True,True,,,delivery_bed_before_source_start,이슈,"원자료는 2018년 3분기부터 시작한다. 추세 역외삽 대신 지역별 최초 관측연도인 2018년 값을 2016·2017년에 유지하고, 장기 소급 대체임을 플래그와 분석 한계에 남긴다."
경기,household_chore_equal_participation,2016,가사노동 공동 참여도,leading_missing,2020,4,backward,4,True,True,high,조사 비실시 연도,confirmed,boundary_carry,False,True,False,,,family_survey_boundary_non_survey,configs/structural_indicators_verification.yaml:790,2020·2023 관측 범위 밖의 비조사연도이며 본계열 boundary carry 후보이다.
경기,household_chore_equal_participation,2017,가사노동 공동 참여도,leading_missing,2020,3,backward,4,True,True,high,조사 비실시 연도,confirmed,boundary_carry,False,True,False,,,family_survey_boundary_non_survey,configs/structural_indicators_verification.yaml:790,2020·2023 관측 범위 밖의 비조사연도이며 본계열 boundary carry 후보이다.
경기,household_chore_equal_participation,2018,가사노동 공동 참여도,leading_missing,2020,2,backward,4,True,True,high,조사 비실시 연도,confirmed,boundary_carry,False,True,False,,,family_survey_boundary_non_survey,configs/structural_indicators_verification.yaml:790,2020·2023 관측 범위 밖의 비조사연도이며 본계열 boundary carry 후보이다.
경기,household_chore_equal_participation,2019,가사노동 공동 참여도,leading_missing,2020,1,backward,4,True,True,high,조사 비실시 연도,confirmed,boundary_carry,False,True,False,,,family_survey_boundary_non_survey,configs/structural_indicators_verification.yaml:790,2020·2023 관측 범위 밖의 비조사연도이며 본계열 boundary carry 후보이다.
경기,household_chore_equal_participation,2021,가사노동 공동 참여도,intermediate_missing,,,,,False,False,not_applicable,조사 비실시 연도,confirmed,linear_interpolation,False,True,False,,,family_survey_interior_non_survey,configs/structural_indicators_verification.yaml:790,2020년과 2023년 실제 관측값 사이의 비조사연도이다.
경기,household_chore_equal_participation,2022,가사노동 공동 참여도,intermediate_missing,,,,,False,False,not_applicable,조사 비실시 연도,confirmed,linear_interpolation,False,True,False,,,family_survey_interior_non_survey,configs/structural_indicators_verification.yaml:790,2020년과 2023년 실제 관측값 사이의 비조사연도이다.
경기,household_chore_equal_participation,2024,가사노동 공동 참여도,trailing_missing,2023,1,forward,1,False,True,medium,조사 비실시 연도,confirmed,boundary_carry,False,True,False,,,family_survey_boundary_non_survey,configs/structural_indicators_verification.yaml:790,2020·2023 관측 범위 밖의 비조사연도이며 본계열 boundary carry 후보이다.
경기,housework_gender_equality,2017,가사분담에 대한 성평등 인식,intermediate_missing,,,,,False,False,not_applicable,조사 비실시 연도,confirmed,linear_interpolation,False,True,True,,,nonlinear_housework_direct_interpolation,reports/methodology/20260805_가사분담_성평등_인식_직접보간_안전성_검증.md,"원산식 `1-|평균응답값-3|/2`은 비선형(절댓값) 변환이지만, 18개 지역 × 5개 관측연도(2016·2018·2020·2022·2024) 전부에서 평균응답값이 3점(중간) 미만이라 그 구간에서는 순수 선형함수와 같다. 검증 스크립트 (`scripts/verify_housework_gender_equality_interpolation_safety.py`)로 확인했으며, 최종값을 직접 선형보간해도 구성요소를 먼저 보간한 뒤 변환한 것과 정확히 같다."
경기,housework_gender_equality,2019,가사분담에 대한 성평등 인식,intermediate_missing,,,,,False,False,not_applicable,조사 비실시 연도,confirmed,linear_interpolation,False,True,True,,,nonlinear_housework_direct_interpolation,reports/methodology/20260805_가사분담_성평등_인식_직접보간_안전성_검증.md,"원산식 `1-|평균응답값-3|/2`은 비선형(절댓값) 변환이지만, 18개 지역 × 5개 관측연도(2016·2018·2020·2022·2024) 전부에서 평균응답값이 3점(중간) 미만이라 그 구간에서는 순수 선형함수와 같다. 검증 스크립트 (`scripts/verify_housework_gender_equality_interpolation_safety.py`)로 확인했으며, 최종값을 직접 선형보간해도 구성요소를 먼저 보간한 뒤 변환한 것과 정확히 같다."
경기,housework_gender_equality,2021,가사분담에 대한 성평등 인식,intermediate_missing,,,,,False,False,not_applicable,조사 비실시 연도,confirmed,linear_interpolation,False,True,True,,,nonlinear_housework_direct_interpolation,reports/methodology/20260805_가사분담_성평등_인식_직접보간_안전성_검증.md,"원산식 `1-|평균응답값-3|/2`은 비선형(절댓값) 변환이지만, 18개 지역 × 5개 관측연도(2016·2018·2020·2022·2024) 전부에서 평균응답값이 3점(중간) 미만이라 그 구간에서는 순수 선형함수와 같다. 검증 스크립트 (`scripts/verify_housework_gender_equality_interpolation_safety.py`)로 확인했으며, 최종값을 직접 선형보간해도 구성요소를 먼저 보간한 뒤 변환한 것과 정확히 같다."
경기,housework_gender_equality,2023,가사분담에 대한 성평등 인식,intermediate_missing,,,,,False,False,not_applicable,조사 비실시 연도,confirmed,linear_interpolation,False,True,True,,,nonlinear_housework_direct_interpolation,reports/methodology/20260805_가사분담_성평등_인식_직접보간_안전성_검증.md,"원산식 `1-|평균응답값-3|/2`은 비선형(절댓값) 변환이지만, 18개 지역 × 5개 관측연도(2016·2018·2020·2022·2024) 전부에서 평균응답값이 3점(중간) 미만이라 그 구간에서는 순수 선형함수와 같다. 검증 스크립트 (`scripts/verify_housework_gender_equality_interpolation_safety.py`)로 확인했으며, 최종값을 직접 선형보간해도 구성요소를 먼저 보간한 뒤 변환한 것과 정확히 같다."
경기,income_satisfaction,2016,소득만족도,leading_missing,2017,1,backward,1,False,True,medium,조사 비실시 연도,confirmed,boundary_carry,False,True,True,auxiliary_boundary_interpolation,2015,income_leisure_leading_non_survey,configs/structural_indicators_verification.yaml:145,본계열은 boundary carry 후보이며 2015년 값은 별도 보조 시나리오에서만 사용한다.
경기,income_satisfaction,2018,소득만족도,intermediate_missing,,,,,False,False,not_applicable,조사 비실시 연도,confirmed,linear_interpolation,False,True,True,,,income_leisure_interior_non_survey,reports/20260725_구조환경지표_통합파일_결측치_검증_결과.md:57,실제 관측값 사이의 비조사연도로 본계열 선형보간 후보이다.
경기,income_satisfaction,2020,소득만족도,intermediate_missing,,,,,False,False,not_applicable,조사 비실시 연도,confirmed,linear_interpolation,False,True,True,,,income_leisure_interior_non_survey,reports/20260725_구조환경지표_통합파일_결측치_검증_결과.md:57,실제 관측값 사이의 비조사연도로 본계열 선형보간 후보이다.
경기,income_satisfaction,2022,소득만족도,intermediate_missing,,,,,False,False,not_applicable,조사 비실시 연도,confirmed,linear_interpolation,False,True,True,,,income_leisure_interior_non_survey,reports/20260725_구조환경지표_통합파일_결측치_검증_결과.md:57,실제 관측값 사이의 비조사연도로 본계열 선형보간 후보이다.
경기,income_satisfaction,2024,소득만족도,trailing_missing,2023,1,forward,1,False,True,medium,조사 비실시 연도,confirmed,boundary_carry,False,True,True,auxiliary_boundary_interpolation,2025,income_leisure_trailing_non_survey,configs/structural_indicators_verification.yaml:145,본계열은 boundary carry 후보이며 2025년 값은 별도 보조 시나리오에서만 사용한다.
경기,leisure_satisfaction,2016,여가생활 만족도,leading_missing,2017,1,backward,1,False,True,medium,조사 비실시 연도,confirmed,boundary_carry,False,True,True,auxiliary_boundary_interpolation,2015,income_leisure_leading_non_survey,configs/structural_indicators_verification.yaml:145,본계열은 boundary carry 후보이며 2015년 값은 별도 보조 시나리오에서만 사용한다.
경기,leisure_satisfaction,2018,여가생활 만족도,intermediate_missing,,,,,False,False,not_applicable,조사 비실시 연도,confirmed,linear_interpolation,False,True,True,,,income_leisure_interior_non_survey,reports/20260725_구조환경지표_통합파일_결측치_검증_결과.md:57,실제 관측값 사이의 비조사연도로 본계열 선형보간 후보이다.
경기,leisure_satisfaction,2020,여가생활 만족도,intermediate_missing,,,,,False,False,not_applicable,조사 비실시 연도,confirmed,linear_interpolation,False,True,True,,,income_leisure_interior_non_survey,reports/20260725_구조환경지표_통합파일_결측치_검증_결과.md:57,실제 관측값 사이의 비조사연도로 본계열 선형보간 후보이다.
경기,leisure_satisfaction,2022,여가생활 만족도,intermediate_missing,,,,,False,False,not_applicable,조사 비실시 연도,confirmed,linear_interpolation,False,True,True,,,income_leisure_interior_non_survey,reports/20260725_구조환경지표_통합파일_결측치_검증_결과.md:57,실제 관측값 사이의 비조사연도로 본계열 선형보간 후보이다.
경기,leisure_satisfaction,2024,여가생활 만족도,trailing_missing,2023,1,forward,1,False,True,medium,조사 비실시 연도,confirmed,boundary_carry,False,True,True,auxiliary_boundary_interpolation,2025,income_leisure_trailing_non_survey,configs/structural_indicators_verification.yaml:145,본계열은 boundary carry 후보이며 2025년 값은 별도 보조 시나리오에서만 사용한다.
경기,marriage_perception,2017,결혼에 대한 인식,intermediate_missing,,,,,False,False,not_applicable,조사 비실시 연도,confirmed,linear_interpolation,False,True,True,,,social_survey_interior_non_survey,configs/structural_indicators_verification.yaml:460,2016·2018·2020·2022·2024 관측값 사이의 비조사연도이다.
경기,marriage_perception,2019,결혼에 대한 인식,intermediate_missing,,,,,False,False,not_applicable,조사 비실시 연도,confirmed,linear_interpolation,False,True,True,,,social_survey_interior_non_survey,configs/structural_indicators_verification.yaml:460,2016·2018·2020·2022·2024 관측값 사이의 비조사연도이다.
경기,marriage_perception,2021,결혼에 대한 인식,intermediate_missing,,,,,False,False,not_applicable,조사 비실시 연도,confirmed,linear_interpolation,False,True,True,,,social_survey_interior_non_survey,configs/structural_indicators_verification.yaml:460,2016·2018·2020·2022·2024 관측값 사이의 비조사연도이다.
경기,marriage_perception,2023,결혼에 대한 인식,intermediate_missing,,,,,False,False,not_applicable,조사 비실시 연도,confirmed,linear_interpolation,False,True,True,,,social_survey_interior_non_survey,configs/structural_indicators_verification.yaml:460,2016·2018·2020·2022·2024 관측값 사이의 비조사연도이다.
경기,postpartum_center_fee,2016,산후조리원 이용 요금,leading_missing,2023,7,backward,7,True,True,high,원자료 부재,confirmed,boundary_carry,False,True,True,,,postpartum_before_source_start,이슈,"승인된 원자료는 2023년부터 존재한다. 추세 역외삽 대신 지역별 최초 관측연도인 2023년 값을 2016–2022년에 유지하고, 장기 소급 대체임을 플래그와 분석 한계에 남긴다."
경기,postpartum_center_fee,2017,산후조리원 이용 요금,leading_missing,2023,6,backward,7,True,True,high,원자료 부재,confirmed,boundary_carry,False,True,True,,,postpartum_before_source_start,이슈,"승인된 원자료는 2023년부터 존재한다. 추세 역외삽 대신 지역별 최초 관측연도인 2023년 값을 2016–2022년에 유지하고, 장기 소급 대체임을 플래그와 분석 한계에 남긴다."
경기,postpartum_center_fee,2018,산후조리원 이용 요금,leading_missing,2023,5,backward,7,True,True,high,원자료 부재,confirmed,boundary_carry,False,True,True,,,postpartum_before_source_start,이슈,"승인된 원자료는 2023년부터 존재한다. 추세 역외삽 대신 지역별 최초 관측연도인 2023년 값을 2016–2022년에 유지하고, 장기 소급 대체임을 플래그와 분석 한계에 남긴다."
경기,postpartum_center_fee,2019,산후조리원 이용 요금,leading_missing,2023,4,backward,7,True,True,high,원자료 부재,confirmed,boundary_carry,False,True,True,,,postpartum_before_source_start,이슈,"승인된 원자료는 2023년부터 존재한다. 추세 역외삽 대신 지역별 최초 관측연도인 2023년 값을 2016–2022년에 유지하고, 장기 소급 대체임을 플래그와 분석 한계에 남긴다."
경기,postpartum_center_fee,2020,산후조리원 이용 요금,leading_missing,2023,3,backward,7,True,True,high,원자료 부재,confirmed,boundary_carry,False,True,True,,,postpartum_before_source_start,이슈,"승인된 원자료는 2023년부터 존재한다. 추세 역외삽 대신 지역별 최초 관측연도인 2023년 값을 2016–2022년에 유지하고, 장기 소급 대체임을 플래그와 분석 한계에 남긴다."
경기,postpartum_center_fee,2021,산후조리원 이용 요금,leading_missing,2023,2,backward,7,True,True,high,원자료 부재,confirmed,boundary_carry,False,True,True,,,postpartum_before_source_start,이슈,"승인된 원자료는 2023년부터 존재한다. 추세 역외삽 대신 지역별 최초 관측연도인 2023년 값을 2016–2022년에 유지하고, 장기 소급 대체임을 플래그와 분석 한계에 남긴다."
경기,postpartum_center_fee,2022,산후조리원 이용 요금,leading_missing,2023,1,backward,7,True,True,high,원자료 부재,confirmed,boundary_carry,False,True,True,,,postpartum_before_source_start,이슈,"승인된 원자료는 2023년부터 존재한다. 추세 역외삽 대신 지역별 최초 관측연도인 2023년 값을 2016–2022년에 유지하고, 장기 소급 대체임을 플래그와 분석 한계에 남긴다."
경기,postpartum_center_supply,2016,산후조리원 보급도,leading_missing,2023,7,backward,7,True,True,high,원자료 부재,confirmed,boundary_carry,False,True,True,,,postpartum_before_source_start,이슈,"승인된 원자료는 2023년부터 존재한다. 추세 역외삽 대신 지역별 최초 관측연도인 2023년 값을 2016–2022년에 유지하고, 장기 소급 대체임을 플래그와 분석 한계에 남긴다."
경기,postpartum_center_supply,2017,산후조리원 보급도,leading_missing,2023,6,backward,7,True,True,high,원자료 부재,confirmed,boundary_carry,False,True,True,,,postpartum_before_source_start,이슈,"승인된 원자료는 2023년부터 존재한다. 추세 역외삽 대신 지역별 최초 관측연도인 2023년 값을 2016–2022년에 유지하고, 장기 소급 대체임을 플래그와 분석 한계에 남긴다."
경기,postpartum_center_supply,2018,산후조리원 보급도,leading_missing,2023,5,backward,7,True,True,high,원자료 부재,confirmed,boundary_carry,False,True,True,,,postpartum_before_source_start,이슈,"승인된 원자료는 2023년부터 존재한다. 추세 역외삽 대신 지역별 최초 관측연도인 2023년 값을 2016–2022년에 유지하고, 장기 소급 대체임을 플래그와 분석 한계에 남긴다."
경기,postpartum_center_supply,2019,산후조리원 보급도,leading_missing,2023,4,backward,7,True,True,high,원자료 부재,confirmed,boundary_carry,False,True,True,,,postpartum_before_source_start,이슈,"승인된 원자료는 2023년부터 존재한다. 추세 역외삽 대신 지역별 최초 관측연도인 2023년 값을 2016–2022년에 유지하고, 장기 소급 대체임을 플래그와 분석 한계에 남긴다."
경기,postpartum_center_supply,2020,산후조리원 보급도,leading_missing,2023,3,backward,7,True,True,high,원자료 부재,confirmed,boundary_carry,False,True,True,,,postpartum_before_source_start,이슈,"승인된 원자료는 2023년부터 존재한다. 추세 역외삽 대신 지역별 최초 관측연도인 2023년 값을 2016–2022년에 유지하고, 장기 소급 대체임을 플래그와 분석 한계에 남긴다."
경기,postpartum_center_supply,2021,산후조리원 보급도,leading_missing,2023,2,backward,7,True,True,high,원자료 부재,confirmed,boundary_carry,False,True,True,,,postpartum_before_source_start,이슈,"승인된 원자료는 2023년부터 존재한다. 추세 역외삽 대신 지역별 최초 관측연도인 2023년 값을 2016–2022년에 유지하고, 장기 소급 대체임을 플래그와 분석 한계에 남긴다."
경기,postpartum_center_supply,2022,산후조리원 보급도,leading_missing,2023,1,backward,7,True,True,high,원자료 부재,confirmed,boundary_carry,False,True,True,,,postpartum_before_source_start,이슈,"승인된 원자료는 2023년부터 존재한다. 추세 역외삽 대신 지역별 최초 관측연도인 2023년 값을 2016–2022년에 유지하고, 장기 소급 대체임을 플래그와 분석 한계에 남긴다."
경기,social_safety_perception,2017,사회 안전에 대한 인식,intermediate_missing,,,,,False,False,not_applicable,조사 비실시 연도,confirmed,linear_interpolation,False,True,True,,,social_survey_interior_non_survey,configs/structural_indicators_verification.yaml:460,2016·2018·2020·2022·2024 관측값 사이의 비조사연도이다.
경기,social_safety_perception,2019,사회 안전에 대한 인식,intermediate_missing,,,,,False,False,not_applicable,조사 비실시 연도,confirmed,linear_interpolation,False,True,True,,,social_survey_interior_non_survey,configs/structural_indicators_verification.yaml:460,2016·2018·2020·2022·2024 관측값 사이의 비조사연도이다.
경기,social_safety_perception,2021,사회 안전에 대한 인식,intermediate_missing,,,,,False,False,not_applicable,조사 비실시 연도,confirmed,linear_interpolation,False,True,True,,,social_survey_interior_non_survey,configs/structural_indicators_verification.yaml:460,2016·2018·2020·2022·2024 관측값 사이의 비조사연도이다.
경기,social_safety_perception,2023,사회 안전에 대한 인식,intermediate_missing,,,,,False,False,not_applicable,조사 비실시 연도,confirmed,linear_interpolation,False,True,True,,,social_survey_interior_non_survey,configs/structural_indicators_verification.yaml:460,2016·2018·2020·2022·2024 관측값 사이의 비조사연도이다.
경기,socioeconomic_status_perception,2016,사회경제적 지위에 대한 인식,leading_missing,2020,4,backward,4,True,True,high,조사 비실시 연도,confirmed,boundary_carry,False,True,False,,,family_survey_boundary_non_survey,configs/structural_indicators_verification.yaml:790,2020·2023 관측 범위 밖의 비조사연도이며 본계열 boundary carry 후보이다.
경기,socioeconomic_status_perception,2017,사회경제적 지위에 대한 인식,leading_missing,2020,3,backward,4,True,True,high,조사 비실시 연도,confirmed,boundary_carry,False,True,False,,,family_survey_boundary_non_survey,configs/structural_indicators_verification.yaml:790,2020·2023 관측 범위 밖의 비조사연도이며 본계열 boundary carry 후보이다.
경기,socioeconomic_status_perception,2018,사회경제적 지위에 대한 인식,leading_missing,2020,2,backward,4,True,True,high,조사 비실시 연도,confirmed,boundary_carry,False,True,False,,,family_survey_boundary_non_survey,configs/structural_indicators_verification.yaml:790,2020·2023 관측 범위 밖의 비조사연도이며 본계열 boundary carry 후보이다.
경기,socioeconomic_status_perception,2019,사회경제적 지위에 대한 인식,leading_missing,2020,1,backward,4,True,True,high,조사 비실시 연도,confirmed,boundary_carry,False,True,False,,,family_survey_boundary_non_survey,configs/structural_indicators_verification.yaml:790,2020·2023 관측 범위 밖의 비조사연도이며 본계열 boundary carry 후보이다.
경기,socioeconomic_status_perception,2021,사회경제적 지위에 대한 인식,intermediate_missing,,,,,False,False,not_applicable,조사 비실시 연도,confirmed,linear_interpolation,False,True,False,,,family_survey_interior_non_survey,configs/structural_indicators_verification.yaml:790,2020년과 2023년 실제 관측값 사이의 비조사연도이다.
경기,socioeconomic_status_perception,2022,사회경제적 지위에 대한 인식,intermediate_missing,,,,,False,False,not_applicable,조사 비실시 연도,confirmed,linear_interpolation,False,True,False,,,family_survey_interior_non_survey,configs/structural_indicators_verification.yaml:790,2020년과 2023년 실제 관측값 사이의 비조사연도이다.
경기,socioeconomic_status_perception,2024,사회경제적 지위에 대한 인식,trailing_missing,2023,1,forward,1,False,True,medium,조사 비실시 연도,confirmed,boundary_carry,False,True,False,,,family_survey_boundary_non_survey,configs/structural_indicators_verification.yaml:790,2020·2023 관측 범위 밖의 비조사연도이며 본계열 boundary carry 후보이다.
경남,childbirth_perception,2016,출산에 대한 인식,leading_missing,2018,2,backward,2,True,True,high,조사 비실시 연도,confirmed,boundary_carry,False,True,True,,,childbirth_leading_non_survey,configs/structural_indicators_verification.yaml:576,지표의 첫 비교 가능 관측연도인 2018년 이전 구간이다.
경남,childbirth_perception,2017,출산에 대한 인식,leading_missing,2018,1,backward,2,True,True,high,조사 비실시 연도,confirmed,boundary_carry,False,True,True,,,childbirth_leading_non_survey,configs/structural_indicators_verification.yaml:576,지표의 첫 비교 가능 관측연도인 2018년 이전 구간이다.
경남,childbirth_perception,2019,출산에 대한 인식,intermediate_missing,,,,,False,False,not_applicable,조사 비실시 연도,confirmed,linear_interpolation,False,True,True,,,childbirth_interior_non_survey,configs/structural_indicators_verification.yaml:576,2018·2020·2022·2024 관측값 사이의 비조사연도이다.
경남,childbirth_perception,2021,출산에 대한 인식,intermediate_missing,,,,,False,False,not_applicable,조사 비실시 연도,confirmed,linear_interpolation,False,True,True,,,childbirth_interior_non_survey,configs/structural_indicators_verification.yaml:576,2018·2020·2022·2024 관측값 사이의 비조사연도이다.
경남,childbirth_perception,2023,출산에 대한 인식,intermediate_missing,,,,,False,False,not_applicable,조사 비실시 연도,confirmed,linear_interpolation,False,True,True,,,childbirth_interior_non_survey,configs/structural_indicators_verification.yaml:576,2018·2020·2022·2024 관측값 사이의 비조사연도이다.
경남,childcare_equal_participation,2016,돌봄노동 공동 참여도,leading_missing,2020,4,backward,4,True,True,high,조사 비실시 연도,confirmed,boundary_carry,False,True,False,,,family_survey_boundary_non_survey,configs/structural_indicators_verification.yaml:790,2020·2023 관측 범위 밖의 비조사연도이며 본계열 boundary carry 후보이다.
경남,childcare_equal_participation,2017,돌봄노동 공동 참여도,leading_missing,2020,3,backward,4,True,True,high,조사 비실시 연도,confirmed,boundary_carry,False,True,False,,,family_survey_boundary_non_survey,configs/structural_indicators_verification.yaml:790,2020·2023 관측 범위 밖의 비조사연도이며 본계열 boundary carry 후보이다.
경남,childcare_equal_participation,2018,돌봄노동 공동 참여도,leading_missing,2020,2,backward,4,True,True,high,조사 비실시 연도,confirmed,boundary_carry,False,True,False,,,family_survey_boundary_non_survey,configs/structural_indicators_verification.yaml:790,2020·2023 관측 범위 밖의 비조사연도이며 본계열 boundary carry 후보이다.
경남,childcare_equal_participation,2019,돌봄노동 공동 참여도,leading_missing,2020,1,backward,4,True,True,high,조사 비실시 연도,confirmed,boundary_carry,False,True,False,,,family_survey_boundary_non_survey,configs/structural_indicators_verification.yaml:790,2020·2023 관측 범위 밖의 비조사연도이며 본계열 boundary carry 후보이다.
경남,childcare_equal_participation,2021,돌봄노동 공동 참여도,intermediate_missing,,,,,False,False,not_applicable,조사 비실시 연도,confirmed,linear_interpolation,False,True,False,,,family_survey_interior_non_survey,configs/structural_indicators_verification.yaml:790,2020년과 2023년 실제 관측값 사이의 비조사연도이다.
경남,childcare_equal_participation,2022,돌봄노동 공동 참여도,intermediate_missing,,,,,False,False,not_applicable,조사 비실시 연도,confirmed,linear_interpolation,False,True,False,,,family_survey_interior_non_survey,configs/structural_indicators_verification.yaml:790,2020년과 2023년 실제 관측값 사이의 비조사연도이다.
경남,childcare_equal_participation,2024,돌봄노동 공동 참여도,trailing_missing,2023,1,forward,1,False,True,medium,조사 비실시 연도,confirmed,boundary_carry,False,True,False,,,family_survey_boundary_non_survey,configs/structural_indicators_verification.yaml:790,2020·2023 관측 범위 밖의 비조사연도이며 본계열 boundary carry 후보이다.
경남,delivery_bed_supply,2016,(대체)분만실 병상수 보급도,leading_missing,2018,2,backward,2,True,True,high,원자료 부재,confirmed,boundary_carry,False,True,True,,,delivery_bed_before_source_start,이슈,"원자료는 2018년 3분기부터 시작한다. 추세 역외삽 대신 지역별 최초 관측연도인 2018년 값을 2016·2017년에 유지하고, 장기 소급 대체임을 플래그와 분석 한계에 남긴다."
경남,delivery_bed_supply,2017,(대체)분만실 병상수 보급도,leading_missing,2018,1,backward,2,True,True,high,원자료 부재,confirmed,boundary_carry,False,True,True,,,delivery_bed_before_source_start,이슈,"원자료는 2018년 3분기부터 시작한다. 추세 역외삽 대신 지역별 최초 관측연도인 2018년 값을 2016·2017년에 유지하고, 장기 소급 대체임을 플래그와 분석 한계에 남긴다."
경남,household_chore_equal_participation,2016,가사노동 공동 참여도,leading_missing,2020,4,backward,4,True,True,high,조사 비실시 연도,confirmed,boundary_carry,False,True,False,,,family_survey_boundary_non_survey,configs/structural_indicators_verification.yaml:790,2020·2023 관측 범위 밖의 비조사연도이며 본계열 boundary carry 후보이다.
경남,household_chore_equal_participation,2017,가사노동 공동 참여도,leading_missing,2020,3,backward,4,True,True,high,조사 비실시 연도,confirmed,boundary_carry,False,True,False,,,family_survey_boundary_non_survey,configs/structural_indicators_verification.yaml:790,2020·2023 관측 범위 밖의 비조사연도이며 본계열 boundary carry 후보이다.
경남,household_chore_equal_participation,2018,가사노동 공동 참여도,leading_missing,2020,2,backward,4,True,True,high,조사 비실시 연도,confirmed,boundary_carry,False,True,False,,,family_survey_boundary_non_survey,configs/structural_indicators_verification.yaml:790,2020·2023 관측 범위 밖의 비조사연도이며 본계열 boundary carry 후보이다.
경남,household_chore_equal_participation,2019,가사노동 공동 참여도,leading_missing,2020,1,backward,4,True,True,high,조사 비실시 연도,confirmed,boundary_carry,False,True,False,,,family_survey_boundary_non_survey,configs/structural_indicators_verification.yaml:790,2020·2023 관측 범위 밖의 비조사연도이며 본계열 boundary carry 후보이다.
경남,household_chore_equal_participation,2021,가사노동 공동 참여도,intermediate_missing,,,,,False,False,not_applicable,조사 비실시 연도,confirmed,linear_interpolation,False,True,False,,,family_survey_interior_non_survey,configs/structural_indicators_verification.yaml:790,2020년과 2023년 실제 관측값 사이의 비조사연도이다.
경남,household_chore_equal_participation,2022,가사노동 공동 참여도,intermediate_missing,,,,,False,False,not_applicable,조사 비실시 연도,confirmed,linear_interpolation,False,True,False,,,family_survey_interior_non_survey,configs/structural_indicators_verification.yaml:790,2020년과 2023년 실제 관측값 사이의 비조사연도이다.
경남,household_chore_equal_participation,2024,가사노동 공동 참여도,trailing_missing,2023,1,forward,1,False,True,medium,조사 비실시 연도,confirmed,boundary_carry,False,True,False,,,family_survey_boundary_non_survey,configs/structural_indicators_verification.yaml:790,2020·2023 관측 범위 밖의 비조사연도이며 본계열 boundary carry 후보이다.
경남,housework_gender_equality,2017,가사분담에 대한 성평등 인식,intermediate_missing,,,,,False,False,not_applicable,조사 비실시 연도,confirmed,linear_interpolation,False,True,True,,,nonlinear_housework_direct_interpolation,reports/methodology/20260805_가사분담_성평등_인식_직접보간_안전성_검증.md,"원산식 `1-|평균응답값-3|/2`은 비선형(절댓값) 변환이지만, 18개 지역 × 5개 관측연도(2016·2018·2020·2022·2024) 전부에서 평균응답값이 3점(중간) 미만이라 그 구간에서는 순수 선형함수와 같다. 검증 스크립트 (`scripts/verify_housework_gender_equality_interpolation_safety.py`)로 확인했으며, 최종값을 직접 선형보간해도 구성요소를 먼저 보간한 뒤 변환한 것과 정확히 같다."
경남,housework_gender_equality,2019,가사분담에 대한 성평등 인식,intermediate_missing,,,,,False,False,not_applicable,조사 비실시 연도,confirmed,linear_interpolation,False,True,True,,,nonlinear_housework_direct_interpolation,reports/methodology/20260805_가사분담_성평등_인식_직접보간_안전성_검증.md,"원산식 `1-|평균응답값-3|/2`은 비선형(절댓값) 변환이지만, 18개 지역 × 5개 관측연도(2016·2018·2020·2022·2024) 전부에서 평균응답값이 3점(중간) 미만이라 그 구간에서는 순수 선형함수와 같다. 검증 스크립트 (`scripts/verify_housework_gender_equality_interpolation_safety.py`)로 확인했으며, 최종값을 직접 선형보간해도 구성요소를 먼저 보간한 뒤 변환한 것과 정확히 같다."
경남,housework_gender_equality,2021,가사분담에 대한 성평등 인식,intermediate_missing,,,,,False,False,not_applicable,조사 비실시 연도,confirmed,linear_interpolation,False,True,True,,,nonlinear_housework_direct_interpolation,reports/methodology/20260805_가사분담_성평등_인식_직접보간_안전성_검증.md,"원산식 `1-|평균응답값-3|/2`은 비선형(절댓값) 변환이지만, 18개 지역 × 5개 관측연도(2016·2018·2020·2022·2024) 전부에서 평균응답값이 3점(중간) 미만이라 그 구간에서는 순수 선형함수와 같다. 검증 스크립트 (`scripts/verify_housework_gender_equality_interpolation_safety.py`)로 확인했으며, 최종값을 직접 선형보간해도 구성요소를 먼저 보간한 뒤 변환한 것과 정확히 같다."
경남,housework_gender_equality,2023,가사분담에 대한 성평등 인식,intermediate_missing,,,,,False,False,not_applicable,조사 비실시 연도,confirmed,linear_interpolation,False,True,True,,,nonlinear_housework_direct_interpolation,reports/methodology/20260805_가사분담_성평등_인식_직접보간_안전성_검증.md,"원산식 `1-|평균응답값-3|/2`은 비선형(절댓값) 변환이지만, 18개 지역 × 5개 관측연도(2016·2018·2020·2022·2024) 전부에서 평균응답값이 3점(중간) 미만이라 그 구간에서는 순수 선형함수와 같다. 검증 스크립트 (`scripts/verify_housework_gender_equality_interpolation_safety.py`)로 확인했으며, 최종값을 직접 선형보간해도 구성요소를 먼저 보간한 뒤 변환한 것과 정확히 같다."
경남,income_satisfaction,2016,소득만족도,leading_missing,2017,1,backward,1,False,True,medium,조사 비실시 연도,confirmed,boundary_carry,False,True,True,auxiliary_boundary_interpolation,2015,income_leisure_leading_non_survey,configs/structural_indicators_verification.yaml:145,본계열은 boundary carry 후보이며 2015년 값은 별도 보조 시나리오에서만 사용한다.
경남,income_satisfaction,2018,소득만족도,intermediate_missing,,,,,False,False,not_applicable,조사 비실시 연도,confirmed,linear_interpolation,False,True,True,,,income_leisure_interior_non_survey,reports/20260725_구조환경지표_통합파일_결측치_검증_결과.md:57,실제 관측값 사이의 비조사연도로 본계열 선형보간 후보이다.
경남,income_satisfaction,2020,소득만족도,intermediate_missing,,,,,False,False,not_applicable,조사 비실시 연도,confirmed,linear_interpolation,False,True,True,,,income_leisure_interior_non_survey,reports/20260725_구조환경지표_통합파일_결측치_검증_결과.md:57,실제 관측값 사이의 비조사연도로 본계열 선형보간 후보이다.
경남,income_satisfaction,2022,소득만족도,intermediate_missing,,,,,False,False,not_applicable,조사 비실시 연도,confirmed,linear_interpolation,False,True,True,,,income_leisure_interior_non_survey,reports/20260725_구조환경지표_통합파일_결측치_검증_결과.md:57,실제 관측값 사이의 비조사연도로 본계열 선형보간 후보이다.
경남,income_satisfaction,2024,소득만족도,trailing_missing,2023,1,forward,1,False,True,medium,조사 비실시 연도,confirmed,boundary_carry,False,True,True,auxiliary_boundary_interpolation,2025,income_leisure_trailing_non_survey,configs/structural_indicators_verification.yaml:145,본계열은 boundary carry 후보이며 2025년 값은 별도 보조 시나리오에서만 사용한다.
경남,leisure_satisfaction,2016,여가생활 만족도,leading_missing,2017,1,backward,1,False,True,medium,조사 비실시 연도,confirmed,boundary_carry,False,True,True,auxiliary_boundary_interpolation,2015,income_leisure_leading_non_survey,configs/structural_indicators_verification.yaml:145,본계열은 boundary carry 후보이며 2015년 값은 별도 보조 시나리오에서만 사용한다.
경남,leisure_satisfaction,2018,여가생활 만족도,intermediate_missing,,,,,False,False,not_applicable,조사 비실시 연도,confirmed,linear_interpolation,False,True,True,,,income_leisure_interior_non_survey,reports/20260725_구조환경지표_통합파일_결측치_검증_결과.md:57,실제 관측값 사이의 비조사연도로 본계열 선형보간 후보이다.
경남,leisure_satisfaction,2020,여가생활 만족도,intermediate_missing,,,,,False,False,not_applicable,조사 비실시 연도,confirmed,linear_interpolation,False,True,True,,,income_leisure_interior_non_survey,reports/20260725_구조환경지표_통합파일_결측치_검증_결과.md:57,실제 관측값 사이의 비조사연도로 본계열 선형보간 후보이다.
경남,leisure_satisfaction,2022,여가생활 만족도,intermediate_missing,,,,,False,False,not_applicable,조사 비실시 연도,confirmed,linear_interpolation,False,True,True,,,income_leisure_interior_non_survey,reports/20260725_구조환경지표_통합파일_결측치_검증_결과.md:57,실제 관측값 사이의 비조사연도로 본계열 선형보간 후보이다.
경남,leisure_satisfaction,2024,여가생활 만족도,trailing_missing,2023,1,forward,1,False,True,medium,조사 비실시 연도,confirmed,boundary_carry,False,True,True,auxiliary_boundary_interpolation,2025,income_leisure_trailing_non_survey,configs/structural_indicators_verification.yaml:145,본계열은 boundary carry 후보이며 2025년 값은 별도 보조 시나리오에서만 사용한다.
경남,marriage_perception,2017,결혼에 대한 인식,intermediate_missing,,,,,False,False,not_applicable,조사 비실시 연도,confirmed,linear_interpolation,False,True,True,,,social_survey_interior_non_survey,configs/structural_indicators_verification.yaml:460,2016·2018·2020·2022·2024 관측값 사이의 비조사연도이다.
경남,marriage_perception,2019,결혼에 대한 인식,intermediate_missing,,,,,False,False,not_applicable,조사 비실시 연도,confirmed,linear_interpolation,False,True,True,,,social_survey_interior_non_survey,configs/structural_indicators_verification.yaml:460,2016·2018·2020·2022·2024 관측값 사이의 비조사연도이다.
경남,marriage_perception,2021,결혼에 대한 인식,intermediate_missing,,,,,False,False,not_applicable,조사 비실시 연도,confirmed,linear_interpolation,False,True,True,,,social_survey_interior_non_survey,configs/structural_indicators_verification.yaml:460,2016·2018·2020·2022·2024 관측값 사이의 비조사연도이다.
경남,marriage_perception,2023,결혼에 대한 인식,intermediate_missing,,,,,False,False,not_applicable,조사 비실시 연도,confirmed,linear_interpolation,False,True,True,,,social_survey_interior_non_survey,configs/structural_indicators_verification.yaml:460,2016·2018·2020·2022·2024 관측값 사이의 비조사연도이다.
경남,postpartum_center_fee,2016,산후조리원 이용 요금,leading_missing,2023,7,backward,7,True,True,high,원자료 부재,confirmed,boundary_carry,False,True,True,,,postpartum_before_source_start,이슈,"승인된 원자료는 2023년부터 존재한다. 추세 역외삽 대신 지역별 최초 관측연도인 2023년 값을 2016–2022년에 유지하고, 장기 소급 대체임을 플래그와 분석 한계에 남긴다."
경남,postpartum_center_fee,2017,산후조리원 이용 요금,leading_missing,2023,6,backward,7,True,True,high,원자료 부재,confirmed,boundary_carry,False,True,True,,,postpartum_before_source_start,이슈,"승인된 원자료는 2023년부터 존재한다. 추세 역외삽 대신 지역별 최초 관측연도인 2023년 값을 2016–2022년에 유지하고, 장기 소급 대체임을 플래그와 분석 한계에 남긴다."
경남,postpartum_center_fee,2018,산후조리원 이용 요금,leading_missing,2023,5,backward,7,True,True,high,원자료 부재,confirmed,boundary_carry,False,True,True,,,postpartum_before_source_start,이슈,"승인된 원자료는 2023년부터 존재한다. 추세 역외삽 대신 지역별 최초 관측연도인 2023년 값을 2016–2022년에 유지하고, 장기 소급 대체임을 플래그와 분석 한계에 남긴다."
경남,postpartum_center_fee,2019,산후조리원 이용 요금,leading_missing,2023,4,backward,7,True,True,high,원자료 부재,confirmed,boundary_carry,False,True,True,,,postpartum_before_source_start,이슈,"승인된 원자료는 2023년부터 존재한다. 추세 역외삽 대신 지역별 최초 관측연도인 2023년 값을 2016–2022년에 유지하고, 장기 소급 대체임을 플래그와 분석 한계에 남긴다."
경남,postpartum_center_fee,2020,산후조리원 이용 요금,leading_missing,2023,3,backward,7,True,True,high,원자료 부재,confirmed,boundary_carry,False,True,True,,,postpartum_before_source_start,이슈,"승인된 원자료는 2023년부터 존재한다. 추세 역외삽 대신 지역별 최초 관측연도인 2023년 값을 2016–2022년에 유지하고, 장기 소급 대체임을 플래그와 분석 한계에 남긴다."
경남,postpartum_center_fee,2021,산후조리원 이용 요금,leading_missing,2023,2,backward,7,True,True,high,원자료 부재,confirmed,boundary_carry,False,True,True,,,postpartum_before_source_start,이슈,"승인된 원자료는 2023년부터 존재한다. 추세 역외삽 대신 지역별 최초 관측연도인 2023년 값을 2016–2022년에 유지하고, 장기 소급 대체임을 플래그와 분석 한계에 남긴다."
경남,postpartum_center_fee,2022,산후조리원 이용 요금,leading_missing,2023,1,backward,7,True,True,high,원자료 부재,confirmed,boundary_carry,False,True,True,,,postpartum_before_source_start,이슈,"승인된 원자료는 2023년부터 존재한다. 추세 역외삽 대신 지역별 최초 관측연도인 2023년 값을 2016–2022년에 유지하고, 장기 소급 대체임을 플래그와 분석 한계에 남긴다."
경남,postpartum_center_supply,2016,산후조리원 보급도,leading_missing,2023,7,backward,7,True,True,high,원자료 부재,confirmed,boundary_carry,False,True,True,,,postpartum_before_source_start,이슈,"승인된 원자료는 2023년부터 존재한다. 추세 역외삽 대신 지역별 최초 관측연도인 2023년 값을 2016–2022년에 유지하고, 장기 소급 대체임을 플래그와 분석 한계에 남긴다."
경남,postpartum_center_supply,2017,산후조리원 보급도,leading_missing,2023,6,backward,7,True,True,high,원자료 부재,confirmed,boundary_carry,False,True,True,,,postpartum_before_source_start,이슈,"승인된 원자료는 2023년부터 존재한다. 추세 역외삽 대신 지역별 최초 관측연도인 2023년 값을 2016–2022년에 유지하고, 장기 소급 대체임을 플래그와 분석 한계에 남긴다."
경남,postpartum_center_supply,2018,산후조리원 보급도,leading_missing,2023,5,backward,7,True,True,high,원자료 부재,confirmed,boundary_carry,False,True,True,,,postpartum_before_source_start,이슈,"승인된 원자료는 2023년부터 존재한다. 추세 역외삽 대신 지역별 최초 관측연도인 2023년 값을 2016–2022년에 유지하고, 장기 소급 대체임을 플래그와 분석 한계에 남긴다."
경남,postpartum_center_supply,2019,산후조리원 보급도,leading_missing,2023,4,backward,7,True,True,high,원자료 부재,confirmed,boundary_carry,False,True,True,,,postpartum_before_source_start,이슈,"승인된 원자료는 2023년부터 존재한다. 추세 역외삽 대신 지역별 최초 관측연도인 2023년 값을 2016–2022년에 유지하고, 장기 소급 대체임을 플래그와 분석 한계에 남긴다."
경남,postpartum_center_supply,2020,산후조리원 보급도,leading_missing,2023,3,backward,7,True,True,high,원자료 부재,confirmed,boundary_carry,False,True,True,,,postpartum_before_source_start,이슈,"승인된 원자료는 2023년부터 존재한다. 추세 역외삽 대신 지역별 최초 관측연도인 2023년 값을 2016–2022년에 유지하고, 장기 소급 대체임을 플래그와 분석 한계에 남긴다."
경남,postpartum_center_supply,2021,산후조리원 보급도,leading_missing,2023,2,backward,7,True,True,high,원자료 부재,confirmed,boundary_carry,False,True,True,,,postpartum_before_source_start,이슈,"승인된 원자료는 2023년부터 존재한다. 추세 역외삽 대신 지역별 최초 관측연도인 2023년 값을 2016–2022년에 유지하고, 장기 소급 대체임을 플래그와 분석 한계에 남긴다."
경남,postpartum_center_supply,2022,산후조리원 보급도,leading_missing,2023,1,backward,7,True,True,high,원자료 부재,confirmed,boundary_carry,False,True,True,,,postpartum_before_source_start,이슈,"승인된 원자료는 2023년부터 존재한다. 추세 역외삽 대신 지역별 최초 관측연도인 2023년 값을 2016–2022년에 유지하고, 장기 소급 대체임을 플래그와 분석 한계에 남긴다."
경남,social_safety_perception,2017,사회 안전에 대한 인식,intermediate_missing,,,,,False,False,not_applicable,조사 비실시 연도,confirmed,linear_interpolation,False,True,True,,,social_survey_interior_non_survey,configs/structural_indicators_verification.yaml:460,2016·2018·2020·2022·2024 관측값 사이의 비조사연도이다.
경남,social_safety_perception,2019,사회 안전에 대한 인식,intermediate_missing,,,,,False,False,not_applicable,조사 비실시 연도,confirmed,linear_interpolation,False,True,True,,,social_survey_interior_non_survey,configs/structural_indicators_verification.yaml:460,2016·2018·2020·2022·2024 관측값 사이의 비조사연도이다.
경남,social_safety_perception,2021,사회 안전에 대한 인식,intermediate_missing,,,,,False,False,not_applicable,조사 비실시 연도,confirmed,linear_interpolation,False,True,True,,,social_survey_interior_non_survey,configs/structural_indicators_verification.yaml:460,2016·2018·2020·2022·2024 관측값 사이의 비조사연도이다.
경남,social_safety_perception,2023,사회 안전에 대한 인식,intermediate_missing,,,,,False,False,not_applicable,조사 비실시 연도,confirmed,linear_interpolation,False,True,True,,,social_survey_interior_non_survey,configs/structural_indicators_verification.yaml:460,2016·2018·2020·2022·2024 관측값 사이의 비조사연도이다.
경남,socioeconomic_status_perception,2016,사회경제적 지위에 대한 인식,leading_missing,2020,4,backward,4,True,True,high,조사 비실시 연도,confirmed,boundary_carry,False,True,False,,,family_survey_boundary_non_survey,configs/structural_indicators_verification.yaml:790,2020·2023 관측 범위 밖의 비조사연도이며 본계열 boundary carry 후보이다.
경남,socioeconomic_status_perception,2017,사회경제적 지위에 대한 인식,leading_missing,2020,3,backward,4,True,True,high,조사 비실시 연도,confirmed,boundary_carry,False,True,False,,,family_survey_boundary_non_survey,configs/structural_indicators_verification.yaml:790,2020·2023 관측 범위 밖의 비조사연도이며 본계열 boundary carry 후보이다.
경남,socioeconomic_status_perception,2018,사회경제적 지위에 대한 인식,leading_missing,2020,2,backward,4,True,True,high,조사 비실시 연도,confirmed,boundary_carry,False,True,False,,,family_survey_boundary_non_survey,configs/structural_indicators_verification.yaml:790,2020·2023 관측 범위 밖의 비조사연도이며 본계열 boundary carry 후보이다.
경남,socioeconomic_status_perception,2019,사회경제적 지위에 대한 인식,leading_missing,2020,1,backward,4,True,True,high,조사 비실시 연도,confirmed,boundary_carry,False,True,False,,,family_survey_boundary_non_survey,configs/structural_indicators_verification.yaml:790,2020·2023 관측 범위 밖의 비조사연도이며 본계열 boundary carry 후보이다.
경남,socioeconomic_status_perception,2021,사회경제적 지위에 대한 인식,intermediate_missing,,,,,False,False,not_applicable,조사 비실시 연도,confirmed,linear_interpolation,False,True,False,,,family_survey_interior_non_survey,configs/structural_indicators_verification.yaml:790,2020년과 2023년 실제 관측값 사이의 비조사연도이다.
경남,socioeconomic_status_perception,2022,사회경제적 지위에 대한 인식,intermediate_missing,,,,,False,False,not_applicable,조사 비실시 연도,confirmed,linear_interpolation,False,True,False,,,family_survey_interior_non_survey,configs/structural_indicators_verification.yaml:790,2020년과 2023년 실제 관측값 사이의 비조사연도이다.
경남,socioeconomic_status_perception,2024,사회경제적 지위에 대한 인식,trailing_missing,2023,1,forward,1,False,True,medium,조사 비실시 연도,confirmed,boundary_carry,False,True,False,,,family_survey_boundary_non_survey,configs/structural_indicators_verification.yaml:790,2020·2023 관측 범위 밖의 비조사연도이며 본계열 boundary carry 후보이다.
경북,childbirth_perception,2016,출산에 대한 인식,leading_missing,2018,2,backward,2,True,True,high,조사 비실시 연도,confirmed,boundary_carry,False,True,True,,,childbirth_leading_non_survey,configs/structural_indicators_verification.yaml:576,지표의 첫 비교 가능 관측연도인 2018년 이전 구간이다.
경북,childbirth_perception,2017,출산에 대한 인식,leading_missing,2018,1,backward,2,True,True,high,조사 비실시 연도,confirmed,boundary_carry,False,True,True,,,childbirth_leading_non_survey,configs/structural_indicators_verification.yaml:576,지표의 첫 비교 가능 관측연도인 2018년 이전 구간이다.
경북,childbirth_perception,2019,출산에 대한 인식,intermediate_missing,,,,,False,False,not_applicable,조사 비실시 연도,confirmed,linear_interpolation,False,True,True,,,childbirth_interior_non_survey,configs/structural_indicators_verification.yaml:576,2018·2020·2022·2024 관측값 사이의 비조사연도이다.
경북,childbirth_perception,2021,출산에 대한 인식,intermediate_missing,,,,,False,False,not_applicable,조사 비실시 연도,confirmed,linear_interpolation,False,True,True,,,childbirth_interior_non_survey,configs/structural_indicators_verification.yaml:576,2018·2020·2022·2024 관측값 사이의 비조사연도이다.
경북,childbirth_perception,2023,출산에 대한 인식,intermediate_missing,,,,,False,False,not_applicable,조사 비실시 연도,confirmed,linear_interpolation,False,True,True,,,childbirth_interior_non_survey,configs/structural_indicators_verification.yaml:576,2018·2020·2022·2024 관측값 사이의 비조사연도이다.
경북,childcare_equal_participation,2016,돌봄노동 공동 참여도,leading_missing,2020,4,backward,4,True,True,high,조사 비실시 연도,confirmed,boundary_carry,False,True,False,,,family_survey_boundary_non_survey,configs/structural_indicators_verification.yaml:790,2020·2023 관측 범위 밖의 비조사연도이며 본계열 boundary carry 후보이다.
경북,childcare_equal_participation,2017,돌봄노동 공동 참여도,leading_missing,2020,3,backward,4,True,True,high,조사 비실시 연도,confirmed,boundary_carry,False,True,False,,,family_survey_boundary_non_survey,configs/structural_indicators_verification.yaml:790,2020·2023 관측 범위 밖의 비조사연도이며 본계열 boundary carry 후보이다.
경북,childcare_equal_participation,2018,돌봄노동 공동 참여도,leading_missing,2020,2,backward,4,True,True,high,조사 비실시 연도,confirmed,boundary_carry,False,True,False,,,family_survey_boundary_non_survey,configs/structural_indicators_verification.yaml:790,2020·2023 관측 범위 밖의 비조사연도이며 본계열 boundary carry 후보이다.
경북,childcare_equal_participation,2019,돌봄노동 공동 참여도,leading_missing,2020,1,backward,4,True,True,high,조사 비실시 연도,confirmed,boundary_carry,False,True,False,,,family_survey_boundary_non_survey,configs/structural_indicators_verification.yaml:790,2020·2023 관측 범위 밖의 비조사연도이며 본계열 boundary carry 후보이다.
경북,childcare_equal_participation,2021,돌봄노동 공동 참여도,intermediate_missing,,,,,False,False,not_applicable,조사 비실시 연도,confirmed,linear_interpolation,False,True,False,,,family_survey_interior_non_survey,configs/structural_indicators_verification.yaml:790,2020년과 2023년 실제 관측값 사이의 비조사연도이다.
경북,childcare_equal_participation,2022,돌봄노동 공동 참여도,intermediate_missing,,,,,False,False,not_applicable,조사 비실시 연도,confirmed,linear_interpolation,False,True,False,,,family_survey_interior_non_survey,configs/structural_indicators_verification.yaml:790,2020년과 2023년 실제 관측값 사이의 비조사연도이다.
경북,childcare_equal_participation,2024,돌봄노동 공동 참여도,trailing_missing,2023,1,forward,1,False,True,medium,조사 비실시 연도,confirmed,boundary_carry,False,True,False,,,family_survey_boundary_non_survey,configs/structural_indicators_verification.yaml:790,2020·2023 관측 범위 밖의 비조사연도이며 본계열 boundary carry 후보이다.
경북,delivery_bed_supply,2016,(대체)분만실 병상수 보급도,leading_missing,2018,2,backward,2,True,True,high,원자료 부재,confirmed,boundary_carry,False,True,True,,,delivery_bed_before_source_start,이슈,"원자료는 2018년 3분기부터 시작한다. 추세 역외삽 대신 지역별 최초 관측연도인 2018년 값을 2016·2017년에 유지하고, 장기 소급 대체임을 플래그와 분석 한계에 남긴다."
경북,delivery_bed_supply,2017,(대체)분만실 병상수 보급도,leading_missing,2018,1,backward,2,True,True,high,원자료 부재,confirmed,boundary_carry,False,True,True,,,delivery_bed_before_source_start,이슈,"원자료는 2018년 3분기부터 시작한다. 추세 역외삽 대신 지역별 최초 관측연도인 2018년 값을 2016·2017년에 유지하고, 장기 소급 대체임을 플래그와 분석 한계에 남긴다."
경북,household_chore_equal_participation,2016,가사노동 공동 참여도,leading_missing,2020,4,backward,4,True,True,high,조사 비실시 연도,confirmed,boundary_carry,False,True,False,,,family_survey_boundary_non_survey,configs/structural_indicators_verification.yaml:790,2020·2023 관측 범위 밖의 비조사연도이며 본계열 boundary carry 후보이다.
경북,household_chore_equal_participation,2017,가사노동 공동 참여도,leading_missing,2020,3,backward,4,True,True,high,조사 비실시 연도,confirmed,boundary_carry,False,True,False,,,family_survey_boundary_non_survey,configs/structural_indicators_verification.yaml:790,2020·2023 관측 범위 밖의 비조사연도이며 본계열 boundary carry 후보이다.
경북,household_chore_equal_participation,2018,가사노동 공동 참여도,leading_missing,2020,2,backward,4,True,True,high,조사 비실시 연도,confirmed,boundary_carry,False,True,False,,,family_survey_boundary_non_survey,configs/structural_indicators_verification.yaml:790,2020·2023 관측 범위 밖의 비조사연도이며 본계열 boundary carry 후보이다.
경북,household_chore_equal_participation,2019,가사노동 공동 참여도,leading_missing,2020,1,backward,4,True,True,high,조사 비실시 연도,confirmed,boundary_carry,False,True,False,,,family_survey_boundary_non_survey,configs/structural_indicators_verification.yaml:790,2020·2023 관측 범위 밖의 비조사연도이며 본계열 boundary carry 후보이다.
경북,household_chore_equal_participation,2021,가사노동 공동 참여도,intermediate_missing,,,,,False,False,not_applicable,조사 비실시 연도,confirmed,linear_interpolation,False,True,False,,,family_survey_interior_non_survey,configs/structural_indicators_verification.yaml:790,2020년과 2023년 실제 관측값 사이의 비조사연도이다.
경북,household_chore_equal_participation,2022,가사노동 공동 참여도,intermediate_missing,,,,,False,False,not_applicable,조사 비실시 연도,confirmed,linear_interpolation,False,True,False,,,family_survey_interior_non_survey,configs/structural_indicators_verification.yaml:790,2020년과 2023년 실제 관측값 사이의 비조사연도이다.
경북,household_chore_equal_participation,2024,가사노동 공동 참여도,trailing_missing,2023,1,forward,1,False,True,medium,조사 비실시 연도,confirmed,boundary_carry,False,True,False,,,family_survey_boundary_non_survey,configs/structural_indicators_verification.yaml:790,2020·2023 관측 범위 밖의 비조사연도이며 본계열 boundary carry 후보이다.
경북,housework_gender_equality,2017,가사분담에 대한 성평등 인식,intermediate_missing,,,,,False,False,not_applicable,조사 비실시 연도,confirmed,linear_interpolation,False,True,True,,,nonlinear_housework_direct_interpolation,reports/methodology/20260805_가사분담_성평등_인식_직접보간_안전성_검증.md,"원산식 `1-|평균응답값-3|/2`은 비선형(절댓값) 변환이지만, 18개 지역 × 5개 관측연도(2016·2018·2020·2022·2024) 전부에서 평균응답값이 3점(중간) 미만이라 그 구간에서는 순수 선형함수와 같다. 검증 스크립트 (`scripts/verify_housework_gender_equality_interpolation_safety.py`)로 확인했으며, 최종값을 직접 선형보간해도 구성요소를 먼저 보간한 뒤 변환한 것과 정확히 같다."
경북,housework_gender_equality,2019,가사분담에 대한 성평등 인식,intermediate_missing,,,,,False,False,not_applicable,조사 비실시 연도,confirmed,linear_interpolation,False,True,True,,,nonlinear_housework_direct_interpolation,reports/methodology/20260805_가사분담_성평등_인식_직접보간_안전성_검증.md,"원산식 `1-|평균응답값-3|/2`은 비선형(절댓값) 변환이지만, 18개 지역 × 5개 관측연도(2016·2018·2020·2022·2024) 전부에서 평균응답값이 3점(중간) 미만이라 그 구간에서는 순수 선형함수와 같다. 검증 스크립트 (`scripts/verify_housework_gender_equality_interpolation_safety.py`)로 확인했으며, 최종값을 직접 선형보간해도 구성요소를 먼저 보간한 뒤 변환한 것과 정확히 같다."
경북,housework_gender_equality,2021,가사분담에 대한 성평등 인식,intermediate_missing,,,,,False,False,not_applicable,조사 비실시 연도,confirmed,linear_interpolation,False,True,True,,,nonlinear_housework_direct_interpolation,reports/methodology/20260805_가사분담_성평등_인식_직접보간_안전성_검증.md,"원산식 `1-|평균응답값-3|/2`은 비선형(절댓값) 변환이지만, 18개 지역 × 5개 관측연도(2016·2018·2020·2022·2024) 전부에서 평균응답값이 3점(중간) 미만이라 그 구간에서는 순수 선형함수와 같다. 검증 스크립트 (`scripts/verify_housework_gender_equality_interpolation_safety.py`)로 확인했으며, 최종값을 직접 선형보간해도 구성요소를 먼저 보간한 뒤 변환한 것과 정확히 같다."
경북,housework_gender_equality,2023,가사분담에 대한 성평등 인식,intermediate_missing,,,,,False,False,not_applicable,조사 비실시 연도,confirmed,linear_interpolation,False,True,True,,,nonlinear_housework_direct_interpolation,reports/methodology/20260805_가사분담_성평등_인식_직접보간_안전성_검증.md,"원산식 `1-|평균응답값-3|/2`은 비선형(절댓값) 변환이지만, 18개 지역 × 5개 관측연도(2016·2018·2020·2022·2024) 전부에서 평균응답값이 3점(중간) 미만이라 그 구간에서는 순수 선형함수와 같다. 검증 스크립트 (`scripts/verify_housework_gender_equality_interpolation_safety.py`)로 확인했으며, 최종값을 직접 선형보간해도 구성요소를 먼저 보간한 뒤 변환한 것과 정확히 같다."
경북,income_satisfaction,2016,소득만족도,leading_missing,2017,1,backward,1,False,True,medium,조사 비실시 연도,confirmed,boundary_carry,False,True,True,auxiliary_boundary_interpolation,2015,income_leisure_leading_non_survey,configs/structural_indicators_verification.yaml:145,본계열은 boundary carry 후보이며 2015년 값은 별도 보조 시나리오에서만 사용한다.
경북,income_satisfaction,2018,소득만족도,intermediate_missing,,,,,False,False,not_applicable,조사 비실시 연도,confirmed,linear_interpolation,False,True,True,,,income_leisure_interior_non_survey,reports/20260725_구조환경지표_통합파일_결측치_검증_결과.md:57,실제 관측값 사이의 비조사연도로 본계열 선형보간 후보이다.
경북,income_satisfaction,2020,소득만족도,intermediate_missing,,,,,False,False,not_applicable,조사 비실시 연도,confirmed,linear_interpolation,False,True,True,,,income_leisure_interior_non_survey,reports/20260725_구조환경지표_통합파일_결측치_검증_결과.md:57,실제 관측값 사이의 비조사연도로 본계열 선형보간 후보이다.
경북,income_satisfaction,2022,소득만족도,intermediate_missing,,,,,False,False,not_applicable,조사 비실시 연도,confirmed,linear_interpolation,False,True,True,,,income_leisure_interior_non_survey,reports/20260725_구조환경지표_통합파일_결측치_검증_결과.md:57,실제 관측값 사이의 비조사연도로 본계열 선형보간 후보이다.
경북,income_satisfaction,2024,소득만족도,trailing_missing,2023,1,forward,1,False,True,medium,조사 비실시 연도,confirmed,boundary_carry,False,True,True,auxiliary_boundary_interpolation,2025,income_leisure_trailing_non_survey,configs/structural_indicators_verification.yaml:145,본계열은 boundary carry 후보이며 2025년 값은 별도 보조 시나리오에서만 사용한다.
경북,leisure_satisfaction,2016,여가생활 만족도,leading_missing,2017,1,backward,1,False,True,medium,조사 비실시 연도,confirmed,boundary_carry,False,True,True,auxiliary_boundary_interpolation,2015,income_leisure_leading_non_survey,configs/structural_indicators_verification.yaml:145,본계열은 boundary carry 후보이며 2015년 값은 별도 보조 시나리오에서만 사용한다.
경북,leisure_satisfaction,2018,여가생활 만족도,intermediate_missing,,,,,False,False,not_applicable,조사 비실시 연도,confirmed,linear_interpolation,False,True,True,,,income_leisure_interior_non_survey,reports/20260725_구조환경지표_통합파일_결측치_검증_결과.md:57,실제 관측값 사이의 비조사연도로 본계열 선형보간 후보이다.
경북,leisure_satisfaction,2020,여가생활 만족도,intermediate_missing,,,,,False,False,not_applicable,조사 비실시 연도,confirmed,linear_interpolation,False,True,True,,,income_leisure_interior_non_survey,reports/20260725_구조환경지표_통합파일_결측치_검증_결과.md:57,실제 관측값 사이의 비조사연도로 본계열 선형보간 후보이다.
경북,leisure_satisfaction,2022,여가생활 만족도,intermediate_missing,,,,,False,False,not_applicable,조사 비실시 연도,confirmed,linear_interpolation,False,True,True,,,income_leisure_interior_non_survey,reports/20260725_구조환경지표_통합파일_결측치_검증_결과.md:57,실제 관측값 사이의 비조사연도로 본계열 선형보간 후보이다.
경북,leisure_satisfaction,2024,여가생활 만족도,trailing_missing,2023,1,forward,1,False,True,medium,조사 비실시 연도,confirmed,boundary_carry,False,True,True,auxiliary_boundary_interpolation,2025,income_leisure_trailing_non_survey,configs/structural_indicators_verification.yaml:145,본계열은 boundary carry 후보이며 2025년 값은 별도 보조 시나리오에서만 사용한다.
경북,marriage_perception,2017,결혼에 대한 인식,intermediate_missing,,,,,False,False,not_applicable,조사 비실시 연도,confirmed,linear_interpolation,False,True,True,,,social_survey_interior_non_survey,configs/structural_indicators_verification.yaml:460,2016·2018·2020·2022·2024 관측값 사이의 비조사연도이다.
경북,marriage_perception,2019,결혼에 대한 인식,intermediate_missing,,,,,False,False,not_applicable,조사 비실시 연도,confirmed,linear_interpolation,False,True,True,,,social_survey_interior_non_survey,configs/structural_indicators_verification.yaml:460,2016·2018·2020·2022·2024 관측값 사이의 비조사연도이다.
경북,marriage_perception,2021,결혼에 대한 인식,intermediate_missing,,,,,False,False,not_applicable,조사 비실시 연도,confirmed,linear_interpolation,False,True,True,,,social_survey_interior_non_survey,configs/structural_indicators_verification.yaml:460,2016·2018·2020·2022·2024 관측값 사이의 비조사연도이다.
경북,marriage_perception,2023,결혼에 대한 인식,intermediate_missing,,,,,False,False,not_applicable,조사 비실시 연도,confirmed,linear_interpolation,False,True,True,,,social_survey_interior_non_survey,configs/structural_indicators_verification.yaml:460,2016·2018·2020·2022·2024 관측값 사이의 비조사연도이다.
경북,postpartum_center_fee,2016,산후조리원 이용 요금,leading_missing,2023,7,backward,7,True,True,high,원자료 부재,confirmed,boundary_carry,False,True,True,,,postpartum_before_source_start,이슈,"승인된 원자료는 2023년부터 존재한다. 추세 역외삽 대신 지역별 최초 관측연도인 2023년 값을 2016–2022년에 유지하고, 장기 소급 대체임을 플래그와 분석 한계에 남긴다."
경북,postpartum_center_fee,2017,산후조리원 이용 요금,leading_missing,2023,6,backward,7,True,True,high,원자료 부재,confirmed,boundary_carry,False,True,True,,,postpartum_before_source_start,이슈,"승인된 원자료는 2023년부터 존재한다. 추세 역외삽 대신 지역별 최초 관측연도인 2023년 값을 2016–2022년에 유지하고, 장기 소급 대체임을 플래그와 분석 한계에 남긴다."
경북,postpartum_center_fee,2018,산후조리원 이용 요금,leading_missing,2023,5,backward,7,True,True,high,원자료 부재,confirmed,boundary_carry,False,True,True,,,postpartum_before_source_start,이슈,"승인된 원자료는 2023년부터 존재한다. 추세 역외삽 대신 지역별 최초 관측연도인 2023년 값을 2016–2022년에 유지하고, 장기 소급 대체임을 플래그와 분석 한계에 남긴다."
경북,postpartum_center_fee,2019,산후조리원 이용 요금,leading_missing,2023,4,backward,7,True,True,high,원자료 부재,confirmed,boundary_carry,False,True,True,,,postpartum_before_source_start,이슈,"승인된 원자료는 2023년부터 존재한다. 추세 역외삽 대신 지역별 최초 관측연도인 2023년 값을 2016–2022년에 유지하고, 장기 소급 대체임을 플래그와 분석 한계에 남긴다."
경북,postpartum_center_fee,2020,산후조리원 이용 요금,leading_missing,2023,3,backward,7,True,True,high,원자료 부재,confirmed,boundary_carry,False,True,True,,,postpartum_before_source_start,이슈,"승인된 원자료는 2023년부터 존재한다. 추세 역외삽 대신 지역별 최초 관측연도인 2023년 값을 2016–2022년에 유지하고, 장기 소급 대체임을 플래그와 분석 한계에 남긴다."
경북,postpartum_center_fee,2021,산후조리원 이용 요금,leading_missing,2023,2,backward,7,True,True,high,원자료 부재,confirmed,boundary_carry,False,True,True,,,postpartum_before_source_start,이슈,"승인된 원자료는 2023년부터 존재한다. 추세 역외삽 대신 지역별 최초 관측연도인 2023년 값을 2016–2022년에 유지하고, 장기 소급 대체임을 플래그와 분석 한계에 남긴다."
경북,postpartum_center_fee,2022,산후조리원 이용 요금,leading_missing,2023,1,backward,7,True,True,high,원자료 부재,confirmed,boundary_carry,False,True,True,,,postpartum_before_source_start,이슈,"승인된 원자료는 2023년부터 존재한다. 추세 역외삽 대신 지역별 최초 관측연도인 2023년 값을 2016–2022년에 유지하고, 장기 소급 대체임을 플래그와 분석 한계에 남긴다."
경북,postpartum_center_supply,2016,산후조리원 보급도,leading_missing,2023,7,backward,7,True,True,high,원자료 부재,confirmed,boundary_carry,False,True,True,,,postpartum_before_source_start,이슈,"승인된 원자료는 2023년부터 존재한다. 추세 역외삽 대신 지역별 최초 관측연도인 2023년 값을 2016–2022년에 유지하고, 장기 소급 대체임을 플래그와 분석 한계에 남긴다."
경북,postpartum_center_supply,2017,산후조리원 보급도,leading_missing,2023,6,backward,7,True,True,high,원자료 부재,confirmed,boundary_carry,False,True,True,,,postpartum_before_source_start,이슈,"승인된 원자료는 2023년부터 존재한다. 추세 역외삽 대신 지역별 최초 관측연도인 2023년 값을 2016–2022년에 유지하고, 장기 소급 대체임을 플래그와 분석 한계에 남긴다."
경북,postpartum_center_supply,2018,산후조리원 보급도,leading_missing,2023,5,backward,7,True,True,high,원자료 부재,confirmed,boundary_carry,False,True,True,,,postpartum_before_source_start,이슈,"승인된 원자료는 2023년부터 존재한다. 추세 역외삽 대신 지역별 최초 관측연도인 2023년 값을 2016–2022년에 유지하고, 장기 소급 대체임을 플래그와 분석 한계에 남긴다."
경북,postpartum_center_supply,2019,산후조리원 보급도,leading_missing,2023,4,backward,7,True,True,high,원자료 부재,confirmed,boundary_carry,False,True,True,,,postpartum_before_source_start,이슈,"승인된 원자료는 2023년부터 존재한다. 추세 역외삽 대신 지역별 최초 관측연도인 2023년 값을 2016–2022년에 유지하고, 장기 소급 대체임을 플래그와 분석 한계에 남긴다."
경북,postpartum_center_supply,2020,산후조리원 보급도,leading_missing,2023,3,backward,7,True,True,high,원자료 부재,confirmed,boundary_carry,False,True,True,,,postpartum_before_source_start,이슈,"승인된 원자료는 2023년부터 존재한다. 추세 역외삽 대신 지역별 최초 관측연도인 2023년 값을 2016–2022년에 유지하고, 장기 소급 대체임을 플래그와 분석 한계에 남긴다."
경북,postpartum_center_supply,2021,산후조리원 보급도,leading_missing,2023,2,backward,7,True,True,high,원자료 부재,confirmed,boundary_carry,False,True,True,,,postpartum_before_source_start,이슈,"승인된 원자료는 2023년부터 존재한다. 추세 역외삽 대신 지역별 최초 관측연도인 2023년 값을 2016–2022년에 유지하고, 장기 소급 대체임을 플래그와 분석 한계에 남긴다."
경북,postpartum_center_supply,2022,산후조리원 보급도,leading_missing,2023,1,backward,7,True,True,high,원자료 부재,confirmed,boundary_carry,False,True,True,,,postpartum_before_source_start,이슈,"승인된 원자료는 2023년부터 존재한다. 추세 역외삽 대신 지역별 최초 관측연도인 2023년 값을 2016–2022년에 유지하고, 장기 소급 대체임을 플래그와 분석 한계에 남긴다."
경북,social_safety_perception,2017,사회 안전에 대한 인식,intermediate_missing,,,,,False,False,not_applicable,조사 비실시 연도,confirmed,linear_interpolation,False,True,True,,,social_survey_interior_non_survey,configs/structural_indicators_verification.yaml:460,2016·2018·2020·2022·2024 관측값 사이의 비조사연도이다.
경북,social_safety_perception,2019,사회 안전에 대한 인식,intermediate_missing,,,,,False,False,not_applicable,조사 비실시 연도,confirmed,linear_interpolation,False,True,True,,,social_survey_interior_non_survey,configs/structural_indicators_verification.yaml:460,2016·2018·2020·2022·2024 관측값 사이의 비조사연도이다.
경북,social_safety_perception,2021,사회 안전에 대한 인식,intermediate_missing,,,,,False,False,not_applicable,조사 비실시 연도,confirmed,linear_interpolation,False,True,True,,,social_survey_interior_non_survey,configs/structural_indicators_verification.yaml:460,2016·2018·2020·2022·2024 관측값 사이의 비조사연도이다.
경북,social_safety_perception,2023,사회 안전에 대한 인식,intermediate_missing,,,,,False,False,not_applicable,조사 비실시 연도,confirmed,linear_interpolation,False,True,True,,,social_survey_interior_non_survey,configs/structural_indicators_verification.yaml:460,2016·2018·2020·2022·2024 관측값 사이의 비조사연도이다.
경북,socioeconomic_status_perception,2016,사회경제적 지위에 대한 인식,leading_missing,2020,4,backward,4,True,True,high,조사 비실시 연도,confirmed,boundary_carry,False,True,False,,,family_survey_boundary_non_survey,configs/structural_indicators_verification.yaml:790,2020·2023 관측 범위 밖의 비조사연도이며 본계열 boundary carry 후보이다.
경북,socioeconomic_status_perception,2017,사회경제적 지위에 대한 인식,leading_missing,2020,3,backward,4,True,True,high,조사 비실시 연도,confirmed,boundary_carry,False,True,False,,,family_survey_boundary_non_survey,configs/structural_indicators_verification.yaml:790,2020·2023 관측 범위 밖의 비조사연도이며 본계열 boundary carry 후보이다.
경북,socioeconomic_status_perception,2018,사회경제적 지위에 대한 인식,leading_missing,2020,2,backward,4,True,True,high,조사 비실시 연도,confirmed,boundary_carry,False,True,False,,,family_survey_boundary_non_survey,configs/structural_indicators_verification.yaml:790,2020·2023 관측 범위 밖의 비조사연도이며 본계열 boundary carry 후보이다.
경북,socioeconomic_status_perception,2019,사회경제적 지위에 대한 인식,leading_missing,2020,1,backward,4,True,True,high,조사 비실시 연도,confirmed,boundary_carry,False,True,False,,,family_survey_boundary_non_survey,configs/structural_indicators_verification.yaml:790,2020·2023 관측 범위 밖의 비조사연도이며 본계열 boundary carry 후보이다.
경북,socioeconomic_status_perception,2021,사회경제적 지위에 대한 인식,intermediate_missing,,,,,False,False,not_applicable,조사 비실시 연도,confirmed,linear_interpolation,False,True,False,,,family_survey_interior_non_survey,configs/structural_indicators_verification.yaml:790,2020년과 2023년 실제 관측값 사이의 비조사연도이다.
경북,socioeconomic_status_perception,2022,사회경제적 지위에 대한 인식,intermediate_missing,,,,,False,False,not_applicable,조사 비실시 연도,confirmed,linear_interpolation,False,True,False,,,family_survey_interior_non_survey,configs/structural_indicators_verification.yaml:790,2020년과 2023년 실제 관측값 사이의 비조사연도이다.
경북,socioeconomic_status_perception,2024,사회경제적 지위에 대한 인식,trailing_missing,2023,1,forward,1,False,True,medium,조사 비실시 연도,confirmed,boundary_carry,False,True,False,,,family_survey_boundary_non_survey,configs/structural_indicators_verification.yaml:790,2020·2023 관측 범위 밖의 비조사연도이며 본계열 boundary carry 후보이다.
광주,childbirth_perception,2016,출산에 대한 인식,leading_missing,2018,2,backward,2,True,True,high,조사 비실시 연도,confirmed,boundary_carry,False,True,True,,,childbirth_leading_non_survey,configs/structural_indicators_verification.yaml:576,지표의 첫 비교 가능 관측연도인 2018년 이전 구간이다.
광주,childbirth_perception,2017,출산에 대한 인식,leading_missing,2018,1,backward,2,True,True,high,조사 비실시 연도,confirmed,boundary_carry,False,True,True,,,childbirth_leading_non_survey,configs/structural_indicators_verification.yaml:576,지표의 첫 비교 가능 관측연도인 2018년 이전 구간이다.
광주,childbirth_perception,2019,출산에 대한 인식,intermediate_missing,,,,,False,False,not_applicable,조사 비실시 연도,confirmed,linear_interpolation,False,True,True,,,childbirth_interior_non_survey,configs/structural_indicators_verification.yaml:576,2018·2020·2022·2024 관측값 사이의 비조사연도이다.
광주,childbirth_perception,2021,출산에 대한 인식,intermediate_missing,,,,,False,False,not_applicable,조사 비실시 연도,confirmed,linear_interpolation,False,True,True,,,childbirth_interior_non_survey,configs/structural_indicators_verification.yaml:576,2018·2020·2022·2024 관측값 사이의 비조사연도이다.
광주,childbirth_perception,2023,출산에 대한 인식,intermediate_missing,,,,,False,False,not_applicable,조사 비실시 연도,confirmed,linear_interpolation,False,True,True,,,childbirth_interior_non_survey,configs/structural_indicators_verification.yaml:576,2018·2020·2022·2024 관측값 사이의 비조사연도이다.
광주,childcare_equal_participation,2016,돌봄노동 공동 참여도,leading_missing,2020,4,backward,4,True,True,high,조사 비실시 연도,confirmed,boundary_carry,False,True,False,,,family_survey_boundary_non_survey,configs/structural_indicators_verification.yaml:790,2020·2023 관측 범위 밖의 비조사연도이며 본계열 boundary carry 후보이다.
광주,childcare_equal_participation,2017,돌봄노동 공동 참여도,leading_missing,2020,3,backward,4,True,True,high,조사 비실시 연도,confirmed,boundary_carry,False,True,False,,,family_survey_boundary_non_survey,configs/structural_indicators_verification.yaml:790,2020·2023 관측 범위 밖의 비조사연도이며 본계열 boundary carry 후보이다.
광주,childcare_equal_participation,2018,돌봄노동 공동 참여도,leading_missing,2020,2,backward,4,True,True,high,조사 비실시 연도,confirmed,boundary_carry,False,True,False,,,family_survey_boundary_non_survey,configs/structural_indicators_verification.yaml:790,2020·2023 관측 범위 밖의 비조사연도이며 본계열 boundary carry 후보이다.
광주,childcare_equal_participation,2019,돌봄노동 공동 참여도,leading_missing,2020,1,backward,4,True,True,high,조사 비실시 연도,confirmed,boundary_carry,False,True,False,,,family_survey_boundary_non_survey,configs/structural_indicators_verification.yaml:790,2020·2023 관측 범위 밖의 비조사연도이며 본계열 boundary carry 후보이다.
광주,childcare_equal_participation,2021,돌봄노동 공동 참여도,intermediate_missing,,,,,False,False,not_applicable,조사 비실시 연도,confirmed,linear_interpolation,False,True,False,,,family_survey_interior_non_survey,configs/structural_indicators_verification.yaml:790,2020년과 2023년 실제 관측값 사이의 비조사연도이다.
광주,childcare_equal_participation,2022,돌봄노동 공동 참여도,intermediate_missing,,,,,False,False,not_applicable,조사 비실시 연도,confirmed,linear_interpolation,False,True,False,,,family_survey_interior_non_survey,configs/structural_indicators_verification.yaml:790,2020년과 2023년 실제 관측값 사이의 비조사연도이다.
광주,childcare_equal_participation,2024,돌봄노동 공동 참여도,trailing_missing,2023,1,forward,1,False,True,medium,조사 비실시 연도,confirmed,boundary_carry,False,True,False,,,family_survey_boundary_non_survey,configs/structural_indicators_verification.yaml:790,2020·2023 관측 범위 밖의 비조사연도이며 본계열 boundary carry 후보이다.
광주,delivery_bed_supply,2016,(대체)분만실 병상수 보급도,leading_missing,2018,2,backward,2,True,True,high,원자료 부재,confirmed,boundary_carry,False,True,True,,,delivery_bed_before_source_start,이슈,"원자료는 2018년 3분기부터 시작한다. 추세 역외삽 대신 지역별 최초 관측연도인 2018년 값을 2016·2017년에 유지하고, 장기 소급 대체임을 플래그와 분석 한계에 남긴다."
광주,delivery_bed_supply,2017,(대체)분만실 병상수 보급도,leading_missing,2018,1,backward,2,True,True,high,원자료 부재,confirmed,boundary_carry,False,True,True,,,delivery_bed_before_source_start,이슈,"원자료는 2018년 3분기부터 시작한다. 추세 역외삽 대신 지역별 최초 관측연도인 2018년 값을 2016·2017년에 유지하고, 장기 소급 대체임을 플래그와 분석 한계에 남긴다."
광주,household_chore_equal_participation,2016,가사노동 공동 참여도,leading_missing,2020,4,backward,4,True,True,high,조사 비실시 연도,confirmed,boundary_carry,False,True,False,,,family_survey_boundary_non_survey,configs/structural_indicators_verification.yaml:790,2020·2023 관측 범위 밖의 비조사연도이며 본계열 boundary carry 후보이다.
광주,household_chore_equal_participation,2017,가사노동 공동 참여도,leading_missing,2020,3,backward,4,True,True,high,조사 비실시 연도,confirmed,boundary_carry,False,True,False,,,family_survey_boundary_non_survey,configs/structural_indicators_verification.yaml:790,2020·2023 관측 범위 밖의 비조사연도이며 본계열 boundary carry 후보이다.
광주,household_chore_equal_participation,2018,가사노동 공동 참여도,leading_missing,2020,2,backward,4,True,True,high,조사 비실시 연도,confirmed,boundary_carry,False,True,False,,,family_survey_boundary_non_survey,configs/structural_indicators_verification.yaml:790,2020·2023 관측 범위 밖의 비조사연도이며 본계열 boundary carry 후보이다.
광주,household_chore_equal_participation,2019,가사노동 공동 참여도,leading_missing,2020,1,backward,4,True,True,high,조사 비실시 연도,confirmed,boundary_carry,False,True,False,,,family_survey_boundary_non_survey,configs/structural_indicators_verification.yaml:790,2020·2023 관측 범위 밖의 비조사연도이며 본계열 boundary carry 후보이다.
광주,household_chore_equal_participation,2021,가사노동 공동 참여도,intermediate_missing,,,,,False,False,not_applicable,조사 비실시 연도,confirmed,linear_interpolation,False,True,False,,,family_survey_interior_non_survey,configs/structural_indicators_verification.yaml:790,2020년과 2023년 실제 관측값 사이의 비조사연도이다.
광주,household_chore_equal_participation,2022,가사노동 공동 참여도,intermediate_missing,,,,,False,False,not_applicable,조사 비실시 연도,confirmed,linear_interpolation,False,True,False,,,family_survey_interior_non_survey,configs/structural_indicators_verification.yaml:790,2020년과 2023년 실제 관측값 사이의 비조사연도이다.
광주,household_chore_equal_participation,2024,가사노동 공동 참여도,trailing_missing,2023,1,forward,1,False,True,medium,조사 비실시 연도,confirmed,boundary_carry,False,True,False,,,family_survey_boundary_non_survey,configs/structural_indicators_verification.yaml:790,2020·2023 관측 범위 밖의 비조사연도이며 본계열 boundary carry 후보이다.
광주,housework_gender_equality,2017,가사분담에 대한 성평등 인식,intermediate_missing,,,,,False,False,not_applicable,조사 비실시 연도,confirmed,linear_interpolation,False,True,True,,,nonlinear_housework_direct_interpolation,reports/methodology/20260805_가사분담_성평등_인식_직접보간_안전성_검증.md,"원산식 `1-|평균응답값-3|/2`은 비선형(절댓값) 변환이지만, 18개 지역 × 5개 관측연도(2016·2018·2020·2022·2024) 전부에서 평균응답값이 3점(중간) 미만이라 그 구간에서는 순수 선형함수와 같다. 검증 스크립트 (`scripts/verify_housework_gender_equality_interpolation_safety.py`)로 확인했으며, 최종값을 직접 선형보간해도 구성요소를 먼저 보간한 뒤 변환한 것과 정확히 같다."
광주,housework_gender_equality,2019,가사분담에 대한 성평등 인식,intermediate_missing,,,,,False,False,not_applicable,조사 비실시 연도,confirmed,linear_interpolation,False,True,True,,,nonlinear_housework_direct_interpolation,reports/methodology/20260805_가사분담_성평등_인식_직접보간_안전성_검증.md,"원산식 `1-|평균응답값-3|/2`은 비선형(절댓값) 변환이지만, 18개 지역 × 5개 관측연도(2016·2018·2020·2022·2024) 전부에서 평균응답값이 3점(중간) 미만이라 그 구간에서는 순수 선형함수와 같다. 검증 스크립트 (`scripts/verify_housework_gender_equality_interpolation_safety.py`)로 확인했으며, 최종값을 직접 선형보간해도 구성요소를 먼저 보간한 뒤 변환한 것과 정확히 같다."
광주,housework_gender_equality,2021,가사분담에 대한 성평등 인식,intermediate_missing,,,,,False,False,not_applicable,조사 비실시 연도,confirmed,linear_interpolation,False,True,True,,,nonlinear_housework_direct_interpolation,reports/methodology/20260805_가사분담_성평등_인식_직접보간_안전성_검증.md,"원산식 `1-|평균응답값-3|/2`은 비선형(절댓값) 변환이지만, 18개 지역 × 5개 관측연도(2016·2018·2020·2022·2024) 전부에서 평균응답값이 3점(중간) 미만이라 그 구간에서는 순수 선형함수와 같다. 검증 스크립트 (`scripts/verify_housework_gender_equality_interpolation_safety.py`)로 확인했으며, 최종값을 직접 선형보간해도 구성요소를 먼저 보간한 뒤 변환한 것과 정확히 같다."
광주,housework_gender_equality,2023,가사분담에 대한 성평등 인식,intermediate_missing,,,,,False,False,not_applicable,조사 비실시 연도,confirmed,linear_interpolation,False,True,True,,,nonlinear_housework_direct_interpolation,reports/methodology/20260805_가사분담_성평등_인식_직접보간_안전성_검증.md,"원산식 `1-|평균응답값-3|/2`은 비선형(절댓값) 변환이지만, 18개 지역 × 5개 관측연도(2016·2018·2020·2022·2024) 전부에서 평균응답값이 3점(중간) 미만이라 그 구간에서는 순수 선형함수와 같다. 검증 스크립트 (`scripts/verify_housework_gender_equality_interpolation_safety.py`)로 확인했으며, 최종값을 직접 선형보간해도 구성요소를 먼저 보간한 뒤 변환한 것과 정확히 같다."
광주,income_satisfaction,2016,소득만족도,leading_missing,2017,1,backward,1,False,True,medium,조사 비실시 연도,confirmed,boundary_carry,False,True,True,auxiliary_boundary_interpolation,2015,income_leisure_leading_non_survey,configs/structural_indicators_verification.yaml:145,본계열은 boundary carry 후보이며 2015년 값은 별도 보조 시나리오에서만 사용한다.
광주,income_satisfaction,2018,소득만족도,intermediate_missing,,,,,False,False,not_applicable,조사 비실시 연도,confirmed,linear_interpolation,False,True,True,,,income_leisure_interior_non_survey,reports/20260725_구조환경지표_통합파일_결측치_검증_결과.md:57,실제 관측값 사이의 비조사연도로 본계열 선형보간 후보이다.
광주,income_satisfaction,2020,소득만족도,intermediate_missing,,,,,False,False,not_applicable,조사 비실시 연도,confirmed,linear_interpolation,False,True,True,,,income_leisure_interior_non_survey,reports/20260725_구조환경지표_통합파일_결측치_검증_결과.md:57,실제 관측값 사이의 비조사연도로 본계열 선형보간 후보이다.
광주,income_satisfaction,2022,소득만족도,intermediate_missing,,,,,False,False,not_applicable,조사 비실시 연도,confirmed,linear_interpolation,False,True,True,,,income_leisure_interior_non_survey,reports/20260725_구조환경지표_통합파일_결측치_검증_결과.md:57,실제 관측값 사이의 비조사연도로 본계열 선형보간 후보이다.
광주,income_satisfaction,2024,소득만족도,trailing_missing,2023,1,forward,1,False,True,medium,조사 비실시 연도,confirmed,boundary_carry,False,True,True,auxiliary_boundary_interpolation,2025,income_leisure_trailing_non_survey,configs/structural_indicators_verification.yaml:145,본계열은 boundary carry 후보이며 2025년 값은 별도 보조 시나리오에서만 사용한다.
광주,leisure_satisfaction,2016,여가생활 만족도,leading_missing,2017,1,backward,1,False,True,medium,조사 비실시 연도,confirmed,boundary_carry,False,True,True,auxiliary_boundary_interpolation,2015,income_leisure_leading_non_survey,configs/structural_indicators_verification.yaml:145,본계열은 boundary carry 후보이며 2015년 값은 별도 보조 시나리오에서만 사용한다.
광주,leisure_satisfaction,2018,여가생활 만족도,intermediate_missing,,,,,False,False,not_applicable,조사 비실시 연도,confirmed,linear_interpolation,False,True,True,,,income_leisure_interior_non_survey,reports/20260725_구조환경지표_통합파일_결측치_검증_결과.md:57,실제 관측값 사이의 비조사연도로 본계열 선형보간 후보이다.
광주,leisure_satisfaction,2020,여가생활 만족도,intermediate_missing,,,,,False,False,not_applicable,조사 비실시 연도,confirmed,linear_interpolation,False,True,True,,,income_leisure_interior_non_survey,reports/20260725_구조환경지표_통합파일_결측치_검증_결과.md:57,실제 관측값 사이의 비조사연도로 본계열 선형보간 후보이다.
광주,leisure_satisfaction,2022,여가생활 만족도,intermediate_missing,,,,,False,False,not_applicable,조사 비실시 연도,confirmed,linear_interpolation,False,True,True,,,income_leisure_interior_non_survey,reports/20260725_구조환경지표_통합파일_결측치_검증_결과.md:57,실제 관측값 사이의 비조사연도로 본계열 선형보간 후보이다.
광주,leisure_satisfaction,2024,여가생활 만족도,trailing_missing,2023,1,forward,1,False,True,medium,조사 비실시 연도,confirmed,boundary_carry,False,True,True,auxiliary_boundary_interpolation,2025,income_leisure_trailing_non_survey,configs/structural_indicators_verification.yaml:145,본계열은 boundary carry 후보이며 2025년 값은 별도 보조 시나리오에서만 사용한다.
광주,marriage_perception,2017,결혼에 대한 인식,intermediate_missing,,,,,False,False,not_applicable,조사 비실시 연도,confirmed,linear_interpolation,False,True,True,,,social_survey_interior_non_survey,configs/structural_indicators_verification.yaml:460,2016·2018·2020·2022·2024 관측값 사이의 비조사연도이다.
광주,marriage_perception,2019,결혼에 대한 인식,intermediate_missing,,,,,False,False,not_applicable,조사 비실시 연도,confirmed,linear_interpolation,False,True,True,,,social_survey_interior_non_survey,configs/structural_indicators_verification.yaml:460,2016·2018·2020·2022·2024 관측값 사이의 비조사연도이다.
광주,marriage_perception,2021,결혼에 대한 인식,intermediate_missing,,,,,False,False,not_applicable,조사 비실시 연도,confirmed,linear_interpolation,False,True,True,,,social_survey_interior_non_survey,configs/structural_indicators_verification.yaml:460,2016·2018·2020·2022·2024 관측값 사이의 비조사연도이다.
광주,marriage_perception,2023,결혼에 대한 인식,intermediate_missing,,,,,False,False,not_applicable,조사 비실시 연도,confirmed,linear_interpolation,False,True,True,,,social_survey_interior_non_survey,configs/structural_indicators_verification.yaml:460,2016·2018·2020·2022·2024 관측값 사이의 비조사연도이다.
광주,postpartum_center_fee,2016,산후조리원 이용 요금,leading_missing,2023,7,backward,7,True,True,high,원자료 부재,confirmed,boundary_carry,False,True,True,,,postpartum_before_source_start,이슈,"승인된 원자료는 2023년부터 존재한다. 추세 역외삽 대신 지역별 최초 관측연도인 2023년 값을 2016–2022년에 유지하고, 장기 소급 대체임을 플래그와 분석 한계에 남긴다."
광주,postpartum_center_fee,2017,산후조리원 이용 요금,leading_missing,2023,6,backward,7,True,True,high,원자료 부재,confirmed,boundary_carry,False,True,True,,,postpartum_before_source_start,이슈,"승인된 원자료는 2023년부터 존재한다. 추세 역외삽 대신 지역별 최초 관측연도인 2023년 값을 2016–2022년에 유지하고, 장기 소급 대체임을 플래그와 분석 한계에 남긴다."
광주,postpartum_center_fee,2018,산후조리원 이용 요금,leading_missing,2023,5,backward,7,True,True,high,원자료 부재,confirmed,boundary_carry,False,True,True,,,postpartum_before_source_start,이슈,"승인된 원자료는 2023년부터 존재한다. 추세 역외삽 대신 지역별 최초 관측연도인 2023년 값을 2016–2022년에 유지하고, 장기 소급 대체임을 플래그와 분석 한계에 남긴다."
광주,postpartum_center_fee,2019,산후조리원 이용 요금,leading_missing,2023,4,backward,7,True,True,high,원자료 부재,confirmed,boundary_carry,False,True,True,,,postpartum_before_source_start,이슈,"승인된 원자료는 2023년부터 존재한다. 추세 역외삽 대신 지역별 최초 관측연도인 2023년 값을 2016–2022년에 유지하고, 장기 소급 대체임을 플래그와 분석 한계에 남긴다."
광주,postpartum_center_fee,2020,산후조리원 이용 요금,leading_missing,2023,3,backward,7,True,True,high,원자료 부재,confirmed,boundary_carry,False,True,True,,,postpartum_before_source_start,이슈,"승인된 원자료는 2023년부터 존재한다. 추세 역외삽 대신 지역별 최초 관측연도인 2023년 값을 2016–2022년에 유지하고, 장기 소급 대체임을 플래그와 분석 한계에 남긴다."
광주,postpartum_center_fee,2021,산후조리원 이용 요금,leading_missing,2023,2,backward,7,True,True,high,원자료 부재,confirmed,boundary_carry,False,True,True,,,postpartum_before_source_start,이슈,"승인된 원자료는 2023년부터 존재한다. 추세 역외삽 대신 지역별 최초 관측연도인 2023년 값을 2016–2022년에 유지하고, 장기 소급 대체임을 플래그와 분석 한계에 남긴다."
광주,postpartum_center_fee,2022,산후조리원 이용 요금,leading_missing,2023,1,backward,7,True,True,high,원자료 부재,confirmed,boundary_carry,False,True,True,,,postpartum_before_source_start,이슈,"승인된 원자료는 2023년부터 존재한다. 추세 역외삽 대신 지역별 최초 관측연도인 2023년 값을 2016–2022년에 유지하고, 장기 소급 대체임을 플래그와 분석 한계에 남긴다."
광주,postpartum_center_supply,2016,산후조리원 보급도,leading_missing,2023,7,backward,7,True,True,high,원자료 부재,confirmed,boundary_carry,False,True,True,,,postpartum_before_source_start,이슈,"승인된 원자료는 2023년부터 존재한다. 추세 역외삽 대신 지역별 최초 관측연도인 2023년 값을 2016–2022년에 유지하고, 장기 소급 대체임을 플래그와 분석 한계에 남긴다."
광주,postpartum_center_supply,2017,산후조리원 보급도,leading_missing,2023,6,backward,7,True,True,high,원자료 부재,confirmed,boundary_carry,False,True,True,,,postpartum_before_source_start,이슈,"승인된 원자료는 2023년부터 존재한다. 추세 역외삽 대신 지역별 최초 관측연도인 2023년 값을 2016–2022년에 유지하고, 장기 소급 대체임을 플래그와 분석 한계에 남긴다."
광주,postpartum_center_supply,2018,산후조리원 보급도,leading_missing,2023,5,backward,7,True,True,high,원자료 부재,confirmed,boundary_carry,False,True,True,,,postpartum_before_source_start,이슈,"승인된 원자료는 2023년부터 존재한다. 추세 역외삽 대신 지역별 최초 관측연도인 2023년 값을 2016–2022년에 유지하고, 장기 소급 대체임을 플래그와 분석 한계에 남긴다."
광주,postpartum_center_supply,2019,산후조리원 보급도,leading_missing,2023,4,backward,7,True,True,high,원자료 부재,confirmed,boundary_carry,False,True,True,,,postpartum_before_source_start,이슈,"승인된 원자료는 2023년부터 존재한다. 추세 역외삽 대신 지역별 최초 관측연도인 2023년 값을 2016–2022년에 유지하고, 장기 소급 대체임을 플래그와 분석 한계에 남긴다."
광주,postpartum_center_supply,2020,산후조리원 보급도,leading_missing,2023,3,backward,7,True,True,high,원자료 부재,confirmed,boundary_carry,False,True,True,,,postpartum_before_source_start,이슈,"승인된 원자료는 2023년부터 존재한다. 추세 역외삽 대신 지역별 최초 관측연도인 2023년 값을 2016–2022년에 유지하고, 장기 소급 대체임을 플래그와 분석 한계에 남긴다."
광주,postpartum_center_supply,2021,산후조리원 보급도,leading_missing,2023,2,backward,7,True,True,high,원자료 부재,confirmed,boundary_carry,False,True,True,,,postpartum_before_source_start,이슈,"승인된 원자료는 2023년부터 존재한다. 추세 역외삽 대신 지역별 최초 관측연도인 2023년 값을 2016–2022년에 유지하고, 장기 소급 대체임을 플래그와 분석 한계에 남긴다."
광주,postpartum_center_supply,2022,산후조리원 보급도,leading_missing,2023,1,backward,7,True,True,high,원자료 부재,confirmed,boundary_carry,False,True,True,,,postpartum_before_source_start,이슈,"승인된 원자료는 2023년부터 존재한다. 추세 역외삽 대신 지역별 최초 관측연도인 2023년 값을 2016–2022년에 유지하고, 장기 소급 대체임을 플래그와 분석 한계에 남긴다."
광주,social_safety_perception,2017,사회 안전에 대한 인식,intermediate_missing,,,,,False,False,not_applicable,조사 비실시 연도,confirmed,linear_interpolation,False,True,True,,,social_survey_interior_non_survey,configs/structural_indicators_verification.yaml:460,2016·2018·2020·2022·2024 관측값 사이의 비조사연도이다.
광주,social_safety_perception,2019,사회 안전에 대한 인식,intermediate_missing,,,,,False,False,not_applicable,조사 비실시 연도,confirmed,linear_interpolation,False,True,True,,,social_survey_interior_non_survey,configs/structural_indicators_verification.yaml:460,2016·2018·2020·2022·2024 관측값 사이의 비조사연도이다.
광주,social_safety_perception,2021,사회 안전에 대한 인식,intermediate_missing,,,,,False,False,not_applicable,조사 비실시 연도,confirmed,linear_interpolation,False,True,True,,,social_survey_interior_non_survey,configs/structural_indicators_verification.yaml:460,2016·2018·2020·2022·2024 관측값 사이의 비조사연도이다.
광주,social_safety_perception,2023,사회 안전에 대한 인식,intermediate_missing,,,,,False,False,not_applicable,조사 비실시 연도,confirmed,linear_interpolation,False,True,True,,,social_survey_interior_non_survey,configs/structural_indicators_verification.yaml:460,2016·2018·2020·2022·2024 관측값 사이의 비조사연도이다.
광주,socioeconomic_status_perception,2016,사회경제적 지위에 대한 인식,leading_missing,2020,4,backward,4,True,True,high,조사 비실시 연도,confirmed,boundary_carry,False,True,False,,,family_survey_boundary_non_survey,configs/structural_indicators_verification.yaml:790,2020·2023 관측 범위 밖의 비조사연도이며 본계열 boundary carry 후보이다.
광주,socioeconomic_status_perception,2017,사회경제적 지위에 대한 인식,leading_missing,2020,3,backward,4,True,True,high,조사 비실시 연도,confirmed,boundary_carry,False,True,False,,,family_survey_boundary_non_survey,configs/structural_indicators_verification.yaml:790,2020·2023 관측 범위 밖의 비조사연도이며 본계열 boundary carry 후보이다.
광주,socioeconomic_status_perception,2018,사회경제적 지위에 대한 인식,leading_missing,2020,2,backward,4,True,True,high,조사 비실시 연도,confirmed,boundary_carry,False,True,False,,,family_survey_boundary_non_survey,configs/structural_indicators_verification.yaml:790,2020·2023 관측 범위 밖의 비조사연도이며 본계열 boundary carry 후보이다.
광주,socioeconomic_status_perception,2019,사회경제적 지위에 대한 인식,leading_missing,2020,1,backward,4,True,True,high,조사 비실시 연도,confirmed,boundary_carry,False,True,False,,,family_survey_boundary_non_survey,configs/structural_indicators_verification.yaml:790,2020·2023 관측 범위 밖의 비조사연도이며 본계열 boundary carry 후보이다.
광주,socioeconomic_status_perception,2021,사회경제적 지위에 대한 인식,intermediate_missing,,,,,False,False,not_applicable,조사 비실시 연도,confirmed,linear_interpolation,False,True,False,,,family_survey_interior_non_survey,configs/structural_indicators_verification.yaml:790,2020년과 2023년 실제 관측값 사이의 비조사연도이다.
광주,socioeconomic_status_perception,2022,사회경제적 지위에 대한 인식,intermediate_missing,,,,,False,False,not_applicable,조사 비실시 연도,confirmed,linear_interpolation,False,True,False,,,family_survey_interior_non_survey,configs/structural_indicators_verification.yaml:790,2020년과 2023년 실제 관측값 사이의 비조사연도이다.
광주,socioeconomic_status_perception,2024,사회경제적 지위에 대한 인식,trailing_missing,2023,1,forward,1,False,True,medium,조사 비실시 연도,confirmed,boundary_carry,False,True,False,,,family_survey_boundary_non_survey,configs/structural_indicators_verification.yaml:790,2020·2023 관측 범위 밖의 비조사연도이며 본계열 boundary carry 후보이다.
대구,childbirth_perception,2016,출산에 대한 인식,leading_missing,2018,2,backward,2,True,True,high,조사 비실시 연도,confirmed,boundary_carry,False,True,True,,,childbirth_leading_non_survey,configs/structural_indicators_verification.yaml:576,지표의 첫 비교 가능 관측연도인 2018년 이전 구간이다.
대구,childbirth_perception,2017,출산에 대한 인식,leading_missing,2018,1,backward,2,True,True,high,조사 비실시 연도,confirmed,boundary_carry,False,True,True,,,childbirth_leading_non_survey,configs/structural_indicators_verification.yaml:576,지표의 첫 비교 가능 관측연도인 2018년 이전 구간이다.
대구,childbirth_perception,2019,출산에 대한 인식,intermediate_missing,,,,,False,False,not_applicable,조사 비실시 연도,confirmed,linear_interpolation,False,True,True,,,childbirth_interior_non_survey,configs/structural_indicators_verification.yaml:576,2018·2020·2022·2024 관측값 사이의 비조사연도이다.
대구,childbirth_perception,2021,출산에 대한 인식,intermediate_missing,,,,,False,False,not_applicable,조사 비실시 연도,confirmed,linear_interpolation,False,True,True,,,childbirth_interior_non_survey,configs/structural_indicators_verification.yaml:576,2018·2020·2022·2024 관측값 사이의 비조사연도이다.
대구,childbirth_perception,2023,출산에 대한 인식,intermediate_missing,,,,,False,False,not_applicable,조사 비실시 연도,confirmed,linear_interpolation,False,True,True,,,childbirth_interior_non_survey,configs/structural_indicators_verification.yaml:576,2018·2020·2022·2024 관측값 사이의 비조사연도이다.
대구,childcare_equal_participation,2016,돌봄노동 공동 참여도,leading_missing,2020,4,backward,4,True,True,high,조사 비실시 연도,confirmed,boundary_carry,False,True,False,,,family_survey_boundary_non_survey,configs/structural_indicators_verification.yaml:790,2020·2023 관측 범위 밖의 비조사연도이며 본계열 boundary carry 후보이다.
대구,childcare_equal_participation,2017,돌봄노동 공동 참여도,leading_missing,2020,3,backward,4,True,True,high,조사 비실시 연도,confirmed,boundary_carry,False,True,False,,,family_survey_boundary_non_survey,configs/structural_indicators_verification.yaml:790,2020·2023 관측 범위 밖의 비조사연도이며 본계열 boundary carry 후보이다.
대구,childcare_equal_participation,2018,돌봄노동 공동 참여도,leading_missing,2020,2,backward,4,True,True,high,조사 비실시 연도,confirmed,boundary_carry,False,True,False,,,family_survey_boundary_non_survey,configs/structural_indicators_verification.yaml:790,2020·2023 관측 범위 밖의 비조사연도이며 본계열 boundary carry 후보이다.
대구,childcare_equal_participation,2019,돌봄노동 공동 참여도,leading_missing,2020,1,backward,4,True,True,high,조사 비실시 연도,confirmed,boundary_carry,False,True,False,,,family_survey_boundary_non_survey,configs/structural_indicators_verification.yaml:790,2020·2023 관측 범위 밖의 비조사연도이며 본계열 boundary carry 후보이다.
대구,childcare_equal_participation,2021,돌봄노동 공동 참여도,intermediate_missing,,,,,False,False,not_applicable,조사 비실시 연도,confirmed,linear_interpolation,False,True,False,,,family_survey_interior_non_survey,configs/structural_indicators_verification.yaml:790,2020년과 2023년 실제 관측값 사이의 비조사연도이다.
대구,childcare_equal_participation,2022,돌봄노동 공동 참여도,intermediate_missing,,,,,False,False,not_applicable,조사 비실시 연도,confirmed,linear_interpolation,False,True,False,,,family_survey_interior_non_survey,configs/structural_indicators_verification.yaml:790,2020년과 2023년 실제 관측값 사이의 비조사연도이다.
대구,childcare_equal_participation,2024,돌봄노동 공동 참여도,trailing_missing,2023,1,forward,1,False,True,medium,조사 비실시 연도,confirmed,boundary_carry,False,True,False,,,family_survey_boundary_non_survey,configs/structural_indicators_verification.yaml:790,2020·2023 관측 범위 밖의 비조사연도이며 본계열 boundary carry 후보이다.
대구,delivery_bed_supply,2016,(대체)분만실 병상수 보급도,leading_missing,2018,2,backward,2,True,True,high,원자료 부재,confirmed,boundary_carry,False,True,True,,,delivery_bed_before_source_start,이슈,"원자료는 2018년 3분기부터 시작한다. 추세 역외삽 대신 지역별 최초 관측연도인 2018년 값을 2016·2017년에 유지하고, 장기 소급 대체임을 플래그와 분석 한계에 남긴다."
대구,delivery_bed_supply,2017,(대체)분만실 병상수 보급도,leading_missing,2018,1,backward,2,True,True,high,원자료 부재,confirmed,boundary_carry,False,True,True,,,delivery_bed_before_source_start,이슈,"원자료는 2018년 3분기부터 시작한다. 추세 역외삽 대신 지역별 최초 관측연도인 2018년 값을 2016·2017년에 유지하고, 장기 소급 대체임을 플래그와 분석 한계에 남긴다."
대구,household_chore_equal_participation,2016,가사노동 공동 참여도,leading_missing,2020,4,backward,4,True,True,high,조사 비실시 연도,confirmed,boundary_carry,False,True,False,,,family_survey_boundary_non_survey,configs/structural_indicators_verification.yaml:790,2020·2023 관측 범위 밖의 비조사연도이며 본계열 boundary carry 후보이다.
대구,household_chore_equal_participation,2017,가사노동 공동 참여도,leading_missing,2020,3,backward,4,True,True,high,조사 비실시 연도,confirmed,boundary_carry,False,True,False,,,family_survey_boundary_non_survey,configs/structural_indicators_verification.yaml:790,2020·2023 관측 범위 밖의 비조사연도이며 본계열 boundary carry 후보이다.
대구,household_chore_equal_participation,2018,가사노동 공동 참여도,leading_missing,2020,2,backward,4,True,True,high,조사 비실시 연도,confirmed,boundary_carry,False,True,False,,,family_survey_boundary_non_survey,configs/structural_indicators_verification.yaml:790,2020·2023 관측 범위 밖의 비조사연도이며 본계열 boundary carry 후보이다.
대구,household_chore_equal_participation,2019,가사노동 공동 참여도,leading_missing,2020,1,backward,4,True,True,high,조사 비실시 연도,confirmed,boundary_carry,False,True,False,,,family_survey_boundary_non_survey,configs/structural_indicators_verification.yaml:790,2020·2023 관측 범위 밖의 비조사연도이며 본계열 boundary carry 후보이다.
대구,household_chore_equal_participation,2021,가사노동 공동 참여도,intermediate_missing,,,,,False,False,not_applicable,조사 비실시 연도,confirmed,linear_interpolation,False,True,False,,,family_survey_interior_non_survey,configs/structural_indicators_verification.yaml:790,2020년과 2023년 실제 관측값 사이의 비조사연도이다.
대구,household_chore_equal_participation,2022,가사노동 공동 참여도,intermediate_missing,,,,,False,False,not_applicable,조사 비실시 연도,confirmed,linear_interpolation,False,True,False,,,family_survey_interior_non_survey,configs/structural_indicators_verification.yaml:790,2020년과 2023년 실제 관측값 사이의 비조사연도이다.
대구,household_chore_equal_participation,2024,가사노동 공동 참여도,trailing_missing,2023,1,forward,1,False,True,medium,조사 비실시 연도,confirmed,boundary_carry,False,True,False,,,family_survey_boundary_non_survey,configs/structural_indicators_verification.yaml:790,2020·2023 관측 범위 밖의 비조사연도이며 본계열 boundary carry 후보이다.
대구,housework_gender_equality,2017,가사분담에 대한 성평등 인식,intermediate_missing,,,,,False,False,not_applicable,조사 비실시 연도,confirmed,linear_interpolation,False,True,True,,,nonlinear_housework_direct_interpolation,reports/methodology/20260805_가사분담_성평등_인식_직접보간_안전성_검증.md,"원산식 `1-|평균응답값-3|/2`은 비선형(절댓값) 변환이지만, 18개 지역 × 5개 관측연도(2016·2018·2020·2022·2024) 전부에서 평균응답값이 3점(중간) 미만이라 그 구간에서는 순수 선형함수와 같다. 검증 스크립트 (`scripts/verify_housework_gender_equality_interpolation_safety.py`)로 확인했으며, 최종값을 직접 선형보간해도 구성요소를 먼저 보간한 뒤 변환한 것과 정확히 같다."
대구,housework_gender_equality,2019,가사분담에 대한 성평등 인식,intermediate_missing,,,,,False,False,not_applicable,조사 비실시 연도,confirmed,linear_interpolation,False,True,True,,,nonlinear_housework_direct_interpolation,reports/methodology/20260805_가사분담_성평등_인식_직접보간_안전성_검증.md,"원산식 `1-|평균응답값-3|/2`은 비선형(절댓값) 변환이지만, 18개 지역 × 5개 관측연도(2016·2018·2020·2022·2024) 전부에서 평균응답값이 3점(중간) 미만이라 그 구간에서는 순수 선형함수와 같다. 검증 스크립트 (`scripts/verify_housework_gender_equality_interpolation_safety.py`)로 확인했으며, 최종값을 직접 선형보간해도 구성요소를 먼저 보간한 뒤 변환한 것과 정확히 같다."
대구,housework_gender_equality,2021,가사분담에 대한 성평등 인식,intermediate_missing,,,,,False,False,not_applicable,조사 비실시 연도,confirmed,linear_interpolation,False,True,True,,,nonlinear_housework_direct_interpolation,reports/methodology/20260805_가사분담_성평등_인식_직접보간_안전성_검증.md,"원산식 `1-|평균응답값-3|/2`은 비선형(절댓값) 변환이지만, 18개 지역 × 5개 관측연도(2016·2018·2020·2022·2024) 전부에서 평균응답값이 3점(중간) 미만이라 그 구간에서는 순수 선형함수와 같다. 검증 스크립트 (`scripts/verify_housework_gender_equality_interpolation_safety.py`)로 확인했으며, 최종값을 직접 선형보간해도 구성요소를 먼저 보간한 뒤 변환한 것과 정확히 같다."
대구,housework_gender_equality,2023,가사분담에 대한 성평등 인식,intermediate_missing,,,,,False,False,not_applicable,조사 비실시 연도,confirmed,linear_interpolation,False,True,True,,,nonlinear_housework_direct_interpolation,reports/methodology/20260805_가사분담_성평등_인식_직접보간_안전성_검증.md,"원산식 `1-|평균응답값-3|/2`은 비선형(절댓값) 변환이지만, 18개 지역 × 5개 관측연도(2016·2018·2020·2022·2024) 전부에서 평균응답값이 3점(중간) 미만이라 그 구간에서는 순수 선형함수와 같다. 검증 스크립트 (`scripts/verify_housework_gender_equality_interpolation_safety.py`)로 확인했으며, 최종값을 직접 선형보간해도 구성요소를 먼저 보간한 뒤 변환한 것과 정확히 같다."
대구,income_satisfaction,2016,소득만족도,leading_missing,2017,1,backward,1,False,True,medium,조사 비실시 연도,confirmed,boundary_carry,False,True,True,auxiliary_boundary_interpolation,2015,income_leisure_leading_non_survey,configs/structural_indicators_verification.yaml:145,본계열은 boundary carry 후보이며 2015년 값은 별도 보조 시나리오에서만 사용한다.
대구,income_satisfaction,2018,소득만족도,intermediate_missing,,,,,False,False,not_applicable,조사 비실시 연도,confirmed,linear_interpolation,False,True,True,,,income_leisure_interior_non_survey,reports/20260725_구조환경지표_통합파일_결측치_검증_결과.md:57,실제 관측값 사이의 비조사연도로 본계열 선형보간 후보이다.
대구,income_satisfaction,2020,소득만족도,intermediate_missing,,,,,False,False,not_applicable,조사 비실시 연도,confirmed,linear_interpolation,False,True,True,,,income_leisure_interior_non_survey,reports/20260725_구조환경지표_통합파일_결측치_검증_결과.md:57,실제 관측값 사이의 비조사연도로 본계열 선형보간 후보이다.
대구,income_satisfaction,2022,소득만족도,intermediate_missing,,,,,False,False,not_applicable,조사 비실시 연도,confirmed,linear_interpolation,False,True,True,,,income_leisure_interior_non_survey,reports/20260725_구조환경지표_통합파일_결측치_검증_결과.md:57,실제 관측값 사이의 비조사연도로 본계열 선형보간 후보이다.
대구,income_satisfaction,2024,소득만족도,trailing_missing,2023,1,forward,1,False,True,medium,조사 비실시 연도,confirmed,boundary_carry,False,True,True,auxiliary_boundary_interpolation,2025,income_leisure_trailing_non_survey,configs/structural_indicators_verification.yaml:145,본계열은 boundary carry 후보이며 2025년 값은 별도 보조 시나리오에서만 사용한다.
대구,leisure_satisfaction,2016,여가생활 만족도,leading_missing,2017,1,backward,1,False,True,medium,조사 비실시 연도,confirmed,boundary_carry,False,True,True,auxiliary_boundary_interpolation,2015,income_leisure_leading_non_survey,configs/structural_indicators_verification.yaml:145,본계열은 boundary carry 후보이며 2015년 값은 별도 보조 시나리오에서만 사용한다.
대구,leisure_satisfaction,2018,여가생활 만족도,intermediate_missing,,,,,False,False,not_applicable,조사 비실시 연도,confirmed,linear_interpolation,False,True,True,,,income_leisure_interior_non_survey,reports/20260725_구조환경지표_통합파일_결측치_검증_결과.md:57,실제 관측값 사이의 비조사연도로 본계열 선형보간 후보이다.
대구,leisure_satisfaction,2020,여가생활 만족도,intermediate_missing,,,,,False,False,not_applicable,조사 비실시 연도,confirmed,linear_interpolation,False,True,True,,,income_leisure_interior_non_survey,reports/20260725_구조환경지표_통합파일_결측치_검증_결과.md:57,실제 관측값 사이의 비조사연도로 본계열 선형보간 후보이다.
대구,leisure_satisfaction,2022,여가생활 만족도,intermediate_missing,,,,,False,False,not_applicable,조사 비실시 연도,confirmed,linear_interpolation,False,True,True,,,income_leisure_interior_non_survey,reports/20260725_구조환경지표_통합파일_결측치_검증_결과.md:57,실제 관측값 사이의 비조사연도로 본계열 선형보간 후보이다.
대구,leisure_satisfaction,2024,여가생활 만족도,trailing_missing,2023,1,forward,1,False,True,medium,조사 비실시 연도,confirmed,boundary_carry,False,True,True,auxiliary_boundary_interpolation,2025,income_leisure_trailing_non_survey,configs/structural_indicators_verification.yaml:145,본계열은 boundary carry 후보이며 2025년 값은 별도 보조 시나리오에서만 사용한다.
대구,marriage_perception,2017,결혼에 대한 인식,intermediate_missing,,,,,False,False,not_applicable,조사 비실시 연도,confirmed,linear_interpolation,False,True,True,,,social_survey_interior_non_survey,configs/structural_indicators_verification.yaml:460,2016·2018·2020·2022·2024 관측값 사이의 비조사연도이다.
대구,marriage_perception,2019,결혼에 대한 인식,intermediate_missing,,,,,False,False,not_applicable,조사 비실시 연도,confirmed,linear_interpolation,False,True,True,,,social_survey_interior_non_survey,configs/structural_indicators_verification.yaml:460,2016·2018·2020·2022·2024 관측값 사이의 비조사연도이다.
대구,marriage_perception,2021,결혼에 대한 인식,intermediate_missing,,,,,False,False,not_applicable,조사 비실시 연도,confirmed,linear_interpolation,False,True,True,,,social_survey_interior_non_survey,configs/structural_indicators_verification.yaml:460,2016·2018·2020·2022·2024 관측값 사이의 비조사연도이다.
대구,marriage_perception,2023,결혼에 대한 인식,intermediate_missing,,,,,False,False,not_applicable,조사 비실시 연도,confirmed,linear_interpolation,False,True,True,,,social_survey_interior_non_survey,configs/structural_indicators_verification.yaml:460,2016·2018·2020·2022·2024 관측값 사이의 비조사연도이다.
대구,postpartum_center_fee,2016,산후조리원 이용 요금,leading_missing,2023,7,backward,7,True,True,high,원자료 부재,confirmed,boundary_carry,False,True,True,,,postpartum_before_source_start,이슈,"승인된 원자료는 2023년부터 존재한다. 추세 역외삽 대신 지역별 최초 관측연도인 2023년 값을 2016–2022년에 유지하고, 장기 소급 대체임을 플래그와 분석 한계에 남긴다."
대구,postpartum_center_fee,2017,산후조리원 이용 요금,leading_missing,2023,6,backward,7,True,True,high,원자료 부재,confirmed,boundary_carry,False,True,True,,,postpartum_before_source_start,이슈,"승인된 원자료는 2023년부터 존재한다. 추세 역외삽 대신 지역별 최초 관측연도인 2023년 값을 2016–2022년에 유지하고, 장기 소급 대체임을 플래그와 분석 한계에 남긴다."
대구,postpartum_center_fee,2018,산후조리원 이용 요금,leading_missing,2023,5,backward,7,True,True,high,원자료 부재,confirmed,boundary_carry,False,True,True,,,postpartum_before_source_start,이슈,"승인된 원자료는 2023년부터 존재한다. 추세 역외삽 대신 지역별 최초 관측연도인 2023년 값을 2016–2022년에 유지하고, 장기 소급 대체임을 플래그와 분석 한계에 남긴다."
대구,postpartum_center_fee,2019,산후조리원 이용 요금,leading_missing,2023,4,backward,7,True,True,high,원자료 부재,confirmed,boundary_carry,False,True,True,,,postpartum_before_source_start,이슈,"승인된 원자료는 2023년부터 존재한다. 추세 역외삽 대신 지역별 최초 관측연도인 2023년 값을 2016–2022년에 유지하고, 장기 소급 대체임을 플래그와 분석 한계에 남긴다."
대구,postpartum_center_fee,2020,산후조리원 이용 요금,leading_missing,2023,3,backward,7,True,True,high,원자료 부재,confirmed,boundary_carry,False,True,True,,,postpartum_before_source_start,이슈,"승인된 원자료는 2023년부터 존재한다. 추세 역외삽 대신 지역별 최초 관측연도인 2023년 값을 2016–2022년에 유지하고, 장기 소급 대체임을 플래그와 분석 한계에 남긴다."
대구,postpartum_center_fee,2021,산후조리원 이용 요금,leading_missing,2023,2,backward,7,True,True,high,원자료 부재,confirmed,boundary_carry,False,True,True,,,postpartum_before_source_start,이슈,"승인된 원자료는 2023년부터 존재한다. 추세 역외삽 대신 지역별 최초 관측연도인 2023년 값을 2016–2022년에 유지하고, 장기 소급 대체임을 플래그와 분석 한계에 남긴다."
대구,postpartum_center_fee,2022,산후조리원 이용 요금,leading_missing,2023,1,backward,7,True,True,high,원자료 부재,confirmed,boundary_carry,False,True,True,,,postpartum_before_source_start,이슈,"승인된 원자료는 2023년부터 존재한다. 추세 역외삽 대신 지역별 최초 관측연도인 2023년 값을 2016–2022년에 유지하고, 장기 소급 대체임을 플래그와 분석 한계에 남긴다."
대구,postpartum_center_supply,2016,산후조리원 보급도,leading_missing,2023,7,backward,7,True,True,high,원자료 부재,confirmed,boundary_carry,False,True,True,,,postpartum_before_source_start,이슈,"승인된 원자료는 2023년부터 존재한다. 추세 역외삽 대신 지역별 최초 관측연도인 2023년 값을 2016–2022년에 유지하고, 장기 소급 대체임을 플래그와 분석 한계에 남긴다."
대구,postpartum_center_supply,2017,산후조리원 보급도,leading_missing,2023,6,backward,7,True,True,high,원자료 부재,confirmed,boundary_carry,False,True,True,,,postpartum_before_source_start,이슈,"승인된 원자료는 2023년부터 존재한다. 추세 역외삽 대신 지역별 최초 관측연도인 2023년 값을 2016–2022년에 유지하고, 장기 소급 대체임을 플래그와 분석 한계에 남긴다."
대구,postpartum_center_supply,2018,산후조리원 보급도,leading_missing,2023,5,backward,7,True,True,high,원자료 부재,confirmed,boundary_carry,False,True,True,,,postpartum_before_source_start,이슈,"승인된 원자료는 2023년부터 존재한다. 추세 역외삽 대신 지역별 최초 관측연도인 2023년 값을 2016–2022년에 유지하고, 장기 소급 대체임을 플래그와 분석 한계에 남긴다."
대구,postpartum_center_supply,2019,산후조리원 보급도,leading_missing,2023,4,backward,7,True,True,high,원자료 부재,confirmed,boundary_carry,False,True,True,,,postpartum_before_source_start,이슈,"승인된 원자료는 2023년부터 존재한다. 추세 역외삽 대신 지역별 최초 관측연도인 2023년 값을 2016–2022년에 유지하고, 장기 소급 대체임을 플래그와 분석 한계에 남긴다."
대구,postpartum_center_supply,2020,산후조리원 보급도,leading_missing,2023,3,backward,7,True,True,high,원자료 부재,confirmed,boundary_carry,False,True,True,,,postpartum_before_source_start,이슈,"승인된 원자료는 2023년부터 존재한다. 추세 역외삽 대신 지역별 최초 관측연도인 2023년 값을 2016–2022년에 유지하고, 장기 소급 대체임을 플래그와 분석 한계에 남긴다."
대구,postpartum_center_supply,2021,산후조리원 보급도,leading_missing,2023,2,backward,7,True,True,high,원자료 부재,confirmed,boundary_carry,False,True,True,,,postpartum_before_source_start,이슈,"승인된 원자료는 2023년부터 존재한다. 추세 역외삽 대신 지역별 최초 관측연도인 2023년 값을 2016–2022년에 유지하고, 장기 소급 대체임을 플래그와 분석 한계에 남긴다."
대구,postpartum_center_supply,2022,산후조리원 보급도,leading_missing,2023,1,backward,7,True,True,high,원자료 부재,confirmed,boundary_carry,False,True,True,,,postpartum_before_source_start,이슈,"승인된 원자료는 2023년부터 존재한다. 추세 역외삽 대신 지역별 최초 관측연도인 2023년 값을 2016–2022년에 유지하고, 장기 소급 대체임을 플래그와 분석 한계에 남긴다."
대구,social_safety_perception,2017,사회 안전에 대한 인식,intermediate_missing,,,,,False,False,not_applicable,조사 비실시 연도,confirmed,linear_interpolation,False,True,True,,,social_survey_interior_non_survey,configs/structural_indicators_verification.yaml:460,2016·2018·2020·2022·2024 관측값 사이의 비조사연도이다.
대구,social_safety_perception,2019,사회 안전에 대한 인식,intermediate_missing,,,,,False,False,not_applicable,조사 비실시 연도,confirmed,linear_interpolation,False,True,True,,,social_survey_interior_non_survey,configs/structural_indicators_verification.yaml:460,2016·2018·2020·2022·2024 관측값 사이의 비조사연도이다.
대구,social_safety_perception,2021,사회 안전에 대한 인식,intermediate_missing,,,,,False,False,not_applicable,조사 비실시 연도,confirmed,linear_interpolation,False,True,True,,,social_survey_interior_non_survey,configs/structural_indicators_verification.yaml:460,2016·2018·2020·2022·2024 관측값 사이의 비조사연도이다.
대구,social_safety_perception,2023,사회 안전에 대한 인식,intermediate_missing,,,,,False,False,not_applicable,조사 비실시 연도,confirmed,linear_interpolation,False,True,True,,,social_survey_interior_non_survey,configs/structural_indicators_verification.yaml:460,2016·2018·2020·2022·2024 관측값 사이의 비조사연도이다.
대구,socioeconomic_status_perception,2016,사회경제적 지위에 대한 인식,leading_missing,2020,4,backward,4,True,True,high,조사 비실시 연도,confirmed,boundary_carry,False,True,False,,,family_survey_boundary_non_survey,configs/structural_indicators_verification.yaml:790,2020·2023 관측 범위 밖의 비조사연도이며 본계열 boundary carry 후보이다.
대구,socioeconomic_status_perception,2017,사회경제적 지위에 대한 인식,leading_missing,2020,3,backward,4,True,True,high,조사 비실시 연도,confirmed,boundary_carry,False,True,False,,,family_survey_boundary_non_survey,configs/structural_indicators_verification.yaml:790,2020·2023 관측 범위 밖의 비조사연도이며 본계열 boundary carry 후보이다.
대구,socioeconomic_status_perception,2018,사회경제적 지위에 대한 인식,leading_missing,2020,2,backward,4,True,True,high,조사 비실시 연도,confirmed,boundary_carry,False,True,False,,,family_survey_boundary_non_survey,configs/structural_indicators_verification.yaml:790,2020·2023 관측 범위 밖의 비조사연도이며 본계열 boundary carry 후보이다.
대구,socioeconomic_status_perception,2019,사회경제적 지위에 대한 인식,leading_missing,2020,1,backward,4,True,True,high,조사 비실시 연도,confirmed,boundary_carry,False,True,False,,,family_survey_boundary_non_survey,configs/structural_indicators_verification.yaml:790,2020·2023 관측 범위 밖의 비조사연도이며 본계열 boundary carry 후보이다.
대구,socioeconomic_status_perception,2021,사회경제적 지위에 대한 인식,intermediate_missing,,,,,False,False,not_applicable,조사 비실시 연도,confirmed,linear_interpolation,False,True,False,,,family_survey_interior_non_survey,configs/structural_indicators_verification.yaml:790,2020년과 2023년 실제 관측값 사이의 비조사연도이다.
대구,socioeconomic_status_perception,2022,사회경제적 지위에 대한 인식,intermediate_missing,,,,,False,False,not_applicable,조사 비실시 연도,confirmed,linear_interpolation,False,True,False,,,family_survey_interior_non_survey,configs/structural_indicators_verification.yaml:790,2020년과 2023년 실제 관측값 사이의 비조사연도이다.
대구,socioeconomic_status_perception,2024,사회경제적 지위에 대한 인식,trailing_missing,2023,1,forward,1,False,True,medium,조사 비실시 연도,confirmed,boundary_carry,False,True,False,,,family_survey_boundary_non_survey,configs/structural_indicators_verification.yaml:790,2020·2023 관측 범위 밖의 비조사연도이며 본계열 boundary carry 후보이다.
대전,childbirth_perception,2016,출산에 대한 인식,leading_missing,2018,2,backward,2,True,True,high,조사 비실시 연도,confirmed,boundary_carry,False,True,True,,,childbirth_leading_non_survey,configs/structural_indicators_verification.yaml:576,지표의 첫 비교 가능 관측연도인 2018년 이전 구간이다.
대전,childbirth_perception,2017,출산에 대한 인식,leading_missing,2018,1,backward,2,True,True,high,조사 비실시 연도,confirmed,boundary_carry,False,True,True,,,childbirth_leading_non_survey,configs/structural_indicators_verification.yaml:576,지표의 첫 비교 가능 관측연도인 2018년 이전 구간이다.
대전,childbirth_perception,2019,출산에 대한 인식,intermediate_missing,,,,,False,False,not_applicable,조사 비실시 연도,confirmed,linear_interpolation,False,True,True,,,childbirth_interior_non_survey,configs/structural_indicators_verification.yaml:576,2018·2020·2022·2024 관측값 사이의 비조사연도이다.
대전,childbirth_perception,2021,출산에 대한 인식,intermediate_missing,,,,,False,False,not_applicable,조사 비실시 연도,confirmed,linear_interpolation,False,True,True,,,childbirth_interior_non_survey,configs/structural_indicators_verification.yaml:576,2018·2020·2022·2024 관측값 사이의 비조사연도이다.
대전,childbirth_perception,2023,출산에 대한 인식,intermediate_missing,,,,,False,False,not_applicable,조사 비실시 연도,confirmed,linear_interpolation,False,True,True,,,childbirth_interior_non_survey,configs/structural_indicators_verification.yaml:576,2018·2020·2022·2024 관측값 사이의 비조사연도이다.
대전,childcare_equal_participation,2016,돌봄노동 공동 참여도,leading_missing,2020,4,backward,4,True,True,high,조사 비실시 연도,confirmed,boundary_carry,False,True,False,,,family_survey_boundary_non_survey,configs/structural_indicators_verification.yaml:790,2020·2023 관측 범위 밖의 비조사연도이며 본계열 boundary carry 후보이다.
대전,childcare_equal_participation,2017,돌봄노동 공동 참여도,leading_missing,2020,3,backward,4,True,True,high,조사 비실시 연도,confirmed,boundary_carry,False,True,False,,,family_survey_boundary_non_survey,configs/structural_indicators_verification.yaml:790,2020·2023 관측 범위 밖의 비조사연도이며 본계열 boundary carry 후보이다.
대전,childcare_equal_participation,2018,돌봄노동 공동 참여도,leading_missing,2020,2,backward,4,True,True,high,조사 비실시 연도,confirmed,boundary_carry,False,True,False,,,family_survey_boundary_non_survey,configs/structural_indicators_verification.yaml:790,2020·2023 관측 범위 밖의 비조사연도이며 본계열 boundary carry 후보이다.
대전,childcare_equal_participation,2019,돌봄노동 공동 참여도,leading_missing,2020,1,backward,4,True,True,high,조사 비실시 연도,confirmed,boundary_carry,False,True,False,,,family_survey_boundary_non_survey,configs/structural_indicators_verification.yaml:790,2020·2023 관측 범위 밖의 비조사연도이며 본계열 boundary carry 후보이다.
대전,childcare_equal_participation,2021,돌봄노동 공동 참여도,intermediate_missing,,,,,False,False,not_applicable,조사 비실시 연도,confirmed,linear_interpolation,False,True,False,,,family_survey_interior_non_survey,configs/structural_indicators_verification.yaml:790,2020년과 2023년 실제 관측값 사이의 비조사연도이다.
대전,childcare_equal_participation,2022,돌봄노동 공동 참여도,intermediate_missing,,,,,False,False,not_applicable,조사 비실시 연도,confirmed,linear_interpolation,False,True,False,,,family_survey_interior_non_survey,configs/structural_indicators_verification.yaml:790,2020년과 2023년 실제 관측값 사이의 비조사연도이다.
대전,childcare_equal_participation,2024,돌봄노동 공동 참여도,trailing_missing,2023,1,forward,1,False,True,medium,조사 비실시 연도,confirmed,boundary_carry,False,True,False,,,family_survey_boundary_non_survey,configs/structural_indicators_verification.yaml:790,2020·2023 관측 범위 밖의 비조사연도이며 본계열 boundary carry 후보이다.
대전,delivery_bed_supply,2016,(대체)분만실 병상수 보급도,leading_missing,2018,2,backward,2,True,True,high,원자료 부재,confirmed,boundary_carry,False,True,True,,,delivery_bed_before_source_start,이슈,"원자료는 2018년 3분기부터 시작한다. 추세 역외삽 대신 지역별 최초 관측연도인 2018년 값을 2016·2017년에 유지하고, 장기 소급 대체임을 플래그와 분석 한계에 남긴다."
대전,delivery_bed_supply,2017,(대체)분만실 병상수 보급도,leading_missing,2018,1,backward,2,True,True,high,원자료 부재,confirmed,boundary_carry,False,True,True,,,delivery_bed_before_source_start,이슈,"원자료는 2018년 3분기부터 시작한다. 추세 역외삽 대신 지역별 최초 관측연도인 2018년 값을 2016·2017년에 유지하고, 장기 소급 대체임을 플래그와 분석 한계에 남긴다."
대전,household_chore_equal_participation,2016,가사노동 공동 참여도,leading_missing,2020,4,backward,4,True,True,high,조사 비실시 연도,confirmed,boundary_carry,False,True,False,,,family_survey_boundary_non_survey,configs/structural_indicators_verification.yaml:790,2020·2023 관측 범위 밖의 비조사연도이며 본계열 boundary carry 후보이다.
대전,household_chore_equal_participation,2017,가사노동 공동 참여도,leading_missing,2020,3,backward,4,True,True,high,조사 비실시 연도,confirmed,boundary_carry,False,True,False,,,family_survey_boundary_non_survey,configs/structural_indicators_verification.yaml:790,2020·2023 관측 범위 밖의 비조사연도이며 본계열 boundary carry 후보이다.
대전,household_chore_equal_participation,2018,가사노동 공동 참여도,leading_missing,2020,2,backward,4,True,True,high,조사 비실시 연도,confirmed,boundary_carry,False,True,False,,,family_survey_boundary_non_survey,configs/structural_indicators_verification.yaml:790,2020·2023 관측 범위 밖의 비조사연도이며 본계열 boundary carry 후보이다.
대전,household_chore_equal_participation,2019,가사노동 공동 참여도,leading_missing,2020,1,backward,4,True,True,high,조사 비실시 연도,confirmed,boundary_carry,False,True,False,,,family_survey_boundary_non_survey,configs/structural_indicators_verification.yaml:790,2020·2023 관측 범위 밖의 비조사연도이며 본계열 boundary carry 후보이다.
대전,household_chore_equal_participation,2021,가사노동 공동 참여도,intermediate_missing,,,,,False,False,not_applicable,조사 비실시 연도,confirmed,linear_interpolation,False,True,False,,,family_survey_interior_non_survey,configs/structural_indicators_verification.yaml:790,2020년과 2023년 실제 관측값 사이의 비조사연도이다.
대전,household_chore_equal_participation,2022,가사노동 공동 참여도,intermediate_missing,,,,,False,False,not_applicable,조사 비실시 연도,confirmed,linear_interpolation,False,True,False,,,family_survey_interior_non_survey,configs/structural_indicators_verification.yaml:790,2020년과 2023년 실제 관측값 사이의 비조사연도이다.
대전,household_chore_equal_participation,2024,가사노동 공동 참여도,trailing_missing,2023,1,forward,1,False,True,medium,조사 비실시 연도,confirmed,boundary_carry,False,True,False,,,family_survey_boundary_non_survey,configs/structural_indicators_verification.yaml:790,2020·2023 관측 범위 밖의 비조사연도이며 본계열 boundary carry 후보이다.
대전,housework_gender_equality,2017,가사분담에 대한 성평등 인식,intermediate_missing,,,,,False,False,not_applicable,조사 비실시 연도,confirmed,linear_interpolation,False,True,True,,,nonlinear_housework_direct_interpolation,reports/methodology/20260805_가사분담_성평등_인식_직접보간_안전성_검증.md,"원산식 `1-|평균응답값-3|/2`은 비선형(절댓값) 변환이지만, 18개 지역 × 5개 관측연도(2016·2018·2020·2022·2024) 전부에서 평균응답값이 3점(중간) 미만이라 그 구간에서는 순수 선형함수와 같다. 검증 스크립트 (`scripts/verify_housework_gender_equality_interpolation_safety.py`)로 확인했으며, 최종값을 직접 선형보간해도 구성요소를 먼저 보간한 뒤 변환한 것과 정확히 같다."
대전,housework_gender_equality,2019,가사분담에 대한 성평등 인식,intermediate_missing,,,,,False,False,not_applicable,조사 비실시 연도,confirmed,linear_interpolation,False,True,True,,,nonlinear_housework_direct_interpolation,reports/methodology/20260805_가사분담_성평등_인식_직접보간_안전성_검증.md,"원산식 `1-|평균응답값-3|/2`은 비선형(절댓값) 변환이지만, 18개 지역 × 5개 관측연도(2016·2018·2020·2022·2024) 전부에서 평균응답값이 3점(중간) 미만이라 그 구간에서는 순수 선형함수와 같다. 검증 스크립트 (`scripts/verify_housework_gender_equality_interpolation_safety.py`)로 확인했으며, 최종값을 직접 선형보간해도 구성요소를 먼저 보간한 뒤 변환한 것과 정확히 같다."
대전,housework_gender_equality,2021,가사분담에 대한 성평등 인식,intermediate_missing,,,,,False,False,not_applicable,조사 비실시 연도,confirmed,linear_interpolation,False,True,True,,,nonlinear_housework_direct_interpolation,reports/methodology/20260805_가사분담_성평등_인식_직접보간_안전성_검증.md,"원산식 `1-|평균응답값-3|/2`은 비선형(절댓값) 변환이지만, 18개 지역 × 5개 관측연도(2016·2018·2020·2022·2024) 전부에서 평균응답값이 3점(중간) 미만이라 그 구간에서는 순수 선형함수와 같다. 검증 스크립트 (`scripts/verify_housework_gender_equality_interpolation_safety.py`)로 확인했으며, 최종값을 직접 선형보간해도 구성요소를 먼저 보간한 뒤 변환한 것과 정확히 같다."
대전,housework_gender_equality,2023,가사분담에 대한 성평등 인식,intermediate_missing,,,,,False,False,not_applicable,조사 비실시 연도,confirmed,linear_interpolation,False,True,True,,,nonlinear_housework_direct_interpolation,reports/methodology/20260805_가사분담_성평등_인식_직접보간_안전성_검증.md,"원산식 `1-|평균응답값-3|/2`은 비선형(절댓값) 변환이지만, 18개 지역 × 5개 관측연도(2016·2018·2020·2022·2024) 전부에서 평균응답값이 3점(중간) 미만이라 그 구간에서는 순수 선형함수와 같다. 검증 스크립트 (`scripts/verify_housework_gender_equality_interpolation_safety.py`)로 확인했으며, 최종값을 직접 선형보간해도 구성요소를 먼저 보간한 뒤 변환한 것과 정확히 같다."
대전,income_satisfaction,2016,소득만족도,leading_missing,2017,1,backward,1,False,True,medium,조사 비실시 연도,confirmed,boundary_carry,False,True,True,auxiliary_boundary_interpolation,2015,income_leisure_leading_non_survey,configs/structural_indicators_verification.yaml:145,본계열은 boundary carry 후보이며 2015년 값은 별도 보조 시나리오에서만 사용한다.
대전,income_satisfaction,2018,소득만족도,intermediate_missing,,,,,False,False,not_applicable,조사 비실시 연도,confirmed,linear_interpolation,False,True,True,,,income_leisure_interior_non_survey,reports/20260725_구조환경지표_통합파일_결측치_검증_결과.md:57,실제 관측값 사이의 비조사연도로 본계열 선형보간 후보이다.
대전,income_satisfaction,2020,소득만족도,intermediate_missing,,,,,False,False,not_applicable,조사 비실시 연도,confirmed,linear_interpolation,False,True,True,,,income_leisure_interior_non_survey,reports/20260725_구조환경지표_통합파일_결측치_검증_결과.md:57,실제 관측값 사이의 비조사연도로 본계열 선형보간 후보이다.
대전,income_satisfaction,2022,소득만족도,intermediate_missing,,,,,False,False,not_applicable,조사 비실시 연도,confirmed,linear_interpolation,False,True,True,,,income_leisure_interior_non_survey,reports/20260725_구조환경지표_통합파일_결측치_검증_결과.md:57,실제 관측값 사이의 비조사연도로 본계열 선형보간 후보이다.
대전,income_satisfaction,2024,소득만족도,trailing_missing,2023,1,forward,1,False,True,medium,조사 비실시 연도,confirmed,boundary_carry,False,True,True,auxiliary_boundary_interpolation,2025,income_leisure_trailing_non_survey,configs/structural_indicators_verification.yaml:145,본계열은 boundary carry 후보이며 2025년 값은 별도 보조 시나리오에서만 사용한다.
대전,leisure_satisfaction,2016,여가생활 만족도,leading_missing,2017,1,backward,1,False,True,medium,조사 비실시 연도,confirmed,boundary_carry,False,True,True,auxiliary_boundary_interpolation,2015,income_leisure_leading_non_survey,configs/structural_indicators_verification.yaml:145,본계열은 boundary carry 후보이며 2015년 값은 별도 보조 시나리오에서만 사용한다.
대전,leisure_satisfaction,2018,여가생활 만족도,intermediate_missing,,,,,False,False,not_applicable,조사 비실시 연도,confirmed,linear_interpolation,False,True,True,,,income_leisure_interior_non_survey,reports/20260725_구조환경지표_통합파일_결측치_검증_결과.md:57,실제 관측값 사이의 비조사연도로 본계열 선형보간 후보이다.
대전,leisure_satisfaction,2020,여가생활 만족도,intermediate_missing,,,,,False,False,not_applicable,조사 비실시 연도,confirmed,linear_interpolation,False,True,True,,,income_leisure_interior_non_survey,reports/20260725_구조환경지표_통합파일_결측치_검증_결과.md:57,실제 관측값 사이의 비조사연도로 본계열 선형보간 후보이다.
대전,leisure_satisfaction,2022,여가생활 만족도,intermediate_missing,,,,,False,False,not_applicable,조사 비실시 연도,confirmed,linear_interpolation,False,True,True,,,income_leisure_interior_non_survey,reports/20260725_구조환경지표_통합파일_결측치_검증_결과.md:57,실제 관측값 사이의 비조사연도로 본계열 선형보간 후보이다.
대전,leisure_satisfaction,2024,여가생활 만족도,trailing_missing,2023,1,forward,1,False,True,medium,조사 비실시 연도,confirmed,boundary_carry,False,True,True,auxiliary_boundary_interpolation,2025,income_leisure_trailing_non_survey,configs/structural_indicators_verification.yaml:145,본계열은 boundary carry 후보이며 2025년 값은 별도 보조 시나리오에서만 사용한다.
대전,marriage_perception,2017,결혼에 대한 인식,intermediate_missing,,,,,False,False,not_applicable,조사 비실시 연도,confirmed,linear_interpolation,False,True,True,,,social_survey_interior_non_survey,configs/structural_indicators_verification.yaml:460,2016·2018·2020·2022·2024 관측값 사이의 비조사연도이다.
대전,marriage_perception,2019,결혼에 대한 인식,intermediate_missing,,,,,False,False,not_applicable,조사 비실시 연도,confirmed,linear_interpolation,False,True,True,,,social_survey_interior_non_survey,configs/structural_indicators_verification.yaml:460,2016·2018·2020·2022·2024 관측값 사이의 비조사연도이다.
대전,marriage_perception,2021,결혼에 대한 인식,intermediate_missing,,,,,False,False,not_applicable,조사 비실시 연도,confirmed,linear_interpolation,False,True,True,,,social_survey_interior_non_survey,configs/structural_indicators_verification.yaml:460,2016·2018·2020·2022·2024 관측값 사이의 비조사연도이다.
대전,marriage_perception,2023,결혼에 대한 인식,intermediate_missing,,,,,False,False,not_applicable,조사 비실시 연도,confirmed,linear_interpolation,False,True,True,,,social_survey_interior_non_survey,configs/structural_indicators_verification.yaml:460,2016·2018·2020·2022·2024 관측값 사이의 비조사연도이다.
대전,postpartum_center_fee,2016,산후조리원 이용 요금,leading_missing,2023,7,backward,7,True,True,high,원자료 부재,confirmed,boundary_carry,False,True,True,,,postpartum_before_source_start,이슈,"승인된 원자료는 2023년부터 존재한다. 추세 역외삽 대신 지역별 최초 관측연도인 2023년 값을 2016–2022년에 유지하고, 장기 소급 대체임을 플래그와 분석 한계에 남긴다."
대전,postpartum_center_fee,2017,산후조리원 이용 요금,leading_missing,2023,6,backward,7,True,True,high,원자료 부재,confirmed,boundary_carry,False,True,True,,,postpartum_before_source_start,이슈,"승인된 원자료는 2023년부터 존재한다. 추세 역외삽 대신 지역별 최초 관측연도인 2023년 값을 2016–2022년에 유지하고, 장기 소급 대체임을 플래그와 분석 한계에 남긴다."
대전,postpartum_center_fee,2018,산후조리원 이용 요금,leading_missing,2023,5,backward,7,True,True,high,원자료 부재,confirmed,boundary_carry,False,True,True,,,postpartum_before_source_start,이슈,"승인된 원자료는 2023년부터 존재한다. 추세 역외삽 대신 지역별 최초 관측연도인 2023년 값을 2016–2022년에 유지하고, 장기 소급 대체임을 플래그와 분석 한계에 남긴다."
대전,postpartum_center_fee,2019,산후조리원 이용 요금,leading_missing,2023,4,backward,7,True,True,high,원자료 부재,confirmed,boundary_carry,False,True,True,,,postpartum_before_source_start,이슈,"승인된 원자료는 2023년부터 존재한다. 추세 역외삽 대신 지역별 최초 관측연도인 2023년 값을 2016–2022년에 유지하고, 장기 소급 대체임을 플래그와 분석 한계에 남긴다."
대전,postpartum_center_fee,2020,산후조리원 이용 요금,leading_missing,2023,3,backward,7,True,True,high,원자료 부재,confirmed,boundary_carry,False,True,True,,,postpartum_before_source_start,이슈,"승인된 원자료는 2023년부터 존재한다. 추세 역외삽 대신 지역별 최초 관측연도인 2023년 값을 2016–2022년에 유지하고, 장기 소급 대체임을 플래그와 분석 한계에 남긴다."
대전,postpartum_center_fee,2021,산후조리원 이용 요금,leading_missing,2023,2,backward,7,True,True,high,원자료 부재,confirmed,boundary_carry,False,True,True,,,postpartum_before_source_start,이슈,"승인된 원자료는 2023년부터 존재한다. 추세 역외삽 대신 지역별 최초 관측연도인 2023년 값을 2016–2022년에 유지하고, 장기 소급 대체임을 플래그와 분석 한계에 남긴다."
대전,postpartum_center_fee,2022,산후조리원 이용 요금,leading_missing,2023,1,backward,7,True,True,high,원자료 부재,confirmed,boundary_carry,False,True,True,,,postpartum_before_source_start,이슈,"승인된 원자료는 2023년부터 존재한다. 추세 역외삽 대신 지역별 최초 관측연도인 2023년 값을 2016–2022년에 유지하고, 장기 소급 대체임을 플래그와 분석 한계에 남긴다."
대전,postpartum_center_supply,2016,산후조리원 보급도,leading_missing,2023,7,backward,7,True,True,high,원자료 부재,confirmed,boundary_carry,False,True,True,,,postpartum_before_source_start,이슈,"승인된 원자료는 2023년부터 존재한다. 추세 역외삽 대신 지역별 최초 관측연도인 2023년 값을 2016–2022년에 유지하고, 장기 소급 대체임을 플래그와 분석 한계에 남긴다."
대전,postpartum_center_supply,2017,산후조리원 보급도,leading_missing,2023,6,backward,7,True,True,high,원자료 부재,confirmed,boundary_carry,False,True,True,,,postpartum_before_source_start,이슈,"승인된 원자료는 2023년부터 존재한다. 추세 역외삽 대신 지역별 최초 관측연도인 2023년 값을 2016–2022년에 유지하고, 장기 소급 대체임을 플래그와 분석 한계에 남긴다."
대전,postpartum_center_supply,2018,산후조리원 보급도,leading_missing,2023,5,backward,7,True,True,high,원자료 부재,confirmed,boundary_carry,False,True,True,,,postpartum_before_source_start,이슈,"승인된 원자료는 2023년부터 존재한다. 추세 역외삽 대신 지역별 최초 관측연도인 2023년 값을 2016–2022년에 유지하고, 장기 소급 대체임을 플래그와 분석 한계에 남긴다."
대전,postpartum_center_supply,2019,산후조리원 보급도,leading_missing,2023,4,backward,7,True,True,high,원자료 부재,confirmed,boundary_carry,False,True,True,,,postpartum_before_source_start,이슈,"승인된 원자료는 2023년부터 존재한다. 추세 역외삽 대신 지역별 최초 관측연도인 2023년 값을 2016–2022년에 유지하고, 장기 소급 대체임을 플래그와 분석 한계에 남긴다."
대전,postpartum_center_supply,2020,산후조리원 보급도,leading_missing,2023,3,backward,7,True,True,high,원자료 부재,confirmed,boundary_carry,False,True,True,,,postpartum_before_source_start,이슈,"승인된 원자료는 2023년부터 존재한다. 추세 역외삽 대신 지역별 최초 관측연도인 2023년 값을 2016–2022년에 유지하고, 장기 소급 대체임을 플래그와 분석 한계에 남긴다."
대전,postpartum_center_supply,2021,산후조리원 보급도,leading_missing,2023,2,backward,7,True,True,high,원자료 부재,confirmed,boundary_carry,False,True,True,,,postpartum_before_source_start,이슈,"승인된 원자료는 2023년부터 존재한다. 추세 역외삽 대신 지역별 최초 관측연도인 2023년 값을 2016–2022년에 유지하고, 장기 소급 대체임을 플래그와 분석 한계에 남긴다."
대전,postpartum_center_supply,2022,산후조리원 보급도,leading_missing,2023,1,backward,7,True,True,high,원자료 부재,confirmed,boundary_carry,False,True,True,,,postpartum_before_source_start,이슈,"승인된 원자료는 2023년부터 존재한다. 추세 역외삽 대신 지역별 최초 관측연도인 2023년 값을 2016–2022년에 유지하고, 장기 소급 대체임을 플래그와 분석 한계에 남긴다."
대전,social_safety_perception,2017,사회 안전에 대한 인식,intermediate_missing,,,,,False,False,not_applicable,조사 비실시 연도,confirmed,linear_interpolation,False,True,True,,,social_survey_interior_non_survey,configs/structural_indicators_verification.yaml:460,2016·2018·2020·2022·2024 관측값 사이의 비조사연도이다.
대전,social_safety_perception,2019,사회 안전에 대한 인식,intermediate_missing,,,,,False,False,not_applicable,조사 비실시 연도,confirmed,linear_interpolation,False,True,True,,,social_survey_interior_non_survey,configs/structural_indicators_verification.yaml:460,2016·2018·2020·2022·2024 관측값 사이의 비조사연도이다.
대전,social_safety_perception,2021,사회 안전에 대한 인식,intermediate_missing,,,,,False,False,not_applicable,조사 비실시 연도,confirmed,linear_interpolation,False,True,True,,,social_survey_interior_non_survey,configs/structural_indicators_verification.yaml:460,2016·2018·2020·2022·2024 관측값 사이의 비조사연도이다.
대전,social_safety_perception,2023,사회 안전에 대한 인식,intermediate_missing,,,,,False,False,not_applicable,조사 비실시 연도,confirmed,linear_interpolation,False,True,True,,,social_survey_interior_non_survey,configs/structural_indicators_verification.yaml:460,2016·2018·2020·2022·2024 관측값 사이의 비조사연도이다.
대전,socioeconomic_status_perception,2016,사회경제적 지위에 대한 인식,leading_missing,2020,4,backward,4,True,True,high,조사 비실시 연도,confirmed,boundary_carry,False,True,False,,,family_survey_boundary_non_survey,configs/structural_indicators_verification.yaml:790,2020·2023 관측 범위 밖의 비조사연도이며 본계열 boundary carry 후보이다.
대전,socioeconomic_status_perception,2017,사회경제적 지위에 대한 인식,leading_missing,2020,3,backward,4,True,True,high,조사 비실시 연도,confirmed,boundary_carry,False,True,False,,,family_survey_boundary_non_survey,configs/structural_indicators_verification.yaml:790,2020·2023 관측 범위 밖의 비조사연도이며 본계열 boundary carry 후보이다.
대전,socioeconomic_status_perception,2018,사회경제적 지위에 대한 인식,leading_missing,2020,2,backward,4,True,True,high,조사 비실시 연도,confirmed,boundary_carry,False,True,False,,,family_survey_boundary_non_survey,configs/structural_indicators_verification.yaml:790,2020·2023 관측 범위 밖의 비조사연도이며 본계열 boundary carry 후보이다.
대전,socioeconomic_status_perception,2019,사회경제적 지위에 대한 인식,leading_missing,2020,1,backward,4,True,True,high,조사 비실시 연도,confirmed,boundary_carry,False,True,False,,,family_survey_boundary_non_survey,configs/structural_indicators_verification.yaml:790,2020·2023 관측 범위 밖의 비조사연도이며 본계열 boundary carry 후보이다.
대전,socioeconomic_status_perception,2021,사회경제적 지위에 대한 인식,intermediate_missing,,,,,False,False,not_applicable,조사 비실시 연도,confirmed,linear_interpolation,False,True,False,,,family_survey_interior_non_survey,configs/structural_indicators_verification.yaml:790,2020년과 2023년 실제 관측값 사이의 비조사연도이다.
대전,socioeconomic_status_perception,2022,사회경제적 지위에 대한 인식,intermediate_missing,,,,,False,False,not_applicable,조사 비실시 연도,confirmed,linear_interpolation,False,True,False,,,family_survey_interior_non_survey,configs/structural_indicators_verification.yaml:790,2020년과 2023년 실제 관측값 사이의 비조사연도이다.
대전,socioeconomic_status_perception,2024,사회경제적 지위에 대한 인식,trailing_missing,2023,1,forward,1,False,True,medium,조사 비실시 연도,confirmed,boundary_carry,False,True,False,,,family_survey_boundary_non_survey,configs/structural_indicators_verification.yaml:790,2020·2023 관측 범위 밖의 비조사연도이며 본계열 boundary carry 후보이다.
부산,childbirth_perception,2016,출산에 대한 인식,leading_missing,2018,2,backward,2,True,True,high,조사 비실시 연도,confirmed,boundary_carry,False,True,True,,,childbirth_leading_non_survey,configs/structural_indicators_verification.yaml:576,지표의 첫 비교 가능 관측연도인 2018년 이전 구간이다.
부산,childbirth_perception,2017,출산에 대한 인식,leading_missing,2018,1,backward,2,True,True,high,조사 비실시 연도,confirmed,boundary_carry,False,True,True,,,childbirth_leading_non_survey,configs/structural_indicators_verification.yaml:576,지표의 첫 비교 가능 관측연도인 2018년 이전 구간이다.
부산,childbirth_perception,2019,출산에 대한 인식,intermediate_missing,,,,,False,False,not_applicable,조사 비실시 연도,confirmed,linear_interpolation,False,True,True,,,childbirth_interior_non_survey,configs/structural_indicators_verification.yaml:576,2018·2020·2022·2024 관측값 사이의 비조사연도이다.
부산,childbirth_perception,2021,출산에 대한 인식,intermediate_missing,,,,,False,False,not_applicable,조사 비실시 연도,confirmed,linear_interpolation,False,True,True,,,childbirth_interior_non_survey,configs/structural_indicators_verification.yaml:576,2018·2020·2022·2024 관측값 사이의 비조사연도이다.
부산,childbirth_perception,2023,출산에 대한 인식,intermediate_missing,,,,,False,False,not_applicable,조사 비실시 연도,confirmed,linear_interpolation,False,True,True,,,childbirth_interior_non_survey,configs/structural_indicators_verification.yaml:576,2018·2020·2022·2024 관측값 사이의 비조사연도이다.
부산,childcare_equal_participation,2016,돌봄노동 공동 참여도,leading_missing,2020,4,backward,4,True,True,high,조사 비실시 연도,confirmed,boundary_carry,False,True,False,,,family_survey_boundary_non_survey,configs/structural_indicators_verification.yaml:790,2020·2023 관측 범위 밖의 비조사연도이며 본계열 boundary carry 후보이다.
부산,childcare_equal_participation,2017,돌봄노동 공동 참여도,leading_missing,2020,3,backward,4,True,True,high,조사 비실시 연도,confirmed,boundary_carry,False,True,False,,,family_survey_boundary_non_survey,configs/structural_indicators_verification.yaml:790,2020·2023 관측 범위 밖의 비조사연도이며 본계열 boundary carry 후보이다.
부산,childcare_equal_participation,2018,돌봄노동 공동 참여도,leading_missing,2020,2,backward,4,True,True,high,조사 비실시 연도,confirmed,boundary_carry,False,True,False,,,family_survey_boundary_non_survey,configs/structural_indicators_verification.yaml:790,2020·2023 관측 범위 밖의 비조사연도이며 본계열 boundary carry 후보이다.
부산,childcare_equal_participation,2019,돌봄노동 공동 참여도,leading_missing,2020,1,backward,4,True,True,high,조사 비실시 연도,confirmed,boundary_carry,False,True,False,,,family_survey_boundary_non_survey,configs/structural_indicators_verification.yaml:790,2020·2023 관측 범위 밖의 비조사연도이며 본계열 boundary carry 후보이다.
부산,childcare_equal_participation,2021,돌봄노동 공동 참여도,intermediate_missing,,,,,False,False,not_applicable,조사 비실시 연도,confirmed,linear_interpolation,False,True,False,,,family_survey_interior_non_survey,configs/structural_indicators_verification.yaml:790,2020년과 2023년 실제 관측값 사이의 비조사연도이다.
부산,childcare_equal_participation,2022,돌봄노동 공동 참여도,intermediate_missing,,,,,False,False,not_applicable,조사 비실시 연도,confirmed,linear_interpolation,False,True,False,,,family_survey_interior_non_survey,configs/structural_indicators_verification.yaml:790,2020년과 2023년 실제 관측값 사이의 비조사연도이다.
부산,childcare_equal_participation,2024,돌봄노동 공동 참여도,trailing_missing,2023,1,forward,1,False,True,medium,조사 비실시 연도,confirmed,boundary_carry,False,True,False,,,family_survey_boundary_non_survey,configs/structural_indicators_verification.yaml:790,2020·2023 관측 범위 밖의 비조사연도이며 본계열 boundary carry 후보이다.
부산,delivery_bed_supply,2016,(대체)분만실 병상수 보급도,leading_missing,2018,2,backward,2,True,True,high,원자료 부재,confirmed,boundary_carry,False,True,True,,,delivery_bed_before_source_start,이슈,"원자료는 2018년 3분기부터 시작한다. 추세 역외삽 대신 지역별 최초 관측연도인 2018년 값을 2016·2017년에 유지하고, 장기 소급 대체임을 플래그와 분석 한계에 남긴다."
부산,delivery_bed_supply,2017,(대체)분만실 병상수 보급도,leading_missing,2018,1,backward,2,True,True,high,원자료 부재,confirmed,boundary_carry,False,True,True,,,delivery_bed_before_source_start,이슈,"원자료는 2018년 3분기부터 시작한다. 추세 역외삽 대신 지역별 최초 관측연도인 2018년 값을 2016·2017년에 유지하고, 장기 소급 대체임을 플래그와 분석 한계에 남긴다."
부산,household_chore_equal_participation,2016,가사노동 공동 참여도,leading_missing,2020,4,backward,4,True,True,high,조사 비실시 연도,confirmed,boundary_carry,False,True,False,,,family_survey_boundary_non_survey,configs/structural_indicators_verification.yaml:790,2020·2023 관측 범위 밖의 비조사연도이며 본계열 boundary carry 후보이다.
부산,household_chore_equal_participation,2017,가사노동 공동 참여도,leading_missing,2020,3,backward,4,True,True,high,조사 비실시 연도,confirmed,boundary_carry,False,True,False,,,family_survey_boundary_non_survey,configs/structural_indicators_verification.yaml:790,2020·2023 관측 범위 밖의 비조사연도이며 본계열 boundary carry 후보이다.
부산,household_chore_equal_participation,2018,가사노동 공동 참여도,leading_missing,2020,2,backward,4,True,True,high,조사 비실시 연도,confirmed,boundary_carry,False,True,False,,,family_survey_boundary_non_survey,configs/structural_indicators_verification.yaml:790,2020·2023 관측 범위 밖의 비조사연도이며 본계열 boundary carry 후보이다.
부산,household_chore_equal_participation,2019,가사노동 공동 참여도,leading_missing,2020,1,backward,4,True,True,high,조사 비실시 연도,confirmed,boundary_carry,False,True,False,,,family_survey_boundary_non_survey,configs/structural_indicators_verification.yaml:790,2020·2023 관측 범위 밖의 비조사연도이며 본계열 boundary carry 후보이다.
부산,household_chore_equal_participation,2021,가사노동 공동 참여도,intermediate_missing,,,,,False,False,not_applicable,조사 비실시 연도,confirmed,linear_interpolation,False,True,False,,,family_survey_interior_non_survey,configs/structural_indicators_verification.yaml:790,2020년과 2023년 실제 관측값 사이의 비조사연도이다.
부산,household_chore_equal_participation,2022,가사노동 공동 참여도,intermediate_missing,,,,,False,False,not_applicable,조사 비실시 연도,confirmed,linear_interpolation,False,True,False,,,family_survey_interior_non_survey,configs/structural_indicators_verification.yaml:790,2020년과 2023년 실제 관측값 사이의 비조사연도이다.
부산,household_chore_equal_participation,2024,가사노동 공동 참여도,trailing_missing,2023,1,forward,1,False,True,medium,조사 비실시 연도,confirmed,boundary_carry,False,True,False,,,family_survey_boundary_non_survey,configs/structural_indicators_verification.yaml:790,2020·2023 관측 범위 밖의 비조사연도이며 본계열 boundary carry 후보이다.
부산,housework_gender_equality,2017,가사분담에 대한 성평등 인식,intermediate_missing,,,,,False,False,not_applicable,조사 비실시 연도,confirmed,linear_interpolation,False,True,True,,,nonlinear_housework_direct_interpolation,reports/methodology/20260805_가사분담_성평등_인식_직접보간_안전성_검증.md,"원산식 `1-|평균응답값-3|/2`은 비선형(절댓값) 변환이지만, 18개 지역 × 5개 관측연도(2016·2018·2020·2022·2024) 전부에서 평균응답값이 3점(중간) 미만이라 그 구간에서는 순수 선형함수와 같다. 검증 스크립트 (`scripts/verify_housework_gender_equality_interpolation_safety.py`)로 확인했으며, 최종값을 직접 선형보간해도 구성요소를 먼저 보간한 뒤 변환한 것과 정확히 같다."
부산,housework_gender_equality,2019,가사분담에 대한 성평등 인식,intermediate_missing,,,,,False,False,not_applicable,조사 비실시 연도,confirmed,linear_interpolation,False,True,True,,,nonlinear_housework_direct_interpolation,reports/methodology/20260805_가사분담_성평등_인식_직접보간_안전성_검증.md,"원산식 `1-|평균응답값-3|/2`은 비선형(절댓값) 변환이지만, 18개 지역 × 5개 관측연도(2016·2018·2020·2022·2024) 전부에서 평균응답값이 3점(중간) 미만이라 그 구간에서는 순수 선형함수와 같다. 검증 스크립트 (`scripts/verify_housework_gender_equality_interpolation_safety.py`)로 확인했으며, 최종값을 직접 선형보간해도 구성요소를 먼저 보간한 뒤 변환한 것과 정확히 같다."
부산,housework_gender_equality,2021,가사분담에 대한 성평등 인식,intermediate_missing,,,,,False,False,not_applicable,조사 비실시 연도,confirmed,linear_interpolation,False,True,True,,,nonlinear_housework_direct_interpolation,reports/methodology/20260805_가사분담_성평등_인식_직접보간_안전성_검증.md,"원산식 `1-|평균응답값-3|/2`은 비선형(절댓값) 변환이지만, 18개 지역 × 5개 관측연도(2016·2018·2020·2022·2024) 전부에서 평균응답값이 3점(중간) 미만이라 그 구간에서는 순수 선형함수와 같다. 검증 스크립트 (`scripts/verify_housework_gender_equality_interpolation_safety.py`)로 확인했으며, 최종값을 직접 선형보간해도 구성요소를 먼저 보간한 뒤 변환한 것과 정확히 같다."
부산,housework_gender_equality,2023,가사분담에 대한 성평등 인식,intermediate_missing,,,,,False,False,not_applicable,조사 비실시 연도,confirmed,linear_interpolation,False,True,True,,,nonlinear_housework_direct_interpolation,reports/methodology/20260805_가사분담_성평등_인식_직접보간_안전성_검증.md,"원산식 `1-|평균응답값-3|/2`은 비선형(절댓값) 변환이지만, 18개 지역 × 5개 관측연도(2016·2018·2020·2022·2024) 전부에서 평균응답값이 3점(중간) 미만이라 그 구간에서는 순수 선형함수와 같다. 검증 스크립트 (`scripts/verify_housework_gender_equality_interpolation_safety.py`)로 확인했으며, 최종값을 직접 선형보간해도 구성요소를 먼저 보간한 뒤 변환한 것과 정확히 같다."
부산,income_satisfaction,2016,소득만족도,leading_missing,2017,1,backward,1,False,True,medium,조사 비실시 연도,confirmed,boundary_carry,False,True,True,auxiliary_boundary_interpolation,2015,income_leisure_leading_non_survey,configs/structural_indicators_verification.yaml:145,본계열은 boundary carry 후보이며 2015년 값은 별도 보조 시나리오에서만 사용한다.
부산,income_satisfaction,2018,소득만족도,intermediate_missing,,,,,False,False,not_applicable,조사 비실시 연도,confirmed,linear_interpolation,False,True,True,,,income_leisure_interior_non_survey,reports/20260725_구조환경지표_통합파일_결측치_검증_결과.md:57,실제 관측값 사이의 비조사연도로 본계열 선형보간 후보이다.
부산,income_satisfaction,2020,소득만족도,intermediate_missing,,,,,False,False,not_applicable,조사 비실시 연도,confirmed,linear_interpolation,False,True,True,,,income_leisure_interior_non_survey,reports/20260725_구조환경지표_통합파일_결측치_검증_결과.md:57,실제 관측값 사이의 비조사연도로 본계열 선형보간 후보이다.
부산,income_satisfaction,2022,소득만족도,intermediate_missing,,,,,False,False,not_applicable,조사 비실시 연도,confirmed,linear_interpolation,False,True,True,,,income_leisure_interior_non_survey,reports/20260725_구조환경지표_통합파일_결측치_검증_결과.md:57,실제 관측값 사이의 비조사연도로 본계열 선형보간 후보이다.
부산,income_satisfaction,2024,소득만족도,trailing_missing,2023,1,forward,1,False,True,medium,조사 비실시 연도,confirmed,boundary_carry,False,True,True,auxiliary_boundary_interpolation,2025,income_leisure_trailing_non_survey,configs/structural_indicators_verification.yaml:145,본계열은 boundary carry 후보이며 2025년 값은 별도 보조 시나리오에서만 사용한다.
부산,leisure_satisfaction,2016,여가생활 만족도,leading_missing,2017,1,backward,1,False,True,medium,조사 비실시 연도,confirmed,boundary_carry,False,True,True,auxiliary_boundary_interpolation,2015,income_leisure_leading_non_survey,configs/structural_indicators_verification.yaml:145,본계열은 boundary carry 후보이며 2015년 값은 별도 보조 시나리오에서만 사용한다.
부산,leisure_satisfaction,2018,여가생활 만족도,intermediate_missing,,,,,False,False,not_applicable,조사 비실시 연도,confirmed,linear_interpolation,False,True,True,,,income_leisure_interior_non_survey,reports/20260725_구조환경지표_통합파일_결측치_검증_결과.md:57,실제 관측값 사이의 비조사연도로 본계열 선형보간 후보이다.
부산,leisure_satisfaction,2020,여가생활 만족도,intermediate_missing,,,,,False,False,not_applicable,조사 비실시 연도,confirmed,linear_interpolation,False,True,True,,,income_leisure_interior_non_survey,reports/20260725_구조환경지표_통합파일_결측치_검증_결과.md:57,실제 관측값 사이의 비조사연도로 본계열 선형보간 후보이다.
부산,leisure_satisfaction,2022,여가생활 만족도,intermediate_missing,,,,,False,False,not_applicable,조사 비실시 연도,confirmed,linear_interpolation,False,True,True,,,income_leisure_interior_non_survey,reports/20260725_구조환경지표_통합파일_결측치_검증_결과.md:57,실제 관측값 사이의 비조사연도로 본계열 선형보간 후보이다.
부산,leisure_satisfaction,2024,여가생활 만족도,trailing_missing,2023,1,forward,1,False,True,medium,조사 비실시 연도,confirmed,boundary_carry,False,True,True,auxiliary_boundary_interpolation,2025,income_leisure_trailing_non_survey,configs/structural_indicators_verification.yaml:145,본계열은 boundary carry 후보이며 2025년 값은 별도 보조 시나리오에서만 사용한다.
부산,marriage_perception,2017,결혼에 대한 인식,intermediate_missing,,,,,False,False,not_applicable,조사 비실시 연도,confirmed,linear_interpolation,False,True,True,,,social_survey_interior_non_survey,configs/structural_indicators_verification.yaml:460,2016·2018·2020·2022·2024 관측값 사이의 비조사연도이다.
부산,marriage_perception,2019,결혼에 대한 인식,intermediate_missing,,,,,False,False,not_applicable,조사 비실시 연도,confirmed,linear_interpolation,False,True,True,,,social_survey_interior_non_survey,configs/structural_indicators_verification.yaml:460,2016·2018·2020·2022·2024 관측값 사이의 비조사연도이다.
부산,marriage_perception,2021,결혼에 대한 인식,intermediate_missing,,,,,False,False,not_applicable,조사 비실시 연도,confirmed,linear_interpolation,False,True,True,,,social_survey_interior_non_survey,configs/structural_indicators_verification.yaml:460,2016·2018·2020·2022·2024 관측값 사이의 비조사연도이다.
부산,marriage_perception,2023,결혼에 대한 인식,intermediate_missing,,,,,False,False,not_applicable,조사 비실시 연도,confirmed,linear_interpolation,False,True,True,,,social_survey_interior_non_survey,configs/structural_indicators_verification.yaml:460,2016·2018·2020·2022·2024 관측값 사이의 비조사연도이다.
부산,postpartum_center_fee,2016,산후조리원 이용 요금,leading_missing,2023,7,backward,7,True,True,high,원자료 부재,confirmed,boundary_carry,False,True,True,,,postpartum_before_source_start,이슈,"승인된 원자료는 2023년부터 존재한다. 추세 역외삽 대신 지역별 최초 관측연도인 2023년 값을 2016–2022년에 유지하고, 장기 소급 대체임을 플래그와 분석 한계에 남긴다."
부산,postpartum_center_fee,2017,산후조리원 이용 요금,leading_missing,2023,6,backward,7,True,True,high,원자료 부재,confirmed,boundary_carry,False,True,True,,,postpartum_before_source_start,이슈,"승인된 원자료는 2023년부터 존재한다. 추세 역외삽 대신 지역별 최초 관측연도인 2023년 값을 2016–2022년에 유지하고, 장기 소급 대체임을 플래그와 분석 한계에 남긴다."
부산,postpartum_center_fee,2018,산후조리원 이용 요금,leading_missing,2023,5,backward,7,True,True,high,원자료 부재,confirmed,boundary_carry,False,True,True,,,postpartum_before_source_start,이슈,"승인된 원자료는 2023년부터 존재한다. 추세 역외삽 대신 지역별 최초 관측연도인 2023년 값을 2016–2022년에 유지하고, 장기 소급 대체임을 플래그와 분석 한계에 남긴다."
부산,postpartum_center_fee,2019,산후조리원 이용 요금,leading_missing,2023,4,backward,7,True,True,high,원자료 부재,confirmed,boundary_carry,False,True,True,,,postpartum_before_source_start,이슈,"승인된 원자료는 2023년부터 존재한다. 추세 역외삽 대신 지역별 최초 관측연도인 2023년 값을 2016–2022년에 유지하고, 장기 소급 대체임을 플래그와 분석 한계에 남긴다."
부산,postpartum_center_fee,2020,산후조리원 이용 요금,leading_missing,2023,3,backward,7,True,True,high,원자료 부재,confirmed,boundary_carry,False,True,True,,,postpartum_before_source_start,이슈,"승인된 원자료는 2023년부터 존재한다. 추세 역외삽 대신 지역별 최초 관측연도인 2023년 값을 2016–2022년에 유지하고, 장기 소급 대체임을 플래그와 분석 한계에 남긴다."
부산,postpartum_center_fee,2021,산후조리원 이용 요금,leading_missing,2023,2,backward,7,True,True,high,원자료 부재,confirmed,boundary_carry,False,True,True,,,postpartum_before_source_start,이슈,"승인된 원자료는 2023년부터 존재한다. 추세 역외삽 대신 지역별 최초 관측연도인 2023년 값을 2016–2022년에 유지하고, 장기 소급 대체임을 플래그와 분석 한계에 남긴다."
부산,postpartum_center_fee,2022,산후조리원 이용 요금,leading_missing,2023,1,backward,7,True,True,high,원자료 부재,confirmed,boundary_carry,False,True,True,,,postpartum_before_source_start,이슈,"승인된 원자료는 2023년부터 존재한다. 추세 역외삽 대신 지역별 최초 관측연도인 2023년 값을 2016–2022년에 유지하고, 장기 소급 대체임을 플래그와 분석 한계에 남긴다."
부산,postpartum_center_supply,2016,산후조리원 보급도,leading_missing,2023,7,backward,7,True,True,high,원자료 부재,confirmed,boundary_carry,False,True,True,,,postpartum_before_source_start,이슈,"승인된 원자료는 2023년부터 존재한다. 추세 역외삽 대신 지역별 최초 관측연도인 2023년 값을 2016–2022년에 유지하고, 장기 소급 대체임을 플래그와 분석 한계에 남긴다."
부산,postpartum_center_supply,2017,산후조리원 보급도,leading_missing,2023,6,backward,7,True,True,high,원자료 부재,confirmed,boundary_carry,False,True,True,,,postpartum_before_source_start,이슈,"승인된 원자료는 2023년부터 존재한다. 추세 역외삽 대신 지역별 최초 관측연도인 2023년 값을 2016–2022년에 유지하고, 장기 소급 대체임을 플래그와 분석 한계에 남긴다."
부산,postpartum_center_supply,2018,산후조리원 보급도,leading_missing,2023,5,backward,7,True,True,high,원자료 부재,confirmed,boundary_carry,False,True,True,,,postpartum_before_source_start,이슈,"승인된 원자료는 2023년부터 존재한다. 추세 역외삽 대신 지역별 최초 관측연도인 2023년 값을 2016–2022년에 유지하고, 장기 소급 대체임을 플래그와 분석 한계에 남긴다."
부산,postpartum_center_supply,2019,산후조리원 보급도,leading_missing,2023,4,backward,7,True,True,high,원자료 부재,confirmed,boundary_carry,False,True,True,,,postpartum_before_source_start,이슈,"승인된 원자료는 2023년부터 존재한다. 추세 역외삽 대신 지역별 최초 관측연도인 2023년 값을 2016–2022년에 유지하고, 장기 소급 대체임을 플래그와 분석 한계에 남긴다."
부산,postpartum_center_supply,2020,산후조리원 보급도,leading_missing,2023,3,backward,7,True,True,high,원자료 부재,confirmed,boundary_carry,False,True,True,,,postpartum_before_source_start,이슈,"승인된 원자료는 2023년부터 존재한다. 추세 역외삽 대신 지역별 최초 관측연도인 2023년 값을 2016–2022년에 유지하고, 장기 소급 대체임을 플래그와 분석 한계에 남긴다."
부산,postpartum_center_supply,2021,산후조리원 보급도,leading_missing,2023,2,backward,7,True,True,high,원자료 부재,confirmed,boundary_carry,False,True,True,,,postpartum_before_source_start,이슈,"승인된 원자료는 2023년부터 존재한다. 추세 역외삽 대신 지역별 최초 관측연도인 2023년 값을 2016–2022년에 유지하고, 장기 소급 대체임을 플래그와 분석 한계에 남긴다."
부산,postpartum_center_supply,2022,산후조리원 보급도,leading_missing,2023,1,backward,7,True,True,high,원자료 부재,confirmed,boundary_carry,False,True,True,,,postpartum_before_source_start,이슈,"승인된 원자료는 2023년부터 존재한다. 추세 역외삽 대신 지역별 최초 관측연도인 2023년 값을 2016–2022년에 유지하고, 장기 소급 대체임을 플래그와 분석 한계에 남긴다."
부산,social_safety_perception,2017,사회 안전에 대한 인식,intermediate_missing,,,,,False,False,not_applicable,조사 비실시 연도,confirmed,linear_interpolation,False,True,True,,,social_survey_interior_non_survey,configs/structural_indicators_verification.yaml:460,2016·2018·2020·2022·2024 관측값 사이의 비조사연도이다.
부산,social_safety_perception,2019,사회 안전에 대한 인식,intermediate_missing,,,,,False,False,not_applicable,조사 비실시 연도,confirmed,linear_interpolation,False,True,True,,,social_survey_interior_non_survey,configs/structural_indicators_verification.yaml:460,2016·2018·2020·2022·2024 관측값 사이의 비조사연도이다.
부산,social_safety_perception,2021,사회 안전에 대한 인식,intermediate_missing,,,,,False,False,not_applicable,조사 비실시 연도,confirmed,linear_interpolation,False,True,True,,,social_survey_interior_non_survey,configs/structural_indicators_verification.yaml:460,2016·2018·2020·2022·2024 관측값 사이의 비조사연도이다.
부산,social_safety_perception,2023,사회 안전에 대한 인식,intermediate_missing,,,,,False,False,not_applicable,조사 비실시 연도,confirmed,linear_interpolation,False,True,True,,,social_survey_interior_non_survey,configs/structural_indicators_verification.yaml:460,2016·2018·2020·2022·2024 관측값 사이의 비조사연도이다.
부산,socioeconomic_status_perception,2016,사회경제적 지위에 대한 인식,leading_missing,2020,4,backward,4,True,True,high,조사 비실시 연도,confirmed,boundary_carry,False,True,False,,,family_survey_boundary_non_survey,configs/structural_indicators_verification.yaml:790,2020·2023 관측 범위 밖의 비조사연도이며 본계열 boundary carry 후보이다.
부산,socioeconomic_status_perception,2017,사회경제적 지위에 대한 인식,leading_missing,2020,3,backward,4,True,True,high,조사 비실시 연도,confirmed,boundary_carry,False,True,False,,,family_survey_boundary_non_survey,configs/structural_indicators_verification.yaml:790,2020·2023 관측 범위 밖의 비조사연도이며 본계열 boundary carry 후보이다.
부산,socioeconomic_status_perception,2018,사회경제적 지위에 대한 인식,leading_missing,2020,2,backward,4,True,True,high,조사 비실시 연도,confirmed,boundary_carry,False,True,False,,,family_survey_boundary_non_survey,configs/structural_indicators_verification.yaml:790,2020·2023 관측 범위 밖의 비조사연도이며 본계열 boundary carry 후보이다.
부산,socioeconomic_status_perception,2019,사회경제적 지위에 대한 인식,leading_missing,2020,1,backward,4,True,True,high,조사 비실시 연도,confirmed,boundary_carry,False,True,False,,,family_survey_boundary_non_survey,configs/structural_indicators_verification.yaml:790,2020·2023 관측 범위 밖의 비조사연도이며 본계열 boundary carry 후보이다.
부산,socioeconomic_status_perception,2021,사회경제적 지위에 대한 인식,intermediate_missing,,,,,False,False,not_applicable,조사 비실시 연도,confirmed,linear_interpolation,False,True,False,,,family_survey_interior_non_survey,configs/structural_indicators_verification.yaml:790,2020년과 2023년 실제 관측값 사이의 비조사연도이다.
부산,socioeconomic_status_perception,2022,사회경제적 지위에 대한 인식,intermediate_missing,,,,,False,False,not_applicable,조사 비실시 연도,confirmed,linear_interpolation,False,True,False,,,family_survey_interior_non_survey,configs/structural_indicators_verification.yaml:790,2020년과 2023년 실제 관측값 사이의 비조사연도이다.
부산,socioeconomic_status_perception,2024,사회경제적 지위에 대한 인식,trailing_missing,2023,1,forward,1,False,True,medium,조사 비실시 연도,confirmed,boundary_carry,False,True,False,,,family_survey_boundary_non_survey,configs/structural_indicators_verification.yaml:790,2020·2023 관측 범위 밖의 비조사연도이며 본계열 boundary carry 후보이다.
서울,childbirth_perception,2016,출산에 대한 인식,leading_missing,2018,2,backward,2,True,True,high,조사 비실시 연도,confirmed,boundary_carry,False,True,True,,,childbirth_leading_non_survey,configs/structural_indicators_verification.yaml:576,지표의 첫 비교 가능 관측연도인 2018년 이전 구간이다.
서울,childbirth_perception,2017,출산에 대한 인식,leading_missing,2018,1,backward,2,True,True,high,조사 비실시 연도,confirmed,boundary_carry,False,True,True,,,childbirth_leading_non_survey,configs/structural_indicators_verification.yaml:576,지표의 첫 비교 가능 관측연도인 2018년 이전 구간이다.
서울,childbirth_perception,2019,출산에 대한 인식,intermediate_missing,,,,,False,False,not_applicable,조사 비실시 연도,confirmed,linear_interpolation,False,True,True,,,childbirth_interior_non_survey,configs/structural_indicators_verification.yaml:576,2018·2020·2022·2024 관측값 사이의 비조사연도이다.
서울,childbirth_perception,2021,출산에 대한 인식,intermediate_missing,,,,,False,False,not_applicable,조사 비실시 연도,confirmed,linear_interpolation,False,True,True,,,childbirth_interior_non_survey,configs/structural_indicators_verification.yaml:576,2018·2020·2022·2024 관측값 사이의 비조사연도이다.
서울,childbirth_perception,2023,출산에 대한 인식,intermediate_missing,,,,,False,False,not_applicable,조사 비실시 연도,confirmed,linear_interpolation,False,True,True,,,childbirth_interior_non_survey,configs/structural_indicators_verification.yaml:576,2018·2020·2022·2024 관측값 사이의 비조사연도이다.
서울,childcare_equal_participation,2016,돌봄노동 공동 참여도,leading_missing,2020,4,backward,4,True,True,high,조사 비실시 연도,confirmed,boundary_carry,False,True,False,,,family_survey_boundary_non_survey,configs/structural_indicators_verification.yaml:790,2020·2023 관측 범위 밖의 비조사연도이며 본계열 boundary carry 후보이다.
서울,childcare_equal_participation,2017,돌봄노동 공동 참여도,leading_missing,2020,3,backward,4,True,True,high,조사 비실시 연도,confirmed,boundary_carry,False,True,False,,,family_survey_boundary_non_survey,configs/structural_indicators_verification.yaml:790,2020·2023 관측 범위 밖의 비조사연도이며 본계열 boundary carry 후보이다.
서울,childcare_equal_participation,2018,돌봄노동 공동 참여도,leading_missing,2020,2,backward,4,True,True,high,조사 비실시 연도,confirmed,boundary_carry,False,True,False,,,family_survey_boundary_non_survey,configs/structural_indicators_verification.yaml:790,2020·2023 관측 범위 밖의 비조사연도이며 본계열 boundary carry 후보이다.
서울,childcare_equal_participation,2019,돌봄노동 공동 참여도,leading_missing,2020,1,backward,4,True,True,high,조사 비실시 연도,confirmed,boundary_carry,False,True,False,,,family_survey_boundary_non_survey,configs/structural_indicators_verification.yaml:790,2020·2023 관측 범위 밖의 비조사연도이며 본계열 boundary carry 후보이다.
서울,childcare_equal_participation,2021,돌봄노동 공동 참여도,intermediate_missing,,,,,False,False,not_applicable,조사 비실시 연도,confirmed,linear_interpolation,False,True,False,,,family_survey_interior_non_survey,configs/structural_indicators_verification.yaml:790,2020년과 2023년 실제 관측값 사이의 비조사연도이다.
서울,childcare_equal_participation,2022,돌봄노동 공동 참여도,intermediate_missing,,,,,False,False,not_applicable,조사 비실시 연도,confirmed,linear_interpolation,False,True,False,,,family_survey_interior_non_survey,configs/structural_indicators_verification.yaml:790,2020년과 2023년 실제 관측값 사이의 비조사연도이다.
서울,childcare_equal_participation,2024,돌봄노동 공동 참여도,trailing_missing,2023,1,forward,1,False,True,medium,조사 비실시 연도,confirmed,boundary_carry,False,True,False,,,family_survey_boundary_non_survey,configs/structural_indicators_verification.yaml:790,2020·2023 관측 범위 밖의 비조사연도이며 본계열 boundary carry 후보이다.
서울,delivery_bed_supply,2016,(대체)분만실 병상수 보급도,leading_missing,2018,2,backward,2,True,True,high,원자료 부재,confirmed,boundary_carry,False,True,True,,,delivery_bed_before_source_start,이슈,"원자료는 2018년 3분기부터 시작한다. 추세 역외삽 대신 지역별 최초 관측연도인 2018년 값을 2016·2017년에 유지하고, 장기 소급 대체임을 플래그와 분석 한계에 남긴다."
서울,delivery_bed_supply,2017,(대체)분만실 병상수 보급도,leading_missing,2018,1,backward,2,True,True,high,원자료 부재,confirmed,boundary_carry,False,True,True,,,delivery_bed_before_source_start,이슈,"원자료는 2018년 3분기부터 시작한다. 추세 역외삽 대신 지역별 최초 관측연도인 2018년 값을 2016·2017년에 유지하고, 장기 소급 대체임을 플래그와 분석 한계에 남긴다."
서울,household_chore_equal_participation,2016,가사노동 공동 참여도,leading_missing,2020,4,backward,4,True,True,high,조사 비실시 연도,confirmed,boundary_carry,False,True,False,,,family_survey_boundary_non_survey,configs/structural_indicators_verification.yaml:790,2020·2023 관측 범위 밖의 비조사연도이며 본계열 boundary carry 후보이다.
서울,household_chore_equal_participation,2017,가사노동 공동 참여도,leading_missing,2020,3,backward,4,True,True,high,조사 비실시 연도,confirmed,boundary_carry,False,True,False,,,family_survey_boundary_non_survey,configs/structural_indicators_verification.yaml:790,2020·2023 관측 범위 밖의 비조사연도이며 본계열 boundary carry 후보이다.
서울,household_chore_equal_participation,2018,가사노동 공동 참여도,leading_missing,2020,2,backward,4,True,True,high,조사 비실시 연도,confirmed,boundary_carry,False,True,False,,,family_survey_boundary_non_survey,configs/structural_indicators_verification.yaml:790,2020·2023 관측 범위 밖의 비조사연도이며 본계열 boundary carry 후보이다.
서울,household_chore_equal_participation,2019,가사노동 공동 참여도,leading_missing,2020,1,backward,4,True,True,high,조사 비실시 연도,confirmed,boundary_carry,False,True,False,,,family_survey_boundary_non_survey,configs/structural_indicators_verification.yaml:790,2020·2023 관측 범위 밖의 비조사연도이며 본계열 boundary carry 후보이다.
서울,household_chore_equal_participation,2021,가사노동 공동 참여도,intermediate_missing,,,,,False,False,not_applicable,조사 비실시 연도,confirmed,linear_interpolation,False,True,False,,,family_survey_interior_non_survey,configs/structural_indicators_verification.yaml:790,2020년과 2023년 실제 관측값 사이의 비조사연도이다.
서울,household_chore_equal_participation,2022,가사노동 공동 참여도,intermediate_missing,,,,,False,False,not_applicable,조사 비실시 연도,confirmed,linear_interpolation,False,True,False,,,family_survey_interior_non_survey,configs/structural_indicators_verification.yaml:790,2020년과 2023년 실제 관측값 사이의 비조사연도이다.
서울,household_chore_equal_participation,2024,가사노동 공동 참여도,trailing_missing,2023,1,forward,1,False,True,medium,조사 비실시 연도,confirmed,boundary_carry,False,True,False,,,family_survey_boundary_non_survey,configs/structural_indicators_verification.yaml:790,2020·2023 관측 범위 밖의 비조사연도이며 본계열 boundary carry 후보이다.
서울,housework_gender_equality,2017,가사분담에 대한 성평등 인식,intermediate_missing,,,,,False,False,not_applicable,조사 비실시 연도,confirmed,linear_interpolation,False,True,True,,,nonlinear_housework_direct_interpolation,reports/methodology/20260805_가사분담_성평등_인식_직접보간_안전성_검증.md,"원산식 `1-|평균응답값-3|/2`은 비선형(절댓값) 변환이지만, 18개 지역 × 5개 관측연도(2016·2018·2020·2022·2024) 전부에서 평균응답값이 3점(중간) 미만이라 그 구간에서는 순수 선형함수와 같다. 검증 스크립트 (`scripts/verify_housework_gender_equality_interpolation_safety.py`)로 확인했으며, 최종값을 직접 선형보간해도 구성요소를 먼저 보간한 뒤 변환한 것과 정확히 같다."
서울,housework_gender_equality,2019,가사분담에 대한 성평등 인식,intermediate_missing,,,,,False,False,not_applicable,조사 비실시 연도,confirmed,linear_interpolation,False,True,True,,,nonlinear_housework_direct_interpolation,reports/methodology/20260805_가사분담_성평등_인식_직접보간_안전성_검증.md,"원산식 `1-|평균응답값-3|/2`은 비선형(절댓값) 변환이지만, 18개 지역 × 5개 관측연도(2016·2018·2020·2022·2024) 전부에서 평균응답값이 3점(중간) 미만이라 그 구간에서는 순수 선형함수와 같다. 검증 스크립트 (`scripts/verify_housework_gender_equality_interpolation_safety.py`)로 확인했으며, 최종값을 직접 선형보간해도 구성요소를 먼저 보간한 뒤 변환한 것과 정확히 같다."
서울,housework_gender_equality,2021,가사분담에 대한 성평등 인식,intermediate_missing,,,,,False,False,not_applicable,조사 비실시 연도,confirmed,linear_interpolation,False,True,True,,,nonlinear_housework_direct_interpolation,reports/methodology/20260805_가사분담_성평등_인식_직접보간_안전성_검증.md,"원산식 `1-|평균응답값-3|/2`은 비선형(절댓값) 변환이지만, 18개 지역 × 5개 관측연도(2016·2018·2020·2022·2024) 전부에서 평균응답값이 3점(중간) 미만이라 그 구간에서는 순수 선형함수와 같다. 검증 스크립트 (`scripts/verify_housework_gender_equality_interpolation_safety.py`)로 확인했으며, 최종값을 직접 선형보간해도 구성요소를 먼저 보간한 뒤 변환한 것과 정확히 같다."
서울,housework_gender_equality,2023,가사분담에 대한 성평등 인식,intermediate_missing,,,,,False,False,not_applicable,조사 비실시 연도,confirmed,linear_interpolation,False,True,True,,,nonlinear_housework_direct_interpolation,reports/methodology/20260805_가사분담_성평등_인식_직접보간_안전성_검증.md,"원산식 `1-|평균응답값-3|/2`은 비선형(절댓값) 변환이지만, 18개 지역 × 5개 관측연도(2016·2018·2020·2022·2024) 전부에서 평균응답값이 3점(중간) 미만이라 그 구간에서는 순수 선형함수와 같다. 검증 스크립트 (`scripts/verify_housework_gender_equality_interpolation_safety.py`)로 확인했으며, 최종값을 직접 선형보간해도 구성요소를 먼저 보간한 뒤 변환한 것과 정확히 같다."
서울,income_satisfaction,2016,소득만족도,leading_missing,2017,1,backward,1,False,True,medium,조사 비실시 연도,confirmed,boundary_carry,False,True,True,auxiliary_boundary_interpolation,2015,income_leisure_leading_non_survey,configs/structural_indicators_verification.yaml:145,본계열은 boundary carry 후보이며 2015년 값은 별도 보조 시나리오에서만 사용한다.
서울,income_satisfaction,2018,소득만족도,intermediate_missing,,,,,False,False,not_applicable,조사 비실시 연도,confirmed,linear_interpolation,False,True,True,,,income_leisure_interior_non_survey,reports/20260725_구조환경지표_통합파일_결측치_검증_결과.md:57,실제 관측값 사이의 비조사연도로 본계열 선형보간 후보이다.
서울,income_satisfaction,2020,소득만족도,intermediate_missing,,,,,False,False,not_applicable,조사 비실시 연도,confirmed,linear_interpolation,False,True,True,,,income_leisure_interior_non_survey,reports/20260725_구조환경지표_통합파일_결측치_검증_결과.md:57,실제 관측값 사이의 비조사연도로 본계열 선형보간 후보이다.
서울,income_satisfaction,2022,소득만족도,intermediate_missing,,,,,False,False,not_applicable,조사 비실시 연도,confirmed,linear_interpolation,False,True,True,,,income_leisure_interior_non_survey,reports/20260725_구조환경지표_통합파일_결측치_검증_결과.md:57,실제 관측값 사이의 비조사연도로 본계열 선형보간 후보이다.
서울,income_satisfaction,2024,소득만족도,trailing_missing,2023,1,forward,1,False,True,medium,조사 비실시 연도,confirmed,boundary_carry,False,True,True,auxiliary_boundary_interpolation,2025,income_leisure_trailing_non_survey,configs/structural_indicators_verification.yaml:145,본계열은 boundary carry 후보이며 2025년 값은 별도 보조 시나리오에서만 사용한다.
서울,leisure_satisfaction,2016,여가생활 만족도,leading_missing,2017,1,backward,1,False,True,medium,조사 비실시 연도,confirmed,boundary_carry,False,True,True,auxiliary_boundary_interpolation,2015,income_leisure_leading_non_survey,configs/structural_indicators_verification.yaml:145,본계열은 boundary carry 후보이며 2015년 값은 별도 보조 시나리오에서만 사용한다.
서울,leisure_satisfaction,2018,여가생활 만족도,intermediate_missing,,,,,False,False,not_applicable,조사 비실시 연도,confirmed,linear_interpolation,False,True,True,,,income_leisure_interior_non_survey,reports/20260725_구조환경지표_통합파일_결측치_검증_결과.md:57,실제 관측값 사이의 비조사연도로 본계열 선형보간 후보이다.
서울,leisure_satisfaction,2020,여가생활 만족도,intermediate_missing,,,,,False,False,not_applicable,조사 비실시 연도,confirmed,linear_interpolation,False,True,True,,,income_leisure_interior_non_survey,reports/20260725_구조환경지표_통합파일_결측치_검증_결과.md:57,실제 관측값 사이의 비조사연도로 본계열 선형보간 후보이다.
서울,leisure_satisfaction,2022,여가생활 만족도,intermediate_missing,,,,,False,False,not_applicable,조사 비실시 연도,confirmed,linear_interpolation,False,True,True,,,income_leisure_interior_non_survey,reports/20260725_구조환경지표_통합파일_결측치_검증_결과.md:57,실제 관측값 사이의 비조사연도로 본계열 선형보간 후보이다.
서울,leisure_satisfaction,2024,여가생활 만족도,trailing_missing,2023,1,forward,1,False,True,medium,조사 비실시 연도,confirmed,boundary_carry,False,True,True,auxiliary_boundary_interpolation,2025,income_leisure_trailing_non_survey,configs/structural_indicators_verification.yaml:145,본계열은 boundary carry 후보이며 2025년 값은 별도 보조 시나리오에서만 사용한다.
서울,marriage_perception,2017,결혼에 대한 인식,intermediate_missing,,,,,False,False,not_applicable,조사 비실시 연도,confirmed,linear_interpolation,False,True,True,,,social_survey_interior_non_survey,configs/structural_indicators_verification.yaml:460,2016·2018·2020·2022·2024 관측값 사이의 비조사연도이다.
서울,marriage_perception,2019,결혼에 대한 인식,intermediate_missing,,,,,False,False,not_applicable,조사 비실시 연도,confirmed,linear_interpolation,False,True,True,,,social_survey_interior_non_survey,configs/structural_indicators_verification.yaml:460,2016·2018·2020·2022·2024 관측값 사이의 비조사연도이다.
서울,marriage_perception,2021,결혼에 대한 인식,intermediate_missing,,,,,False,False,not_applicable,조사 비실시 연도,confirmed,linear_interpolation,False,True,True,,,social_survey_interior_non_survey,configs/structural_indicators_verification.yaml:460,2016·2018·2020·2022·2024 관측값 사이의 비조사연도이다.
서울,marriage_perception,2023,결혼에 대한 인식,intermediate_missing,,,,,False,False,not_applicable,조사 비실시 연도,confirmed,linear_interpolation,False,True,True,,,social_survey_interior_non_survey,configs/structural_indicators_verification.yaml:460,2016·2018·2020·2022·2024 관측값 사이의 비조사연도이다.
서울,postpartum_center_fee,2016,산후조리원 이용 요금,leading_missing,2023,7,backward,7,True,True,high,원자료 부재,confirmed,boundary_carry,False,True,True,,,postpartum_before_source_start,이슈,"승인된 원자료는 2023년부터 존재한다. 추세 역외삽 대신 지역별 최초 관측연도인 2023년 값을 2016–2022년에 유지하고, 장기 소급 대체임을 플래그와 분석 한계에 남긴다."
서울,postpartum_center_fee,2017,산후조리원 이용 요금,leading_missing,2023,6,backward,7,True,True,high,원자료 부재,confirmed,boundary_carry,False,True,True,,,postpartum_before_source_start,이슈,"승인된 원자료는 2023년부터 존재한다. 추세 역외삽 대신 지역별 최초 관측연도인 2023년 값을 2016–2022년에 유지하고, 장기 소급 대체임을 플래그와 분석 한계에 남긴다."
서울,postpartum_center_fee,2018,산후조리원 이용 요금,leading_missing,2023,5,backward,7,True,True,high,원자료 부재,confirmed,boundary_carry,False,True,True,,,postpartum_before_source_start,이슈,"승인된 원자료는 2023년부터 존재한다. 추세 역외삽 대신 지역별 최초 관측연도인 2023년 값을 2016–2022년에 유지하고, 장기 소급 대체임을 플래그와 분석 한계에 남긴다."
서울,postpartum_center_fee,2019,산후조리원 이용 요금,leading_missing,2023,4,backward,7,True,True,high,원자료 부재,confirmed,boundary_carry,False,True,True,,,postpartum_before_source_start,이슈,"승인된 원자료는 2023년부터 존재한다. 추세 역외삽 대신 지역별 최초 관측연도인 2023년 값을 2016–2022년에 유지하고, 장기 소급 대체임을 플래그와 분석 한계에 남긴다."
서울,postpartum_center_fee,2020,산후조리원 이용 요금,leading_missing,2023,3,backward,7,True,True,high,원자료 부재,confirmed,boundary_carry,False,True,True,,,postpartum_before_source_start,이슈,"승인된 원자료는 2023년부터 존재한다. 추세 역외삽 대신 지역별 최초 관측연도인 2023년 값을 2016–2022년에 유지하고, 장기 소급 대체임을 플래그와 분석 한계에 남긴다."
서울,postpartum_center_fee,2021,산후조리원 이용 요금,leading_missing,2023,2,backward,7,True,True,high,원자료 부재,confirmed,boundary_carry,False,True,True,,,postpartum_before_source_start,이슈,"승인된 원자료는 2023년부터 존재한다. 추세 역외삽 대신 지역별 최초 관측연도인 2023년 값을 2016–2022년에 유지하고, 장기 소급 대체임을 플래그와 분석 한계에 남긴다."
서울,postpartum_center_fee,2022,산후조리원 이용 요금,leading_missing,2023,1,backward,7,True,True,high,원자료 부재,confirmed,boundary_carry,False,True,True,,,postpartum_before_source_start,이슈,"승인된 원자료는 2023년부터 존재한다. 추세 역외삽 대신 지역별 최초 관측연도인 2023년 값을 2016–2022년에 유지하고, 장기 소급 대체임을 플래그와 분석 한계에 남긴다."
서울,postpartum_center_supply,2016,산후조리원 보급도,leading_missing,2023,7,backward,7,True,True,high,원자료 부재,confirmed,boundary_carry,False,True,True,,,postpartum_before_source_start,이슈,"승인된 원자료는 2023년부터 존재한다. 추세 역외삽 대신 지역별 최초 관측연도인 2023년 값을 2016–2022년에 유지하고, 장기 소급 대체임을 플래그와 분석 한계에 남긴다."
서울,postpartum_center_supply,2017,산후조리원 보급도,leading_missing,2023,6,backward,7,True,True,high,원자료 부재,confirmed,boundary_carry,False,True,True,,,postpartum_before_source_start,이슈,"승인된 원자료는 2023년부터 존재한다. 추세 역외삽 대신 지역별 최초 관측연도인 2023년 값을 2016–2022년에 유지하고, 장기 소급 대체임을 플래그와 분석 한계에 남긴다."
서울,postpartum_center_supply,2018,산후조리원 보급도,leading_missing,2023,5,backward,7,True,True,high,원자료 부재,confirmed,boundary_carry,False,True,True,,,postpartum_before_source_start,이슈,"승인된 원자료는 2023년부터 존재한다. 추세 역외삽 대신 지역별 최초 관측연도인 2023년 값을 2016–2022년에 유지하고, 장기 소급 대체임을 플래그와 분석 한계에 남긴다."
서울,postpartum_center_supply,2019,산후조리원 보급도,leading_missing,2023,4,backward,7,True,True,high,원자료 부재,confirmed,boundary_carry,False,True,True,,,postpartum_before_source_start,이슈,"승인된 원자료는 2023년부터 존재한다. 추세 역외삽 대신 지역별 최초 관측연도인 2023년 값을 2016–2022년에 유지하고, 장기 소급 대체임을 플래그와 분석 한계에 남긴다."
서울,postpartum_center_supply,2020,산후조리원 보급도,leading_missing,2023,3,backward,7,True,True,high,원자료 부재,confirmed,boundary_carry,False,True,True,,,postpartum_before_source_start,이슈,"승인된 원자료는 2023년부터 존재한다. 추세 역외삽 대신 지역별 최초 관측연도인 2023년 값을 2016–2022년에 유지하고, 장기 소급 대체임을 플래그와 분석 한계에 남긴다."
서울,postpartum_center_supply,2021,산후조리원 보급도,leading_missing,2023,2,backward,7,True,True,high,원자료 부재,confirmed,boundary_carry,False,True,True,,,postpartum_before_source_start,이슈,"승인된 원자료는 2023년부터 존재한다. 추세 역외삽 대신 지역별 최초 관측연도인 2023년 값을 2016–2022년에 유지하고, 장기 소급 대체임을 플래그와 분석 한계에 남긴다."
서울,postpartum_center_supply,2022,산후조리원 보급도,leading_missing,2023,1,backward,7,True,True,high,원자료 부재,confirmed,boundary_carry,False,True,True,,,postpartum_before_source_start,이슈,"승인된 원자료는 2023년부터 존재한다. 추세 역외삽 대신 지역별 최초 관측연도인 2023년 값을 2016–2022년에 유지하고, 장기 소급 대체임을 플래그와 분석 한계에 남긴다."
서울,social_safety_perception,2017,사회 안전에 대한 인식,intermediate_missing,,,,,False,False,not_applicable,조사 비실시 연도,confirmed,linear_interpolation,False,True,True,,,social_survey_interior_non_survey,configs/structural_indicators_verification.yaml:460,2016·2018·2020·2022·2024 관측값 사이의 비조사연도이다.
서울,social_safety_perception,2019,사회 안전에 대한 인식,intermediate_missing,,,,,False,False,not_applicable,조사 비실시 연도,confirmed,linear_interpolation,False,True,True,,,social_survey_interior_non_survey,configs/structural_indicators_verification.yaml:460,2016·2018·2020·2022·2024 관측값 사이의 비조사연도이다.
서울,social_safety_perception,2021,사회 안전에 대한 인식,intermediate_missing,,,,,False,False,not_applicable,조사 비실시 연도,confirmed,linear_interpolation,False,True,True,,,social_survey_interior_non_survey,configs/structural_indicators_verification.yaml:460,2016·2018·2020·2022·2024 관측값 사이의 비조사연도이다.
서울,social_safety_perception,2023,사회 안전에 대한 인식,intermediate_missing,,,,,False,False,not_applicable,조사 비실시 연도,confirmed,linear_interpolation,False,True,True,,,social_survey_interior_non_survey,configs/structural_indicators_verification.yaml:460,2016·2018·2020·2022·2024 관측값 사이의 비조사연도이다.
서울,socioeconomic_status_perception,2016,사회경제적 지위에 대한 인식,leading_missing,2020,4,backward,4,True,True,high,조사 비실시 연도,confirmed,boundary_carry,False,True,False,,,family_survey_boundary_non_survey,configs/structural_indicators_verification.yaml:790,2020·2023 관측 범위 밖의 비조사연도이며 본계열 boundary carry 후보이다.
서울,socioeconomic_status_perception,2017,사회경제적 지위에 대한 인식,leading_missing,2020,3,backward,4,True,True,high,조사 비실시 연도,confirmed,boundary_carry,False,True,False,,,family_survey_boundary_non_survey,configs/structural_indicators_verification.yaml:790,2020·2023 관측 범위 밖의 비조사연도이며 본계열 boundary carry 후보이다.
서울,socioeconomic_status_perception,2018,사회경제적 지위에 대한 인식,leading_missing,2020,2,backward,4,True,True,high,조사 비실시 연도,confirmed,boundary_carry,False,True,False,,,family_survey_boundary_non_survey,configs/structural_indicators_verification.yaml:790,2020·2023 관측 범위 밖의 비조사연도이며 본계열 boundary carry 후보이다.
서울,socioeconomic_status_perception,2019,사회경제적 지위에 대한 인식,leading_missing,2020,1,backward,4,True,True,high,조사 비실시 연도,confirmed,boundary_carry,False,True,False,,,family_survey_boundary_non_survey,configs/structural_indicators_verification.yaml:790,2020·2023 관측 범위 밖의 비조사연도이며 본계열 boundary carry 후보이다.
서울,socioeconomic_status_perception,2021,사회경제적 지위에 대한 인식,intermediate_missing,,,,,False,False,not_applicable,조사 비실시 연도,confirmed,linear_interpolation,False,True,False,,,family_survey_interior_non_survey,configs/structural_indicators_verification.yaml:790,2020년과 2023년 실제 관측값 사이의 비조사연도이다.
서울,socioeconomic_status_perception,2022,사회경제적 지위에 대한 인식,intermediate_missing,,,,,False,False,not_applicable,조사 비실시 연도,confirmed,linear_interpolation,False,True,False,,,family_survey_interior_non_survey,configs/structural_indicators_verification.yaml:790,2020년과 2023년 실제 관측값 사이의 비조사연도이다.
서울,socioeconomic_status_perception,2024,사회경제적 지위에 대한 인식,trailing_missing,2023,1,forward,1,False,True,medium,조사 비실시 연도,confirmed,boundary_carry,False,True,False,,,family_survey_boundary_non_survey,configs/structural_indicators_verification.yaml:790,2020·2023 관측 범위 밖의 비조사연도이며 본계열 boundary carry 후보이다.
세종,childbirth_perception,2016,출산에 대한 인식,leading_missing,2018,2,backward,2,True,True,high,조사 비실시 연도,confirmed,boundary_carry,False,True,True,,,childbirth_leading_non_survey,configs/structural_indicators_verification.yaml:576,지표의 첫 비교 가능 관측연도인 2018년 이전 구간이다.
세종,childbirth_perception,2017,출산에 대한 인식,leading_missing,2018,1,backward,2,True,True,high,조사 비실시 연도,confirmed,boundary_carry,False,True,True,,,childbirth_leading_non_survey,configs/structural_indicators_verification.yaml:576,지표의 첫 비교 가능 관측연도인 2018년 이전 구간이다.
세종,childbirth_perception,2019,출산에 대한 인식,intermediate_missing,,,,,False,False,not_applicable,조사 비실시 연도,confirmed,linear_interpolation,False,True,True,,,childbirth_interior_non_survey,configs/structural_indicators_verification.yaml:576,2018·2020·2022·2024 관측값 사이의 비조사연도이다.
세종,childbirth_perception,2021,출산에 대한 인식,intermediate_missing,,,,,False,False,not_applicable,조사 비실시 연도,confirmed,linear_interpolation,False,True,True,,,childbirth_interior_non_survey,configs/structural_indicators_verification.yaml:576,2018·2020·2022·2024 관측값 사이의 비조사연도이다.
세종,childbirth_perception,2023,출산에 대한 인식,intermediate_missing,,,,,False,False,not_applicable,조사 비실시 연도,confirmed,linear_interpolation,False,True,True,,,childbirth_interior_non_survey,configs/structural_indicators_verification.yaml:576,2018·2020·2022·2024 관측값 사이의 비조사연도이다.
세종,childcare_equal_participation,2016,돌봄노동 공동 참여도,leading_missing,2020,4,backward,4,True,True,high,조사 비실시 연도,confirmed,boundary_carry,False,True,False,,,family_survey_boundary_non_survey,configs/structural_indicators_verification.yaml:790,2020·2023 관측 범위 밖의 비조사연도이며 본계열 boundary carry 후보이다.
세종,childcare_equal_participation,2017,돌봄노동 공동 참여도,leading_missing,2020,3,backward,4,True,True,high,조사 비실시 연도,confirmed,boundary_carry,False,True,False,,,family_survey_boundary_non_survey,configs/structural_indicators_verification.yaml:790,2020·2023 관측 범위 밖의 비조사연도이며 본계열 boundary carry 후보이다.
세종,childcare_equal_participation,2018,돌봄노동 공동 참여도,leading_missing,2020,2,backward,4,True,True,high,조사 비실시 연도,confirmed,boundary_carry,False,True,False,,,family_survey_boundary_non_survey,configs/structural_indicators_verification.yaml:790,2020·2023 관측 범위 밖의 비조사연도이며 본계열 boundary carry 후보이다.
세종,childcare_equal_participation,2019,돌봄노동 공동 참여도,leading_missing,2020,1,backward,4,True,True,high,조사 비실시 연도,confirmed,boundary_carry,False,True,False,,,family_survey_boundary_non_survey,configs/structural_indicators_verification.yaml:790,2020·2023 관측 범위 밖의 비조사연도이며 본계열 boundary carry 후보이다.
세종,childcare_equal_participation,2021,돌봄노동 공동 참여도,intermediate_missing,,,,,False,False,not_applicable,조사 비실시 연도,confirmed,linear_interpolation,False,True,False,,,family_survey_interior_non_survey,configs/structural_indicators_verification.yaml:790,2020년과 2023년 실제 관측값 사이의 비조사연도이다.
세종,childcare_equal_participation,2022,돌봄노동 공동 참여도,intermediate_missing,,,,,False,False,not_applicable,조사 비실시 연도,confirmed,linear_interpolation,False,True,False,,,family_survey_interior_non_survey,configs/structural_indicators_verification.yaml:790,2020년과 2023년 실제 관측값 사이의 비조사연도이다.
세종,childcare_equal_participation,2024,돌봄노동 공동 참여도,trailing_missing,2023,1,forward,1,False,True,medium,조사 비실시 연도,confirmed,boundary_carry,False,True,False,,,family_survey_boundary_non_survey,configs/structural_indicators_verification.yaml:790,2020·2023 관측 범위 밖의 비조사연도이며 본계열 boundary carry 후보이다.
세종,delivery_bed_supply,2016,(대체)분만실 병상수 보급도,leading_missing,2018,2,backward,2,True,True,high,원자료 부재,confirmed,boundary_carry,False,True,True,,,delivery_bed_before_source_start,이슈,"원자료는 2018년 3분기부터 시작한다. 추세 역외삽 대신 지역별 최초 관측연도인 2018년 값을 2016·2017년에 유지하고, 장기 소급 대체임을 플래그와 분석 한계에 남긴다."
세종,delivery_bed_supply,2017,(대체)분만실 병상수 보급도,leading_missing,2018,1,backward,2,True,True,high,원자료 부재,confirmed,boundary_carry,False,True,True,,,delivery_bed_before_source_start,이슈,"원자료는 2018년 3분기부터 시작한다. 추세 역외삽 대신 지역별 최초 관측연도인 2018년 값을 2016·2017년에 유지하고, 장기 소급 대체임을 플래그와 분석 한계에 남긴다."
세종,household_chore_equal_participation,2016,가사노동 공동 참여도,leading_missing,2020,4,backward,4,True,True,high,조사 비실시 연도,confirmed,boundary_carry,False,True,False,,,family_survey_boundary_non_survey,configs/structural_indicators_verification.yaml:790,2020·2023 관측 범위 밖의 비조사연도이며 본계열 boundary carry 후보이다.
세종,household_chore_equal_participation,2017,가사노동 공동 참여도,leading_missing,2020,3,backward,4,True,True,high,조사 비실시 연도,confirmed,boundary_carry,False,True,False,,,family_survey_boundary_non_survey,configs/structural_indicators_verification.yaml:790,2020·2023 관측 범위 밖의 비조사연도이며 본계열 boundary carry 후보이다.
세종,household_chore_equal_participation,2018,가사노동 공동 참여도,leading_missing,2020,2,backward,4,True,True,high,조사 비실시 연도,confirmed,boundary_carry,False,True,False,,,family_survey_boundary_non_survey,configs/structural_indicators_verification.yaml:790,2020·2023 관측 범위 밖의 비조사연도이며 본계열 boundary carry 후보이다.
세종,household_chore_equal_participation,2019,가사노동 공동 참여도,leading_missing,2020,1,backward,4,True,True,high,조사 비실시 연도,confirmed,boundary_carry,False,True,False,,,family_survey_boundary_non_survey,configs/structural_indicators_verification.yaml:790,2020·2023 관측 범위 밖의 비조사연도이며 본계열 boundary carry 후보이다.
세종,household_chore_equal_participation,2021,가사노동 공동 참여도,intermediate_missing,,,,,False,False,not_applicable,조사 비실시 연도,confirmed,linear_interpolation,False,True,False,,,family_survey_interior_non_survey,configs/structural_indicators_verification.yaml:790,2020년과 2023년 실제 관측값 사이의 비조사연도이다.
세종,household_chore_equal_participation,2022,가사노동 공동 참여도,intermediate_missing,,,,,False,False,not_applicable,조사 비실시 연도,confirmed,linear_interpolation,False,True,False,,,family_survey_interior_non_survey,configs/structural_indicators_verification.yaml:790,2020년과 2023년 실제 관측값 사이의 비조사연도이다.
세종,household_chore_equal_participation,2024,가사노동 공동 참여도,trailing_missing,2023,1,forward,1,False,True,medium,조사 비실시 연도,confirmed,boundary_carry,False,True,False,,,family_survey_boundary_non_survey,configs/structural_indicators_verification.yaml:790,2020·2023 관측 범위 밖의 비조사연도이며 본계열 boundary carry 후보이다.
세종,household_own_occupancy_rate,2016,전체 가구 자가점유비율,leading_missing,2017,1,backward,1,False,True,medium,원자료 부재,confirmed,boundary_carry,False,True,True,,,housing_sejong_combined_sample,configs/structural_indicators_verification.yaml:705,충남·세종 결합표본을 충남으로 산출해 세종 단독값이 없다.
세종,housework_gender_equality,2017,가사분담에 대한 성평등 인식,intermediate_missing,,,,,False,False,not_applicable,조사 비실시 연도,confirmed,linear_interpolation,False,True,True,,,nonlinear_housework_direct_interpolation,reports/methodology/20260805_가사분담_성평등_인식_직접보간_안전성_검증.md,"원산식 `1-|평균응답값-3|/2`은 비선형(절댓값) 변환이지만, 18개 지역 × 5개 관측연도(2016·2018·2020·2022·2024) 전부에서 평균응답값이 3점(중간) 미만이라 그 구간에서는 순수 선형함수와 같다. 검증 스크립트 (`scripts/verify_housework_gender_equality_interpolation_safety.py`)로 확인했으며, 최종값을 직접 선형보간해도 구성요소를 먼저 보간한 뒤 변환한 것과 정확히 같다."
세종,housework_gender_equality,2019,가사분담에 대한 성평등 인식,intermediate_missing,,,,,False,False,not_applicable,조사 비실시 연도,confirmed,linear_interpolation,False,True,True,,,nonlinear_housework_direct_interpolation,reports/methodology/20260805_가사분담_성평등_인식_직접보간_안전성_검증.md,"원산식 `1-|평균응답값-3|/2`은 비선형(절댓값) 변환이지만, 18개 지역 × 5개 관측연도(2016·2018·2020·2022·2024) 전부에서 평균응답값이 3점(중간) 미만이라 그 구간에서는 순수 선형함수와 같다. 검증 스크립트 (`scripts/verify_housework_gender_equality_interpolation_safety.py`)로 확인했으며, 최종값을 직접 선형보간해도 구성요소를 먼저 보간한 뒤 변환한 것과 정확히 같다."
세종,housework_gender_equality,2021,가사분담에 대한 성평등 인식,intermediate_missing,,,,,False,False,not_applicable,조사 비실시 연도,confirmed,linear_interpolation,False,True,True,,,nonlinear_housework_direct_interpolation,reports/methodology/20260805_가사분담_성평등_인식_직접보간_안전성_검증.md,"원산식 `1-|평균응답값-3|/2`은 비선형(절댓값) 변환이지만, 18개 지역 × 5개 관측연도(2016·2018·2020·2022·2024) 전부에서 평균응답값이 3점(중간) 미만이라 그 구간에서는 순수 선형함수와 같다. 검증 스크립트 (`scripts/verify_housework_gender_equality_interpolation_safety.py`)로 확인했으며, 최종값을 직접 선형보간해도 구성요소를 먼저 보간한 뒤 변환한 것과 정확히 같다."
세종,housework_gender_equality,2023,가사분담에 대한 성평등 인식,intermediate_missing,,,,,False,False,not_applicable,조사 비실시 연도,confirmed,linear_interpolation,False,True,True,,,nonlinear_housework_direct_interpolation,reports/methodology/20260805_가사분담_성평등_인식_직접보간_안전성_검증.md,"원산식 `1-|평균응답값-3|/2`은 비선형(절댓값) 변환이지만, 18개 지역 × 5개 관측연도(2016·2018·2020·2022·2024) 전부에서 평균응답값이 3점(중간) 미만이라 그 구간에서는 순수 선형함수와 같다. 검증 스크립트 (`scripts/verify_housework_gender_equality_interpolation_safety.py`)로 확인했으며, 최종값을 직접 선형보간해도 구성요소를 먼저 보간한 뒤 변환한 것과 정확히 같다."
세종,housing_price,2016,현재 주택가격,leading_missing,2017,1,backward,1,False,True,medium,원자료 부재,confirmed,boundary_carry,False,True,True,,,housing_sejong_combined_sample,configs/structural_indicators_verification.yaml:705,충남·세종 결합표본을 충남으로 산출해 세종 단독값이 없다.
세종,income_satisfaction,2016,소득만족도,leading_missing,2017,1,backward,1,False,True,medium,조사 비실시 연도,confirmed,boundary_carry,False,True,True,auxiliary_boundary_interpolation,2015,income_leisure_leading_non_survey,configs/structural_indicators_verification.yaml:145,본계열은 boundary carry 후보이며 2015년 값은 별도 보조 시나리오에서만 사용한다.
세종,income_satisfaction,2018,소득만족도,intermediate_missing,,,,,False,False,not_applicable,조사 비실시 연도,confirmed,linear_interpolation,False,True,True,,,income_leisure_interior_non_survey,reports/20260725_구조환경지표_통합파일_결측치_검증_결과.md:57,실제 관측값 사이의 비조사연도로 본계열 선형보간 후보이다.
세종,income_satisfaction,2020,소득만족도,intermediate_missing,,,,,False,False,not_applicable,조사 비실시 연도,confirmed,linear_interpolation,False,True,True,,,income_leisure_interior_non_survey,reports/20260725_구조환경지표_통합파일_결측치_검증_결과.md:57,실제 관측값 사이의 비조사연도로 본계열 선형보간 후보이다.
세종,income_satisfaction,2022,소득만족도,intermediate_missing,,,,,False,False,not_applicable,조사 비실시 연도,confirmed,linear_interpolation,False,True,True,,,income_leisure_interior_non_survey,reports/20260725_구조환경지표_통합파일_결측치_검증_결과.md:57,실제 관측값 사이의 비조사연도로 본계열 선형보간 후보이다.
세종,income_satisfaction,2024,소득만족도,trailing_missing,2023,1,forward,1,False,True,medium,조사 비실시 연도,confirmed,boundary_carry,False,True,True,auxiliary_boundary_interpolation,2025,income_leisure_trailing_non_survey,configs/structural_indicators_verification.yaml:145,본계열은 boundary carry 후보이며 2025년 값은 별도 보조 시나리오에서만 사용한다.
세종,leisure_satisfaction,2016,여가생활 만족도,leading_missing,2017,1,backward,1,False,True,medium,조사 비실시 연도,confirmed,boundary_carry,False,True,True,auxiliary_boundary_interpolation,2015,income_leisure_leading_non_survey,configs/structural_indicators_verification.yaml:145,본계열은 boundary carry 후보이며 2015년 값은 별도 보조 시나리오에서만 사용한다.
세종,leisure_satisfaction,2018,여가생활 만족도,intermediate_missing,,,,,False,False,not_applicable,조사 비실시 연도,confirmed,linear_interpolation,False,True,True,,,income_leisure_interior_non_survey,reports/20260725_구조환경지표_통합파일_결측치_검증_결과.md:57,실제 관측값 사이의 비조사연도로 본계열 선형보간 후보이다.
세종,leisure_satisfaction,2020,여가생활 만족도,intermediate_missing,,,,,False,False,not_applicable,조사 비실시 연도,confirmed,linear_interpolation,False,True,True,,,income_leisure_interior_non_survey,reports/20260725_구조환경지표_통합파일_결측치_검증_결과.md:57,실제 관측값 사이의 비조사연도로 본계열 선형보간 후보이다.
세종,leisure_satisfaction,2022,여가생활 만족도,intermediate_missing,,,,,False,False,not_applicable,조사 비실시 연도,confirmed,linear_interpolation,False,True,True,,,income_leisure_interior_non_survey,reports/20260725_구조환경지표_통합파일_결측치_검증_결과.md:57,실제 관측값 사이의 비조사연도로 본계열 선형보간 후보이다.
세종,leisure_satisfaction,2024,여가생활 만족도,trailing_missing,2023,1,forward,1,False,True,medium,조사 비실시 연도,confirmed,boundary_carry,False,True,True,auxiliary_boundary_interpolation,2025,income_leisure_trailing_non_survey,configs/structural_indicators_verification.yaml:145,본계열은 boundary carry 후보이며 2025년 값은 별도 보조 시나리오에서만 사용한다.
세종,marriage_perception,2017,결혼에 대한 인식,intermediate_missing,,,,,False,False,not_applicable,조사 비실시 연도,confirmed,linear_interpolation,False,True,True,,,social_survey_interior_non_survey,configs/structural_indicators_verification.yaml:460,2016·2018·2020·2022·2024 관측값 사이의 비조사연도이다.
세종,marriage_perception,2019,결혼에 대한 인식,intermediate_missing,,,,,False,False,not_applicable,조사 비실시 연도,confirmed,linear_interpolation,False,True,True,,,social_survey_interior_non_survey,configs/structural_indicators_verification.yaml:460,2016·2018·2020·2022·2024 관측값 사이의 비조사연도이다.
세종,marriage_perception,2021,결혼에 대한 인식,intermediate_missing,,,,,False,False,not_applicable,조사 비실시 연도,confirmed,linear_interpolation,False,True,True,,,social_survey_interior_non_survey,configs/structural_indicators_verification.yaml:460,2016·2018·2020·2022·2024 관측값 사이의 비조사연도이다.
세종,marriage_perception,2023,결혼에 대한 인식,intermediate_missing,,,,,False,False,not_applicable,조사 비실시 연도,confirmed,linear_interpolation,False,True,True,,,social_survey_interior_non_survey,configs/structural_indicators_verification.yaml:460,2016·2018·2020·2022·2024 관측값 사이의 비조사연도이다.
세종,postpartum_center_fee,2016,산후조리원 이용 요금,leading_missing,2023,7,backward,7,True,True,high,원자료 부재,confirmed,boundary_carry,False,True,True,,,postpartum_before_source_start,이슈,"승인된 원자료는 2023년부터 존재한다. 추세 역외삽 대신 지역별 최초 관측연도인 2023년 값을 2016–2022년에 유지하고, 장기 소급 대체임을 플래그와 분석 한계에 남긴다."
세종,postpartum_center_fee,2017,산후조리원 이용 요금,leading_missing,2023,6,backward,7,True,True,high,원자료 부재,confirmed,boundary_carry,False,True,True,,,postpartum_before_source_start,이슈,"승인된 원자료는 2023년부터 존재한다. 추세 역외삽 대신 지역별 최초 관측연도인 2023년 값을 2016–2022년에 유지하고, 장기 소급 대체임을 플래그와 분석 한계에 남긴다."
세종,postpartum_center_fee,2018,산후조리원 이용 요금,leading_missing,2023,5,backward,7,True,True,high,원자료 부재,confirmed,boundary_carry,False,True,True,,,postpartum_before_source_start,이슈,"승인된 원자료는 2023년부터 존재한다. 추세 역외삽 대신 지역별 최초 관측연도인 2023년 값을 2016–2022년에 유지하고, 장기 소급 대체임을 플래그와 분석 한계에 남긴다."
세종,postpartum_center_fee,2019,산후조리원 이용 요금,leading_missing,2023,4,backward,7,True,True,high,원자료 부재,confirmed,boundary_carry,False,True,True,,,postpartum_before_source_start,이슈,"승인된 원자료는 2023년부터 존재한다. 추세 역외삽 대신 지역별 최초 관측연도인 2023년 값을 2016–2022년에 유지하고, 장기 소급 대체임을 플래그와 분석 한계에 남긴다."
세종,postpartum_center_fee,2020,산후조리원 이용 요금,leading_missing,2023,3,backward,7,True,True,high,원자료 부재,confirmed,boundary_carry,False,True,True,,,postpartum_before_source_start,이슈,"승인된 원자료는 2023년부터 존재한다. 추세 역외삽 대신 지역별 최초 관측연도인 2023년 값을 2016–2022년에 유지하고, 장기 소급 대체임을 플래그와 분석 한계에 남긴다."
세종,postpartum_center_fee,2021,산후조리원 이용 요금,leading_missing,2023,2,backward,7,True,True,high,원자료 부재,confirmed,boundary_carry,False,True,True,,,postpartum_before_source_start,이슈,"승인된 원자료는 2023년부터 존재한다. 추세 역외삽 대신 지역별 최초 관측연도인 2023년 값을 2016–2022년에 유지하고, 장기 소급 대체임을 플래그와 분석 한계에 남긴다."
세종,postpartum_center_fee,2022,산후조리원 이용 요금,leading_missing,2023,1,backward,7,True,True,high,원자료 부재,confirmed,boundary_carry,False,True,True,,,postpartum_before_source_start,이슈,"승인된 원자료는 2023년부터 존재한다. 추세 역외삽 대신 지역별 최초 관측연도인 2023년 값을 2016–2022년에 유지하고, 장기 소급 대체임을 플래그와 분석 한계에 남긴다."
세종,postpartum_center_supply,2016,산후조리원 보급도,leading_missing,2023,7,backward,7,True,True,high,원자료 부재,confirmed,boundary_carry,False,True,True,,,postpartum_before_source_start,이슈,"승인된 원자료는 2023년부터 존재한다. 추세 역외삽 대신 지역별 최초 관측연도인 2023년 값을 2016–2022년에 유지하고, 장기 소급 대체임을 플래그와 분석 한계에 남긴다."
세종,postpartum_center_supply,2017,산후조리원 보급도,leading_missing,2023,6,backward,7,True,True,high,원자료 부재,confirmed,boundary_carry,False,True,True,,,postpartum_before_source_start,이슈,"승인된 원자료는 2023년부터 존재한다. 추세 역외삽 대신 지역별 최초 관측연도인 2023년 값을 2016–2022년에 유지하고, 장기 소급 대체임을 플래그와 분석 한계에 남긴다."
세종,postpartum_center_supply,2018,산후조리원 보급도,leading_missing,2023,5,backward,7,True,True,high,원자료 부재,confirmed,boundary_carry,False,True,True,,,postpartum_before_source_start,이슈,"승인된 원자료는 2023년부터 존재한다. 추세 역외삽 대신 지역별 최초 관측연도인 2023년 값을 2016–2022년에 유지하고, 장기 소급 대체임을 플래그와 분석 한계에 남긴다."
세종,postpartum_center_supply,2019,산후조리원 보급도,leading_missing,2023,4,backward,7,True,True,high,원자료 부재,confirmed,boundary_carry,False,True,True,,,postpartum_before_source_start,이슈,"승인된 원자료는 2023년부터 존재한다. 추세 역외삽 대신 지역별 최초 관측연도인 2023년 값을 2016–2022년에 유지하고, 장기 소급 대체임을 플래그와 분석 한계에 남긴다."
세종,postpartum_center_supply,2020,산후조리원 보급도,leading_missing,2023,3,backward,7,True,True,high,원자료 부재,confirmed,boundary_carry,False,True,True,,,postpartum_before_source_start,이슈,"승인된 원자료는 2023년부터 존재한다. 추세 역외삽 대신 지역별 최초 관측연도인 2023년 값을 2016–2022년에 유지하고, 장기 소급 대체임을 플래그와 분석 한계에 남긴다."
세종,postpartum_center_supply,2021,산후조리원 보급도,leading_missing,2023,2,backward,7,True,True,high,원자료 부재,confirmed,boundary_carry,False,True,True,,,postpartum_before_source_start,이슈,"승인된 원자료는 2023년부터 존재한다. 추세 역외삽 대신 지역별 최초 관측연도인 2023년 값을 2016–2022년에 유지하고, 장기 소급 대체임을 플래그와 분석 한계에 남긴다."
세종,postpartum_center_supply,2022,산후조리원 보급도,leading_missing,2023,1,backward,7,True,True,high,원자료 부재,confirmed,boundary_carry,False,True,True,,,postpartum_before_source_start,이슈,"승인된 원자료는 2023년부터 존재한다. 추세 역외삽 대신 지역별 최초 관측연도인 2023년 값을 2016–2022년에 유지하고, 장기 소급 대체임을 플래그와 분석 한계에 남긴다."
세종,renter_household_annual_housing_cost_hcc,2016,임차가구 연간 주거비 HCC,leading_missing,2017,1,backward,1,False,True,medium,원자료 부재,confirmed,boundary_carry,False,True,True,,,housing_sejong_combined_sample,configs/structural_indicators_verification.yaml:705,충남·세종 결합표본을 충남으로 산출해 세종 단독값이 없다.
세종,social_safety_perception,2017,사회 안전에 대한 인식,intermediate_missing,,,,,False,False,not_applicable,조사 비실시 연도,confirmed,linear_interpolation,False,True,True,,,social_survey_interior_non_survey,configs/structural_indicators_verification.yaml:460,2016·2018·2020·2022·2024 관측값 사이의 비조사연도이다.
세종,social_safety_perception,2019,사회 안전에 대한 인식,intermediate_missing,,,,,False,False,not_applicable,조사 비실시 연도,confirmed,linear_interpolation,False,True,True,,,social_survey_interior_non_survey,configs/structural_indicators_verification.yaml:460,2016·2018·2020·2022·2024 관측값 사이의 비조사연도이다.
세종,social_safety_perception,2021,사회 안전에 대한 인식,intermediate_missing,,,,,False,False,not_applicable,조사 비실시 연도,confirmed,linear_interpolation,False,True,True,,,social_survey_interior_non_survey,configs/structural_indicators_verification.yaml:460,2016·2018·2020·2022·2024 관측값 사이의 비조사연도이다.
세종,social_safety_perception,2023,사회 안전에 대한 인식,intermediate_missing,,,,,False,False,not_applicable,조사 비실시 연도,confirmed,linear_interpolation,False,True,True,,,social_survey_interior_non_survey,configs/structural_indicators_verification.yaml:460,2016·2018·2020·2022·2024 관측값 사이의 비조사연도이다.
세종,socioeconomic_status_perception,2016,사회경제적 지위에 대한 인식,leading_missing,2020,4,backward,4,True,True,high,조사 비실시 연도,confirmed,boundary_carry,False,True,False,,,family_survey_boundary_non_survey,configs/structural_indicators_verification.yaml:790,2020·2023 관측 범위 밖의 비조사연도이며 본계열 boundary carry 후보이다.
세종,socioeconomic_status_perception,2017,사회경제적 지위에 대한 인식,leading_missing,2020,3,backward,4,True,True,high,조사 비실시 연도,confirmed,boundary_carry,False,True,False,,,family_survey_boundary_non_survey,configs/structural_indicators_verification.yaml:790,2020·2023 관측 범위 밖의 비조사연도이며 본계열 boundary carry 후보이다.
세종,socioeconomic_status_perception,2018,사회경제적 지위에 대한 인식,leading_missing,2020,2,backward,4,True,True,high,조사 비실시 연도,confirmed,boundary_carry,False,True,False,,,family_survey_boundary_non_survey,configs/structural_indicators_verification.yaml:790,2020·2023 관측 범위 밖의 비조사연도이며 본계열 boundary carry 후보이다.
세종,socioeconomic_status_perception,2019,사회경제적 지위에 대한 인식,leading_missing,2020,1,backward,4,True,True,high,조사 비실시 연도,confirmed,boundary_carry,False,True,False,,,family_survey_boundary_non_survey,configs/structural_indicators_verification.yaml:790,2020·2023 관측 범위 밖의 비조사연도이며 본계열 boundary carry 후보이다.
세종,socioeconomic_status_perception,2021,사회경제적 지위에 대한 인식,intermediate_missing,,,,,False,False,not_applicable,조사 비실시 연도,confirmed,linear_interpolation,False,True,False,,,family_survey_interior_non_survey,configs/structural_indicators_verification.yaml:790,2020년과 2023년 실제 관측값 사이의 비조사연도이다.
세종,socioeconomic_status_perception,2022,사회경제적 지위에 대한 인식,intermediate_missing,,,,,False,False,not_applicable,조사 비실시 연도,confirmed,linear_interpolation,False,True,False,,,family_survey_interior_non_survey,configs/structural_indicators_verification.yaml:790,2020년과 2023년 실제 관측값 사이의 비조사연도이다.
세종,socioeconomic_status_perception,2024,사회경제적 지위에 대한 인식,trailing_missing,2023,1,forward,1,False,True,medium,조사 비실시 연도,confirmed,boundary_carry,False,True,False,,,family_survey_boundary_non_survey,configs/structural_indicators_verification.yaml:790,2020·2023 관측 범위 밖의 비조사연도이며 본계열 boundary carry 후보이다.
세종,work_hours,2016,근로시간,leading_missing,2020,4,backward,4,True,True,high,원자료 부재,confirmed,boundary_carry,False,True,True,,,work_hours_sejong_source_absent,reports/20260724_구조환경지표_21개_검증_진행상황.md:211,원자료 부재는 확인됐지만 표본 부족이 원인이라는 설명은 추정이다.
세종,work_hours,2017,근로시간,leading_missing,2020,3,backward,4,True,True,high,원자료 부재,confirmed,boundary_carry,False,True,True,,,work_hours_sejong_source_absent,reports/20260724_구조환경지표_21개_검증_진행상황.md:211,원자료 부재는 확인됐지만 표본 부족이 원인이라는 설명은 추정이다.
세종,work_hours,2018,근로시간,leading_missing,2020,2,backward,4,True,True,high,원자료 부재,confirmed,boundary_carry,False,True,True,,,work_hours_sejong_source_absent,reports/20260724_구조환경지표_21개_검증_진행상황.md:211,원자료 부재는 확인됐지만 표본 부족이 원인이라는 설명은 추정이다.
세종,work_hours,2019,근로시간,leading_missing,2020,1,backward,4,True,True,high,원자료 부재,confirmed,boundary_carry,False,True,True,,,work_hours_sejong_source_absent,reports/20260724_구조환경지표_21개_검증_진행상황.md:211,원자료 부재는 확인됐지만 표본 부족이 원인이라는 설명은 추정이다.
세종,youth_employment_rate,2016,청년고용률,leading_missing,2017,1,backward,1,False,True,medium,원자료 부재,confirmed,boundary_carry,False,True,True,,,youth_employment_2016_source_absent,reports/20260724_구조환경지표_21개_검증_진행상황.md:62,원자료의 결측 토큰은 확인됐지만 신설 지자체가 원인이라는 설명은 추정이다.
세종,youth_regular_employment_rate,2016,청년층 정규직 근로자 비율,leading_missing,2017,1,backward,1,False,True,medium,원자료 부재,confirmed,boundary_carry,False,True,True,,,youth_regular_sejong_source_absent,notebooks/20260727_EDA_지역별고용조사_청년층_정규직_근로자_비율_산출.ipynb:1503,2016년 상·하반기 원자료 모두 세종 코드 29가 없다.
울산,childbirth_perception,2016,출산에 대한 인식,leading_missing,2018,2,backward,2,True,True,high,조사 비실시 연도,confirmed,boundary_carry,False,True,True,,,childbirth_leading_non_survey,configs/structural_indicators_verification.yaml:576,지표의 첫 비교 가능 관측연도인 2018년 이전 구간이다.
울산,childbirth_perception,2017,출산에 대한 인식,leading_missing,2018,1,backward,2,True,True,high,조사 비실시 연도,confirmed,boundary_carry,False,True,True,,,childbirth_leading_non_survey,configs/structural_indicators_verification.yaml:576,지표의 첫 비교 가능 관측연도인 2018년 이전 구간이다.
울산,childbirth_perception,2019,출산에 대한 인식,intermediate_missing,,,,,False,False,not_applicable,조사 비실시 연도,confirmed,linear_interpolation,False,True,True,,,childbirth_interior_non_survey,configs/structural_indicators_verification.yaml:576,2018·2020·2022·2024 관측값 사이의 비조사연도이다.
울산,childbirth_perception,2021,출산에 대한 인식,intermediate_missing,,,,,False,False,not_applicable,조사 비실시 연도,confirmed,linear_interpolation,False,True,True,,,childbirth_interior_non_survey,configs/structural_indicators_verification.yaml:576,2018·2020·2022·2024 관측값 사이의 비조사연도이다.
울산,childbirth_perception,2023,출산에 대한 인식,intermediate_missing,,,,,False,False,not_applicable,조사 비실시 연도,confirmed,linear_interpolation,False,True,True,,,childbirth_interior_non_survey,configs/structural_indicators_verification.yaml:576,2018·2020·2022·2024 관측값 사이의 비조사연도이다.
울산,childcare_equal_participation,2016,돌봄노동 공동 참여도,leading_missing,2020,4,backward,4,True,True,high,조사 비실시 연도,confirmed,boundary_carry,False,True,False,,,family_survey_boundary_non_survey,configs/structural_indicators_verification.yaml:790,2020·2023 관측 범위 밖의 비조사연도이며 본계열 boundary carry 후보이다.
울산,childcare_equal_participation,2017,돌봄노동 공동 참여도,leading_missing,2020,3,backward,4,True,True,high,조사 비실시 연도,confirmed,boundary_carry,False,True,False,,,family_survey_boundary_non_survey,configs/structural_indicators_verification.yaml:790,2020·2023 관측 범위 밖의 비조사연도이며 본계열 boundary carry 후보이다.
울산,childcare_equal_participation,2018,돌봄노동 공동 참여도,leading_missing,2020,2,backward,4,True,True,high,조사 비실시 연도,confirmed,boundary_carry,False,True,False,,,family_survey_boundary_non_survey,configs/structural_indicators_verification.yaml:790,2020·2023 관측 범위 밖의 비조사연도이며 본계열 boundary carry 후보이다.
울산,childcare_equal_participation,2019,돌봄노동 공동 참여도,leading_missing,2020,1,backward,4,True,True,high,조사 비실시 연도,confirmed,boundary_carry,False,True,False,,,family_survey_boundary_non_survey,configs/structural_indicators_verification.yaml:790,2020·2023 관측 범위 밖의 비조사연도이며 본계열 boundary carry 후보이다.
울산,childcare_equal_participation,2021,돌봄노동 공동 참여도,intermediate_missing,,,,,False,False,not_applicable,조사 비실시 연도,confirmed,linear_interpolation,False,True,False,,,family_survey_interior_non_survey,configs/structural_indicators_verification.yaml:790,2020년과 2023년 실제 관측값 사이의 비조사연도이다.
울산,childcare_equal_participation,2022,돌봄노동 공동 참여도,intermediate_missing,,,,,False,False,not_applicable,조사 비실시 연도,confirmed,linear_interpolation,False,True,False,,,family_survey_interior_non_survey,configs/structural_indicators_verification.yaml:790,2020년과 2023년 실제 관측값 사이의 비조사연도이다.
울산,childcare_equal_participation,2024,돌봄노동 공동 참여도,trailing_missing,2023,1,forward,1,False,True,medium,조사 비실시 연도,confirmed,boundary_carry,False,True,False,,,family_survey_boundary_non_survey,configs/structural_indicators_verification.yaml:790,2020·2023 관측 범위 밖의 비조사연도이며 본계열 boundary carry 후보이다.
울산,delivery_bed_supply,2016,(대체)분만실 병상수 보급도,leading_missing,2018,2,backward,2,True,True,high,원자료 부재,confirmed,boundary_carry,False,True,True,,,delivery_bed_before_source_start,이슈,"원자료는 2018년 3분기부터 시작한다. 추세 역외삽 대신 지역별 최초 관측연도인 2018년 값을 2016·2017년에 유지하고, 장기 소급 대체임을 플래그와 분석 한계에 남긴다."
울산,delivery_bed_supply,2017,(대체)분만실 병상수 보급도,leading_missing,2018,1,backward,2,True,True,high,원자료 부재,confirmed,boundary_carry,False,True,True,,,delivery_bed_before_source_start,이슈,"원자료는 2018년 3분기부터 시작한다. 추세 역외삽 대신 지역별 최초 관측연도인 2018년 값을 2016·2017년에 유지하고, 장기 소급 대체임을 플래그와 분석 한계에 남긴다."
울산,household_chore_equal_participation,2016,가사노동 공동 참여도,leading_missing,2020,4,backward,4,True,True,high,조사 비실시 연도,confirmed,boundary_carry,False,True,False,,,family_survey_boundary_non_survey,configs/structural_indicators_verification.yaml:790,2020·2023 관측 범위 밖의 비조사연도이며 본계열 boundary carry 후보이다.
울산,household_chore_equal_participation,2017,가사노동 공동 참여도,leading_missing,2020,3,backward,4,True,True,high,조사 비실시 연도,confirmed,boundary_carry,False,True,False,,,family_survey_boundary_non_survey,configs/structural_indicators_verification.yaml:790,2020·2023 관측 범위 밖의 비조사연도이며 본계열 boundary carry 후보이다.
울산,household_chore_equal_participation,2018,가사노동 공동 참여도,leading_missing,2020,2,backward,4,True,True,high,조사 비실시 연도,confirmed,boundary_carry,False,True,False,,,family_survey_boundary_non_survey,configs/structural_indicators_verification.yaml:790,2020·2023 관측 범위 밖의 비조사연도이며 본계열 boundary carry 후보이다.
울산,household_chore_equal_participation,2019,가사노동 공동 참여도,leading_missing,2020,1,backward,4,True,True,high,조사 비실시 연도,confirmed,boundary_carry,False,True,False,,,family_survey_boundary_non_survey,configs/structural_indicators_verification.yaml:790,2020·2023 관측 범위 밖의 비조사연도이며 본계열 boundary carry 후보이다.
울산,household_chore_equal_participation,2021,가사노동 공동 참여도,intermediate_missing,,,,,False,False,not_applicable,조사 비실시 연도,confirmed,linear_interpolation,False,True,False,,,family_survey_interior_non_survey,configs/structural_indicators_verification.yaml:790,2020년과 2023년 실제 관측값 사이의 비조사연도이다.
울산,household_chore_equal_participation,2022,가사노동 공동 참여도,intermediate_missing,,,,,False,False,not_applicable,조사 비실시 연도,confirmed,linear_interpolation,False,True,False,,,family_survey_interior_non_survey,configs/structural_indicators_verification.yaml:790,2020년과 2023년 실제 관측값 사이의 비조사연도이다.
울산,household_chore_equal_participation,2024,가사노동 공동 참여도,trailing_missing,2023,1,forward,1,False,True,medium,조사 비실시 연도,confirmed,boundary_carry,False,True,False,,,family_survey_boundary_non_survey,configs/structural_indicators_verification.yaml:790,2020·2023 관측 범위 밖의 비조사연도이며 본계열 boundary carry 후보이다.
울산,housework_gender_equality,2017,가사분담에 대한 성평등 인식,intermediate_missing,,,,,False,False,not_applicable,조사 비실시 연도,confirmed,linear_interpolation,False,True,True,,,nonlinear_housework_direct_interpolation,reports/methodology/20260805_가사분담_성평등_인식_직접보간_안전성_검증.md,"원산식 `1-|평균응답값-3|/2`은 비선형(절댓값) 변환이지만, 18개 지역 × 5개 관측연도(2016·2018·2020·2022·2024) 전부에서 평균응답값이 3점(중간) 미만이라 그 구간에서는 순수 선형함수와 같다. 검증 스크립트 (`scripts/verify_housework_gender_equality_interpolation_safety.py`)로 확인했으며, 최종값을 직접 선형보간해도 구성요소를 먼저 보간한 뒤 변환한 것과 정확히 같다."
울산,housework_gender_equality,2019,가사분담에 대한 성평등 인식,intermediate_missing,,,,,False,False,not_applicable,조사 비실시 연도,confirmed,linear_interpolation,False,True,True,,,nonlinear_housework_direct_interpolation,reports/methodology/20260805_가사분담_성평등_인식_직접보간_안전성_검증.md,"원산식 `1-|평균응답값-3|/2`은 비선형(절댓값) 변환이지만, 18개 지역 × 5개 관측연도(2016·2018·2020·2022·2024) 전부에서 평균응답값이 3점(중간) 미만이라 그 구간에서는 순수 선형함수와 같다. 검증 스크립트 (`scripts/verify_housework_gender_equality_interpolation_safety.py`)로 확인했으며, 최종값을 직접 선형보간해도 구성요소를 먼저 보간한 뒤 변환한 것과 정확히 같다."
울산,housework_gender_equality,2021,가사분담에 대한 성평등 인식,intermediate_missing,,,,,False,False,not_applicable,조사 비실시 연도,confirmed,linear_interpolation,False,True,True,,,nonlinear_housework_direct_interpolation,reports/methodology/20260805_가사분담_성평등_인식_직접보간_안전성_검증.md,"원산식 `1-|평균응답값-3|/2`은 비선형(절댓값) 변환이지만, 18개 지역 × 5개 관측연도(2016·2018·2020·2022·2024) 전부에서 평균응답값이 3점(중간) 미만이라 그 구간에서는 순수 선형함수와 같다. 검증 스크립트 (`scripts/verify_housework_gender_equality_interpolation_safety.py`)로 확인했으며, 최종값을 직접 선형보간해도 구성요소를 먼저 보간한 뒤 변환한 것과 정확히 같다."
울산,housework_gender_equality,2023,가사분담에 대한 성평등 인식,intermediate_missing,,,,,False,False,not_applicable,조사 비실시 연도,confirmed,linear_interpolation,False,True,True,,,nonlinear_housework_direct_interpolation,reports/methodology/20260805_가사분담_성평등_인식_직접보간_안전성_검증.md,"원산식 `1-|평균응답값-3|/2`은 비선형(절댓값) 변환이지만, 18개 지역 × 5개 관측연도(2016·2018·2020·2022·2024) 전부에서 평균응답값이 3점(중간) 미만이라 그 구간에서는 순수 선형함수와 같다. 검증 스크립트 (`scripts/verify_housework_gender_equality_interpolation_safety.py`)로 확인했으며, 최종값을 직접 선형보간해도 구성요소를 먼저 보간한 뒤 변환한 것과 정확히 같다."
울산,income_satisfaction,2016,소득만족도,leading_missing,2017,1,backward,1,False,True,medium,조사 비실시 연도,confirmed,boundary_carry,False,True,True,auxiliary_boundary_interpolation,2015,income_leisure_leading_non_survey,configs/structural_indicators_verification.yaml:145,본계열은 boundary carry 후보이며 2015년 값은 별도 보조 시나리오에서만 사용한다.
울산,income_satisfaction,2018,소득만족도,intermediate_missing,,,,,False,False,not_applicable,조사 비실시 연도,confirmed,linear_interpolation,False,True,True,,,income_leisure_interior_non_survey,reports/20260725_구조환경지표_통합파일_결측치_검증_결과.md:57,실제 관측값 사이의 비조사연도로 본계열 선형보간 후보이다.
울산,income_satisfaction,2020,소득만족도,intermediate_missing,,,,,False,False,not_applicable,조사 비실시 연도,confirmed,linear_interpolation,False,True,True,,,income_leisure_interior_non_survey,reports/20260725_구조환경지표_통합파일_결측치_검증_결과.md:57,실제 관측값 사이의 비조사연도로 본계열 선형보간 후보이다.
울산,income_satisfaction,2022,소득만족도,intermediate_missing,,,,,False,False,not_applicable,조사 비실시 연도,confirmed,linear_interpolation,False,True,True,,,income_leisure_interior_non_survey,reports/20260725_구조환경지표_통합파일_결측치_검증_결과.md:57,실제 관측값 사이의 비조사연도로 본계열 선형보간 후보이다.
울산,income_satisfaction,2024,소득만족도,trailing_missing,2023,1,forward,1,False,True,medium,조사 비실시 연도,confirmed,boundary_carry,False,True,True,auxiliary_boundary_interpolation,2025,income_leisure_trailing_non_survey,configs/structural_indicators_verification.yaml:145,본계열은 boundary carry 후보이며 2025년 값은 별도 보조 시나리오에서만 사용한다.
울산,leisure_satisfaction,2016,여가생활 만족도,leading_missing,2017,1,backward,1,False,True,medium,조사 비실시 연도,confirmed,boundary_carry,False,True,True,auxiliary_boundary_interpolation,2015,income_leisure_leading_non_survey,configs/structural_indicators_verification.yaml:145,본계열은 boundary carry 후보이며 2015년 값은 별도 보조 시나리오에서만 사용한다.
울산,leisure_satisfaction,2018,여가생활 만족도,intermediate_missing,,,,,False,False,not_applicable,조사 비실시 연도,confirmed,linear_interpolation,False,True,True,,,income_leisure_interior_non_survey,reports/20260725_구조환경지표_통합파일_결측치_검증_결과.md:57,실제 관측값 사이의 비조사연도로 본계열 선형보간 후보이다.
울산,leisure_satisfaction,2020,여가생활 만족도,intermediate_missing,,,,,False,False,not_applicable,조사 비실시 연도,confirmed,linear_interpolation,False,True,True,,,income_leisure_interior_non_survey,reports/20260725_구조환경지표_통합파일_결측치_검증_결과.md:57,실제 관측값 사이의 비조사연도로 본계열 선형보간 후보이다.
울산,leisure_satisfaction,2022,여가생활 만족도,intermediate_missing,,,,,False,False,not_applicable,조사 비실시 연도,confirmed,linear_interpolation,False,True,True,,,income_leisure_interior_non_survey,reports/20260725_구조환경지표_통합파일_결측치_검증_결과.md:57,실제 관측값 사이의 비조사연도로 본계열 선형보간 후보이다.
울산,leisure_satisfaction,2024,여가생활 만족도,trailing_missing,2023,1,forward,1,False,True,medium,조사 비실시 연도,confirmed,boundary_carry,False,True,True,auxiliary_boundary_interpolation,2025,income_leisure_trailing_non_survey,configs/structural_indicators_verification.yaml:145,본계열은 boundary carry 후보이며 2025년 값은 별도 보조 시나리오에서만 사용한다.
울산,marriage_perception,2017,결혼에 대한 인식,intermediate_missing,,,,,False,False,not_applicable,조사 비실시 연도,confirmed,linear_interpolation,False,True,True,,,social_survey_interior_non_survey,configs/structural_indicators_verification.yaml:460,2016·2018·2020·2022·2024 관측값 사이의 비조사연도이다.
울산,marriage_perception,2019,결혼에 대한 인식,intermediate_missing,,,,,False,False,not_applicable,조사 비실시 연도,confirmed,linear_interpolation,False,True,True,,,social_survey_interior_non_survey,configs/structural_indicators_verification.yaml:460,2016·2018·2020·2022·2024 관측값 사이의 비조사연도이다.
울산,marriage_perception,2021,결혼에 대한 인식,intermediate_missing,,,,,False,False,not_applicable,조사 비실시 연도,confirmed,linear_interpolation,False,True,True,,,social_survey_interior_non_survey,configs/structural_indicators_verification.yaml:460,2016·2018·2020·2022·2024 관측값 사이의 비조사연도이다.
울산,marriage_perception,2023,결혼에 대한 인식,intermediate_missing,,,,,False,False,not_applicable,조사 비실시 연도,confirmed,linear_interpolation,False,True,True,,,social_survey_interior_non_survey,configs/structural_indicators_verification.yaml:460,2016·2018·2020·2022·2024 관측값 사이의 비조사연도이다.
울산,postpartum_center_fee,2016,산후조리원 이용 요금,leading_missing,2023,7,backward,7,True,True,high,원자료 부재,confirmed,boundary_carry,False,True,True,,,postpartum_before_source_start,이슈,"승인된 원자료는 2023년부터 존재한다. 추세 역외삽 대신 지역별 최초 관측연도인 2023년 값을 2016–2022년에 유지하고, 장기 소급 대체임을 플래그와 분석 한계에 남긴다."
울산,postpartum_center_fee,2017,산후조리원 이용 요금,leading_missing,2023,6,backward,7,True,True,high,원자료 부재,confirmed,boundary_carry,False,True,True,,,postpartum_before_source_start,이슈,"승인된 원자료는 2023년부터 존재한다. 추세 역외삽 대신 지역별 최초 관측연도인 2023년 값을 2016–2022년에 유지하고, 장기 소급 대체임을 플래그와 분석 한계에 남긴다."
울산,postpartum_center_fee,2018,산후조리원 이용 요금,leading_missing,2023,5,backward,7,True,True,high,원자료 부재,confirmed,boundary_carry,False,True,True,,,postpartum_before_source_start,이슈,"승인된 원자료는 2023년부터 존재한다. 추세 역외삽 대신 지역별 최초 관측연도인 2023년 값을 2016–2022년에 유지하고, 장기 소급 대체임을 플래그와 분석 한계에 남긴다."
울산,postpartum_center_fee,2019,산후조리원 이용 요금,leading_missing,2023,4,backward,7,True,True,high,원자료 부재,confirmed,boundary_carry,False,True,True,,,postpartum_before_source_start,이슈,"승인된 원자료는 2023년부터 존재한다. 추세 역외삽 대신 지역별 최초 관측연도인 2023년 값을 2016–2022년에 유지하고, 장기 소급 대체임을 플래그와 분석 한계에 남긴다."
울산,postpartum_center_fee,2020,산후조리원 이용 요금,leading_missing,2023,3,backward,7,True,True,high,원자료 부재,confirmed,boundary_carry,False,True,True,,,postpartum_before_source_start,이슈,"승인된 원자료는 2023년부터 존재한다. 추세 역외삽 대신 지역별 최초 관측연도인 2023년 값을 2016–2022년에 유지하고, 장기 소급 대체임을 플래그와 분석 한계에 남긴다."
울산,postpartum_center_fee,2021,산후조리원 이용 요금,leading_missing,2023,2,backward,7,True,True,high,원자료 부재,confirmed,boundary_carry,False,True,True,,,postpartum_before_source_start,이슈,"승인된 원자료는 2023년부터 존재한다. 추세 역외삽 대신 지역별 최초 관측연도인 2023년 값을 2016–2022년에 유지하고, 장기 소급 대체임을 플래그와 분석 한계에 남긴다."
울산,postpartum_center_fee,2022,산후조리원 이용 요금,leading_missing,2023,1,backward,7,True,True,high,원자료 부재,confirmed,boundary_carry,False,True,True,,,postpartum_before_source_start,이슈,"승인된 원자료는 2023년부터 존재한다. 추세 역외삽 대신 지역별 최초 관측연도인 2023년 값을 2016–2022년에 유지하고, 장기 소급 대체임을 플래그와 분석 한계에 남긴다."
울산,postpartum_center_supply,2016,산후조리원 보급도,leading_missing,2023,7,backward,7,True,True,high,원자료 부재,confirmed,boundary_carry,False,True,True,,,postpartum_before_source_start,이슈,"승인된 원자료는 2023년부터 존재한다. 추세 역외삽 대신 지역별 최초 관측연도인 2023년 값을 2016–2022년에 유지하고, 장기 소급 대체임을 플래그와 분석 한계에 남긴다."
울산,postpartum_center_supply,2017,산후조리원 보급도,leading_missing,2023,6,backward,7,True,True,high,원자료 부재,confirmed,boundary_carry,False,True,True,,,postpartum_before_source_start,이슈,"승인된 원자료는 2023년부터 존재한다. 추세 역외삽 대신 지역별 최초 관측연도인 2023년 값을 2016–2022년에 유지하고, 장기 소급 대체임을 플래그와 분석 한계에 남긴다."
울산,postpartum_center_supply,2018,산후조리원 보급도,leading_missing,2023,5,backward,7,True,True,high,원자료 부재,confirmed,boundary_carry,False,True,True,,,postpartum_before_source_start,이슈,"승인된 원자료는 2023년부터 존재한다. 추세 역외삽 대신 지역별 최초 관측연도인 2023년 값을 2016–2022년에 유지하고, 장기 소급 대체임을 플래그와 분석 한계에 남긴다."
울산,postpartum_center_supply,2019,산후조리원 보급도,leading_missing,2023,4,backward,7,True,True,high,원자료 부재,confirmed,boundary_carry,False,True,True,,,postpartum_before_source_start,이슈,"승인된 원자료는 2023년부터 존재한다. 추세 역외삽 대신 지역별 최초 관측연도인 2023년 값을 2016–2022년에 유지하고, 장기 소급 대체임을 플래그와 분석 한계에 남긴다."
울산,postpartum_center_supply,2020,산후조리원 보급도,leading_missing,2023,3,backward,7,True,True,high,원자료 부재,confirmed,boundary_carry,False,True,True,,,postpartum_before_source_start,이슈,"승인된 원자료는 2023년부터 존재한다. 추세 역외삽 대신 지역별 최초 관측연도인 2023년 값을 2016–2022년에 유지하고, 장기 소급 대체임을 플래그와 분석 한계에 남긴다."
울산,postpartum_center_supply,2021,산후조리원 보급도,leading_missing,2023,2,backward,7,True,True,high,원자료 부재,confirmed,boundary_carry,False,True,True,,,postpartum_before_source_start,이슈,"승인된 원자료는 2023년부터 존재한다. 추세 역외삽 대신 지역별 최초 관측연도인 2023년 값을 2016–2022년에 유지하고, 장기 소급 대체임을 플래그와 분석 한계에 남긴다."
울산,postpartum_center_supply,2022,산후조리원 보급도,leading_missing,2023,1,backward,7,True,True,high,원자료 부재,confirmed,boundary_carry,False,True,True,,,postpartum_before_source_start,이슈,"승인된 원자료는 2023년부터 존재한다. 추세 역외삽 대신 지역별 최초 관측연도인 2023년 값을 2016–2022년에 유지하고, 장기 소급 대체임을 플래그와 분석 한계에 남긴다."
울산,social_safety_perception,2017,사회 안전에 대한 인식,intermediate_missing,,,,,False,False,not_applicable,조사 비실시 연도,confirmed,linear_interpolation,False,True,True,,,social_survey_interior_non_survey,configs/structural_indicators_verification.yaml:460,2016·2018·2020·2022·2024 관측값 사이의 비조사연도이다.
울산,social_safety_perception,2019,사회 안전에 대한 인식,intermediate_missing,,,,,False,False,not_applicable,조사 비실시 연도,confirmed,linear_interpolation,False,True,True,,,social_survey_interior_non_survey,configs/structural_indicators_verification.yaml:460,2016·2018·2020·2022·2024 관측값 사이의 비조사연도이다.
울산,social_safety_perception,2021,사회 안전에 대한 인식,intermediate_missing,,,,,False,False,not_applicable,조사 비실시 연도,confirmed,linear_interpolation,False,True,True,,,social_survey_interior_non_survey,configs/structural_indicators_verification.yaml:460,2016·2018·2020·2022·2024 관측값 사이의 비조사연도이다.
울산,social_safety_perception,2023,사회 안전에 대한 인식,intermediate_missing,,,,,False,False,not_applicable,조사 비실시 연도,confirmed,linear_interpolation,False,True,True,,,social_survey_interior_non_survey,configs/structural_indicators_verification.yaml:460,2016·2018·2020·2022·2024 관측값 사이의 비조사연도이다.
울산,socioeconomic_status_perception,2016,사회경제적 지위에 대한 인식,leading_missing,2020,4,backward,4,True,True,high,조사 비실시 연도,confirmed,boundary_carry,False,True,False,,,family_survey_boundary_non_survey,configs/structural_indicators_verification.yaml:790,2020·2023 관측 범위 밖의 비조사연도이며 본계열 boundary carry 후보이다.
울산,socioeconomic_status_perception,2017,사회경제적 지위에 대한 인식,leading_missing,2020,3,backward,4,True,True,high,조사 비실시 연도,confirmed,boundary_carry,False,True,False,,,family_survey_boundary_non_survey,configs/structural_indicators_verification.yaml:790,2020·2023 관측 범위 밖의 비조사연도이며 본계열 boundary carry 후보이다.
울산,socioeconomic_status_perception,2018,사회경제적 지위에 대한 인식,leading_missing,2020,2,backward,4,True,True,high,조사 비실시 연도,confirmed,boundary_carry,False,True,False,,,family_survey_boundary_non_survey,configs/structural_indicators_verification.yaml:790,2020·2023 관측 범위 밖의 비조사연도이며 본계열 boundary carry 후보이다.
울산,socioeconomic_status_perception,2019,사회경제적 지위에 대한 인식,leading_missing,2020,1,backward,4,True,True,high,조사 비실시 연도,confirmed,boundary_carry,False,True,False,,,family_survey_boundary_non_survey,configs/structural_indicators_verification.yaml:790,2020·2023 관측 범위 밖의 비조사연도이며 본계열 boundary carry 후보이다.
울산,socioeconomic_status_perception,2021,사회경제적 지위에 대한 인식,intermediate_missing,,,,,False,False,not_applicable,조사 비실시 연도,confirmed,linear_interpolation,False,True,False,,,family_survey_interior_non_survey,configs/structural_indicators_verification.yaml:790,2020년과 2023년 실제 관측값 사이의 비조사연도이다.
울산,socioeconomic_status_perception,2022,사회경제적 지위에 대한 인식,intermediate_missing,,,,,False,False,not_applicable,조사 비실시 연도,confirmed,linear_interpolation,False,True,False,,,family_survey_interior_non_survey,configs/structural_indicators_verification.yaml:790,2020년과 2023년 실제 관측값 사이의 비조사연도이다.
울산,socioeconomic_status_perception,2024,사회경제적 지위에 대한 인식,trailing_missing,2023,1,forward,1,False,True,medium,조사 비실시 연도,confirmed,boundary_carry,False,True,False,,,family_survey_boundary_non_survey,configs/structural_indicators_verification.yaml:790,2020·2023 관측 범위 밖의 비조사연도이며 본계열 boundary carry 후보이다.
인천,childbirth_perception,2016,출산에 대한 인식,leading_missing,2018,2,backward,2,True,True,high,조사 비실시 연도,confirmed,boundary_carry,False,True,True,,,childbirth_leading_non_survey,configs/structural_indicators_verification.yaml:576,지표의 첫 비교 가능 관측연도인 2018년 이전 구간이다.
인천,childbirth_perception,2017,출산에 대한 인식,leading_missing,2018,1,backward,2,True,True,high,조사 비실시 연도,confirmed,boundary_carry,False,True,True,,,childbirth_leading_non_survey,configs/structural_indicators_verification.yaml:576,지표의 첫 비교 가능 관측연도인 2018년 이전 구간이다.
인천,childbirth_perception,2019,출산에 대한 인식,intermediate_missing,,,,,False,False,not_applicable,조사 비실시 연도,confirmed,linear_interpolation,False,True,True,,,childbirth_interior_non_survey,configs/structural_indicators_verification.yaml:576,2018·2020·2022·2024 관측값 사이의 비조사연도이다.
인천,childbirth_perception,2021,출산에 대한 인식,intermediate_missing,,,,,False,False,not_applicable,조사 비실시 연도,confirmed,linear_interpolation,False,True,True,,,childbirth_interior_non_survey,configs/structural_indicators_verification.yaml:576,2018·2020·2022·2024 관측값 사이의 비조사연도이다.
인천,childbirth_perception,2023,출산에 대한 인식,intermediate_missing,,,,,False,False,not_applicable,조사 비실시 연도,confirmed,linear_interpolation,False,True,True,,,childbirth_interior_non_survey,configs/structural_indicators_verification.yaml:576,2018·2020·2022·2024 관측값 사이의 비조사연도이다.
인천,childcare_equal_participation,2016,돌봄노동 공동 참여도,leading_missing,2020,4,backward,4,True,True,high,조사 비실시 연도,confirmed,boundary_carry,False,True,False,,,family_survey_boundary_non_survey,configs/structural_indicators_verification.yaml:790,2020·2023 관측 범위 밖의 비조사연도이며 본계열 boundary carry 후보이다.
인천,childcare_equal_participation,2017,돌봄노동 공동 참여도,leading_missing,2020,3,backward,4,True,True,high,조사 비실시 연도,confirmed,boundary_carry,False,True,False,,,family_survey_boundary_non_survey,configs/structural_indicators_verification.yaml:790,2020·2023 관측 범위 밖의 비조사연도이며 본계열 boundary carry 후보이다.
인천,childcare_equal_participation,2018,돌봄노동 공동 참여도,leading_missing,2020,2,backward,4,True,True,high,조사 비실시 연도,confirmed,boundary_carry,False,True,False,,,family_survey_boundary_non_survey,configs/structural_indicators_verification.yaml:790,2020·2023 관측 범위 밖의 비조사연도이며 본계열 boundary carry 후보이다.
인천,childcare_equal_participation,2019,돌봄노동 공동 참여도,leading_missing,2020,1,backward,4,True,True,high,조사 비실시 연도,confirmed,boundary_carry,False,True,False,,,family_survey_boundary_non_survey,configs/structural_indicators_verification.yaml:790,2020·2023 관측 범위 밖의 비조사연도이며 본계열 boundary carry 후보이다.
인천,childcare_equal_participation,2021,돌봄노동 공동 참여도,intermediate_missing,,,,,False,False,not_applicable,조사 비실시 연도,confirmed,linear_interpolation,False,True,False,,,family_survey_interior_non_survey,configs/structural_indicators_verification.yaml:790,2020년과 2023년 실제 관측값 사이의 비조사연도이다.
인천,childcare_equal_participation,2022,돌봄노동 공동 참여도,intermediate_missing,,,,,False,False,not_applicable,조사 비실시 연도,confirmed,linear_interpolation,False,True,False,,,family_survey_interior_non_survey,configs/structural_indicators_verification.yaml:790,2020년과 2023년 실제 관측값 사이의 비조사연도이다.
인천,childcare_equal_participation,2024,돌봄노동 공동 참여도,trailing_missing,2023,1,forward,1,False,True,medium,조사 비실시 연도,confirmed,boundary_carry,False,True,False,,,family_survey_boundary_non_survey,configs/structural_indicators_verification.yaml:790,2020·2023 관측 범위 밖의 비조사연도이며 본계열 boundary carry 후보이다.
인천,delivery_bed_supply,2016,(대체)분만실 병상수 보급도,leading_missing,2018,2,backward,2,True,True,high,원자료 부재,confirmed,boundary_carry,False,True,True,,,delivery_bed_before_source_start,이슈,"원자료는 2018년 3분기부터 시작한다. 추세 역외삽 대신 지역별 최초 관측연도인 2018년 값을 2016·2017년에 유지하고, 장기 소급 대체임을 플래그와 분석 한계에 남긴다."
인천,delivery_bed_supply,2017,(대체)분만실 병상수 보급도,leading_missing,2018,1,backward,2,True,True,high,원자료 부재,confirmed,boundary_carry,False,True,True,,,delivery_bed_before_source_start,이슈,"원자료는 2018년 3분기부터 시작한다. 추세 역외삽 대신 지역별 최초 관측연도인 2018년 값을 2016·2017년에 유지하고, 장기 소급 대체임을 플래그와 분석 한계에 남긴다."
인천,household_chore_equal_participation,2016,가사노동 공동 참여도,leading_missing,2020,4,backward,4,True,True,high,조사 비실시 연도,confirmed,boundary_carry,False,True,False,,,family_survey_boundary_non_survey,configs/structural_indicators_verification.yaml:790,2020·2023 관측 범위 밖의 비조사연도이며 본계열 boundary carry 후보이다.
인천,household_chore_equal_participation,2017,가사노동 공동 참여도,leading_missing,2020,3,backward,4,True,True,high,조사 비실시 연도,confirmed,boundary_carry,False,True,False,,,family_survey_boundary_non_survey,configs/structural_indicators_verification.yaml:790,2020·2023 관측 범위 밖의 비조사연도이며 본계열 boundary carry 후보이다.
인천,household_chore_equal_participation,2018,가사노동 공동 참여도,leading_missing,2020,2,backward,4,True,True,high,조사 비실시 연도,confirmed,boundary_carry,False,True,False,,,family_survey_boundary_non_survey,configs/structural_indicators_verification.yaml:790,2020·2023 관측 범위 밖의 비조사연도이며 본계열 boundary carry 후보이다.
인천,household_chore_equal_participation,2019,가사노동 공동 참여도,leading_missing,2020,1,backward,4,True,True,high,조사 비실시 연도,confirmed,boundary_carry,False,True,False,,,family_survey_boundary_non_survey,configs/structural_indicators_verification.yaml:790,2020·2023 관측 범위 밖의 비조사연도이며 본계열 boundary carry 후보이다.
인천,household_chore_equal_participation,2021,가사노동 공동 참여도,intermediate_missing,,,,,False,False,not_applicable,조사 비실시 연도,confirmed,linear_interpolation,False,True,False,,,family_survey_interior_non_survey,configs/structural_indicators_verification.yaml:790,2020년과 2023년 실제 관측값 사이의 비조사연도이다.
인천,household_chore_equal_participation,2022,가사노동 공동 참여도,intermediate_missing,,,,,False,False,not_applicable,조사 비실시 연도,confirmed,linear_interpolation,False,True,False,,,family_survey_interior_non_survey,configs/structural_indicators_verification.yaml:790,2020년과 2023년 실제 관측값 사이의 비조사연도이다.
인천,household_chore_equal_participation,2024,가사노동 공동 참여도,trailing_missing,2023,1,forward,1,False,True,medium,조사 비실시 연도,confirmed,boundary_carry,False,True,False,,,family_survey_boundary_non_survey,configs/structural_indicators_verification.yaml:790,2020·2023 관측 범위 밖의 비조사연도이며 본계열 boundary carry 후보이다.
인천,housework_gender_equality,2017,가사분담에 대한 성평등 인식,intermediate_missing,,,,,False,False,not_applicable,조사 비실시 연도,confirmed,linear_interpolation,False,True,True,,,nonlinear_housework_direct_interpolation,reports/methodology/20260805_가사분담_성평등_인식_직접보간_안전성_검증.md,"원산식 `1-|평균응답값-3|/2`은 비선형(절댓값) 변환이지만, 18개 지역 × 5개 관측연도(2016·2018·2020·2022·2024) 전부에서 평균응답값이 3점(중간) 미만이라 그 구간에서는 순수 선형함수와 같다. 검증 스크립트 (`scripts/verify_housework_gender_equality_interpolation_safety.py`)로 확인했으며, 최종값을 직접 선형보간해도 구성요소를 먼저 보간한 뒤 변환한 것과 정확히 같다."
인천,housework_gender_equality,2019,가사분담에 대한 성평등 인식,intermediate_missing,,,,,False,False,not_applicable,조사 비실시 연도,confirmed,linear_interpolation,False,True,True,,,nonlinear_housework_direct_interpolation,reports/methodology/20260805_가사분담_성평등_인식_직접보간_안전성_검증.md,"원산식 `1-|평균응답값-3|/2`은 비선형(절댓값) 변환이지만, 18개 지역 × 5개 관측연도(2016·2018·2020·2022·2024) 전부에서 평균응답값이 3점(중간) 미만이라 그 구간에서는 순수 선형함수와 같다. 검증 스크립트 (`scripts/verify_housework_gender_equality_interpolation_safety.py`)로 확인했으며, 최종값을 직접 선형보간해도 구성요소를 먼저 보간한 뒤 변환한 것과 정확히 같다."
인천,housework_gender_equality,2021,가사분담에 대한 성평등 인식,intermediate_missing,,,,,False,False,not_applicable,조사 비실시 연도,confirmed,linear_interpolation,False,True,True,,,nonlinear_housework_direct_interpolation,reports/methodology/20260805_가사분담_성평등_인식_직접보간_안전성_검증.md,"원산식 `1-|평균응답값-3|/2`은 비선형(절댓값) 변환이지만, 18개 지역 × 5개 관측연도(2016·2018·2020·2022·2024) 전부에서 평균응답값이 3점(중간) 미만이라 그 구간에서는 순수 선형함수와 같다. 검증 스크립트 (`scripts/verify_housework_gender_equality_interpolation_safety.py`)로 확인했으며, 최종값을 직접 선형보간해도 구성요소를 먼저 보간한 뒤 변환한 것과 정확히 같다."
인천,housework_gender_equality,2023,가사분담에 대한 성평등 인식,intermediate_missing,,,,,False,False,not_applicable,조사 비실시 연도,confirmed,linear_interpolation,False,True,True,,,nonlinear_housework_direct_interpolation,reports/methodology/20260805_가사분담_성평등_인식_직접보간_안전성_검증.md,"원산식 `1-|평균응답값-3|/2`은 비선형(절댓값) 변환이지만, 18개 지역 × 5개 관측연도(2016·2018·2020·2022·2024) 전부에서 평균응답값이 3점(중간) 미만이라 그 구간에서는 순수 선형함수와 같다. 검증 스크립트 (`scripts/verify_housework_gender_equality_interpolation_safety.py`)로 확인했으며, 최종값을 직접 선형보간해도 구성요소를 먼저 보간한 뒤 변환한 것과 정확히 같다."
인천,income_satisfaction,2016,소득만족도,leading_missing,2017,1,backward,1,False,True,medium,조사 비실시 연도,confirmed,boundary_carry,False,True,True,auxiliary_boundary_interpolation,2015,income_leisure_leading_non_survey,configs/structural_indicators_verification.yaml:145,본계열은 boundary carry 후보이며 2015년 값은 별도 보조 시나리오에서만 사용한다.
인천,income_satisfaction,2018,소득만족도,intermediate_missing,,,,,False,False,not_applicable,조사 비실시 연도,confirmed,linear_interpolation,False,True,True,,,income_leisure_interior_non_survey,reports/20260725_구조환경지표_통합파일_결측치_검증_결과.md:57,실제 관측값 사이의 비조사연도로 본계열 선형보간 후보이다.
인천,income_satisfaction,2020,소득만족도,intermediate_missing,,,,,False,False,not_applicable,조사 비실시 연도,confirmed,linear_interpolation,False,True,True,,,income_leisure_interior_non_survey,reports/20260725_구조환경지표_통합파일_결측치_검증_결과.md:57,실제 관측값 사이의 비조사연도로 본계열 선형보간 후보이다.
인천,income_satisfaction,2022,소득만족도,intermediate_missing,,,,,False,False,not_applicable,조사 비실시 연도,confirmed,linear_interpolation,False,True,True,,,income_leisure_interior_non_survey,reports/20260725_구조환경지표_통합파일_결측치_검증_결과.md:57,실제 관측값 사이의 비조사연도로 본계열 선형보간 후보이다.
인천,income_satisfaction,2024,소득만족도,trailing_missing,2023,1,forward,1,False,True,medium,조사 비실시 연도,confirmed,boundary_carry,False,True,True,auxiliary_boundary_interpolation,2025,income_leisure_trailing_non_survey,configs/structural_indicators_verification.yaml:145,본계열은 boundary carry 후보이며 2025년 값은 별도 보조 시나리오에서만 사용한다.
인천,leisure_satisfaction,2016,여가생활 만족도,leading_missing,2017,1,backward,1,False,True,medium,조사 비실시 연도,confirmed,boundary_carry,False,True,True,auxiliary_boundary_interpolation,2015,income_leisure_leading_non_survey,configs/structural_indicators_verification.yaml:145,본계열은 boundary carry 후보이며 2015년 값은 별도 보조 시나리오에서만 사용한다.
인천,leisure_satisfaction,2018,여가생활 만족도,intermediate_missing,,,,,False,False,not_applicable,조사 비실시 연도,confirmed,linear_interpolation,False,True,True,,,income_leisure_interior_non_survey,reports/20260725_구조환경지표_통합파일_결측치_검증_결과.md:57,실제 관측값 사이의 비조사연도로 본계열 선형보간 후보이다.
인천,leisure_satisfaction,2020,여가생활 만족도,intermediate_missing,,,,,False,False,not_applicable,조사 비실시 연도,confirmed,linear_interpolation,False,True,True,,,income_leisure_interior_non_survey,reports/20260725_구조환경지표_통합파일_결측치_검증_결과.md:57,실제 관측값 사이의 비조사연도로 본계열 선형보간 후보이다.
인천,leisure_satisfaction,2022,여가생활 만족도,intermediate_missing,,,,,False,False,not_applicable,조사 비실시 연도,confirmed,linear_interpolation,False,True,True,,,income_leisure_interior_non_survey,reports/20260725_구조환경지표_통합파일_결측치_검증_결과.md:57,실제 관측값 사이의 비조사연도로 본계열 선형보간 후보이다.
인천,leisure_satisfaction,2024,여가생활 만족도,trailing_missing,2023,1,forward,1,False,True,medium,조사 비실시 연도,confirmed,boundary_carry,False,True,True,auxiliary_boundary_interpolation,2025,income_leisure_trailing_non_survey,configs/structural_indicators_verification.yaml:145,본계열은 boundary carry 후보이며 2025년 값은 별도 보조 시나리오에서만 사용한다.
인천,marriage_perception,2017,결혼에 대한 인식,intermediate_missing,,,,,False,False,not_applicable,조사 비실시 연도,confirmed,linear_interpolation,False,True,True,,,social_survey_interior_non_survey,configs/structural_indicators_verification.yaml:460,2016·2018·2020·2022·2024 관측값 사이의 비조사연도이다.
인천,marriage_perception,2019,결혼에 대한 인식,intermediate_missing,,,,,False,False,not_applicable,조사 비실시 연도,confirmed,linear_interpolation,False,True,True,,,social_survey_interior_non_survey,configs/structural_indicators_verification.yaml:460,2016·2018·2020·2022·2024 관측값 사이의 비조사연도이다.
인천,marriage_perception,2021,결혼에 대한 인식,intermediate_missing,,,,,False,False,not_applicable,조사 비실시 연도,confirmed,linear_interpolation,False,True,True,,,social_survey_interior_non_survey,configs/structural_indicators_verification.yaml:460,2016·2018·2020·2022·2024 관측값 사이의 비조사연도이다.
인천,marriage_perception,2023,결혼에 대한 인식,intermediate_missing,,,,,False,False,not_applicable,조사 비실시 연도,confirmed,linear_interpolation,False,True,True,,,social_survey_interior_non_survey,configs/structural_indicators_verification.yaml:460,2016·2018·2020·2022·2024 관측값 사이의 비조사연도이다.
인천,postpartum_center_fee,2016,산후조리원 이용 요금,leading_missing,2023,7,backward,7,True,True,high,원자료 부재,confirmed,boundary_carry,False,True,True,,,postpartum_before_source_start,이슈,"승인된 원자료는 2023년부터 존재한다. 추세 역외삽 대신 지역별 최초 관측연도인 2023년 값을 2016–2022년에 유지하고, 장기 소급 대체임을 플래그와 분석 한계에 남긴다."
인천,postpartum_center_fee,2017,산후조리원 이용 요금,leading_missing,2023,6,backward,7,True,True,high,원자료 부재,confirmed,boundary_carry,False,True,True,,,postpartum_before_source_start,이슈,"승인된 원자료는 2023년부터 존재한다. 추세 역외삽 대신 지역별 최초 관측연도인 2023년 값을 2016–2022년에 유지하고, 장기 소급 대체임을 플래그와 분석 한계에 남긴다."
인천,postpartum_center_fee,2018,산후조리원 이용 요금,leading_missing,2023,5,backward,7,True,True,high,원자료 부재,confirmed,boundary_carry,False,True,True,,,postpartum_before_source_start,이슈,"승인된 원자료는 2023년부터 존재한다. 추세 역외삽 대신 지역별 최초 관측연도인 2023년 값을 2016–2022년에 유지하고, 장기 소급 대체임을 플래그와 분석 한계에 남긴다."
인천,postpartum_center_fee,2019,산후조리원 이용 요금,leading_missing,2023,4,backward,7,True,True,high,원자료 부재,confirmed,boundary_carry,False,True,True,,,postpartum_before_source_start,이슈,"승인된 원자료는 2023년부터 존재한다. 추세 역외삽 대신 지역별 최초 관측연도인 2023년 값을 2016–2022년에 유지하고, 장기 소급 대체임을 플래그와 분석 한계에 남긴다."
인천,postpartum_center_fee,2020,산후조리원 이용 요금,leading_missing,2023,3,backward,7,True,True,high,원자료 부재,confirmed,boundary_carry,False,True,True,,,postpartum_before_source_start,이슈,"승인된 원자료는 2023년부터 존재한다. 추세 역외삽 대신 지역별 최초 관측연도인 2023년 값을 2016–2022년에 유지하고, 장기 소급 대체임을 플래그와 분석 한계에 남긴다."
인천,postpartum_center_fee,2021,산후조리원 이용 요금,leading_missing,2023,2,backward,7,True,True,high,원자료 부재,confirmed,boundary_carry,False,True,True,,,postpartum_before_source_start,이슈,"승인된 원자료는 2023년부터 존재한다. 추세 역외삽 대신 지역별 최초 관측연도인 2023년 값을 2016–2022년에 유지하고, 장기 소급 대체임을 플래그와 분석 한계에 남긴다."
인천,postpartum_center_fee,2022,산후조리원 이용 요금,leading_missing,2023,1,backward,7,True,True,high,원자료 부재,confirmed,boundary_carry,False,True,True,,,postpartum_before_source_start,이슈,"승인된 원자료는 2023년부터 존재한다. 추세 역외삽 대신 지역별 최초 관측연도인 2023년 값을 2016–2022년에 유지하고, 장기 소급 대체임을 플래그와 분석 한계에 남긴다."
인천,postpartum_center_supply,2016,산후조리원 보급도,leading_missing,2023,7,backward,7,True,True,high,원자료 부재,confirmed,boundary_carry,False,True,True,,,postpartum_before_source_start,이슈,"승인된 원자료는 2023년부터 존재한다. 추세 역외삽 대신 지역별 최초 관측연도인 2023년 값을 2016–2022년에 유지하고, 장기 소급 대체임을 플래그와 분석 한계에 남긴다."
인천,postpartum_center_supply,2017,산후조리원 보급도,leading_missing,2023,6,backward,7,True,True,high,원자료 부재,confirmed,boundary_carry,False,True,True,,,postpartum_before_source_start,이슈,"승인된 원자료는 2023년부터 존재한다. 추세 역외삽 대신 지역별 최초 관측연도인 2023년 값을 2016–2022년에 유지하고, 장기 소급 대체임을 플래그와 분석 한계에 남긴다."
인천,postpartum_center_supply,2018,산후조리원 보급도,leading_missing,2023,5,backward,7,True,True,high,원자료 부재,confirmed,boundary_carry,False,True,True,,,postpartum_before_source_start,이슈,"승인된 원자료는 2023년부터 존재한다. 추세 역외삽 대신 지역별 최초 관측연도인 2023년 값을 2016–2022년에 유지하고, 장기 소급 대체임을 플래그와 분석 한계에 남긴다."
인천,postpartum_center_supply,2019,산후조리원 보급도,leading_missing,2023,4,backward,7,True,True,high,원자료 부재,confirmed,boundary_carry,False,True,True,,,postpartum_before_source_start,이슈,"승인된 원자료는 2023년부터 존재한다. 추세 역외삽 대신 지역별 최초 관측연도인 2023년 값을 2016–2022년에 유지하고, 장기 소급 대체임을 플래그와 분석 한계에 남긴다."
인천,postpartum_center_supply,2020,산후조리원 보급도,leading_missing,2023,3,backward,7,True,True,high,원자료 부재,confirmed,boundary_carry,False,True,True,,,postpartum_before_source_start,이슈,"승인된 원자료는 2023년부터 존재한다. 추세 역외삽 대신 지역별 최초 관측연도인 2023년 값을 2016–2022년에 유지하고, 장기 소급 대체임을 플래그와 분석 한계에 남긴다."
인천,postpartum_center_supply,2021,산후조리원 보급도,leading_missing,2023,2,backward,7,True,True,high,원자료 부재,confirmed,boundary_carry,False,True,True,,,postpartum_before_source_start,이슈,"승인된 원자료는 2023년부터 존재한다. 추세 역외삽 대신 지역별 최초 관측연도인 2023년 값을 2016–2022년에 유지하고, 장기 소급 대체임을 플래그와 분석 한계에 남긴다."
인천,postpartum_center_supply,2022,산후조리원 보급도,leading_missing,2023,1,backward,7,True,True,high,원자료 부재,confirmed,boundary_carry,False,True,True,,,postpartum_before_source_start,이슈,"승인된 원자료는 2023년부터 존재한다. 추세 역외삽 대신 지역별 최초 관측연도인 2023년 값을 2016–2022년에 유지하고, 장기 소급 대체임을 플래그와 분석 한계에 남긴다."
인천,social_safety_perception,2017,사회 안전에 대한 인식,intermediate_missing,,,,,False,False,not_applicable,조사 비실시 연도,confirmed,linear_interpolation,False,True,True,,,social_survey_interior_non_survey,configs/structural_indicators_verification.yaml:460,2016·2018·2020·2022·2024 관측값 사이의 비조사연도이다.
인천,social_safety_perception,2019,사회 안전에 대한 인식,intermediate_missing,,,,,False,False,not_applicable,조사 비실시 연도,confirmed,linear_interpolation,False,True,True,,,social_survey_interior_non_survey,configs/structural_indicators_verification.yaml:460,2016·2018·2020·2022·2024 관측값 사이의 비조사연도이다.
인천,social_safety_perception,2021,사회 안전에 대한 인식,intermediate_missing,,,,,False,False,not_applicable,조사 비실시 연도,confirmed,linear_interpolation,False,True,True,,,social_survey_interior_non_survey,configs/structural_indicators_verification.yaml:460,2016·2018·2020·2022·2024 관측값 사이의 비조사연도이다.
인천,social_safety_perception,2023,사회 안전에 대한 인식,intermediate_missing,,,,,False,False,not_applicable,조사 비실시 연도,confirmed,linear_interpolation,False,True,True,,,social_survey_interior_non_survey,configs/structural_indicators_verification.yaml:460,2016·2018·2020·2022·2024 관측값 사이의 비조사연도이다.
인천,socioeconomic_status_perception,2016,사회경제적 지위에 대한 인식,leading_missing,2020,4,backward,4,True,True,high,조사 비실시 연도,confirmed,boundary_carry,False,True,False,,,family_survey_boundary_non_survey,configs/structural_indicators_verification.yaml:790,2020·2023 관측 범위 밖의 비조사연도이며 본계열 boundary carry 후보이다.
인천,socioeconomic_status_perception,2017,사회경제적 지위에 대한 인식,leading_missing,2020,3,backward,4,True,True,high,조사 비실시 연도,confirmed,boundary_carry,False,True,False,,,family_survey_boundary_non_survey,configs/structural_indicators_verification.yaml:790,2020·2023 관측 범위 밖의 비조사연도이며 본계열 boundary carry 후보이다.
인천,socioeconomic_status_perception,2018,사회경제적 지위에 대한 인식,leading_missing,2020,2,backward,4,True,True,high,조사 비실시 연도,confirmed,boundary_carry,False,True,False,,,family_survey_boundary_non_survey,configs/structural_indicators_verification.yaml:790,2020·2023 관측 범위 밖의 비조사연도이며 본계열 boundary carry 후보이다.
인천,socioeconomic_status_perception,2019,사회경제적 지위에 대한 인식,leading_missing,2020,1,backward,4,True,True,high,조사 비실시 연도,confirmed,boundary_carry,False,True,False,,,family_survey_boundary_non_survey,configs/structural_indicators_verification.yaml:790,2020·2023 관측 범위 밖의 비조사연도이며 본계열 boundary carry 후보이다.
인천,socioeconomic_status_perception,2021,사회경제적 지위에 대한 인식,intermediate_missing,,,,,False,False,not_applicable,조사 비실시 연도,confirmed,linear_interpolation,False,True,False,,,family_survey_interior_non_survey,configs/structural_indicators_verification.yaml:790,2020년과 2023년 실제 관측값 사이의 비조사연도이다.
인천,socioeconomic_status_perception,2022,사회경제적 지위에 대한 인식,intermediate_missing,,,,,False,False,not_applicable,조사 비실시 연도,confirmed,linear_interpolation,False,True,False,,,family_survey_interior_non_survey,configs/structural_indicators_verification.yaml:790,2020년과 2023년 실제 관측값 사이의 비조사연도이다.
인천,socioeconomic_status_perception,2024,사회경제적 지위에 대한 인식,trailing_missing,2023,1,forward,1,False,True,medium,조사 비실시 연도,confirmed,boundary_carry,False,True,False,,,family_survey_boundary_non_survey,configs/structural_indicators_verification.yaml:790,2020·2023 관측 범위 밖의 비조사연도이며 본계열 boundary carry 후보이다.
전국,childbirth_perception,2016,출산에 대한 인식,leading_missing,2018,2,backward,2,True,True,high,조사 비실시 연도,confirmed,boundary_carry,False,True,True,,,childbirth_leading_non_survey,configs/structural_indicators_verification.yaml:576,지표의 첫 비교 가능 관측연도인 2018년 이전 구간이다.
전국,childbirth_perception,2017,출산에 대한 인식,leading_missing,2018,1,backward,2,True,True,high,조사 비실시 연도,confirmed,boundary_carry,False,True,True,,,childbirth_leading_non_survey,configs/structural_indicators_verification.yaml:576,지표의 첫 비교 가능 관측연도인 2018년 이전 구간이다.
전국,childbirth_perception,2019,출산에 대한 인식,intermediate_missing,,,,,False,False,not_applicable,조사 비실시 연도,confirmed,linear_interpolation,False,True,True,,,childbirth_interior_non_survey,configs/structural_indicators_verification.yaml:576,2018·2020·2022·2024 관측값 사이의 비조사연도이다.
전국,childbirth_perception,2021,출산에 대한 인식,intermediate_missing,,,,,False,False,not_applicable,조사 비실시 연도,confirmed,linear_interpolation,False,True,True,,,childbirth_interior_non_survey,configs/structural_indicators_verification.yaml:576,2018·2020·2022·2024 관측값 사이의 비조사연도이다.
전국,childbirth_perception,2023,출산에 대한 인식,intermediate_missing,,,,,False,False,not_applicable,조사 비실시 연도,confirmed,linear_interpolation,False,True,True,,,childbirth_interior_non_survey,configs/structural_indicators_verification.yaml:576,2018·2020·2022·2024 관측값 사이의 비조사연도이다.
전국,childcare_equal_participation,2016,돌봄노동 공동 참여도,leading_missing,2020,4,backward,4,True,True,high,조사 비실시 연도,confirmed,boundary_carry,False,True,False,,,family_survey_boundary_non_survey,configs/structural_indicators_verification.yaml:790,2020·2023 관측 범위 밖의 비조사연도이며 본계열 boundary carry 후보이다.
전국,childcare_equal_participation,2017,돌봄노동 공동 참여도,leading_missing,2020,3,backward,4,True,True,high,조사 비실시 연도,confirmed,boundary_carry,False,True,False,,,family_survey_boundary_non_survey,configs/structural_indicators_verification.yaml:790,2020·2023 관측 범위 밖의 비조사연도이며 본계열 boundary carry 후보이다.
전국,childcare_equal_participation,2018,돌봄노동 공동 참여도,leading_missing,2020,2,backward,4,True,True,high,조사 비실시 연도,confirmed,boundary_carry,False,True,False,,,family_survey_boundary_non_survey,configs/structural_indicators_verification.yaml:790,2020·2023 관측 범위 밖의 비조사연도이며 본계열 boundary carry 후보이다.
전국,childcare_equal_participation,2019,돌봄노동 공동 참여도,leading_missing,2020,1,backward,4,True,True,high,조사 비실시 연도,confirmed,boundary_carry,False,True,False,,,family_survey_boundary_non_survey,configs/structural_indicators_verification.yaml:790,2020·2023 관측 범위 밖의 비조사연도이며 본계열 boundary carry 후보이다.
전국,childcare_equal_participation,2021,돌봄노동 공동 참여도,intermediate_missing,,,,,False,False,not_applicable,조사 비실시 연도,confirmed,linear_interpolation,False,True,False,,,family_survey_interior_non_survey,configs/structural_indicators_verification.yaml:790,2020년과 2023년 실제 관측값 사이의 비조사연도이다.
전국,childcare_equal_participation,2022,돌봄노동 공동 참여도,intermediate_missing,,,,,False,False,not_applicable,조사 비실시 연도,confirmed,linear_interpolation,False,True,False,,,family_survey_interior_non_survey,configs/structural_indicators_verification.yaml:790,2020년과 2023년 실제 관측값 사이의 비조사연도이다.
전국,childcare_equal_participation,2024,돌봄노동 공동 참여도,trailing_missing,2023,1,forward,1,False,True,medium,조사 비실시 연도,confirmed,boundary_carry,False,True,False,,,family_survey_boundary_non_survey,configs/structural_indicators_verification.yaml:790,2020·2023 관측 범위 밖의 비조사연도이며 본계열 boundary carry 후보이다.
전국,delivery_bed_supply,2016,(대체)분만실 병상수 보급도,leading_missing,2018,2,backward,2,True,True,high,원자료 부재,confirmed,boundary_carry,False,True,True,,,delivery_bed_before_source_start,이슈,"원자료는 2018년 3분기부터 시작한다. 추세 역외삽 대신 지역별 최초 관측연도인 2018년 값을 2016·2017년에 유지하고, 장기 소급 대체임을 플래그와 분석 한계에 남긴다."
전국,delivery_bed_supply,2017,(대체)분만실 병상수 보급도,leading_missing,2018,1,backward,2,True,True,high,원자료 부재,confirmed,boundary_carry,False,True,True,,,delivery_bed_before_source_start,이슈,"원자료는 2018년 3분기부터 시작한다. 추세 역외삽 대신 지역별 최초 관측연도인 2018년 값을 2016·2017년에 유지하고, 장기 소급 대체임을 플래그와 분석 한계에 남긴다."
전국,household_chore_equal_participation,2016,가사노동 공동 참여도,leading_missing,2020,4,backward,4,True,True,high,조사 비실시 연도,confirmed,boundary_carry,False,True,False,,,family_survey_boundary_non_survey,configs/structural_indicators_verification.yaml:790,2020·2023 관측 범위 밖의 비조사연도이며 본계열 boundary carry 후보이다.
전국,household_chore_equal_participation,2017,가사노동 공동 참여도,leading_missing,2020,3,backward,4,True,True,high,조사 비실시 연도,confirmed,boundary_carry,False,True,False,,,family_survey_boundary_non_survey,configs/structural_indicators_verification.yaml:790,2020·2023 관측 범위 밖의 비조사연도이며 본계열 boundary carry 후보이다.
전국,household_chore_equal_participation,2018,가사노동 공동 참여도,leading_missing,2020,2,backward,4,True,True,high,조사 비실시 연도,confirmed,boundary_carry,False,True,False,,,family_survey_boundary_non_survey,configs/structural_indicators_verification.yaml:790,2020·2023 관측 범위 밖의 비조사연도이며 본계열 boundary carry 후보이다.
전국,household_chore_equal_participation,2019,가사노동 공동 참여도,leading_missing,2020,1,backward,4,True,True,high,조사 비실시 연도,confirmed,boundary_carry,False,True,False,,,family_survey_boundary_non_survey,configs/structural_indicators_verification.yaml:790,2020·2023 관측 범위 밖의 비조사연도이며 본계열 boundary carry 후보이다.
전국,household_chore_equal_participation,2021,가사노동 공동 참여도,intermediate_missing,,,,,False,False,not_applicable,조사 비실시 연도,confirmed,linear_interpolation,False,True,False,,,family_survey_interior_non_survey,configs/structural_indicators_verification.yaml:790,2020년과 2023년 실제 관측값 사이의 비조사연도이다.
전국,household_chore_equal_participation,2022,가사노동 공동 참여도,intermediate_missing,,,,,False,False,not_applicable,조사 비실시 연도,confirmed,linear_interpolation,False,True,False,,,family_survey_interior_non_survey,configs/structural_indicators_verification.yaml:790,2020년과 2023년 실제 관측값 사이의 비조사연도이다.
전국,household_chore_equal_participation,2024,가사노동 공동 참여도,trailing_missing,2023,1,forward,1,False,True,medium,조사 비실시 연도,confirmed,boundary_carry,False,True,False,,,family_survey_boundary_non_survey,configs/structural_indicators_verification.yaml:790,2020·2023 관측 범위 밖의 비조사연도이며 본계열 boundary carry 후보이다.
전국,housework_gender_equality,2017,가사분담에 대한 성평등 인식,intermediate_missing,,,,,False,False,not_applicable,조사 비실시 연도,confirmed,linear_interpolation,False,True,True,,,nonlinear_housework_direct_interpolation,reports/methodology/20260805_가사분담_성평등_인식_직접보간_안전성_검증.md,"원산식 `1-|평균응답값-3|/2`은 비선형(절댓값) 변환이지만, 18개 지역 × 5개 관측연도(2016·2018·2020·2022·2024) 전부에서 평균응답값이 3점(중간) 미만이라 그 구간에서는 순수 선형함수와 같다. 검증 스크립트 (`scripts/verify_housework_gender_equality_interpolation_safety.py`)로 확인했으며, 최종값을 직접 선형보간해도 구성요소를 먼저 보간한 뒤 변환한 것과 정확히 같다."
전국,housework_gender_equality,2019,가사분담에 대한 성평등 인식,intermediate_missing,,,,,False,False,not_applicable,조사 비실시 연도,confirmed,linear_interpolation,False,True,True,,,nonlinear_housework_direct_interpolation,reports/methodology/20260805_가사분담_성평등_인식_직접보간_안전성_검증.md,"원산식 `1-|평균응답값-3|/2`은 비선형(절댓값) 변환이지만, 18개 지역 × 5개 관측연도(2016·2018·2020·2022·2024) 전부에서 평균응답값이 3점(중간) 미만이라 그 구간에서는 순수 선형함수와 같다. 검증 스크립트 (`scripts/verify_housework_gender_equality_interpolation_safety.py`)로 확인했으며, 최종값을 직접 선형보간해도 구성요소를 먼저 보간한 뒤 변환한 것과 정확히 같다."
전국,housework_gender_equality,2021,가사분담에 대한 성평등 인식,intermediate_missing,,,,,False,False,not_applicable,조사 비실시 연도,confirmed,linear_interpolation,False,True,True,,,nonlinear_housework_direct_interpolation,reports/methodology/20260805_가사분담_성평등_인식_직접보간_안전성_검증.md,"원산식 `1-|평균응답값-3|/2`은 비선형(절댓값) 변환이지만, 18개 지역 × 5개 관측연도(2016·2018·2020·2022·2024) 전부에서 평균응답값이 3점(중간) 미만이라 그 구간에서는 순수 선형함수와 같다. 검증 스크립트 (`scripts/verify_housework_gender_equality_interpolation_safety.py`)로 확인했으며, 최종값을 직접 선형보간해도 구성요소를 먼저 보간한 뒤 변환한 것과 정확히 같다."
전국,housework_gender_equality,2023,가사분담에 대한 성평등 인식,intermediate_missing,,,,,False,False,not_applicable,조사 비실시 연도,confirmed,linear_interpolation,False,True,True,,,nonlinear_housework_direct_interpolation,reports/methodology/20260805_가사분담_성평등_인식_직접보간_안전성_검증.md,"원산식 `1-|평균응답값-3|/2`은 비선형(절댓값) 변환이지만, 18개 지역 × 5개 관측연도(2016·2018·2020·2022·2024) 전부에서 평균응답값이 3점(중간) 미만이라 그 구간에서는 순수 선형함수와 같다. 검증 스크립트 (`scripts/verify_housework_gender_equality_interpolation_safety.py`)로 확인했으며, 최종값을 직접 선형보간해도 구성요소를 먼저 보간한 뒤 변환한 것과 정확히 같다."
전국,income_satisfaction,2016,소득만족도,leading_missing,2017,1,backward,1,False,True,medium,조사 비실시 연도,confirmed,boundary_carry,False,True,True,auxiliary_boundary_interpolation,2015,income_leisure_leading_non_survey,configs/structural_indicators_verification.yaml:145,본계열은 boundary carry 후보이며 2015년 값은 별도 보조 시나리오에서만 사용한다.
전국,income_satisfaction,2018,소득만족도,intermediate_missing,,,,,False,False,not_applicable,조사 비실시 연도,confirmed,linear_interpolation,False,True,True,,,income_leisure_interior_non_survey,reports/20260725_구조환경지표_통합파일_결측치_검증_결과.md:57,실제 관측값 사이의 비조사연도로 본계열 선형보간 후보이다.
전국,income_satisfaction,2020,소득만족도,intermediate_missing,,,,,False,False,not_applicable,조사 비실시 연도,confirmed,linear_interpolation,False,True,True,,,income_leisure_interior_non_survey,reports/20260725_구조환경지표_통합파일_결측치_검증_결과.md:57,실제 관측값 사이의 비조사연도로 본계열 선형보간 후보이다.
전국,income_satisfaction,2022,소득만족도,intermediate_missing,,,,,False,False,not_applicable,조사 비실시 연도,confirmed,linear_interpolation,False,True,True,,,income_leisure_interior_non_survey,reports/20260725_구조환경지표_통합파일_결측치_검증_결과.md:57,실제 관측값 사이의 비조사연도로 본계열 선형보간 후보이다.
전국,income_satisfaction,2024,소득만족도,trailing_missing,2023,1,forward,1,False,True,medium,조사 비실시 연도,confirmed,boundary_carry,False,True,True,auxiliary_boundary_interpolation,2025,income_leisure_trailing_non_survey,configs/structural_indicators_verification.yaml:145,본계열은 boundary carry 후보이며 2025년 값은 별도 보조 시나리오에서만 사용한다.
전국,leisure_satisfaction,2016,여가생활 만족도,leading_missing,2017,1,backward,1,False,True,medium,조사 비실시 연도,confirmed,boundary_carry,False,True,True,auxiliary_boundary_interpolation,2015,income_leisure_leading_non_survey,configs/structural_indicators_verification.yaml:145,본계열은 boundary carry 후보이며 2015년 값은 별도 보조 시나리오에서만 사용한다.
전국,leisure_satisfaction,2018,여가생활 만족도,intermediate_missing,,,,,False,False,not_applicable,조사 비실시 연도,confirmed,linear_interpolation,False,True,True,,,income_leisure_interior_non_survey,reports/20260725_구조환경지표_통합파일_결측치_검증_결과.md:57,실제 관측값 사이의 비조사연도로 본계열 선형보간 후보이다.
전국,leisure_satisfaction,2020,여가생활 만족도,intermediate_missing,,,,,False,False,not_applicable,조사 비실시 연도,confirmed,linear_interpolation,False,True,True,,,income_leisure_interior_non_survey,reports/20260725_구조환경지표_통합파일_결측치_검증_결과.md:57,실제 관측값 사이의 비조사연도로 본계열 선형보간 후보이다.
전국,leisure_satisfaction,2022,여가생활 만족도,intermediate_missing,,,,,False,False,not_applicable,조사 비실시 연도,confirmed,linear_interpolation,False,True,True,,,income_leisure_interior_non_survey,reports/20260725_구조환경지표_통합파일_결측치_검증_결과.md:57,실제 관측값 사이의 비조사연도로 본계열 선형보간 후보이다.
전국,leisure_satisfaction,2024,여가생활 만족도,trailing_missing,2023,1,forward,1,False,True,medium,조사 비실시 연도,confirmed,boundary_carry,False,True,True,auxiliary_boundary_interpolation,2025,income_leisure_trailing_non_survey,configs/structural_indicators_verification.yaml:145,본계열은 boundary carry 후보이며 2025년 값은 별도 보조 시나리오에서만 사용한다.
전국,marriage_perception,2017,결혼에 대한 인식,intermediate_missing,,,,,False,False,not_applicable,조사 비실시 연도,confirmed,linear_interpolation,False,True,True,,,social_survey_interior_non_survey,configs/structural_indicators_verification.yaml:460,2016·2018·2020·2022·2024 관측값 사이의 비조사연도이다.
전국,marriage_perception,2019,결혼에 대한 인식,intermediate_missing,,,,,False,False,not_applicable,조사 비실시 연도,confirmed,linear_interpolation,False,True,True,,,social_survey_interior_non_survey,configs/structural_indicators_verification.yaml:460,2016·2018·2020·2022·2024 관측값 사이의 비조사연도이다.
전국,marriage_perception,2021,결혼에 대한 인식,intermediate_missing,,,,,False,False,not_applicable,조사 비실시 연도,confirmed,linear_interpolation,False,True,True,,,social_survey_interior_non_survey,configs/structural_indicators_verification.yaml:460,2016·2018·2020·2022·2024 관측값 사이의 비조사연도이다.
전국,marriage_perception,2023,결혼에 대한 인식,intermediate_missing,,,,,False,False,not_applicable,조사 비실시 연도,confirmed,linear_interpolation,False,True,True,,,social_survey_interior_non_survey,configs/structural_indicators_verification.yaml:460,2016·2018·2020·2022·2024 관측값 사이의 비조사연도이다.
전국,postpartum_center_fee,2016,산후조리원 이용 요금,leading_missing,2023,7,backward,7,True,True,high,원자료 부재,confirmed,boundary_carry,False,True,True,,,postpartum_before_source_start,이슈,"승인된 원자료는 2023년부터 존재한다. 추세 역외삽 대신 지역별 최초 관측연도인 2023년 값을 2016–2022년에 유지하고, 장기 소급 대체임을 플래그와 분석 한계에 남긴다."
전국,postpartum_center_fee,2017,산후조리원 이용 요금,leading_missing,2023,6,backward,7,True,True,high,원자료 부재,confirmed,boundary_carry,False,True,True,,,postpartum_before_source_start,이슈,"승인된 원자료는 2023년부터 존재한다. 추세 역외삽 대신 지역별 최초 관측연도인 2023년 값을 2016–2022년에 유지하고, 장기 소급 대체임을 플래그와 분석 한계에 남긴다."
전국,postpartum_center_fee,2018,산후조리원 이용 요금,leading_missing,2023,5,backward,7,True,True,high,원자료 부재,confirmed,boundary_carry,False,True,True,,,postpartum_before_source_start,이슈,"승인된 원자료는 2023년부터 존재한다. 추세 역외삽 대신 지역별 최초 관측연도인 2023년 값을 2016–2022년에 유지하고, 장기 소급 대체임을 플래그와 분석 한계에 남긴다."
전국,postpartum_center_fee,2019,산후조리원 이용 요금,leading_missing,2023,4,backward,7,True,True,high,원자료 부재,confirmed,boundary_carry,False,True,True,,,postpartum_before_source_start,이슈,"승인된 원자료는 2023년부터 존재한다. 추세 역외삽 대신 지역별 최초 관측연도인 2023년 값을 2016–2022년에 유지하고, 장기 소급 대체임을 플래그와 분석 한계에 남긴다."
전국,postpartum_center_fee,2020,산후조리원 이용 요금,leading_missing,2023,3,backward,7,True,True,high,원자료 부재,confirmed,boundary_carry,False,True,True,,,postpartum_before_source_start,이슈,"승인된 원자료는 2023년부터 존재한다. 추세 역외삽 대신 지역별 최초 관측연도인 2023년 값을 2016–2022년에 유지하고, 장기 소급 대체임을 플래그와 분석 한계에 남긴다."
전국,postpartum_center_fee,2021,산후조리원 이용 요금,leading_missing,2023,2,backward,7,True,True,high,원자료 부재,confirmed,boundary_carry,False,True,True,,,postpartum_before_source_start,이슈,"승인된 원자료는 2023년부터 존재한다. 추세 역외삽 대신 지역별 최초 관측연도인 2023년 값을 2016–2022년에 유지하고, 장기 소급 대체임을 플래그와 분석 한계에 남긴다."
전국,postpartum_center_fee,2022,산후조리원 이용 요금,leading_missing,2023,1,backward,7,True,True,high,원자료 부재,confirmed,boundary_carry,False,True,True,,,postpartum_before_source_start,이슈,"승인된 원자료는 2023년부터 존재한다. 추세 역외삽 대신 지역별 최초 관측연도인 2023년 값을 2016–2022년에 유지하고, 장기 소급 대체임을 플래그와 분석 한계에 남긴다."
전국,postpartum_center_supply,2016,산후조리원 보급도,leading_missing,2023,7,backward,7,True,True,high,원자료 부재,confirmed,boundary_carry,False,True,True,,,postpartum_before_source_start,이슈,"승인된 원자료는 2023년부터 존재한다. 추세 역외삽 대신 지역별 최초 관측연도인 2023년 값을 2016–2022년에 유지하고, 장기 소급 대체임을 플래그와 분석 한계에 남긴다."
전국,postpartum_center_supply,2017,산후조리원 보급도,leading_missing,2023,6,backward,7,True,True,high,원자료 부재,confirmed,boundary_carry,False,True,True,,,postpartum_before_source_start,이슈,"승인된 원자료는 2023년부터 존재한다. 추세 역외삽 대신 지역별 최초 관측연도인 2023년 값을 2016–2022년에 유지하고, 장기 소급 대체임을 플래그와 분석 한계에 남긴다."
전국,postpartum_center_supply,2018,산후조리원 보급도,leading_missing,2023,5,backward,7,True,True,high,원자료 부재,confirmed,boundary_carry,False,True,True,,,postpartum_before_source_start,이슈,"승인된 원자료는 2023년부터 존재한다. 추세 역외삽 대신 지역별 최초 관측연도인 2023년 값을 2016–2022년에 유지하고, 장기 소급 대체임을 플래그와 분석 한계에 남긴다."
전국,postpartum_center_supply,2019,산후조리원 보급도,leading_missing,2023,4,backward,7,True,True,high,원자료 부재,confirmed,boundary_carry,False,True,True,,,postpartum_before_source_start,이슈,"승인된 원자료는 2023년부터 존재한다. 추세 역외삽 대신 지역별 최초 관측연도인 2023년 값을 2016–2022년에 유지하고, 장기 소급 대체임을 플래그와 분석 한계에 남긴다."
전국,postpartum_center_supply,2020,산후조리원 보급도,leading_missing,2023,3,backward,7,True,True,high,원자료 부재,confirmed,boundary_carry,False,True,True,,,postpartum_before_source_start,이슈,"승인된 원자료는 2023년부터 존재한다. 추세 역외삽 대신 지역별 최초 관측연도인 2023년 값을 2016–2022년에 유지하고, 장기 소급 대체임을 플래그와 분석 한계에 남긴다."
전국,postpartum_center_supply,2021,산후조리원 보급도,leading_missing,2023,2,backward,7,True,True,high,원자료 부재,confirmed,boundary_carry,False,True,True,,,postpartum_before_source_start,이슈,"승인된 원자료는 2023년부터 존재한다. 추세 역외삽 대신 지역별 최초 관측연도인 2023년 값을 2016–2022년에 유지하고, 장기 소급 대체임을 플래그와 분석 한계에 남긴다."
전국,postpartum_center_supply,2022,산후조리원 보급도,leading_missing,2023,1,backward,7,True,True,high,원자료 부재,confirmed,boundary_carry,False,True,True,,,postpartum_before_source_start,이슈,"승인된 원자료는 2023년부터 존재한다. 추세 역외삽 대신 지역별 최초 관측연도인 2023년 값을 2016–2022년에 유지하고, 장기 소급 대체임을 플래그와 분석 한계에 남긴다."
전국,social_safety_perception,2017,사회 안전에 대한 인식,intermediate_missing,,,,,False,False,not_applicable,조사 비실시 연도,confirmed,linear_interpolation,False,True,True,,,social_survey_interior_non_survey,configs/structural_indicators_verification.yaml:460,2016·2018·2020·2022·2024 관측값 사이의 비조사연도이다.
전국,social_safety_perception,2019,사회 안전에 대한 인식,intermediate_missing,,,,,False,False,not_applicable,조사 비실시 연도,confirmed,linear_interpolation,False,True,True,,,social_survey_interior_non_survey,configs/structural_indicators_verification.yaml:460,2016·2018·2020·2022·2024 관측값 사이의 비조사연도이다.
전국,social_safety_perception,2021,사회 안전에 대한 인식,intermediate_missing,,,,,False,False,not_applicable,조사 비실시 연도,confirmed,linear_interpolation,False,True,True,,,social_survey_interior_non_survey,configs/structural_indicators_verification.yaml:460,2016·2018·2020·2022·2024 관측값 사이의 비조사연도이다.
전국,social_safety_perception,2023,사회 안전에 대한 인식,intermediate_missing,,,,,False,False,not_applicable,조사 비실시 연도,confirmed,linear_interpolation,False,True,True,,,social_survey_interior_non_survey,configs/structural_indicators_verification.yaml:460,2016·2018·2020·2022·2024 관측값 사이의 비조사연도이다.
전국,socioeconomic_status_perception,2016,사회경제적 지위에 대한 인식,leading_missing,2020,4,backward,4,True,True,high,조사 비실시 연도,confirmed,boundary_carry,False,True,False,,,family_survey_boundary_non_survey,configs/structural_indicators_verification.yaml:790,2020·2023 관측 범위 밖의 비조사연도이며 본계열 boundary carry 후보이다.
전국,socioeconomic_status_perception,2017,사회경제적 지위에 대한 인식,leading_missing,2020,3,backward,4,True,True,high,조사 비실시 연도,confirmed,boundary_carry,False,True,False,,,family_survey_boundary_non_survey,configs/structural_indicators_verification.yaml:790,2020·2023 관측 범위 밖의 비조사연도이며 본계열 boundary carry 후보이다.
전국,socioeconomic_status_perception,2018,사회경제적 지위에 대한 인식,leading_missing,2020,2,backward,4,True,True,high,조사 비실시 연도,confirmed,boundary_carry,False,True,False,,,family_survey_boundary_non_survey,configs/structural_indicators_verification.yaml:790,2020·2023 관측 범위 밖의 비조사연도이며 본계열 boundary carry 후보이다.
전국,socioeconomic_status_perception,2019,사회경제적 지위에 대한 인식,leading_missing,2020,1,backward,4,True,True,high,조사 비실시 연도,confirmed,boundary_carry,False,True,False,,,family_survey_boundary_non_survey,configs/structural_indicators_verification.yaml:790,2020·2023 관측 범위 밖의 비조사연도이며 본계열 boundary carry 후보이다.
전국,socioeconomic_status_perception,2021,사회경제적 지위에 대한 인식,intermediate_missing,,,,,False,False,not_applicable,조사 비실시 연도,confirmed,linear_interpolation,False,True,False,,,family_survey_interior_non_survey,configs/structural_indicators_verification.yaml:790,2020년과 2023년 실제 관측값 사이의 비조사연도이다.
전국,socioeconomic_status_perception,2022,사회경제적 지위에 대한 인식,intermediate_missing,,,,,False,False,not_applicable,조사 비실시 연도,confirmed,linear_interpolation,False,True,False,,,family_survey_interior_non_survey,configs/structural_indicators_verification.yaml:790,2020년과 2023년 실제 관측값 사이의 비조사연도이다.
전국,socioeconomic_status_perception,2024,사회경제적 지위에 대한 인식,trailing_missing,2023,1,forward,1,False,True,medium,조사 비실시 연도,confirmed,boundary_carry,False,True,False,,,family_survey_boundary_non_survey,configs/structural_indicators_verification.yaml:790,2020·2023 관측 범위 밖의 비조사연도이며 본계열 boundary carry 후보이다.
전국,work_hours,2016,근로시간,all_period_unobserved,,,,,False,False,not_applicable,원자료 미공표,confirmed,keep_missing,True,False,False,,,work_hours_national_unpublished,reports/20260724_구조환경지표_21개_검증_진행상황.md:212,시도별 공표표에 전국 합계가 없으며 시도 평균으로 만들지 않는다.
전국,work_hours,2017,근로시간,all_period_unobserved,,,,,False,False,not_applicable,원자료 미공표,confirmed,keep_missing,True,False,False,,,work_hours_national_unpublished,reports/20260724_구조환경지표_21개_검증_진행상황.md:212,시도별 공표표에 전국 합계가 없으며 시도 평균으로 만들지 않는다.
전국,work_hours,2018,근로시간,all_period_unobserved,,,,,False,False,not_applicable,원자료 미공표,confirmed,keep_missing,True,False,False,,,work_hours_national_unpublished,reports/20260724_구조환경지표_21개_검증_진행상황.md:212,시도별 공표표에 전국 합계가 없으며 시도 평균으로 만들지 않는다.
전국,work_hours,2019,근로시간,all_period_unobserved,,,,,False,False,not_applicable,원자료 미공표,confirmed,keep_missing,True,False,False,,,work_hours_national_unpublished,reports/20260724_구조환경지표_21개_검증_진행상황.md:212,시도별 공표표에 전국 합계가 없으며 시도 평균으로 만들지 않는다.
전국,work_hours,2020,근로시간,all_period_unobserved,,,,,False,False,not_applicable,원자료 미공표,confirmed,keep_missing,True,False,False,,,work_hours_national_unpublished,reports/20260724_구조환경지표_21개_검증_진행상황.md:212,시도별 공표표에 전국 합계가 없으며 시도 평균으로 만들지 않는다.
전국,work_hours,2021,근로시간,all_period_unobserved,,,,,False,False,not_applicable,원자료 미공표,confirmed,keep_missing,True,False,False,,,work_hours_national_unpublished,reports/20260724_구조환경지표_21개_검증_진행상황.md:212,시도별 공표표에 전국 합계가 없으며 시도 평균으로 만들지 않는다.
전국,work_hours,2022,근로시간,all_period_unobserved,,,,,False,False,not_applicable,원자료 미공표,confirmed,keep_missing,True,False,False,,,work_hours_national_unpublished,reports/20260724_구조환경지표_21개_검증_진행상황.md:212,시도별 공표표에 전국 합계가 없으며 시도 평균으로 만들지 않는다.
전국,work_hours,2023,근로시간,all_period_unobserved,,,,,False,False,not_applicable,원자료 미공표,confirmed,keep_missing,True,False,False,,,work_hours_national_unpublished,reports/20260724_구조환경지표_21개_검증_진행상황.md:212,시도별 공표표에 전국 합계가 없으며 시도 평균으로 만들지 않는다.
전국,work_hours,2024,근로시간,all_period_unobserved,,,,,False,False,not_applicable,원자료 미공표,confirmed,keep_missing,True,False,False,,,work_hours_national_unpublished,reports/20260724_구조환경지표_21개_검증_진행상황.md:212,시도별 공표표에 전국 합계가 없으며 시도 평균으로 만들지 않는다.
전남,childbirth_perception,2016,출산에 대한 인식,leading_missing,2018,2,backward,2,True,True,high,조사 비실시 연도,confirmed,boundary_carry,False,True,True,,,childbirth_leading_non_survey,configs/structural_indicators_verification.yaml:576,지표의 첫 비교 가능 관측연도인 2018년 이전 구간이다.
전남,childbirth_perception,2017,출산에 대한 인식,leading_missing,2018,1,backward,2,True,True,high,조사 비실시 연도,confirmed,boundary_carry,False,True,True,,,childbirth_leading_non_survey,configs/structural_indicators_verification.yaml:576,지표의 첫 비교 가능 관측연도인 2018년 이전 구간이다.
전남,childbirth_perception,2019,출산에 대한 인식,intermediate_missing,,,,,False,False,not_applicable,조사 비실시 연도,confirmed,linear_interpolation,False,True,True,,,childbirth_interior_non_survey,configs/structural_indicators_verification.yaml:576,2018·2020·2022·2024 관측값 사이의 비조사연도이다.
전남,childbirth_perception,2021,출산에 대한 인식,intermediate_missing,,,,,False,False,not_applicable,조사 비실시 연도,confirmed,linear_interpolation,False,True,True,,,childbirth_interior_non_survey,configs/structural_indicators_verification.yaml:576,2018·2020·2022·2024 관측값 사이의 비조사연도이다.
전남,childbirth_perception,2023,출산에 대한 인식,intermediate_missing,,,,,False,False,not_applicable,조사 비실시 연도,confirmed,linear_interpolation,False,True,True,,,childbirth_interior_non_survey,configs/structural_indicators_verification.yaml:576,2018·2020·2022·2024 관측값 사이의 비조사연도이다.
전남,childcare_equal_participation,2016,돌봄노동 공동 참여도,leading_missing,2020,4,backward,4,True,True,high,조사 비실시 연도,confirmed,boundary_carry,False,True,False,,,family_survey_boundary_non_survey,configs/structural_indicators_verification.yaml:790,2020·2023 관측 범위 밖의 비조사연도이며 본계열 boundary carry 후보이다.
전남,childcare_equal_participation,2017,돌봄노동 공동 참여도,leading_missing,2020,3,backward,4,True,True,high,조사 비실시 연도,confirmed,boundary_carry,False,True,False,,,family_survey_boundary_non_survey,configs/structural_indicators_verification.yaml:790,2020·2023 관측 범위 밖의 비조사연도이며 본계열 boundary carry 후보이다.
전남,childcare_equal_participation,2018,돌봄노동 공동 참여도,leading_missing,2020,2,backward,4,True,True,high,조사 비실시 연도,confirmed,boundary_carry,False,True,False,,,family_survey_boundary_non_survey,configs/structural_indicators_verification.yaml:790,2020·2023 관측 범위 밖의 비조사연도이며 본계열 boundary carry 후보이다.
전남,childcare_equal_participation,2019,돌봄노동 공동 참여도,leading_missing,2020,1,backward,4,True,True,high,조사 비실시 연도,confirmed,boundary_carry,False,True,False,,,family_survey_boundary_non_survey,configs/structural_indicators_verification.yaml:790,2020·2023 관측 범위 밖의 비조사연도이며 본계열 boundary carry 후보이다.
전남,childcare_equal_participation,2021,돌봄노동 공동 참여도,intermediate_missing,,,,,False,False,not_applicable,조사 비실시 연도,confirmed,linear_interpolation,False,True,False,,,family_survey_interior_non_survey,configs/structural_indicators_verification.yaml:790,2020년과 2023년 실제 관측값 사이의 비조사연도이다.
전남,childcare_equal_participation,2022,돌봄노동 공동 참여도,intermediate_missing,,,,,False,False,not_applicable,조사 비실시 연도,confirmed,linear_interpolation,False,True,False,,,family_survey_interior_non_survey,configs/structural_indicators_verification.yaml:790,2020년과 2023년 실제 관측값 사이의 비조사연도이다.
전남,childcare_equal_participation,2024,돌봄노동 공동 참여도,trailing_missing,2023,1,forward,1,False,True,medium,조사 비실시 연도,confirmed,boundary_carry,False,True,False,,,family_survey_boundary_non_survey,configs/structural_indicators_verification.yaml:790,2020·2023 관측 범위 밖의 비조사연도이며 본계열 boundary carry 후보이다.
전남,delivery_bed_supply,2016,(대체)분만실 병상수 보급도,leading_missing,2018,2,backward,2,True,True,high,원자료 부재,confirmed,boundary_carry,False,True,True,,,delivery_bed_before_source_start,이슈,"원자료는 2018년 3분기부터 시작한다. 추세 역외삽 대신 지역별 최초 관측연도인 2018년 값을 2016·2017년에 유지하고, 장기 소급 대체임을 플래그와 분석 한계에 남긴다."
전남,delivery_bed_supply,2017,(대체)분만실 병상수 보급도,leading_missing,2018,1,backward,2,True,True,high,원자료 부재,confirmed,boundary_carry,False,True,True,,,delivery_bed_before_source_start,이슈,"원자료는 2018년 3분기부터 시작한다. 추세 역외삽 대신 지역별 최초 관측연도인 2018년 값을 2016·2017년에 유지하고, 장기 소급 대체임을 플래그와 분석 한계에 남긴다."
전남,household_chore_equal_participation,2016,가사노동 공동 참여도,leading_missing,2020,4,backward,4,True,True,high,조사 비실시 연도,confirmed,boundary_carry,False,True,False,,,family_survey_boundary_non_survey,configs/structural_indicators_verification.yaml:790,2020·2023 관측 범위 밖의 비조사연도이며 본계열 boundary carry 후보이다.
전남,household_chore_equal_participation,2017,가사노동 공동 참여도,leading_missing,2020,3,backward,4,True,True,high,조사 비실시 연도,confirmed,boundary_carry,False,True,False,,,family_survey_boundary_non_survey,configs/structural_indicators_verification.yaml:790,2020·2023 관측 범위 밖의 비조사연도이며 본계열 boundary carry 후보이다.
전남,household_chore_equal_participation,2018,가사노동 공동 참여도,leading_missing,2020,2,backward,4,True,True,high,조사 비실시 연도,confirmed,boundary_carry,False,True,False,,,family_survey_boundary_non_survey,configs/structural_indicators_verification.yaml:790,2020·2023 관측 범위 밖의 비조사연도이며 본계열 boundary carry 후보이다.
전남,household_chore_equal_participation,2019,가사노동 공동 참여도,leading_missing,2020,1,backward,4,True,True,high,조사 비실시 연도,confirmed,boundary_carry,False,True,False,,,family_survey_boundary_non_survey,configs/structural_indicators_verification.yaml:790,2020·2023 관측 범위 밖의 비조사연도이며 본계열 boundary carry 후보이다.
전남,household_chore_equal_participation,2021,가사노동 공동 참여도,intermediate_missing,,,,,False,False,not_applicable,조사 비실시 연도,confirmed,linear_interpolation,False,True,False,,,family_survey_interior_non_survey,configs/structural_indicators_verification.yaml:790,2020년과 2023년 실제 관측값 사이의 비조사연도이다.
전남,household_chore_equal_participation,2022,가사노동 공동 참여도,intermediate_missing,,,,,False,False,not_applicable,조사 비실시 연도,confirmed,linear_interpolation,False,True,False,,,family_survey_interior_non_survey,configs/structural_indicators_verification.yaml:790,2020년과 2023년 실제 관측값 사이의 비조사연도이다.
전남,household_chore_equal_participation,2024,가사노동 공동 참여도,trailing_missing,2023,1,forward,1,False,True,medium,조사 비실시 연도,confirmed,boundary_carry,False,True,False,,,family_survey_boundary_non_survey,configs/structural_indicators_verification.yaml:790,2020·2023 관측 범위 밖의 비조사연도이며 본계열 boundary carry 후보이다.
전남,housework_gender_equality,2017,가사분담에 대한 성평등 인식,intermediate_missing,,,,,False,False,not_applicable,조사 비실시 연도,confirmed,linear_interpolation,False,True,True,,,nonlinear_housework_direct_interpolation,reports/methodology/20260805_가사분담_성평등_인식_직접보간_안전성_검증.md,"원산식 `1-|평균응답값-3|/2`은 비선형(절댓값) 변환이지만, 18개 지역 × 5개 관측연도(2016·2018·2020·2022·2024) 전부에서 평균응답값이 3점(중간) 미만이라 그 구간에서는 순수 선형함수와 같다. 검증 스크립트 (`scripts/verify_housework_gender_equality_interpolation_safety.py`)로 확인했으며, 최종값을 직접 선형보간해도 구성요소를 먼저 보간한 뒤 변환한 것과 정확히 같다."
전남,housework_gender_equality,2019,가사분담에 대한 성평등 인식,intermediate_missing,,,,,False,False,not_applicable,조사 비실시 연도,confirmed,linear_interpolation,False,True,True,,,nonlinear_housework_direct_interpolation,reports/methodology/20260805_가사분담_성평등_인식_직접보간_안전성_검증.md,"원산식 `1-|평균응답값-3|/2`은 비선형(절댓값) 변환이지만, 18개 지역 × 5개 관측연도(2016·2018·2020·2022·2024) 전부에서 평균응답값이 3점(중간) 미만이라 그 구간에서는 순수 선형함수와 같다. 검증 스크립트 (`scripts/verify_housework_gender_equality_interpolation_safety.py`)로 확인했으며, 최종값을 직접 선형보간해도 구성요소를 먼저 보간한 뒤 변환한 것과 정확히 같다."
전남,housework_gender_equality,2021,가사분담에 대한 성평등 인식,intermediate_missing,,,,,False,False,not_applicable,조사 비실시 연도,confirmed,linear_interpolation,False,True,True,,,nonlinear_housework_direct_interpolation,reports/methodology/20260805_가사분담_성평등_인식_직접보간_안전성_검증.md,"원산식 `1-|평균응답값-3|/2`은 비선형(절댓값) 변환이지만, 18개 지역 × 5개 관측연도(2016·2018·2020·2022·2024) 전부에서 평균응답값이 3점(중간) 미만이라 그 구간에서는 순수 선형함수와 같다. 검증 스크립트 (`scripts/verify_housework_gender_equality_interpolation_safety.py`)로 확인했으며, 최종값을 직접 선형보간해도 구성요소를 먼저 보간한 뒤 변환한 것과 정확히 같다."
전남,housework_gender_equality,2023,가사분담에 대한 성평등 인식,intermediate_missing,,,,,False,False,not_applicable,조사 비실시 연도,confirmed,linear_interpolation,False,True,True,,,nonlinear_housework_direct_interpolation,reports/methodology/20260805_가사분담_성평등_인식_직접보간_안전성_검증.md,"원산식 `1-|평균응답값-3|/2`은 비선형(절댓값) 변환이지만, 18개 지역 × 5개 관측연도(2016·2018·2020·2022·2024) 전부에서 평균응답값이 3점(중간) 미만이라 그 구간에서는 순수 선형함수와 같다. 검증 스크립트 (`scripts/verify_housework_gender_equality_interpolation_safety.py`)로 확인했으며, 최종값을 직접 선형보간해도 구성요소를 먼저 보간한 뒤 변환한 것과 정확히 같다."
전남,income_satisfaction,2016,소득만족도,leading_missing,2017,1,backward,1,False,True,medium,조사 비실시 연도,confirmed,boundary_carry,False,True,True,auxiliary_boundary_interpolation,2015,income_leisure_leading_non_survey,configs/structural_indicators_verification.yaml:145,본계열은 boundary carry 후보이며 2015년 값은 별도 보조 시나리오에서만 사용한다.
전남,income_satisfaction,2018,소득만족도,intermediate_missing,,,,,False,False,not_applicable,조사 비실시 연도,confirmed,linear_interpolation,False,True,True,,,income_leisure_interior_non_survey,reports/20260725_구조환경지표_통합파일_결측치_검증_결과.md:57,실제 관측값 사이의 비조사연도로 본계열 선형보간 후보이다.
전남,income_satisfaction,2020,소득만족도,intermediate_missing,,,,,False,False,not_applicable,조사 비실시 연도,confirmed,linear_interpolation,False,True,True,,,income_leisure_interior_non_survey,reports/20260725_구조환경지표_통합파일_결측치_검증_결과.md:57,실제 관측값 사이의 비조사연도로 본계열 선형보간 후보이다.
전남,income_satisfaction,2022,소득만족도,intermediate_missing,,,,,False,False,not_applicable,조사 비실시 연도,confirmed,linear_interpolation,False,True,True,,,income_leisure_interior_non_survey,reports/20260725_구조환경지표_통합파일_결측치_검증_결과.md:57,실제 관측값 사이의 비조사연도로 본계열 선형보간 후보이다.
전남,income_satisfaction,2024,소득만족도,trailing_missing,2023,1,forward,1,False,True,medium,조사 비실시 연도,confirmed,boundary_carry,False,True,True,auxiliary_boundary_interpolation,2025,income_leisure_trailing_non_survey,configs/structural_indicators_verification.yaml:145,본계열은 boundary carry 후보이며 2025년 값은 별도 보조 시나리오에서만 사용한다.
전남,leisure_satisfaction,2016,여가생활 만족도,leading_missing,2017,1,backward,1,False,True,medium,조사 비실시 연도,confirmed,boundary_carry,False,True,True,auxiliary_boundary_interpolation,2015,income_leisure_leading_non_survey,configs/structural_indicators_verification.yaml:145,본계열은 boundary carry 후보이며 2015년 값은 별도 보조 시나리오에서만 사용한다.
전남,leisure_satisfaction,2018,여가생활 만족도,intermediate_missing,,,,,False,False,not_applicable,조사 비실시 연도,confirmed,linear_interpolation,False,True,True,,,income_leisure_interior_non_survey,reports/20260725_구조환경지표_통합파일_결측치_검증_결과.md:57,실제 관측값 사이의 비조사연도로 본계열 선형보간 후보이다.
전남,leisure_satisfaction,2020,여가생활 만족도,intermediate_missing,,,,,False,False,not_applicable,조사 비실시 연도,confirmed,linear_interpolation,False,True,True,,,income_leisure_interior_non_survey,reports/20260725_구조환경지표_통합파일_결측치_검증_결과.md:57,실제 관측값 사이의 비조사연도로 본계열 선형보간 후보이다.
전남,leisure_satisfaction,2022,여가생활 만족도,intermediate_missing,,,,,False,False,not_applicable,조사 비실시 연도,confirmed,linear_interpolation,False,True,True,,,income_leisure_interior_non_survey,reports/20260725_구조환경지표_통합파일_결측치_검증_결과.md:57,실제 관측값 사이의 비조사연도로 본계열 선형보간 후보이다.
전남,leisure_satisfaction,2024,여가생활 만족도,trailing_missing,2023,1,forward,1,False,True,medium,조사 비실시 연도,confirmed,boundary_carry,False,True,True,auxiliary_boundary_interpolation,2025,income_leisure_trailing_non_survey,configs/structural_indicators_verification.yaml:145,본계열은 boundary carry 후보이며 2025년 값은 별도 보조 시나리오에서만 사용한다.
전남,marriage_perception,2017,결혼에 대한 인식,intermediate_missing,,,,,False,False,not_applicable,조사 비실시 연도,confirmed,linear_interpolation,False,True,True,,,social_survey_interior_non_survey,configs/structural_indicators_verification.yaml:460,2016·2018·2020·2022·2024 관측값 사이의 비조사연도이다.
전남,marriage_perception,2019,결혼에 대한 인식,intermediate_missing,,,,,False,False,not_applicable,조사 비실시 연도,confirmed,linear_interpolation,False,True,True,,,social_survey_interior_non_survey,configs/structural_indicators_verification.yaml:460,2016·2018·2020·2022·2024 관측값 사이의 비조사연도이다.
전남,marriage_perception,2021,결혼에 대한 인식,intermediate_missing,,,,,False,False,not_applicable,조사 비실시 연도,confirmed,linear_interpolation,False,True,True,,,social_survey_interior_non_survey,configs/structural_indicators_verification.yaml:460,2016·2018·2020·2022·2024 관측값 사이의 비조사연도이다.
전남,marriage_perception,2023,결혼에 대한 인식,intermediate_missing,,,,,False,False,not_applicable,조사 비실시 연도,confirmed,linear_interpolation,False,True,True,,,social_survey_interior_non_survey,configs/structural_indicators_verification.yaml:460,2016·2018·2020·2022·2024 관측값 사이의 비조사연도이다.
전남,postpartum_center_fee,2016,산후조리원 이용 요금,leading_missing,2023,7,backward,7,True,True,high,원자료 부재,confirmed,boundary_carry,False,True,True,,,postpartum_before_source_start,이슈,"승인된 원자료는 2023년부터 존재한다. 추세 역외삽 대신 지역별 최초 관측연도인 2023년 값을 2016–2022년에 유지하고, 장기 소급 대체임을 플래그와 분석 한계에 남긴다."
전남,postpartum_center_fee,2017,산후조리원 이용 요금,leading_missing,2023,6,backward,7,True,True,high,원자료 부재,confirmed,boundary_carry,False,True,True,,,postpartum_before_source_start,이슈,"승인된 원자료는 2023년부터 존재한다. 추세 역외삽 대신 지역별 최초 관측연도인 2023년 값을 2016–2022년에 유지하고, 장기 소급 대체임을 플래그와 분석 한계에 남긴다."
전남,postpartum_center_fee,2018,산후조리원 이용 요금,leading_missing,2023,5,backward,7,True,True,high,원자료 부재,confirmed,boundary_carry,False,True,True,,,postpartum_before_source_start,이슈,"승인된 원자료는 2023년부터 존재한다. 추세 역외삽 대신 지역별 최초 관측연도인 2023년 값을 2016–2022년에 유지하고, 장기 소급 대체임을 플래그와 분석 한계에 남긴다."
전남,postpartum_center_fee,2019,산후조리원 이용 요금,leading_missing,2023,4,backward,7,True,True,high,원자료 부재,confirmed,boundary_carry,False,True,True,,,postpartum_before_source_start,이슈,"승인된 원자료는 2023년부터 존재한다. 추세 역외삽 대신 지역별 최초 관측연도인 2023년 값을 2016–2022년에 유지하고, 장기 소급 대체임을 플래그와 분석 한계에 남긴다."
전남,postpartum_center_fee,2020,산후조리원 이용 요금,leading_missing,2023,3,backward,7,True,True,high,원자료 부재,confirmed,boundary_carry,False,True,True,,,postpartum_before_source_start,이슈,"승인된 원자료는 2023년부터 존재한다. 추세 역외삽 대신 지역별 최초 관측연도인 2023년 값을 2016–2022년에 유지하고, 장기 소급 대체임을 플래그와 분석 한계에 남긴다."
전남,postpartum_center_fee,2021,산후조리원 이용 요금,leading_missing,2023,2,backward,7,True,True,high,원자료 부재,confirmed,boundary_carry,False,True,True,,,postpartum_before_source_start,이슈,"승인된 원자료는 2023년부터 존재한다. 추세 역외삽 대신 지역별 최초 관측연도인 2023년 값을 2016–2022년에 유지하고, 장기 소급 대체임을 플래그와 분석 한계에 남긴다."
전남,postpartum_center_fee,2022,산후조리원 이용 요금,leading_missing,2023,1,backward,7,True,True,high,원자료 부재,confirmed,boundary_carry,False,True,True,,,postpartum_before_source_start,이슈,"승인된 원자료는 2023년부터 존재한다. 추세 역외삽 대신 지역별 최초 관측연도인 2023년 값을 2016–2022년에 유지하고, 장기 소급 대체임을 플래그와 분석 한계에 남긴다."
전남,postpartum_center_supply,2016,산후조리원 보급도,leading_missing,2023,7,backward,7,True,True,high,원자료 부재,confirmed,boundary_carry,False,True,True,,,postpartum_before_source_start,이슈,"승인된 원자료는 2023년부터 존재한다. 추세 역외삽 대신 지역별 최초 관측연도인 2023년 값을 2016–2022년에 유지하고, 장기 소급 대체임을 플래그와 분석 한계에 남긴다."
전남,postpartum_center_supply,2017,산후조리원 보급도,leading_missing,2023,6,backward,7,True,True,high,원자료 부재,confirmed,boundary_carry,False,True,True,,,postpartum_before_source_start,이슈,"승인된 원자료는 2023년부터 존재한다. 추세 역외삽 대신 지역별 최초 관측연도인 2023년 값을 2016–2022년에 유지하고, 장기 소급 대체임을 플래그와 분석 한계에 남긴다."
전남,postpartum_center_supply,2018,산후조리원 보급도,leading_missing,2023,5,backward,7,True,True,high,원자료 부재,confirmed,boundary_carry,False,True,True,,,postpartum_before_source_start,이슈,"승인된 원자료는 2023년부터 존재한다. 추세 역외삽 대신 지역별 최초 관측연도인 2023년 값을 2016–2022년에 유지하고, 장기 소급 대체임을 플래그와 분석 한계에 남긴다."
전남,postpartum_center_supply,2019,산후조리원 보급도,leading_missing,2023,4,backward,7,True,True,high,원자료 부재,confirmed,boundary_carry,False,True,True,,,postpartum_before_source_start,이슈,"승인된 원자료는 2023년부터 존재한다. 추세 역외삽 대신 지역별 최초 관측연도인 2023년 값을 2016–2022년에 유지하고, 장기 소급 대체임을 플래그와 분석 한계에 남긴다."
전남,postpartum_center_supply,2020,산후조리원 보급도,leading_missing,2023,3,backward,7,True,True,high,원자료 부재,confirmed,boundary_carry,False,True,True,,,postpartum_before_source_start,이슈,"승인된 원자료는 2023년부터 존재한다. 추세 역외삽 대신 지역별 최초 관측연도인 2023년 값을 2016–2022년에 유지하고, 장기 소급 대체임을 플래그와 분석 한계에 남긴다."
전남,postpartum_center_supply,2021,산후조리원 보급도,leading_missing,2023,2,backward,7,True,True,high,원자료 부재,confirmed,boundary_carry,False,True,True,,,postpartum_before_source_start,이슈,"승인된 원자료는 2023년부터 존재한다. 추세 역외삽 대신 지역별 최초 관측연도인 2023년 값을 2016–2022년에 유지하고, 장기 소급 대체임을 플래그와 분석 한계에 남긴다."
전남,postpartum_center_supply,2022,산후조리원 보급도,leading_missing,2023,1,backward,7,True,True,high,원자료 부재,confirmed,boundary_carry,False,True,True,,,postpartum_before_source_start,이슈,"승인된 원자료는 2023년부터 존재한다. 추세 역외삽 대신 지역별 최초 관측연도인 2023년 값을 2016–2022년에 유지하고, 장기 소급 대체임을 플래그와 분석 한계에 남긴다."
전남,social_safety_perception,2017,사회 안전에 대한 인식,intermediate_missing,,,,,False,False,not_applicable,조사 비실시 연도,confirmed,linear_interpolation,False,True,True,,,social_survey_interior_non_survey,configs/structural_indicators_verification.yaml:460,2016·2018·2020·2022·2024 관측값 사이의 비조사연도이다.
전남,social_safety_perception,2019,사회 안전에 대한 인식,intermediate_missing,,,,,False,False,not_applicable,조사 비실시 연도,confirmed,linear_interpolation,False,True,True,,,social_survey_interior_non_survey,configs/structural_indicators_verification.yaml:460,2016·2018·2020·2022·2024 관측값 사이의 비조사연도이다.
전남,social_safety_perception,2021,사회 안전에 대한 인식,intermediate_missing,,,,,False,False,not_applicable,조사 비실시 연도,confirmed,linear_interpolation,False,True,True,,,social_survey_interior_non_survey,configs/structural_indicators_verification.yaml:460,2016·2018·2020·2022·2024 관측값 사이의 비조사연도이다.
전남,social_safety_perception,2023,사회 안전에 대한 인식,intermediate_missing,,,,,False,False,not_applicable,조사 비실시 연도,confirmed,linear_interpolation,False,True,True,,,social_survey_interior_non_survey,configs/structural_indicators_verification.yaml:460,2016·2018·2020·2022·2024 관측값 사이의 비조사연도이다.
전남,socioeconomic_status_perception,2016,사회경제적 지위에 대한 인식,leading_missing,2020,4,backward,4,True,True,high,조사 비실시 연도,confirmed,boundary_carry,False,True,False,,,family_survey_boundary_non_survey,configs/structural_indicators_verification.yaml:790,2020·2023 관측 범위 밖의 비조사연도이며 본계열 boundary carry 후보이다.
전남,socioeconomic_status_perception,2017,사회경제적 지위에 대한 인식,leading_missing,2020,3,backward,4,True,True,high,조사 비실시 연도,confirmed,boundary_carry,False,True,False,,,family_survey_boundary_non_survey,configs/structural_indicators_verification.yaml:790,2020·2023 관측 범위 밖의 비조사연도이며 본계열 boundary carry 후보이다.
전남,socioeconomic_status_perception,2018,사회경제적 지위에 대한 인식,leading_missing,2020,2,backward,4,True,True,high,조사 비실시 연도,confirmed,boundary_carry,False,True,False,,,family_survey_boundary_non_survey,configs/structural_indicators_verification.yaml:790,2020·2023 관측 범위 밖의 비조사연도이며 본계열 boundary carry 후보이다.
전남,socioeconomic_status_perception,2019,사회경제적 지위에 대한 인식,leading_missing,2020,1,backward,4,True,True,high,조사 비실시 연도,confirmed,boundary_carry,False,True,False,,,family_survey_boundary_non_survey,configs/structural_indicators_verification.yaml:790,2020·2023 관측 범위 밖의 비조사연도이며 본계열 boundary carry 후보이다.
전남,socioeconomic_status_perception,2021,사회경제적 지위에 대한 인식,intermediate_missing,,,,,False,False,not_applicable,조사 비실시 연도,confirmed,linear_interpolation,False,True,False,,,family_survey_interior_non_survey,configs/structural_indicators_verification.yaml:790,2020년과 2023년 실제 관측값 사이의 비조사연도이다.
전남,socioeconomic_status_perception,2022,사회경제적 지위에 대한 인식,intermediate_missing,,,,,False,False,not_applicable,조사 비실시 연도,confirmed,linear_interpolation,False,True,False,,,family_survey_interior_non_survey,configs/structural_indicators_verification.yaml:790,2020년과 2023년 실제 관측값 사이의 비조사연도이다.
전남,socioeconomic_status_perception,2024,사회경제적 지위에 대한 인식,trailing_missing,2023,1,forward,1,False,True,medium,조사 비실시 연도,confirmed,boundary_carry,False,True,False,,,family_survey_boundary_non_survey,configs/structural_indicators_verification.yaml:790,2020·2023 관측 범위 밖의 비조사연도이며 본계열 boundary carry 후보이다.
전북,childbirth_perception,2016,출산에 대한 인식,leading_missing,2018,2,backward,2,True,True,high,조사 비실시 연도,confirmed,boundary_carry,False,True,True,,,childbirth_leading_non_survey,configs/structural_indicators_verification.yaml:576,지표의 첫 비교 가능 관측연도인 2018년 이전 구간이다.
전북,childbirth_perception,2017,출산에 대한 인식,leading_missing,2018,1,backward,2,True,True,high,조사 비실시 연도,confirmed,boundary_carry,False,True,True,,,childbirth_leading_non_survey,configs/structural_indicators_verification.yaml:576,지표의 첫 비교 가능 관측연도인 2018년 이전 구간이다.
전북,childbirth_perception,2019,출산에 대한 인식,intermediate_missing,,,,,False,False,not_applicable,조사 비실시 연도,confirmed,linear_interpolation,False,True,True,,,childbirth_interior_non_survey,configs/structural_indicators_verification.yaml:576,2018·2020·2022·2024 관측값 사이의 비조사연도이다.
전북,childbirth_perception,2021,출산에 대한 인식,intermediate_missing,,,,,False,False,not_applicable,조사 비실시 연도,confirmed,linear_interpolation,False,True,True,,,childbirth_interior_non_survey,configs/structural_indicators_verification.yaml:576,2018·2020·2022·2024 관측값 사이의 비조사연도이다.
전북,childbirth_perception,2023,출산에 대한 인식,intermediate_missing,,,,,False,False,not_applicable,조사 비실시 연도,confirmed,linear_interpolation,False,True,True,,,childbirth_interior_non_survey,configs/structural_indicators_verification.yaml:576,2018·2020·2022·2024 관측값 사이의 비조사연도이다.
전북,childcare_equal_participation,2016,돌봄노동 공동 참여도,leading_missing,2020,4,backward,4,True,True,high,조사 비실시 연도,confirmed,boundary_carry,False,True,False,,,family_survey_boundary_non_survey,configs/structural_indicators_verification.yaml:790,2020·2023 관측 범위 밖의 비조사연도이며 본계열 boundary carry 후보이다.
전북,childcare_equal_participation,2017,돌봄노동 공동 참여도,leading_missing,2020,3,backward,4,True,True,high,조사 비실시 연도,confirmed,boundary_carry,False,True,False,,,family_survey_boundary_non_survey,configs/structural_indicators_verification.yaml:790,2020·2023 관측 범위 밖의 비조사연도이며 본계열 boundary carry 후보이다.
전북,childcare_equal_participation,2018,돌봄노동 공동 참여도,leading_missing,2020,2,backward,4,True,True,high,조사 비실시 연도,confirmed,boundary_carry,False,True,False,,,family_survey_boundary_non_survey,configs/structural_indicators_verification.yaml:790,2020·2023 관측 범위 밖의 비조사연도이며 본계열 boundary carry 후보이다.
전북,childcare_equal_participation,2019,돌봄노동 공동 참여도,leading_missing,2020,1,backward,4,True,True,high,조사 비실시 연도,confirmed,boundary_carry,False,True,False,,,family_survey_boundary_non_survey,configs/structural_indicators_verification.yaml:790,2020·2023 관측 범위 밖의 비조사연도이며 본계열 boundary carry 후보이다.
전북,childcare_equal_participation,2021,돌봄노동 공동 참여도,intermediate_missing,,,,,False,False,not_applicable,조사 비실시 연도,confirmed,linear_interpolation,False,True,False,,,family_survey_interior_non_survey,configs/structural_indicators_verification.yaml:790,2020년과 2023년 실제 관측값 사이의 비조사연도이다.
전북,childcare_equal_participation,2022,돌봄노동 공동 참여도,intermediate_missing,,,,,False,False,not_applicable,조사 비실시 연도,confirmed,linear_interpolation,False,True,False,,,family_survey_interior_non_survey,configs/structural_indicators_verification.yaml:790,2020년과 2023년 실제 관측값 사이의 비조사연도이다.
전북,childcare_equal_participation,2024,돌봄노동 공동 참여도,trailing_missing,2023,1,forward,1,False,True,medium,조사 비실시 연도,confirmed,boundary_carry,False,True,False,,,family_survey_boundary_non_survey,configs/structural_indicators_verification.yaml:790,2020·2023 관측 범위 밖의 비조사연도이며 본계열 boundary carry 후보이다.
전북,delivery_bed_supply,2016,(대체)분만실 병상수 보급도,leading_missing,2018,2,backward,2,True,True,high,원자료 부재,confirmed,boundary_carry,False,True,True,,,delivery_bed_before_source_start,이슈,"원자료는 2018년 3분기부터 시작한다. 추세 역외삽 대신 지역별 최초 관측연도인 2018년 값을 2016·2017년에 유지하고, 장기 소급 대체임을 플래그와 분석 한계에 남긴다."
전북,delivery_bed_supply,2017,(대체)분만실 병상수 보급도,leading_missing,2018,1,backward,2,True,True,high,원자료 부재,confirmed,boundary_carry,False,True,True,,,delivery_bed_before_source_start,이슈,"원자료는 2018년 3분기부터 시작한다. 추세 역외삽 대신 지역별 최초 관측연도인 2018년 값을 2016·2017년에 유지하고, 장기 소급 대체임을 플래그와 분석 한계에 남긴다."
전북,household_chore_equal_participation,2016,가사노동 공동 참여도,leading_missing,2020,4,backward,4,True,True,high,조사 비실시 연도,confirmed,boundary_carry,False,True,False,,,family_survey_boundary_non_survey,configs/structural_indicators_verification.yaml:790,2020·2023 관측 범위 밖의 비조사연도이며 본계열 boundary carry 후보이다.
전북,household_chore_equal_participation,2017,가사노동 공동 참여도,leading_missing,2020,3,backward,4,True,True,high,조사 비실시 연도,confirmed,boundary_carry,False,True,False,,,family_survey_boundary_non_survey,configs/structural_indicators_verification.yaml:790,2020·2023 관측 범위 밖의 비조사연도이며 본계열 boundary carry 후보이다.
전북,household_chore_equal_participation,2018,가사노동 공동 참여도,leading_missing,2020,2,backward,4,True,True,high,조사 비실시 연도,confirmed,boundary_carry,False,True,False,,,family_survey_boundary_non_survey,configs/structural_indicators_verification.yaml:790,2020·2023 관측 범위 밖의 비조사연도이며 본계열 boundary carry 후보이다.
전북,household_chore_equal_participation,2019,가사노동 공동 참여도,leading_missing,2020,1,backward,4,True,True,high,조사 비실시 연도,confirmed,boundary_carry,False,True,False,,,family_survey_boundary_non_survey,configs/structural_indicators_verification.yaml:790,2020·2023 관측 범위 밖의 비조사연도이며 본계열 boundary carry 후보이다.
전북,household_chore_equal_participation,2021,가사노동 공동 참여도,intermediate_missing,,,,,False,False,not_applicable,조사 비실시 연도,confirmed,linear_interpolation,False,True,False,,,family_survey_interior_non_survey,configs/structural_indicators_verification.yaml:790,2020년과 2023년 실제 관측값 사이의 비조사연도이다.
전북,household_chore_equal_participation,2022,가사노동 공동 참여도,intermediate_missing,,,,,False,False,not_applicable,조사 비실시 연도,confirmed,linear_interpolation,False,True,False,,,family_survey_interior_non_survey,configs/structural_indicators_verification.yaml:790,2020년과 2023년 실제 관측값 사이의 비조사연도이다.
전북,household_chore_equal_participation,2024,가사노동 공동 참여도,trailing_missing,2023,1,forward,1,False,True,medium,조사 비실시 연도,confirmed,boundary_carry,False,True,False,,,family_survey_boundary_non_survey,configs/structural_indicators_verification.yaml:790,2020·2023 관측 범위 밖의 비조사연도이며 본계열 boundary carry 후보이다.
전북,housework_gender_equality,2017,가사분담에 대한 성평등 인식,intermediate_missing,,,,,False,False,not_applicable,조사 비실시 연도,confirmed,linear_interpolation,False,True,True,,,nonlinear_housework_direct_interpolation,reports/methodology/20260805_가사분담_성평등_인식_직접보간_안전성_검증.md,"원산식 `1-|평균응답값-3|/2`은 비선형(절댓값) 변환이지만, 18개 지역 × 5개 관측연도(2016·2018·2020·2022·2024) 전부에서 평균응답값이 3점(중간) 미만이라 그 구간에서는 순수 선형함수와 같다. 검증 스크립트 (`scripts/verify_housework_gender_equality_interpolation_safety.py`)로 확인했으며, 최종값을 직접 선형보간해도 구성요소를 먼저 보간한 뒤 변환한 것과 정확히 같다."
전북,housework_gender_equality,2019,가사분담에 대한 성평등 인식,intermediate_missing,,,,,False,False,not_applicable,조사 비실시 연도,confirmed,linear_interpolation,False,True,True,,,nonlinear_housework_direct_interpolation,reports/methodology/20260805_가사분담_성평등_인식_직접보간_안전성_검증.md,"원산식 `1-|평균응답값-3|/2`은 비선형(절댓값) 변환이지만, 18개 지역 × 5개 관측연도(2016·2018·2020·2022·2024) 전부에서 평균응답값이 3점(중간) 미만이라 그 구간에서는 순수 선형함수와 같다. 검증 스크립트 (`scripts/verify_housework_gender_equality_interpolation_safety.py`)로 확인했으며, 최종값을 직접 선형보간해도 구성요소를 먼저 보간한 뒤 변환한 것과 정확히 같다."
전북,housework_gender_equality,2021,가사분담에 대한 성평등 인식,intermediate_missing,,,,,False,False,not_applicable,조사 비실시 연도,confirmed,linear_interpolation,False,True,True,,,nonlinear_housework_direct_interpolation,reports/methodology/20260805_가사분담_성평등_인식_직접보간_안전성_검증.md,"원산식 `1-|평균응답값-3|/2`은 비선형(절댓값) 변환이지만, 18개 지역 × 5개 관측연도(2016·2018·2020·2022·2024) 전부에서 평균응답값이 3점(중간) 미만이라 그 구간에서는 순수 선형함수와 같다. 검증 스크립트 (`scripts/verify_housework_gender_equality_interpolation_safety.py`)로 확인했으며, 최종값을 직접 선형보간해도 구성요소를 먼저 보간한 뒤 변환한 것과 정확히 같다."
전북,housework_gender_equality,2023,가사분담에 대한 성평등 인식,intermediate_missing,,,,,False,False,not_applicable,조사 비실시 연도,confirmed,linear_interpolation,False,True,True,,,nonlinear_housework_direct_interpolation,reports/methodology/20260805_가사분담_성평등_인식_직접보간_안전성_검증.md,"원산식 `1-|평균응답값-3|/2`은 비선형(절댓값) 변환이지만, 18개 지역 × 5개 관측연도(2016·2018·2020·2022·2024) 전부에서 평균응답값이 3점(중간) 미만이라 그 구간에서는 순수 선형함수와 같다. 검증 스크립트 (`scripts/verify_housework_gender_equality_interpolation_safety.py`)로 확인했으며, 최종값을 직접 선형보간해도 구성요소를 먼저 보간한 뒤 변환한 것과 정확히 같다."
전북,income_satisfaction,2016,소득만족도,leading_missing,2017,1,backward,1,False,True,medium,조사 비실시 연도,confirmed,boundary_carry,False,True,True,auxiliary_boundary_interpolation,2015,income_leisure_leading_non_survey,configs/structural_indicators_verification.yaml:145,본계열은 boundary carry 후보이며 2015년 값은 별도 보조 시나리오에서만 사용한다.
전북,income_satisfaction,2018,소득만족도,intermediate_missing,,,,,False,False,not_applicable,조사 비실시 연도,confirmed,linear_interpolation,False,True,True,,,income_leisure_interior_non_survey,reports/20260725_구조환경지표_통합파일_결측치_검증_결과.md:57,실제 관측값 사이의 비조사연도로 본계열 선형보간 후보이다.
전북,income_satisfaction,2020,소득만족도,intermediate_missing,,,,,False,False,not_applicable,조사 비실시 연도,confirmed,linear_interpolation,False,True,True,,,income_leisure_interior_non_survey,reports/20260725_구조환경지표_통합파일_결측치_검증_결과.md:57,실제 관측값 사이의 비조사연도로 본계열 선형보간 후보이다.
전북,income_satisfaction,2022,소득만족도,intermediate_missing,,,,,False,False,not_applicable,조사 비실시 연도,confirmed,linear_interpolation,False,True,True,,,income_leisure_interior_non_survey,reports/20260725_구조환경지표_통합파일_결측치_검증_결과.md:57,실제 관측값 사이의 비조사연도로 본계열 선형보간 후보이다.
전북,income_satisfaction,2024,소득만족도,trailing_missing,2023,1,forward,1,False,True,medium,조사 비실시 연도,confirmed,boundary_carry,False,True,True,auxiliary_boundary_interpolation,2025,income_leisure_trailing_non_survey,configs/structural_indicators_verification.yaml:145,본계열은 boundary carry 후보이며 2025년 값은 별도 보조 시나리오에서만 사용한다.
전북,leisure_satisfaction,2016,여가생활 만족도,leading_missing,2017,1,backward,1,False,True,medium,조사 비실시 연도,confirmed,boundary_carry,False,True,True,auxiliary_boundary_interpolation,2015,income_leisure_leading_non_survey,configs/structural_indicators_verification.yaml:145,본계열은 boundary carry 후보이며 2015년 값은 별도 보조 시나리오에서만 사용한다.
전북,leisure_satisfaction,2018,여가생활 만족도,intermediate_missing,,,,,False,False,not_applicable,조사 비실시 연도,confirmed,linear_interpolation,False,True,True,,,income_leisure_interior_non_survey,reports/20260725_구조환경지표_통합파일_결측치_검증_결과.md:57,실제 관측값 사이의 비조사연도로 본계열 선형보간 후보이다.
전북,leisure_satisfaction,2020,여가생활 만족도,intermediate_missing,,,,,False,False,not_applicable,조사 비실시 연도,confirmed,linear_interpolation,False,True,True,,,income_leisure_interior_non_survey,reports/20260725_구조환경지표_통합파일_결측치_검증_결과.md:57,실제 관측값 사이의 비조사연도로 본계열 선형보간 후보이다.
전북,leisure_satisfaction,2022,여가생활 만족도,intermediate_missing,,,,,False,False,not_applicable,조사 비실시 연도,confirmed,linear_interpolation,False,True,True,,,income_leisure_interior_non_survey,reports/20260725_구조환경지표_통합파일_결측치_검증_결과.md:57,실제 관측값 사이의 비조사연도로 본계열 선형보간 후보이다.
전북,leisure_satisfaction,2024,여가생활 만족도,trailing_missing,2023,1,forward,1,False,True,medium,조사 비실시 연도,confirmed,boundary_carry,False,True,True,auxiliary_boundary_interpolation,2025,income_leisure_trailing_non_survey,configs/structural_indicators_verification.yaml:145,본계열은 boundary carry 후보이며 2025년 값은 별도 보조 시나리오에서만 사용한다.
전북,marriage_perception,2017,결혼에 대한 인식,intermediate_missing,,,,,False,False,not_applicable,조사 비실시 연도,confirmed,linear_interpolation,False,True,True,,,social_survey_interior_non_survey,configs/structural_indicators_verification.yaml:460,2016·2018·2020·2022·2024 관측값 사이의 비조사연도이다.
전북,marriage_perception,2019,결혼에 대한 인식,intermediate_missing,,,,,False,False,not_applicable,조사 비실시 연도,confirmed,linear_interpolation,False,True,True,,,social_survey_interior_non_survey,configs/structural_indicators_verification.yaml:460,2016·2018·2020·2022·2024 관측값 사이의 비조사연도이다.
전북,marriage_perception,2021,결혼에 대한 인식,intermediate_missing,,,,,False,False,not_applicable,조사 비실시 연도,confirmed,linear_interpolation,False,True,True,,,social_survey_interior_non_survey,configs/structural_indicators_verification.yaml:460,2016·2018·2020·2022·2024 관측값 사이의 비조사연도이다.
전북,marriage_perception,2023,결혼에 대한 인식,intermediate_missing,,,,,False,False,not_applicable,조사 비실시 연도,confirmed,linear_interpolation,False,True,True,,,social_survey_interior_non_survey,configs/structural_indicators_verification.yaml:460,2016·2018·2020·2022·2024 관측값 사이의 비조사연도이다.
전북,postpartum_center_fee,2016,산후조리원 이용 요금,leading_missing,2023,7,backward,7,True,True,high,원자료 부재,confirmed,boundary_carry,False,True,True,,,postpartum_before_source_start,이슈,"승인된 원자료는 2023년부터 존재한다. 추세 역외삽 대신 지역별 최초 관측연도인 2023년 값을 2016–2022년에 유지하고, 장기 소급 대체임을 플래그와 분석 한계에 남긴다."
전북,postpartum_center_fee,2017,산후조리원 이용 요금,leading_missing,2023,6,backward,7,True,True,high,원자료 부재,confirmed,boundary_carry,False,True,True,,,postpartum_before_source_start,이슈,"승인된 원자료는 2023년부터 존재한다. 추세 역외삽 대신 지역별 최초 관측연도인 2023년 값을 2016–2022년에 유지하고, 장기 소급 대체임을 플래그와 분석 한계에 남긴다."
전북,postpartum_center_fee,2018,산후조리원 이용 요금,leading_missing,2023,5,backward,7,True,True,high,원자료 부재,confirmed,boundary_carry,False,True,True,,,postpartum_before_source_start,이슈,"승인된 원자료는 2023년부터 존재한다. 추세 역외삽 대신 지역별 최초 관측연도인 2023년 값을 2016–2022년에 유지하고, 장기 소급 대체임을 플래그와 분석 한계에 남긴다."
전북,postpartum_center_fee,2019,산후조리원 이용 요금,leading_missing,2023,4,backward,7,True,True,high,원자료 부재,confirmed,boundary_carry,False,True,True,,,postpartum_before_source_start,이슈,"승인된 원자료는 2023년부터 존재한다. 추세 역외삽 대신 지역별 최초 관측연도인 2023년 값을 2016–2022년에 유지하고, 장기 소급 대체임을 플래그와 분석 한계에 남긴다."
전북,postpartum_center_fee,2020,산후조리원 이용 요금,leading_missing,2023,3,backward,7,True,True,high,원자료 부재,confirmed,boundary_carry,False,True,True,,,postpartum_before_source_start,이슈,"승인된 원자료는 2023년부터 존재한다. 추세 역외삽 대신 지역별 최초 관측연도인 2023년 값을 2016–2022년에 유지하고, 장기 소급 대체임을 플래그와 분석 한계에 남긴다."
전북,postpartum_center_fee,2021,산후조리원 이용 요금,leading_missing,2023,2,backward,7,True,True,high,원자료 부재,confirmed,boundary_carry,False,True,True,,,postpartum_before_source_start,이슈,"승인된 원자료는 2023년부터 존재한다. 추세 역외삽 대신 지역별 최초 관측연도인 2023년 값을 2016–2022년에 유지하고, 장기 소급 대체임을 플래그와 분석 한계에 남긴다."
전북,postpartum_center_fee,2022,산후조리원 이용 요금,leading_missing,2023,1,backward,7,True,True,high,원자료 부재,confirmed,boundary_carry,False,True,True,,,postpartum_before_source_start,이슈,"승인된 원자료는 2023년부터 존재한다. 추세 역외삽 대신 지역별 최초 관측연도인 2023년 값을 2016–2022년에 유지하고, 장기 소급 대체임을 플래그와 분석 한계에 남긴다."
전북,postpartum_center_supply,2016,산후조리원 보급도,leading_missing,2023,7,backward,7,True,True,high,원자료 부재,confirmed,boundary_carry,False,True,True,,,postpartum_before_source_start,이슈,"승인된 원자료는 2023년부터 존재한다. 추세 역외삽 대신 지역별 최초 관측연도인 2023년 값을 2016–2022년에 유지하고, 장기 소급 대체임을 플래그와 분석 한계에 남긴다."
전북,postpartum_center_supply,2017,산후조리원 보급도,leading_missing,2023,6,backward,7,True,True,high,원자료 부재,confirmed,boundary_carry,False,True,True,,,postpartum_before_source_start,이슈,"승인된 원자료는 2023년부터 존재한다. 추세 역외삽 대신 지역별 최초 관측연도인 2023년 값을 2016–2022년에 유지하고, 장기 소급 대체임을 플래그와 분석 한계에 남긴다."
전북,postpartum_center_supply,2018,산후조리원 보급도,leading_missing,2023,5,backward,7,True,True,high,원자료 부재,confirmed,boundary_carry,False,True,True,,,postpartum_before_source_start,이슈,"승인된 원자료는 2023년부터 존재한다. 추세 역외삽 대신 지역별 최초 관측연도인 2023년 값을 2016–2022년에 유지하고, 장기 소급 대체임을 플래그와 분석 한계에 남긴다."
전북,postpartum_center_supply,2019,산후조리원 보급도,leading_missing,2023,4,backward,7,True,True,high,원자료 부재,confirmed,boundary_carry,False,True,True,,,postpartum_before_source_start,이슈,"승인된 원자료는 2023년부터 존재한다. 추세 역외삽 대신 지역별 최초 관측연도인 2023년 값을 2016–2022년에 유지하고, 장기 소급 대체임을 플래그와 분석 한계에 남긴다."
전북,postpartum_center_supply,2020,산후조리원 보급도,leading_missing,2023,3,backward,7,True,True,high,원자료 부재,confirmed,boundary_carry,False,True,True,,,postpartum_before_source_start,이슈,"승인된 원자료는 2023년부터 존재한다. 추세 역외삽 대신 지역별 최초 관측연도인 2023년 값을 2016–2022년에 유지하고, 장기 소급 대체임을 플래그와 분석 한계에 남긴다."
전북,postpartum_center_supply,2021,산후조리원 보급도,leading_missing,2023,2,backward,7,True,True,high,원자료 부재,confirmed,boundary_carry,False,True,True,,,postpartum_before_source_start,이슈,"승인된 원자료는 2023년부터 존재한다. 추세 역외삽 대신 지역별 최초 관측연도인 2023년 값을 2016–2022년에 유지하고, 장기 소급 대체임을 플래그와 분석 한계에 남긴다."
전북,postpartum_center_supply,2022,산후조리원 보급도,leading_missing,2023,1,backward,7,True,True,high,원자료 부재,confirmed,boundary_carry,False,True,True,,,postpartum_before_source_start,이슈,"승인된 원자료는 2023년부터 존재한다. 추세 역외삽 대신 지역별 최초 관측연도인 2023년 값을 2016–2022년에 유지하고, 장기 소급 대체임을 플래그와 분석 한계에 남긴다."
전북,social_safety_perception,2017,사회 안전에 대한 인식,intermediate_missing,,,,,False,False,not_applicable,조사 비실시 연도,confirmed,linear_interpolation,False,True,True,,,social_survey_interior_non_survey,configs/structural_indicators_verification.yaml:460,2016·2018·2020·2022·2024 관측값 사이의 비조사연도이다.
전북,social_safety_perception,2019,사회 안전에 대한 인식,intermediate_missing,,,,,False,False,not_applicable,조사 비실시 연도,confirmed,linear_interpolation,False,True,True,,,social_survey_interior_non_survey,configs/structural_indicators_verification.yaml:460,2016·2018·2020·2022·2024 관측값 사이의 비조사연도이다.
전북,social_safety_perception,2021,사회 안전에 대한 인식,intermediate_missing,,,,,False,False,not_applicable,조사 비실시 연도,confirmed,linear_interpolation,False,True,True,,,social_survey_interior_non_survey,configs/structural_indicators_verification.yaml:460,2016·2018·2020·2022·2024 관측값 사이의 비조사연도이다.
전북,social_safety_perception,2023,사회 안전에 대한 인식,intermediate_missing,,,,,False,False,not_applicable,조사 비실시 연도,confirmed,linear_interpolation,False,True,True,,,social_survey_interior_non_survey,configs/structural_indicators_verification.yaml:460,2016·2018·2020·2022·2024 관측값 사이의 비조사연도이다.
전북,socioeconomic_status_perception,2016,사회경제적 지위에 대한 인식,leading_missing,2020,4,backward,4,True,True,high,조사 비실시 연도,confirmed,boundary_carry,False,True,False,,,family_survey_boundary_non_survey,configs/structural_indicators_verification.yaml:790,2020·2023 관측 범위 밖의 비조사연도이며 본계열 boundary carry 후보이다.
전북,socioeconomic_status_perception,2017,사회경제적 지위에 대한 인식,leading_missing,2020,3,backward,4,True,True,high,조사 비실시 연도,confirmed,boundary_carry,False,True,False,,,family_survey_boundary_non_survey,configs/structural_indicators_verification.yaml:790,2020·2023 관측 범위 밖의 비조사연도이며 본계열 boundary carry 후보이다.
전북,socioeconomic_status_perception,2018,사회경제적 지위에 대한 인식,leading_missing,2020,2,backward,4,True,True,high,조사 비실시 연도,confirmed,boundary_carry,False,True,False,,,family_survey_boundary_non_survey,configs/structural_indicators_verification.yaml:790,2020·2023 관측 범위 밖의 비조사연도이며 본계열 boundary carry 후보이다.
전북,socioeconomic_status_perception,2019,사회경제적 지위에 대한 인식,leading_missing,2020,1,backward,4,True,True,high,조사 비실시 연도,confirmed,boundary_carry,False,True,False,,,family_survey_boundary_non_survey,configs/structural_indicators_verification.yaml:790,2020·2023 관측 범위 밖의 비조사연도이며 본계열 boundary carry 후보이다.
전북,socioeconomic_status_perception,2021,사회경제적 지위에 대한 인식,intermediate_missing,,,,,False,False,not_applicable,조사 비실시 연도,confirmed,linear_interpolation,False,True,False,,,family_survey_interior_non_survey,configs/structural_indicators_verification.yaml:790,2020년과 2023년 실제 관측값 사이의 비조사연도이다.
전북,socioeconomic_status_perception,2022,사회경제적 지위에 대한 인식,intermediate_missing,,,,,False,False,not_applicable,조사 비실시 연도,confirmed,linear_interpolation,False,True,False,,,family_survey_interior_non_survey,configs/structural_indicators_verification.yaml:790,2020년과 2023년 실제 관측값 사이의 비조사연도이다.
전북,socioeconomic_status_perception,2024,사회경제적 지위에 대한 인식,trailing_missing,2023,1,forward,1,False,True,medium,조사 비실시 연도,confirmed,boundary_carry,False,True,False,,,family_survey_boundary_non_survey,configs/structural_indicators_verification.yaml:790,2020·2023 관측 범위 밖의 비조사연도이며 본계열 boundary carry 후보이다.
제주,childbirth_perception,2016,출산에 대한 인식,leading_missing,2018,2,backward,2,True,True,high,조사 비실시 연도,confirmed,boundary_carry,False,True,True,,,childbirth_leading_non_survey,configs/structural_indicators_verification.yaml:576,지표의 첫 비교 가능 관측연도인 2018년 이전 구간이다.
제주,childbirth_perception,2017,출산에 대한 인식,leading_missing,2018,1,backward,2,True,True,high,조사 비실시 연도,confirmed,boundary_carry,False,True,True,,,childbirth_leading_non_survey,configs/structural_indicators_verification.yaml:576,지표의 첫 비교 가능 관측연도인 2018년 이전 구간이다.
제주,childbirth_perception,2019,출산에 대한 인식,intermediate_missing,,,,,False,False,not_applicable,조사 비실시 연도,confirmed,linear_interpolation,False,True,True,,,childbirth_interior_non_survey,configs/structural_indicators_verification.yaml:576,2018·2020·2022·2024 관측값 사이의 비조사연도이다.
제주,childbirth_perception,2021,출산에 대한 인식,intermediate_missing,,,,,False,False,not_applicable,조사 비실시 연도,confirmed,linear_interpolation,False,True,True,,,childbirth_interior_non_survey,configs/structural_indicators_verification.yaml:576,2018·2020·2022·2024 관측값 사이의 비조사연도이다.
제주,childbirth_perception,2023,출산에 대한 인식,intermediate_missing,,,,,False,False,not_applicable,조사 비실시 연도,confirmed,linear_interpolation,False,True,True,,,childbirth_interior_non_survey,configs/structural_indicators_verification.yaml:576,2018·2020·2022·2024 관측값 사이의 비조사연도이다.
제주,childcare_equal_participation,2016,돌봄노동 공동 참여도,leading_missing,2020,4,backward,4,True,True,high,조사 비실시 연도,confirmed,boundary_carry,False,True,False,,,family_survey_boundary_non_survey,configs/structural_indicators_verification.yaml:790,2020·2023 관측 범위 밖의 비조사연도이며 본계열 boundary carry 후보이다.
제주,childcare_equal_participation,2017,돌봄노동 공동 참여도,leading_missing,2020,3,backward,4,True,True,high,조사 비실시 연도,confirmed,boundary_carry,False,True,False,,,family_survey_boundary_non_survey,configs/structural_indicators_verification.yaml:790,2020·2023 관측 범위 밖의 비조사연도이며 본계열 boundary carry 후보이다.
제주,childcare_equal_participation,2018,돌봄노동 공동 참여도,leading_missing,2020,2,backward,4,True,True,high,조사 비실시 연도,confirmed,boundary_carry,False,True,False,,,family_survey_boundary_non_survey,configs/structural_indicators_verification.yaml:790,2020·2023 관측 범위 밖의 비조사연도이며 본계열 boundary carry 후보이다.
제주,childcare_equal_participation,2019,돌봄노동 공동 참여도,leading_missing,2020,1,backward,4,True,True,high,조사 비실시 연도,confirmed,boundary_carry,False,True,False,,,family_survey_boundary_non_survey,configs/structural_indicators_verification.yaml:790,2020·2023 관측 범위 밖의 비조사연도이며 본계열 boundary carry 후보이다.
제주,childcare_equal_participation,2021,돌봄노동 공동 참여도,intermediate_missing,,,,,False,False,not_applicable,조사 비실시 연도,confirmed,linear_interpolation,False,True,False,,,family_survey_interior_non_survey,configs/structural_indicators_verification.yaml:790,2020년과 2023년 실제 관측값 사이의 비조사연도이다.
제주,childcare_equal_participation,2022,돌봄노동 공동 참여도,intermediate_missing,,,,,False,False,not_applicable,조사 비실시 연도,confirmed,linear_interpolation,False,True,False,,,family_survey_interior_non_survey,configs/structural_indicators_verification.yaml:790,2020년과 2023년 실제 관측값 사이의 비조사연도이다.
제주,childcare_equal_participation,2024,돌봄노동 공동 참여도,trailing_missing,2023,1,forward,1,False,True,medium,조사 비실시 연도,confirmed,boundary_carry,False,True,False,,,family_survey_boundary_non_survey,configs/structural_indicators_verification.yaml:790,2020·2023 관측 범위 밖의 비조사연도이며 본계열 boundary carry 후보이다.
제주,delivery_bed_supply,2016,(대체)분만실 병상수 보급도,leading_missing,2018,2,backward,2,True,True,high,원자료 부재,confirmed,boundary_carry,False,True,True,,,delivery_bed_before_source_start,이슈,"원자료는 2018년 3분기부터 시작한다. 추세 역외삽 대신 지역별 최초 관측연도인 2018년 값을 2016·2017년에 유지하고, 장기 소급 대체임을 플래그와 분석 한계에 남긴다."
제주,delivery_bed_supply,2017,(대체)분만실 병상수 보급도,leading_missing,2018,1,backward,2,True,True,high,원자료 부재,confirmed,boundary_carry,False,True,True,,,delivery_bed_before_source_start,이슈,"원자료는 2018년 3분기부터 시작한다. 추세 역외삽 대신 지역별 최초 관측연도인 2018년 값을 2016·2017년에 유지하고, 장기 소급 대체임을 플래그와 분석 한계에 남긴다."
제주,household_chore_equal_participation,2016,가사노동 공동 참여도,leading_missing,2020,4,backward,4,True,True,high,조사 비실시 연도,confirmed,boundary_carry,False,True,False,,,family_survey_boundary_non_survey,configs/structural_indicators_verification.yaml:790,2020·2023 관측 범위 밖의 비조사연도이며 본계열 boundary carry 후보이다.
제주,household_chore_equal_participation,2017,가사노동 공동 참여도,leading_missing,2020,3,backward,4,True,True,high,조사 비실시 연도,confirmed,boundary_carry,False,True,False,,,family_survey_boundary_non_survey,configs/structural_indicators_verification.yaml:790,2020·2023 관측 범위 밖의 비조사연도이며 본계열 boundary carry 후보이다.
제주,household_chore_equal_participation,2018,가사노동 공동 참여도,leading_missing,2020,2,backward,4,True,True,high,조사 비실시 연도,confirmed,boundary_carry,False,True,False,,,family_survey_boundary_non_survey,configs/structural_indicators_verification.yaml:790,2020·2023 관측 범위 밖의 비조사연도이며 본계열 boundary carry 후보이다.
제주,household_chore_equal_participation,2019,가사노동 공동 참여도,leading_missing,2020,1,backward,4,True,True,high,조사 비실시 연도,confirmed,boundary_carry,False,True,False,,,family_survey_boundary_non_survey,configs/structural_indicators_verification.yaml:790,2020·2023 관측 범위 밖의 비조사연도이며 본계열 boundary carry 후보이다.
제주,household_chore_equal_participation,2021,가사노동 공동 참여도,intermediate_missing,,,,,False,False,not_applicable,조사 비실시 연도,confirmed,linear_interpolation,False,True,False,,,family_survey_interior_non_survey,configs/structural_indicators_verification.yaml:790,2020년과 2023년 실제 관측값 사이의 비조사연도이다.
제주,household_chore_equal_participation,2022,가사노동 공동 참여도,intermediate_missing,,,,,False,False,not_applicable,조사 비실시 연도,confirmed,linear_interpolation,False,True,False,,,family_survey_interior_non_survey,configs/structural_indicators_verification.yaml:790,2020년과 2023년 실제 관측값 사이의 비조사연도이다.
제주,household_chore_equal_participation,2024,가사노동 공동 참여도,trailing_missing,2023,1,forward,1,False,True,medium,조사 비실시 연도,confirmed,boundary_carry,False,True,False,,,family_survey_boundary_non_survey,configs/structural_indicators_verification.yaml:790,2020·2023 관측 범위 밖의 비조사연도이며 본계열 boundary carry 후보이다.
제주,housework_gender_equality,2017,가사분담에 대한 성평등 인식,intermediate_missing,,,,,False,False,not_applicable,조사 비실시 연도,confirmed,linear_interpolation,False,True,True,,,nonlinear_housework_direct_interpolation,reports/methodology/20260805_가사분담_성평등_인식_직접보간_안전성_검증.md,"원산식 `1-|평균응답값-3|/2`은 비선형(절댓값) 변환이지만, 18개 지역 × 5개 관측연도(2016·2018·2020·2022·2024) 전부에서 평균응답값이 3점(중간) 미만이라 그 구간에서는 순수 선형함수와 같다. 검증 스크립트 (`scripts/verify_housework_gender_equality_interpolation_safety.py`)로 확인했으며, 최종값을 직접 선형보간해도 구성요소를 먼저 보간한 뒤 변환한 것과 정확히 같다."
제주,housework_gender_equality,2019,가사분담에 대한 성평등 인식,intermediate_missing,,,,,False,False,not_applicable,조사 비실시 연도,confirmed,linear_interpolation,False,True,True,,,nonlinear_housework_direct_interpolation,reports/methodology/20260805_가사분담_성평등_인식_직접보간_안전성_검증.md,"원산식 `1-|평균응답값-3|/2`은 비선형(절댓값) 변환이지만, 18개 지역 × 5개 관측연도(2016·2018·2020·2022·2024) 전부에서 평균응답값이 3점(중간) 미만이라 그 구간에서는 순수 선형함수와 같다. 검증 스크립트 (`scripts/verify_housework_gender_equality_interpolation_safety.py`)로 확인했으며, 최종값을 직접 선형보간해도 구성요소를 먼저 보간한 뒤 변환한 것과 정확히 같다."
제주,housework_gender_equality,2021,가사분담에 대한 성평등 인식,intermediate_missing,,,,,False,False,not_applicable,조사 비실시 연도,confirmed,linear_interpolation,False,True,True,,,nonlinear_housework_direct_interpolation,reports/methodology/20260805_가사분담_성평등_인식_직접보간_안전성_검증.md,"원산식 `1-|평균응답값-3|/2`은 비선형(절댓값) 변환이지만, 18개 지역 × 5개 관측연도(2016·2018·2020·2022·2024) 전부에서 평균응답값이 3점(중간) 미만이라 그 구간에서는 순수 선형함수와 같다. 검증 스크립트 (`scripts/verify_housework_gender_equality_interpolation_safety.py`)로 확인했으며, 최종값을 직접 선형보간해도 구성요소를 먼저 보간한 뒤 변환한 것과 정확히 같다."
제주,housework_gender_equality,2023,가사분담에 대한 성평등 인식,intermediate_missing,,,,,False,False,not_applicable,조사 비실시 연도,confirmed,linear_interpolation,False,True,True,,,nonlinear_housework_direct_interpolation,reports/methodology/20260805_가사분담_성평등_인식_직접보간_안전성_검증.md,"원산식 `1-|평균응답값-3|/2`은 비선형(절댓값) 변환이지만, 18개 지역 × 5개 관측연도(2016·2018·2020·2022·2024) 전부에서 평균응답값이 3점(중간) 미만이라 그 구간에서는 순수 선형함수와 같다. 검증 스크립트 (`scripts/verify_housework_gender_equality_interpolation_safety.py`)로 확인했으며, 최종값을 직접 선형보간해도 구성요소를 먼저 보간한 뒤 변환한 것과 정확히 같다."
제주,income_satisfaction,2016,소득만족도,leading_missing,2017,1,backward,1,False,True,medium,조사 비실시 연도,confirmed,boundary_carry,False,True,True,auxiliary_boundary_interpolation,2015,income_leisure_leading_non_survey,configs/structural_indicators_verification.yaml:145,본계열은 boundary carry 후보이며 2015년 값은 별도 보조 시나리오에서만 사용한다.
제주,income_satisfaction,2018,소득만족도,intermediate_missing,,,,,False,False,not_applicable,조사 비실시 연도,confirmed,linear_interpolation,False,True,True,,,income_leisure_interior_non_survey,reports/20260725_구조환경지표_통합파일_결측치_검증_결과.md:57,실제 관측값 사이의 비조사연도로 본계열 선형보간 후보이다.
제주,income_satisfaction,2020,소득만족도,intermediate_missing,,,,,False,False,not_applicable,조사 비실시 연도,confirmed,linear_interpolation,False,True,True,,,income_leisure_interior_non_survey,reports/20260725_구조환경지표_통합파일_결측치_검증_결과.md:57,실제 관측값 사이의 비조사연도로 본계열 선형보간 후보이다.
제주,income_satisfaction,2022,소득만족도,intermediate_missing,,,,,False,False,not_applicable,조사 비실시 연도,confirmed,linear_interpolation,False,True,True,,,income_leisure_interior_non_survey,reports/20260725_구조환경지표_통합파일_결측치_검증_결과.md:57,실제 관측값 사이의 비조사연도로 본계열 선형보간 후보이다.
제주,income_satisfaction,2024,소득만족도,trailing_missing,2023,1,forward,1,False,True,medium,조사 비실시 연도,confirmed,boundary_carry,False,True,True,auxiliary_boundary_interpolation,2025,income_leisure_trailing_non_survey,configs/structural_indicators_verification.yaml:145,본계열은 boundary carry 후보이며 2025년 값은 별도 보조 시나리오에서만 사용한다.
제주,leisure_satisfaction,2016,여가생활 만족도,leading_missing,2017,1,backward,1,False,True,medium,조사 비실시 연도,confirmed,boundary_carry,False,True,True,auxiliary_boundary_interpolation,2015,income_leisure_leading_non_survey,configs/structural_indicators_verification.yaml:145,본계열은 boundary carry 후보이며 2015년 값은 별도 보조 시나리오에서만 사용한다.
제주,leisure_satisfaction,2018,여가생활 만족도,intermediate_missing,,,,,False,False,not_applicable,조사 비실시 연도,confirmed,linear_interpolation,False,True,True,,,income_leisure_interior_non_survey,reports/20260725_구조환경지표_통합파일_결측치_검증_결과.md:57,실제 관측값 사이의 비조사연도로 본계열 선형보간 후보이다.
제주,leisure_satisfaction,2020,여가생활 만족도,intermediate_missing,,,,,False,False,not_applicable,조사 비실시 연도,confirmed,linear_interpolation,False,True,True,,,income_leisure_interior_non_survey,reports/20260725_구조환경지표_통합파일_결측치_검증_결과.md:57,실제 관측값 사이의 비조사연도로 본계열 선형보간 후보이다.
제주,leisure_satisfaction,2022,여가생활 만족도,intermediate_missing,,,,,False,False,not_applicable,조사 비실시 연도,confirmed,linear_interpolation,False,True,True,,,income_leisure_interior_non_survey,reports/20260725_구조환경지표_통합파일_결측치_검증_결과.md:57,실제 관측값 사이의 비조사연도로 본계열 선형보간 후보이다.
제주,leisure_satisfaction,2024,여가생활 만족도,trailing_missing,2023,1,forward,1,False,True,medium,조사 비실시 연도,confirmed,boundary_carry,False,True,True,auxiliary_boundary_interpolation,2025,income_leisure_trailing_non_survey,configs/structural_indicators_verification.yaml:145,본계열은 boundary carry 후보이며 2025년 값은 별도 보조 시나리오에서만 사용한다.
제주,marriage_perception,2017,결혼에 대한 인식,intermediate_missing,,,,,False,False,not_applicable,조사 비실시 연도,confirmed,linear_interpolation,False,True,True,,,social_survey_interior_non_survey,configs/structural_indicators_verification.yaml:460,2016·2018·2020·2022·2024 관측값 사이의 비조사연도이다.
제주,marriage_perception,2019,결혼에 대한 인식,intermediate_missing,,,,,False,False,not_applicable,조사 비실시 연도,confirmed,linear_interpolation,False,True,True,,,social_survey_interior_non_survey,configs/structural_indicators_verification.yaml:460,2016·2018·2020·2022·2024 관측값 사이의 비조사연도이다.
제주,marriage_perception,2021,결혼에 대한 인식,intermediate_missing,,,,,False,False,not_applicable,조사 비실시 연도,confirmed,linear_interpolation,False,True,True,,,social_survey_interior_non_survey,configs/structural_indicators_verification.yaml:460,2016·2018·2020·2022·2024 관측값 사이의 비조사연도이다.
제주,marriage_perception,2023,결혼에 대한 인식,intermediate_missing,,,,,False,False,not_applicable,조사 비실시 연도,confirmed,linear_interpolation,False,True,True,,,social_survey_interior_non_survey,configs/structural_indicators_verification.yaml:460,2016·2018·2020·2022·2024 관측값 사이의 비조사연도이다.
제주,postpartum_center_fee,2016,산후조리원 이용 요금,leading_missing,2023,7,backward,7,True,True,high,원자료 부재,confirmed,boundary_carry,False,True,True,,,postpartum_before_source_start,이슈,"승인된 원자료는 2023년부터 존재한다. 추세 역외삽 대신 지역별 최초 관측연도인 2023년 값을 2016–2022년에 유지하고, 장기 소급 대체임을 플래그와 분석 한계에 남긴다."
제주,postpartum_center_fee,2017,산후조리원 이용 요금,leading_missing,2023,6,backward,7,True,True,high,원자료 부재,confirmed,boundary_carry,False,True,True,,,postpartum_before_source_start,이슈,"승인된 원자료는 2023년부터 존재한다. 추세 역외삽 대신 지역별 최초 관측연도인 2023년 값을 2016–2022년에 유지하고, 장기 소급 대체임을 플래그와 분석 한계에 남긴다."
제주,postpartum_center_fee,2018,산후조리원 이용 요금,leading_missing,2023,5,backward,7,True,True,high,원자료 부재,confirmed,boundary_carry,False,True,True,,,postpartum_before_source_start,이슈,"승인된 원자료는 2023년부터 존재한다. 추세 역외삽 대신 지역별 최초 관측연도인 2023년 값을 2016–2022년에 유지하고, 장기 소급 대체임을 플래그와 분석 한계에 남긴다."
제주,postpartum_center_fee,2019,산후조리원 이용 요금,leading_missing,2023,4,backward,7,True,True,high,원자료 부재,confirmed,boundary_carry,False,True,True,,,postpartum_before_source_start,이슈,"승인된 원자료는 2023년부터 존재한다. 추세 역외삽 대신 지역별 최초 관측연도인 2023년 값을 2016–2022년에 유지하고, 장기 소급 대체임을 플래그와 분석 한계에 남긴다."
제주,postpartum_center_fee,2020,산후조리원 이용 요금,leading_missing,2023,3,backward,7,True,True,high,원자료 부재,confirmed,boundary_carry,False,True,True,,,postpartum_before_source_start,이슈,"승인된 원자료는 2023년부터 존재한다. 추세 역외삽 대신 지역별 최초 관측연도인 2023년 값을 2016–2022년에 유지하고, 장기 소급 대체임을 플래그와 분석 한계에 남긴다."
제주,postpartum_center_fee,2021,산후조리원 이용 요금,leading_missing,2023,2,backward,7,True,True,high,원자료 부재,confirmed,boundary_carry,False,True,True,,,postpartum_before_source_start,이슈,"승인된 원자료는 2023년부터 존재한다. 추세 역외삽 대신 지역별 최초 관측연도인 2023년 값을 2016–2022년에 유지하고, 장기 소급 대체임을 플래그와 분석 한계에 남긴다."
제주,postpartum_center_fee,2022,산후조리원 이용 요금,leading_missing,2023,1,backward,7,True,True,high,원자료 부재,confirmed,boundary_carry,False,True,True,,,postpartum_before_source_start,이슈,"승인된 원자료는 2023년부터 존재한다. 추세 역외삽 대신 지역별 최초 관측연도인 2023년 값을 2016–2022년에 유지하고, 장기 소급 대체임을 플래그와 분석 한계에 남긴다."
제주,postpartum_center_supply,2016,산후조리원 보급도,leading_missing,2023,7,backward,7,True,True,high,원자료 부재,confirmed,boundary_carry,False,True,True,,,postpartum_before_source_start,이슈,"승인된 원자료는 2023년부터 존재한다. 추세 역외삽 대신 지역별 최초 관측연도인 2023년 값을 2016–2022년에 유지하고, 장기 소급 대체임을 플래그와 분석 한계에 남긴다."
제주,postpartum_center_supply,2017,산후조리원 보급도,leading_missing,2023,6,backward,7,True,True,high,원자료 부재,confirmed,boundary_carry,False,True,True,,,postpartum_before_source_start,이슈,"승인된 원자료는 2023년부터 존재한다. 추세 역외삽 대신 지역별 최초 관측연도인 2023년 값을 2016–2022년에 유지하고, 장기 소급 대체임을 플래그와 분석 한계에 남긴다."
제주,postpartum_center_supply,2018,산후조리원 보급도,leading_missing,2023,5,backward,7,True,True,high,원자료 부재,confirmed,boundary_carry,False,True,True,,,postpartum_before_source_start,이슈,"승인된 원자료는 2023년부터 존재한다. 추세 역외삽 대신 지역별 최초 관측연도인 2023년 값을 2016–2022년에 유지하고, 장기 소급 대체임을 플래그와 분석 한계에 남긴다."
제주,postpartum_center_supply,2019,산후조리원 보급도,leading_missing,2023,4,backward,7,True,True,high,원자료 부재,confirmed,boundary_carry,False,True,True,,,postpartum_before_source_start,이슈,"승인된 원자료는 2023년부터 존재한다. 추세 역외삽 대신 지역별 최초 관측연도인 2023년 값을 2016–2022년에 유지하고, 장기 소급 대체임을 플래그와 분석 한계에 남긴다."
제주,postpartum_center_supply,2020,산후조리원 보급도,leading_missing,2023,3,backward,7,True,True,high,원자료 부재,confirmed,boundary_carry,False,True,True,,,postpartum_before_source_start,이슈,"승인된 원자료는 2023년부터 존재한다. 추세 역외삽 대신 지역별 최초 관측연도인 2023년 값을 2016–2022년에 유지하고, 장기 소급 대체임을 플래그와 분석 한계에 남긴다."
제주,postpartum_center_supply,2021,산후조리원 보급도,leading_missing,2023,2,backward,7,True,True,high,원자료 부재,confirmed,boundary_carry,False,True,True,,,postpartum_before_source_start,이슈,"승인된 원자료는 2023년부터 존재한다. 추세 역외삽 대신 지역별 최초 관측연도인 2023년 값을 2016–2022년에 유지하고, 장기 소급 대체임을 플래그와 분석 한계에 남긴다."
제주,postpartum_center_supply,2022,산후조리원 보급도,leading_missing,2023,1,backward,7,True,True,high,원자료 부재,confirmed,boundary_carry,False,True,True,,,postpartum_before_source_start,이슈,"승인된 원자료는 2023년부터 존재한다. 추세 역외삽 대신 지역별 최초 관측연도인 2023년 값을 2016–2022년에 유지하고, 장기 소급 대체임을 플래그와 분석 한계에 남긴다."
제주,social_safety_perception,2017,사회 안전에 대한 인식,intermediate_missing,,,,,False,False,not_applicable,조사 비실시 연도,confirmed,linear_interpolation,False,True,True,,,social_survey_interior_non_survey,configs/structural_indicators_verification.yaml:460,2016·2018·2020·2022·2024 관측값 사이의 비조사연도이다.
제주,social_safety_perception,2019,사회 안전에 대한 인식,intermediate_missing,,,,,False,False,not_applicable,조사 비실시 연도,confirmed,linear_interpolation,False,True,True,,,social_survey_interior_non_survey,configs/structural_indicators_verification.yaml:460,2016·2018·2020·2022·2024 관측값 사이의 비조사연도이다.
제주,social_safety_perception,2021,사회 안전에 대한 인식,intermediate_missing,,,,,False,False,not_applicable,조사 비실시 연도,confirmed,linear_interpolation,False,True,True,,,social_survey_interior_non_survey,configs/structural_indicators_verification.yaml:460,2016·2018·2020·2022·2024 관측값 사이의 비조사연도이다.
제주,social_safety_perception,2023,사회 안전에 대한 인식,intermediate_missing,,,,,False,False,not_applicable,조사 비실시 연도,confirmed,linear_interpolation,False,True,True,,,social_survey_interior_non_survey,configs/structural_indicators_verification.yaml:460,2016·2018·2020·2022·2024 관측값 사이의 비조사연도이다.
제주,socioeconomic_status_perception,2016,사회경제적 지위에 대한 인식,leading_missing,2020,4,backward,4,True,True,high,조사 비실시 연도,confirmed,boundary_carry,False,True,False,,,family_survey_boundary_non_survey,configs/structural_indicators_verification.yaml:790,2020·2023 관측 범위 밖의 비조사연도이며 본계열 boundary carry 후보이다.
제주,socioeconomic_status_perception,2017,사회경제적 지위에 대한 인식,leading_missing,2020,3,backward,4,True,True,high,조사 비실시 연도,confirmed,boundary_carry,False,True,False,,,family_survey_boundary_non_survey,configs/structural_indicators_verification.yaml:790,2020·2023 관측 범위 밖의 비조사연도이며 본계열 boundary carry 후보이다.
제주,socioeconomic_status_perception,2018,사회경제적 지위에 대한 인식,leading_missing,2020,2,backward,4,True,True,high,조사 비실시 연도,confirmed,boundary_carry,False,True,False,,,family_survey_boundary_non_survey,configs/structural_indicators_verification.yaml:790,2020·2023 관측 범위 밖의 비조사연도이며 본계열 boundary carry 후보이다.
제주,socioeconomic_status_perception,2019,사회경제적 지위에 대한 인식,leading_missing,2020,1,backward,4,True,True,high,조사 비실시 연도,confirmed,boundary_carry,False,True,False,,,family_survey_boundary_non_survey,configs/structural_indicators_verification.yaml:790,2020·2023 관측 범위 밖의 비조사연도이며 본계열 boundary carry 후보이다.
제주,socioeconomic_status_perception,2021,사회경제적 지위에 대한 인식,intermediate_missing,,,,,False,False,not_applicable,조사 비실시 연도,confirmed,linear_interpolation,False,True,False,,,family_survey_interior_non_survey,configs/structural_indicators_verification.yaml:790,2020년과 2023년 실제 관측값 사이의 비조사연도이다.
제주,socioeconomic_status_perception,2022,사회경제적 지위에 대한 인식,intermediate_missing,,,,,False,False,not_applicable,조사 비실시 연도,confirmed,linear_interpolation,False,True,False,,,family_survey_interior_non_survey,configs/structural_indicators_verification.yaml:790,2020년과 2023년 실제 관측값 사이의 비조사연도이다.
제주,socioeconomic_status_perception,2024,사회경제적 지위에 대한 인식,trailing_missing,2023,1,forward,1,False,True,medium,조사 비실시 연도,confirmed,boundary_carry,False,True,False,,,family_survey_boundary_non_survey,configs/structural_indicators_verification.yaml:790,2020·2023 관측 범위 밖의 비조사연도이며 본계열 boundary carry 후보이다.
충남,childbirth_perception,2016,출산에 대한 인식,leading_missing,2018,2,backward,2,True,True,high,조사 비실시 연도,confirmed,boundary_carry,False,True,True,,,childbirth_leading_non_survey,configs/structural_indicators_verification.yaml:576,지표의 첫 비교 가능 관측연도인 2018년 이전 구간이다.
충남,childbirth_perception,2017,출산에 대한 인식,leading_missing,2018,1,backward,2,True,True,high,조사 비실시 연도,confirmed,boundary_carry,False,True,True,,,childbirth_leading_non_survey,configs/structural_indicators_verification.yaml:576,지표의 첫 비교 가능 관측연도인 2018년 이전 구간이다.
충남,childbirth_perception,2019,출산에 대한 인식,intermediate_missing,,,,,False,False,not_applicable,조사 비실시 연도,confirmed,linear_interpolation,False,True,True,,,childbirth_interior_non_survey,configs/structural_indicators_verification.yaml:576,2018·2020·2022·2024 관측값 사이의 비조사연도이다.
충남,childbirth_perception,2021,출산에 대한 인식,intermediate_missing,,,,,False,False,not_applicable,조사 비실시 연도,confirmed,linear_interpolation,False,True,True,,,childbirth_interior_non_survey,configs/structural_indicators_verification.yaml:576,2018·2020·2022·2024 관측값 사이의 비조사연도이다.
충남,childbirth_perception,2023,출산에 대한 인식,intermediate_missing,,,,,False,False,not_applicable,조사 비실시 연도,confirmed,linear_interpolation,False,True,True,,,childbirth_interior_non_survey,configs/structural_indicators_verification.yaml:576,2018·2020·2022·2024 관측값 사이의 비조사연도이다.
충남,childcare_equal_participation,2016,돌봄노동 공동 참여도,leading_missing,2020,4,backward,4,True,True,high,조사 비실시 연도,confirmed,boundary_carry,False,True,False,,,family_survey_boundary_non_survey,configs/structural_indicators_verification.yaml:790,2020·2023 관측 범위 밖의 비조사연도이며 본계열 boundary carry 후보이다.
충남,childcare_equal_participation,2017,돌봄노동 공동 참여도,leading_missing,2020,3,backward,4,True,True,high,조사 비실시 연도,confirmed,boundary_carry,False,True,False,,,family_survey_boundary_non_survey,configs/structural_indicators_verification.yaml:790,2020·2023 관측 범위 밖의 비조사연도이며 본계열 boundary carry 후보이다.
충남,childcare_equal_participation,2018,돌봄노동 공동 참여도,leading_missing,2020,2,backward,4,True,True,high,조사 비실시 연도,confirmed,boundary_carry,False,True,False,,,family_survey_boundary_non_survey,configs/structural_indicators_verification.yaml:790,2020·2023 관측 범위 밖의 비조사연도이며 본계열 boundary carry 후보이다.
충남,childcare_equal_participation,2019,돌봄노동 공동 참여도,leading_missing,2020,1,backward,4,True,True,high,조사 비실시 연도,confirmed,boundary_carry,False,True,False,,,family_survey_boundary_non_survey,configs/structural_indicators_verification.yaml:790,2020·2023 관측 범위 밖의 비조사연도이며 본계열 boundary carry 후보이다.
충남,childcare_equal_participation,2021,돌봄노동 공동 참여도,intermediate_missing,,,,,False,False,not_applicable,조사 비실시 연도,confirmed,linear_interpolation,False,True,False,,,family_survey_interior_non_survey,configs/structural_indicators_verification.yaml:790,2020년과 2023년 실제 관측값 사이의 비조사연도이다.
충남,childcare_equal_participation,2022,돌봄노동 공동 참여도,intermediate_missing,,,,,False,False,not_applicable,조사 비실시 연도,confirmed,linear_interpolation,False,True,False,,,family_survey_interior_non_survey,configs/structural_indicators_verification.yaml:790,2020년과 2023년 실제 관측값 사이의 비조사연도이다.
충남,childcare_equal_participation,2024,돌봄노동 공동 참여도,trailing_missing,2023,1,forward,1,False,True,medium,조사 비실시 연도,confirmed,boundary_carry,False,True,False,,,family_survey_boundary_non_survey,configs/structural_indicators_verification.yaml:790,2020·2023 관측 범위 밖의 비조사연도이며 본계열 boundary carry 후보이다.
충남,delivery_bed_supply,2016,(대체)분만실 병상수 보급도,leading_missing,2018,2,backward,2,True,True,high,원자료 부재,confirmed,boundary_carry,False,True,True,,,delivery_bed_before_source_start,이슈,"원자료는 2018년 3분기부터 시작한다. 추세 역외삽 대신 지역별 최초 관측연도인 2018년 값을 2016·2017년에 유지하고, 장기 소급 대체임을 플래그와 분석 한계에 남긴다."
충남,delivery_bed_supply,2017,(대체)분만실 병상수 보급도,leading_missing,2018,1,backward,2,True,True,high,원자료 부재,confirmed,boundary_carry,False,True,True,,,delivery_bed_before_source_start,이슈,"원자료는 2018년 3분기부터 시작한다. 추세 역외삽 대신 지역별 최초 관측연도인 2018년 값을 2016·2017년에 유지하고, 장기 소급 대체임을 플래그와 분석 한계에 남긴다."
충남,household_chore_equal_participation,2016,가사노동 공동 참여도,leading_missing,2020,4,backward,4,True,True,high,조사 비실시 연도,confirmed,boundary_carry,False,True,False,,,family_survey_boundary_non_survey,configs/structural_indicators_verification.yaml:790,2020·2023 관측 범위 밖의 비조사연도이며 본계열 boundary carry 후보이다.
충남,household_chore_equal_participation,2017,가사노동 공동 참여도,leading_missing,2020,3,backward,4,True,True,high,조사 비실시 연도,confirmed,boundary_carry,False,True,False,,,family_survey_boundary_non_survey,configs/structural_indicators_verification.yaml:790,2020·2023 관측 범위 밖의 비조사연도이며 본계열 boundary carry 후보이다.
충남,household_chore_equal_participation,2018,가사노동 공동 참여도,leading_missing,2020,2,backward,4,True,True,high,조사 비실시 연도,confirmed,boundary_carry,False,True,False,,,family_survey_boundary_non_survey,configs/structural_indicators_verification.yaml:790,2020·2023 관측 범위 밖의 비조사연도이며 본계열 boundary carry 후보이다.
충남,household_chore_equal_participation,2019,가사노동 공동 참여도,leading_missing,2020,1,backward,4,True,True,high,조사 비실시 연도,confirmed,boundary_carry,False,True,False,,,family_survey_boundary_non_survey,configs/structural_indicators_verification.yaml:790,2020·2023 관측 범위 밖의 비조사연도이며 본계열 boundary carry 후보이다.
충남,household_chore_equal_participation,2021,가사노동 공동 참여도,intermediate_missing,,,,,False,False,not_applicable,조사 비실시 연도,confirmed,linear_interpolation,False,True,False,,,family_survey_interior_non_survey,configs/structural_indicators_verification.yaml:790,2020년과 2023년 실제 관측값 사이의 비조사연도이다.
충남,household_chore_equal_participation,2022,가사노동 공동 참여도,intermediate_missing,,,,,False,False,not_applicable,조사 비실시 연도,confirmed,linear_interpolation,False,True,False,,,family_survey_interior_non_survey,configs/structural_indicators_verification.yaml:790,2020년과 2023년 실제 관측값 사이의 비조사연도이다.
충남,household_chore_equal_participation,2024,가사노동 공동 참여도,trailing_missing,2023,1,forward,1,False,True,medium,조사 비실시 연도,confirmed,boundary_carry,False,True,False,,,family_survey_boundary_non_survey,configs/structural_indicators_verification.yaml:790,2020·2023 관측 범위 밖의 비조사연도이며 본계열 boundary carry 후보이다.
충남,housework_gender_equality,2017,가사분담에 대한 성평등 인식,intermediate_missing,,,,,False,False,not_applicable,조사 비실시 연도,confirmed,linear_interpolation,False,True,True,,,nonlinear_housework_direct_interpolation,reports/methodology/20260805_가사분담_성평등_인식_직접보간_안전성_검증.md,"원산식 `1-|평균응답값-3|/2`은 비선형(절댓값) 변환이지만, 18개 지역 × 5개 관측연도(2016·2018·2020·2022·2024) 전부에서 평균응답값이 3점(중간) 미만이라 그 구간에서는 순수 선형함수와 같다. 검증 스크립트 (`scripts/verify_housework_gender_equality_interpolation_safety.py`)로 확인했으며, 최종값을 직접 선형보간해도 구성요소를 먼저 보간한 뒤 변환한 것과 정확히 같다."
충남,housework_gender_equality,2019,가사분담에 대한 성평등 인식,intermediate_missing,,,,,False,False,not_applicable,조사 비실시 연도,confirmed,linear_interpolation,False,True,True,,,nonlinear_housework_direct_interpolation,reports/methodology/20260805_가사분담_성평등_인식_직접보간_안전성_검증.md,"원산식 `1-|평균응답값-3|/2`은 비선형(절댓값) 변환이지만, 18개 지역 × 5개 관측연도(2016·2018·2020·2022·2024) 전부에서 평균응답값이 3점(중간) 미만이라 그 구간에서는 순수 선형함수와 같다. 검증 스크립트 (`scripts/verify_housework_gender_equality_interpolation_safety.py`)로 확인했으며, 최종값을 직접 선형보간해도 구성요소를 먼저 보간한 뒤 변환한 것과 정확히 같다."
충남,housework_gender_equality,2021,가사분담에 대한 성평등 인식,intermediate_missing,,,,,False,False,not_applicable,조사 비실시 연도,confirmed,linear_interpolation,False,True,True,,,nonlinear_housework_direct_interpolation,reports/methodology/20260805_가사분담_성평등_인식_직접보간_안전성_검증.md,"원산식 `1-|평균응답값-3|/2`은 비선형(절댓값) 변환이지만, 18개 지역 × 5개 관측연도(2016·2018·2020·2022·2024) 전부에서 평균응답값이 3점(중간) 미만이라 그 구간에서는 순수 선형함수와 같다. 검증 스크립트 (`scripts/verify_housework_gender_equality_interpolation_safety.py`)로 확인했으며, 최종값을 직접 선형보간해도 구성요소를 먼저 보간한 뒤 변환한 것과 정확히 같다."
충남,housework_gender_equality,2023,가사분담에 대한 성평등 인식,intermediate_missing,,,,,False,False,not_applicable,조사 비실시 연도,confirmed,linear_interpolation,False,True,True,,,nonlinear_housework_direct_interpolation,reports/methodology/20260805_가사분담_성평등_인식_직접보간_안전성_검증.md,"원산식 `1-|평균응답값-3|/2`은 비선형(절댓값) 변환이지만, 18개 지역 × 5개 관측연도(2016·2018·2020·2022·2024) 전부에서 평균응답값이 3점(중간) 미만이라 그 구간에서는 순수 선형함수와 같다. 검증 스크립트 (`scripts/verify_housework_gender_equality_interpolation_safety.py`)로 확인했으며, 최종값을 직접 선형보간해도 구성요소를 먼저 보간한 뒤 변환한 것과 정확히 같다."
충남,income_satisfaction,2016,소득만족도,leading_missing,2017,1,backward,1,False,True,medium,조사 비실시 연도,confirmed,boundary_carry,False,True,True,auxiliary_boundary_interpolation,2015,income_leisure_leading_non_survey,configs/structural_indicators_verification.yaml:145,본계열은 boundary carry 후보이며 2015년 값은 별도 보조 시나리오에서만 사용한다.
충남,income_satisfaction,2018,소득만족도,intermediate_missing,,,,,False,False,not_applicable,조사 비실시 연도,confirmed,linear_interpolation,False,True,True,,,income_leisure_interior_non_survey,reports/20260725_구조환경지표_통합파일_결측치_검증_결과.md:57,실제 관측값 사이의 비조사연도로 본계열 선형보간 후보이다.
충남,income_satisfaction,2020,소득만족도,intermediate_missing,,,,,False,False,not_applicable,조사 비실시 연도,confirmed,linear_interpolation,False,True,True,,,income_leisure_interior_non_survey,reports/20260725_구조환경지표_통합파일_결측치_검증_결과.md:57,실제 관측값 사이의 비조사연도로 본계열 선형보간 후보이다.
충남,income_satisfaction,2022,소득만족도,intermediate_missing,,,,,False,False,not_applicable,조사 비실시 연도,confirmed,linear_interpolation,False,True,True,,,income_leisure_interior_non_survey,reports/20260725_구조환경지표_통합파일_결측치_검증_결과.md:57,실제 관측값 사이의 비조사연도로 본계열 선형보간 후보이다.
충남,income_satisfaction,2024,소득만족도,trailing_missing,2023,1,forward,1,False,True,medium,조사 비실시 연도,confirmed,boundary_carry,False,True,True,auxiliary_boundary_interpolation,2025,income_leisure_trailing_non_survey,configs/structural_indicators_verification.yaml:145,본계열은 boundary carry 후보이며 2025년 값은 별도 보조 시나리오에서만 사용한다.
충남,leisure_satisfaction,2016,여가생활 만족도,leading_missing,2017,1,backward,1,False,True,medium,조사 비실시 연도,confirmed,boundary_carry,False,True,True,auxiliary_boundary_interpolation,2015,income_leisure_leading_non_survey,configs/structural_indicators_verification.yaml:145,본계열은 boundary carry 후보이며 2015년 값은 별도 보조 시나리오에서만 사용한다.
충남,leisure_satisfaction,2018,여가생활 만족도,intermediate_missing,,,,,False,False,not_applicable,조사 비실시 연도,confirmed,linear_interpolation,False,True,True,,,income_leisure_interior_non_survey,reports/20260725_구조환경지표_통합파일_결측치_검증_결과.md:57,실제 관측값 사이의 비조사연도로 본계열 선형보간 후보이다.
충남,leisure_satisfaction,2020,여가생활 만족도,intermediate_missing,,,,,False,False,not_applicable,조사 비실시 연도,confirmed,linear_interpolation,False,True,True,,,income_leisure_interior_non_survey,reports/20260725_구조환경지표_통합파일_결측치_검증_결과.md:57,실제 관측값 사이의 비조사연도로 본계열 선형보간 후보이다.
충남,leisure_satisfaction,2022,여가생활 만족도,intermediate_missing,,,,,False,False,not_applicable,조사 비실시 연도,confirmed,linear_interpolation,False,True,True,,,income_leisure_interior_non_survey,reports/20260725_구조환경지표_통합파일_결측치_검증_결과.md:57,실제 관측값 사이의 비조사연도로 본계열 선형보간 후보이다.
충남,leisure_satisfaction,2024,여가생활 만족도,trailing_missing,2023,1,forward,1,False,True,medium,조사 비실시 연도,confirmed,boundary_carry,False,True,True,auxiliary_boundary_interpolation,2025,income_leisure_trailing_non_survey,configs/structural_indicators_verification.yaml:145,본계열은 boundary carry 후보이며 2025년 값은 별도 보조 시나리오에서만 사용한다.
충남,marriage_perception,2017,결혼에 대한 인식,intermediate_missing,,,,,False,False,not_applicable,조사 비실시 연도,confirmed,linear_interpolation,False,True,True,,,social_survey_interior_non_survey,configs/structural_indicators_verification.yaml:460,2016·2018·2020·2022·2024 관측값 사이의 비조사연도이다.
충남,marriage_perception,2019,결혼에 대한 인식,intermediate_missing,,,,,False,False,not_applicable,조사 비실시 연도,confirmed,linear_interpolation,False,True,True,,,social_survey_interior_non_survey,configs/structural_indicators_verification.yaml:460,2016·2018·2020·2022·2024 관측값 사이의 비조사연도이다.
충남,marriage_perception,2021,결혼에 대한 인식,intermediate_missing,,,,,False,False,not_applicable,조사 비실시 연도,confirmed,linear_interpolation,False,True,True,,,social_survey_interior_non_survey,configs/structural_indicators_verification.yaml:460,2016·2018·2020·2022·2024 관측값 사이의 비조사연도이다.
충남,marriage_perception,2023,결혼에 대한 인식,intermediate_missing,,,,,False,False,not_applicable,조사 비실시 연도,confirmed,linear_interpolation,False,True,True,,,social_survey_interior_non_survey,configs/structural_indicators_verification.yaml:460,2016·2018·2020·2022·2024 관측값 사이의 비조사연도이다.
충남,postpartum_center_fee,2016,산후조리원 이용 요금,leading_missing,2023,7,backward,7,True,True,high,원자료 부재,confirmed,boundary_carry,False,True,True,,,postpartum_before_source_start,이슈,"승인된 원자료는 2023년부터 존재한다. 추세 역외삽 대신 지역별 최초 관측연도인 2023년 값을 2016–2022년에 유지하고, 장기 소급 대체임을 플래그와 분석 한계에 남긴다."
충남,postpartum_center_fee,2017,산후조리원 이용 요금,leading_missing,2023,6,backward,7,True,True,high,원자료 부재,confirmed,boundary_carry,False,True,True,,,postpartum_before_source_start,이슈,"승인된 원자료는 2023년부터 존재한다. 추세 역외삽 대신 지역별 최초 관측연도인 2023년 값을 2016–2022년에 유지하고, 장기 소급 대체임을 플래그와 분석 한계에 남긴다."
충남,postpartum_center_fee,2018,산후조리원 이용 요금,leading_missing,2023,5,backward,7,True,True,high,원자료 부재,confirmed,boundary_carry,False,True,True,,,postpartum_before_source_start,이슈,"승인된 원자료는 2023년부터 존재한다. 추세 역외삽 대신 지역별 최초 관측연도인 2023년 값을 2016–2022년에 유지하고, 장기 소급 대체임을 플래그와 분석 한계에 남긴다."
충남,postpartum_center_fee,2019,산후조리원 이용 요금,leading_missing,2023,4,backward,7,True,True,high,원자료 부재,confirmed,boundary_carry,False,True,True,,,postpartum_before_source_start,이슈,"승인된 원자료는 2023년부터 존재한다. 추세 역외삽 대신 지역별 최초 관측연도인 2023년 값을 2016–2022년에 유지하고, 장기 소급 대체임을 플래그와 분석 한계에 남긴다."
충남,postpartum_center_fee,2020,산후조리원 이용 요금,leading_missing,2023,3,backward,7,True,True,high,원자료 부재,confirmed,boundary_carry,False,True,True,,,postpartum_before_source_start,이슈,"승인된 원자료는 2023년부터 존재한다. 추세 역외삽 대신 지역별 최초 관측연도인 2023년 값을 2016–2022년에 유지하고, 장기 소급 대체임을 플래그와 분석 한계에 남긴다."
충남,postpartum_center_fee,2021,산후조리원 이용 요금,leading_missing,2023,2,backward,7,True,True,high,원자료 부재,confirmed,boundary_carry,False,True,True,,,postpartum_before_source_start,이슈,"승인된 원자료는 2023년부터 존재한다. 추세 역외삽 대신 지역별 최초 관측연도인 2023년 값을 2016–2022년에 유지하고, 장기 소급 대체임을 플래그와 분석 한계에 남긴다."
충남,postpartum_center_fee,2022,산후조리원 이용 요금,leading_missing,2023,1,backward,7,True,True,high,원자료 부재,confirmed,boundary_carry,False,True,True,,,postpartum_before_source_start,이슈,"승인된 원자료는 2023년부터 존재한다. 추세 역외삽 대신 지역별 최초 관측연도인 2023년 값을 2016–2022년에 유지하고, 장기 소급 대체임을 플래그와 분석 한계에 남긴다."
충남,postpartum_center_supply,2016,산후조리원 보급도,leading_missing,2023,7,backward,7,True,True,high,원자료 부재,confirmed,boundary_carry,False,True,True,,,postpartum_before_source_start,이슈,"승인된 원자료는 2023년부터 존재한다. 추세 역외삽 대신 지역별 최초 관측연도인 2023년 값을 2016–2022년에 유지하고, 장기 소급 대체임을 플래그와 분석 한계에 남긴다."
충남,postpartum_center_supply,2017,산후조리원 보급도,leading_missing,2023,6,backward,7,True,True,high,원자료 부재,confirmed,boundary_carry,False,True,True,,,postpartum_before_source_start,이슈,"승인된 원자료는 2023년부터 존재한다. 추세 역외삽 대신 지역별 최초 관측연도인 2023년 값을 2016–2022년에 유지하고, 장기 소급 대체임을 플래그와 분석 한계에 남긴다."
충남,postpartum_center_supply,2018,산후조리원 보급도,leading_missing,2023,5,backward,7,True,True,high,원자료 부재,confirmed,boundary_carry,False,True,True,,,postpartum_before_source_start,이슈,"승인된 원자료는 2023년부터 존재한다. 추세 역외삽 대신 지역별 최초 관측연도인 2023년 값을 2016–2022년에 유지하고, 장기 소급 대체임을 플래그와 분석 한계에 남긴다."
충남,postpartum_center_supply,2019,산후조리원 보급도,leading_missing,2023,4,backward,7,True,True,high,원자료 부재,confirmed,boundary_carry,False,True,True,,,postpartum_before_source_start,이슈,"승인된 원자료는 2023년부터 존재한다. 추세 역외삽 대신 지역별 최초 관측연도인 2023년 값을 2016–2022년에 유지하고, 장기 소급 대체임을 플래그와 분석 한계에 남긴다."
충남,postpartum_center_supply,2020,산후조리원 보급도,leading_missing,2023,3,backward,7,True,True,high,원자료 부재,confirmed,boundary_carry,False,True,True,,,postpartum_before_source_start,이슈,"승인된 원자료는 2023년부터 존재한다. 추세 역외삽 대신 지역별 최초 관측연도인 2023년 값을 2016–2022년에 유지하고, 장기 소급 대체임을 플래그와 분석 한계에 남긴다."
충남,postpartum_center_supply,2021,산후조리원 보급도,leading_missing,2023,2,backward,7,True,True,high,원자료 부재,confirmed,boundary_carry,False,True,True,,,postpartum_before_source_start,이슈,"승인된 원자료는 2023년부터 존재한다. 추세 역외삽 대신 지역별 최초 관측연도인 2023년 값을 2016–2022년에 유지하고, 장기 소급 대체임을 플래그와 분석 한계에 남긴다."
충남,postpartum_center_supply,2022,산후조리원 보급도,leading_missing,2023,1,backward,7,True,True,high,원자료 부재,confirmed,boundary_carry,False,True,True,,,postpartum_before_source_start,이슈,"승인된 원자료는 2023년부터 존재한다. 추세 역외삽 대신 지역별 최초 관측연도인 2023년 값을 2016–2022년에 유지하고, 장기 소급 대체임을 플래그와 분석 한계에 남긴다."
충남,social_safety_perception,2017,사회 안전에 대한 인식,intermediate_missing,,,,,False,False,not_applicable,조사 비실시 연도,confirmed,linear_interpolation,False,True,True,,,social_survey_interior_non_survey,configs/structural_indicators_verification.yaml:460,2016·2018·2020·2022·2024 관측값 사이의 비조사연도이다.
충남,social_safety_perception,2019,사회 안전에 대한 인식,intermediate_missing,,,,,False,False,not_applicable,조사 비실시 연도,confirmed,linear_interpolation,False,True,True,,,social_survey_interior_non_survey,configs/structural_indicators_verification.yaml:460,2016·2018·2020·2022·2024 관측값 사이의 비조사연도이다.
충남,social_safety_perception,2021,사회 안전에 대한 인식,intermediate_missing,,,,,False,False,not_applicable,조사 비실시 연도,confirmed,linear_interpolation,False,True,True,,,social_survey_interior_non_survey,configs/structural_indicators_verification.yaml:460,2016·2018·2020·2022·2024 관측값 사이의 비조사연도이다.
충남,social_safety_perception,2023,사회 안전에 대한 인식,intermediate_missing,,,,,False,False,not_applicable,조사 비실시 연도,confirmed,linear_interpolation,False,True,True,,,social_survey_interior_non_survey,configs/structural_indicators_verification.yaml:460,2016·2018·2020·2022·2024 관측값 사이의 비조사연도이다.
충남,socioeconomic_status_perception,2016,사회경제적 지위에 대한 인식,leading_missing,2020,4,backward,4,True,True,high,조사 비실시 연도,confirmed,boundary_carry,False,True,False,,,family_survey_boundary_non_survey,configs/structural_indicators_verification.yaml:790,2020·2023 관측 범위 밖의 비조사연도이며 본계열 boundary carry 후보이다.
충남,socioeconomic_status_perception,2017,사회경제적 지위에 대한 인식,leading_missing,2020,3,backward,4,True,True,high,조사 비실시 연도,confirmed,boundary_carry,False,True,False,,,family_survey_boundary_non_survey,configs/structural_indicators_verification.yaml:790,2020·2023 관측 범위 밖의 비조사연도이며 본계열 boundary carry 후보이다.
충남,socioeconomic_status_perception,2018,사회경제적 지위에 대한 인식,leading_missing,2020,2,backward,4,True,True,high,조사 비실시 연도,confirmed,boundary_carry,False,True,False,,,family_survey_boundary_non_survey,configs/structural_indicators_verification.yaml:790,2020·2023 관측 범위 밖의 비조사연도이며 본계열 boundary carry 후보이다.
충남,socioeconomic_status_perception,2019,사회경제적 지위에 대한 인식,leading_missing,2020,1,backward,4,True,True,high,조사 비실시 연도,confirmed,boundary_carry,False,True,False,,,family_survey_boundary_non_survey,configs/structural_indicators_verification.yaml:790,2020·2023 관측 범위 밖의 비조사연도이며 본계열 boundary carry 후보이다.
충남,socioeconomic_status_perception,2021,사회경제적 지위에 대한 인식,intermediate_missing,,,,,False,False,not_applicable,조사 비실시 연도,confirmed,linear_interpolation,False,True,False,,,family_survey_interior_non_survey,configs/structural_indicators_verification.yaml:790,2020년과 2023년 실제 관측값 사이의 비조사연도이다.
충남,socioeconomic_status_perception,2022,사회경제적 지위에 대한 인식,intermediate_missing,,,,,False,False,not_applicable,조사 비실시 연도,confirmed,linear_interpolation,False,True,False,,,family_survey_interior_non_survey,configs/structural_indicators_verification.yaml:790,2020년과 2023년 실제 관측값 사이의 비조사연도이다.
충남,socioeconomic_status_perception,2024,사회경제적 지위에 대한 인식,trailing_missing,2023,1,forward,1,False,True,medium,조사 비실시 연도,confirmed,boundary_carry,False,True,False,,,family_survey_boundary_non_survey,configs/structural_indicators_verification.yaml:790,2020·2023 관측 범위 밖의 비조사연도이며 본계열 boundary carry 후보이다.
충남,youth_employment_rate,2016,청년고용률,leading_missing,2017,1,backward,1,False,True,medium,원자료 부재,confirmed,boundary_carry,False,True,True,,,youth_employment_2016_source_absent,reports/20260724_구조환경지표_21개_검증_진행상황.md:62,원자료의 결측 토큰은 확인됐지만 신설 지자체가 원인이라는 설명은 추정이다.
충북,childbirth_perception,2016,출산에 대한 인식,leading_missing,2018,2,backward,2,True,True,high,조사 비실시 연도,confirmed,boundary_carry,False,True,True,,,childbirth_leading_non_survey,configs/structural_indicators_verification.yaml:576,지표의 첫 비교 가능 관측연도인 2018년 이전 구간이다.
충북,childbirth_perception,2017,출산에 대한 인식,leading_missing,2018,1,backward,2,True,True,high,조사 비실시 연도,confirmed,boundary_carry,False,True,True,,,childbirth_leading_non_survey,configs/structural_indicators_verification.yaml:576,지표의 첫 비교 가능 관측연도인 2018년 이전 구간이다.
충북,childbirth_perception,2019,출산에 대한 인식,intermediate_missing,,,,,False,False,not_applicable,조사 비실시 연도,confirmed,linear_interpolation,False,True,True,,,childbirth_interior_non_survey,configs/structural_indicators_verification.yaml:576,2018·2020·2022·2024 관측값 사이의 비조사연도이다.
충북,childbirth_perception,2021,출산에 대한 인식,intermediate_missing,,,,,False,False,not_applicable,조사 비실시 연도,confirmed,linear_interpolation,False,True,True,,,childbirth_interior_non_survey,configs/structural_indicators_verification.yaml:576,2018·2020·2022·2024 관측값 사이의 비조사연도이다.
충북,childbirth_perception,2023,출산에 대한 인식,intermediate_missing,,,,,False,False,not_applicable,조사 비실시 연도,confirmed,linear_interpolation,False,True,True,,,childbirth_interior_non_survey,configs/structural_indicators_verification.yaml:576,2018·2020·2022·2024 관측값 사이의 비조사연도이다.
충북,childcare_equal_participation,2016,돌봄노동 공동 참여도,leading_missing,2020,4,backward,4,True,True,high,조사 비실시 연도,confirmed,boundary_carry,False,True,False,,,family_survey_boundary_non_survey,configs/structural_indicators_verification.yaml:790,2020·2023 관측 범위 밖의 비조사연도이며 본계열 boundary carry 후보이다.
충북,childcare_equal_participation,2017,돌봄노동 공동 참여도,leading_missing,2020,3,backward,4,True,True,high,조사 비실시 연도,confirmed,boundary_carry,False,True,False,,,family_survey_boundary_non_survey,configs/structural_indicators_verification.yaml:790,2020·2023 관측 범위 밖의 비조사연도이며 본계열 boundary carry 후보이다.
충북,childcare_equal_participation,2018,돌봄노동 공동 참여도,leading_missing,2020,2,backward,4,True,True,high,조사 비실시 연도,confirmed,boundary_carry,False,True,False,,,family_survey_boundary_non_survey,configs/structural_indicators_verification.yaml:790,2020·2023 관측 범위 밖의 비조사연도이며 본계열 boundary carry 후보이다.
충북,childcare_equal_participation,2019,돌봄노동 공동 참여도,leading_missing,2020,1,backward,4,True,True,high,조사 비실시 연도,confirmed,boundary_carry,False,True,False,,,family_survey_boundary_non_survey,configs/structural_indicators_verification.yaml:790,2020·2023 관측 범위 밖의 비조사연도이며 본계열 boundary carry 후보이다.
충북,childcare_equal_participation,2021,돌봄노동 공동 참여도,intermediate_missing,,,,,False,False,not_applicable,조사 비실시 연도,confirmed,linear_interpolation,False,True,False,,,family_survey_interior_non_survey,configs/structural_indicators_verification.yaml:790,2020년과 2023년 실제 관측값 사이의 비조사연도이다.
충북,childcare_equal_participation,2022,돌봄노동 공동 참여도,intermediate_missing,,,,,False,False,not_applicable,조사 비실시 연도,confirmed,linear_interpolation,False,True,False,,,family_survey_interior_non_survey,configs/structural_indicators_verification.yaml:790,2020년과 2023년 실제 관측값 사이의 비조사연도이다.
충북,childcare_equal_participation,2024,돌봄노동 공동 참여도,trailing_missing,2023,1,forward,1,False,True,medium,조사 비실시 연도,confirmed,boundary_carry,False,True,False,,,family_survey_boundary_non_survey,configs/structural_indicators_verification.yaml:790,2020·2023 관측 범위 밖의 비조사연도이며 본계열 boundary carry 후보이다.
충북,delivery_bed_supply,2016,(대체)분만실 병상수 보급도,leading_missing,2018,2,backward,2,True,True,high,원자료 부재,confirmed,boundary_carry,False,True,True,,,delivery_bed_before_source_start,이슈,"원자료는 2018년 3분기부터 시작한다. 추세 역외삽 대신 지역별 최초 관측연도인 2018년 값을 2016·2017년에 유지하고, 장기 소급 대체임을 플래그와 분석 한계에 남긴다."
충북,delivery_bed_supply,2017,(대체)분만실 병상수 보급도,leading_missing,2018,1,backward,2,True,True,high,원자료 부재,confirmed,boundary_carry,False,True,True,,,delivery_bed_before_source_start,이슈,"원자료는 2018년 3분기부터 시작한다. 추세 역외삽 대신 지역별 최초 관측연도인 2018년 값을 2016·2017년에 유지하고, 장기 소급 대체임을 플래그와 분석 한계에 남긴다."
충북,household_chore_equal_participation,2016,가사노동 공동 참여도,leading_missing,2020,4,backward,4,True,True,high,조사 비실시 연도,confirmed,boundary_carry,False,True,False,,,family_survey_boundary_non_survey,configs/structural_indicators_verification.yaml:790,2020·2023 관측 범위 밖의 비조사연도이며 본계열 boundary carry 후보이다.
충북,household_chore_equal_participation,2017,가사노동 공동 참여도,leading_missing,2020,3,backward,4,True,True,high,조사 비실시 연도,confirmed,boundary_carry,False,True,False,,,family_survey_boundary_non_survey,configs/structural_indicators_verification.yaml:790,2020·2023 관측 범위 밖의 비조사연도이며 본계열 boundary carry 후보이다.
충북,household_chore_equal_participation,2018,가사노동 공동 참여도,leading_missing,2020,2,backward,4,True,True,high,조사 비실시 연도,confirmed,boundary_carry,False,True,False,,,family_survey_boundary_non_survey,configs/structural_indicators_verification.yaml:790,2020·2023 관측 범위 밖의 비조사연도이며 본계열 boundary carry 후보이다.
충북,household_chore_equal_participation,2019,가사노동 공동 참여도,leading_missing,2020,1,backward,4,True,True,high,조사 비실시 연도,confirmed,boundary_carry,False,True,False,,,family_survey_boundary_non_survey,configs/structural_indicators_verification.yaml:790,2020·2023 관측 범위 밖의 비조사연도이며 본계열 boundary carry 후보이다.
충북,household_chore_equal_participation,2021,가사노동 공동 참여도,intermediate_missing,,,,,False,False,not_applicable,조사 비실시 연도,confirmed,linear_interpolation,False,True,False,,,family_survey_interior_non_survey,configs/structural_indicators_verification.yaml:790,2020년과 2023년 실제 관측값 사이의 비조사연도이다.
충북,household_chore_equal_participation,2022,가사노동 공동 참여도,intermediate_missing,,,,,False,False,not_applicable,조사 비실시 연도,confirmed,linear_interpolation,False,True,False,,,family_survey_interior_non_survey,configs/structural_indicators_verification.yaml:790,2020년과 2023년 실제 관측값 사이의 비조사연도이다.
충북,household_chore_equal_participation,2024,가사노동 공동 참여도,trailing_missing,2023,1,forward,1,False,True,medium,조사 비실시 연도,confirmed,boundary_carry,False,True,False,,,family_survey_boundary_non_survey,configs/structural_indicators_verification.yaml:790,2020·2023 관측 범위 밖의 비조사연도이며 본계열 boundary carry 후보이다.
충북,housework_gender_equality,2017,가사분담에 대한 성평등 인식,intermediate_missing,,,,,False,False,not_applicable,조사 비실시 연도,confirmed,linear_interpolation,False,True,True,,,nonlinear_housework_direct_interpolation,reports/methodology/20260805_가사분담_성평등_인식_직접보간_안전성_검증.md,"원산식 `1-|평균응답값-3|/2`은 비선형(절댓값) 변환이지만, 18개 지역 × 5개 관측연도(2016·2018·2020·2022·2024) 전부에서 평균응답값이 3점(중간) 미만이라 그 구간에서는 순수 선형함수와 같다. 검증 스크립트 (`scripts/verify_housework_gender_equality_interpolation_safety.py`)로 확인했으며, 최종값을 직접 선형보간해도 구성요소를 먼저 보간한 뒤 변환한 것과 정확히 같다."
충북,housework_gender_equality,2019,가사분담에 대한 성평등 인식,intermediate_missing,,,,,False,False,not_applicable,조사 비실시 연도,confirmed,linear_interpolation,False,True,True,,,nonlinear_housework_direct_interpolation,reports/methodology/20260805_가사분담_성평등_인식_직접보간_안전성_검증.md,"원산식 `1-|평균응답값-3|/2`은 비선형(절댓값) 변환이지만, 18개 지역 × 5개 관측연도(2016·2018·2020·2022·2024) 전부에서 평균응답값이 3점(중간) 미만이라 그 구간에서는 순수 선형함수와 같다. 검증 스크립트 (`scripts/verify_housework_gender_equality_interpolation_safety.py`)로 확인했으며, 최종값을 직접 선형보간해도 구성요소를 먼저 보간한 뒤 변환한 것과 정확히 같다."
충북,housework_gender_equality,2021,가사분담에 대한 성평등 인식,intermediate_missing,,,,,False,False,not_applicable,조사 비실시 연도,confirmed,linear_interpolation,False,True,True,,,nonlinear_housework_direct_interpolation,reports/methodology/20260805_가사분담_성평등_인식_직접보간_안전성_검증.md,"원산식 `1-|평균응답값-3|/2`은 비선형(절댓값) 변환이지만, 18개 지역 × 5개 관측연도(2016·2018·2020·2022·2024) 전부에서 평균응답값이 3점(중간) 미만이라 그 구간에서는 순수 선형함수와 같다. 검증 스크립트 (`scripts/verify_housework_gender_equality_interpolation_safety.py`)로 확인했으며, 최종값을 직접 선형보간해도 구성요소를 먼저 보간한 뒤 변환한 것과 정확히 같다."
충북,housework_gender_equality,2023,가사분담에 대한 성평등 인식,intermediate_missing,,,,,False,False,not_applicable,조사 비실시 연도,confirmed,linear_interpolation,False,True,True,,,nonlinear_housework_direct_interpolation,reports/methodology/20260805_가사분담_성평등_인식_직접보간_안전성_검증.md,"원산식 `1-|평균응답값-3|/2`은 비선형(절댓값) 변환이지만, 18개 지역 × 5개 관측연도(2016·2018·2020·2022·2024) 전부에서 평균응답값이 3점(중간) 미만이라 그 구간에서는 순수 선형함수와 같다. 검증 스크립트 (`scripts/verify_housework_gender_equality_interpolation_safety.py`)로 확인했으며, 최종값을 직접 선형보간해도 구성요소를 먼저 보간한 뒤 변환한 것과 정확히 같다."
충북,income_satisfaction,2016,소득만족도,leading_missing,2017,1,backward,1,False,True,medium,조사 비실시 연도,confirmed,boundary_carry,False,True,True,auxiliary_boundary_interpolation,2015,income_leisure_leading_non_survey,configs/structural_indicators_verification.yaml:145,본계열은 boundary carry 후보이며 2015년 값은 별도 보조 시나리오에서만 사용한다.
충북,income_satisfaction,2018,소득만족도,intermediate_missing,,,,,False,False,not_applicable,조사 비실시 연도,confirmed,linear_interpolation,False,True,True,,,income_leisure_interior_non_survey,reports/20260725_구조환경지표_통합파일_결측치_검증_결과.md:57,실제 관측값 사이의 비조사연도로 본계열 선형보간 후보이다.
충북,income_satisfaction,2020,소득만족도,intermediate_missing,,,,,False,False,not_applicable,조사 비실시 연도,confirmed,linear_interpolation,False,True,True,,,income_leisure_interior_non_survey,reports/20260725_구조환경지표_통합파일_결측치_검증_결과.md:57,실제 관측값 사이의 비조사연도로 본계열 선형보간 후보이다.
충북,income_satisfaction,2022,소득만족도,intermediate_missing,,,,,False,False,not_applicable,조사 비실시 연도,confirmed,linear_interpolation,False,True,True,,,income_leisure_interior_non_survey,reports/20260725_구조환경지표_통합파일_결측치_검증_결과.md:57,실제 관측값 사이의 비조사연도로 본계열 선형보간 후보이다.
충북,income_satisfaction,2024,소득만족도,trailing_missing,2023,1,forward,1,False,True,medium,조사 비실시 연도,confirmed,boundary_carry,False,True,True,auxiliary_boundary_interpolation,2025,income_leisure_trailing_non_survey,configs/structural_indicators_verification.yaml:145,본계열은 boundary carry 후보이며 2025년 값은 별도 보조 시나리오에서만 사용한다.
충북,leisure_satisfaction,2016,여가생활 만족도,leading_missing,2017,1,backward,1,False,True,medium,조사 비실시 연도,confirmed,boundary_carry,False,True,True,auxiliary_boundary_interpolation,2015,income_leisure_leading_non_survey,configs/structural_indicators_verification.yaml:145,본계열은 boundary carry 후보이며 2015년 값은 별도 보조 시나리오에서만 사용한다.
충북,leisure_satisfaction,2018,여가생활 만족도,intermediate_missing,,,,,False,False,not_applicable,조사 비실시 연도,confirmed,linear_interpolation,False,True,True,,,income_leisure_interior_non_survey,reports/20260725_구조환경지표_통합파일_결측치_검증_결과.md:57,실제 관측값 사이의 비조사연도로 본계열 선형보간 후보이다.
충북,leisure_satisfaction,2020,여가생활 만족도,intermediate_missing,,,,,False,False,not_applicable,조사 비실시 연도,confirmed,linear_interpolation,False,True,True,,,income_leisure_interior_non_survey,reports/20260725_구조환경지표_통합파일_결측치_검증_결과.md:57,실제 관측값 사이의 비조사연도로 본계열 선형보간 후보이다.
충북,leisure_satisfaction,2022,여가생활 만족도,intermediate_missing,,,,,False,False,not_applicable,조사 비실시 연도,confirmed,linear_interpolation,False,True,True,,,income_leisure_interior_non_survey,reports/20260725_구조환경지표_통합파일_결측치_검증_결과.md:57,실제 관측값 사이의 비조사연도로 본계열 선형보간 후보이다.
충북,leisure_satisfaction,2024,여가생활 만족도,trailing_missing,2023,1,forward,1,False,True,medium,조사 비실시 연도,confirmed,boundary_carry,False,True,True,auxiliary_boundary_interpolation,2025,income_leisure_trailing_non_survey,configs/structural_indicators_verification.yaml:145,본계열은 boundary carry 후보이며 2025년 값은 별도 보조 시나리오에서만 사용한다.
충북,marriage_perception,2017,결혼에 대한 인식,intermediate_missing,,,,,False,False,not_applicable,조사 비실시 연도,confirmed,linear_interpolation,False,True,True,,,social_survey_interior_non_survey,configs/structural_indicators_verification.yaml:460,2016·2018·2020·2022·2024 관측값 사이의 비조사연도이다.
충북,marriage_perception,2019,결혼에 대한 인식,intermediate_missing,,,,,False,False,not_applicable,조사 비실시 연도,confirmed,linear_interpolation,False,True,True,,,social_survey_interior_non_survey,configs/structural_indicators_verification.yaml:460,2016·2018·2020·2022·2024 관측값 사이의 비조사연도이다.
충북,marriage_perception,2021,결혼에 대한 인식,intermediate_missing,,,,,False,False,not_applicable,조사 비실시 연도,confirmed,linear_interpolation,False,True,True,,,social_survey_interior_non_survey,configs/structural_indicators_verification.yaml:460,2016·2018·2020·2022·2024 관측값 사이의 비조사연도이다.
충북,marriage_perception,2023,결혼에 대한 인식,intermediate_missing,,,,,False,False,not_applicable,조사 비실시 연도,confirmed,linear_interpolation,False,True,True,,,social_survey_interior_non_survey,configs/structural_indicators_verification.yaml:460,2016·2018·2020·2022·2024 관측값 사이의 비조사연도이다.
충북,postpartum_center_fee,2016,산후조리원 이용 요금,leading_missing,2023,7,backward,7,True,True,high,원자료 부재,confirmed,boundary_carry,False,True,True,,,postpartum_before_source_start,이슈,"승인된 원자료는 2023년부터 존재한다. 추세 역외삽 대신 지역별 최초 관측연도인 2023년 값을 2016–2022년에 유지하고, 장기 소급 대체임을 플래그와 분석 한계에 남긴다."
충북,postpartum_center_fee,2017,산후조리원 이용 요금,leading_missing,2023,6,backward,7,True,True,high,원자료 부재,confirmed,boundary_carry,False,True,True,,,postpartum_before_source_start,이슈,"승인된 원자료는 2023년부터 존재한다. 추세 역외삽 대신 지역별 최초 관측연도인 2023년 값을 2016–2022년에 유지하고, 장기 소급 대체임을 플래그와 분석 한계에 남긴다."
충북,postpartum_center_fee,2018,산후조리원 이용 요금,leading_missing,2023,5,backward,7,True,True,high,원자료 부재,confirmed,boundary_carry,False,True,True,,,postpartum_before_source_start,이슈,"승인된 원자료는 2023년부터 존재한다. 추세 역외삽 대신 지역별 최초 관측연도인 2023년 값을 2016–2022년에 유지하고, 장기 소급 대체임을 플래그와 분석 한계에 남긴다."
충북,postpartum_center_fee,2019,산후조리원 이용 요금,leading_missing,2023,4,backward,7,True,True,high,원자료 부재,confirmed,boundary_carry,False,True,True,,,postpartum_before_source_start,이슈,"승인된 원자료는 2023년부터 존재한다. 추세 역외삽 대신 지역별 최초 관측연도인 2023년 값을 2016–2022년에 유지하고, 장기 소급 대체임을 플래그와 분석 한계에 남긴다."
충북,postpartum_center_fee,2020,산후조리원 이용 요금,leading_missing,2023,3,backward,7,True,True,high,원자료 부재,confirmed,boundary_carry,False,True,True,,,postpartum_before_source_start,이슈,"승인된 원자료는 2023년부터 존재한다. 추세 역외삽 대신 지역별 최초 관측연도인 2023년 값을 2016–2022년에 유지하고, 장기 소급 대체임을 플래그와 분석 한계에 남긴다."
충북,postpartum_center_fee,2021,산후조리원 이용 요금,leading_missing,2023,2,backward,7,True,True,high,원자료 부재,confirmed,boundary_carry,False,True,True,,,postpartum_before_source_start,이슈,"승인된 원자료는 2023년부터 존재한다. 추세 역외삽 대신 지역별 최초 관측연도인 2023년 값을 2016–2022년에 유지하고, 장기 소급 대체임을 플래그와 분석 한계에 남긴다."
충북,postpartum_center_fee,2022,산후조리원 이용 요금,leading_missing,2023,1,backward,7,True,True,high,원자료 부재,confirmed,boundary_carry,False,True,True,,,postpartum_before_source_start,이슈,"승인된 원자료는 2023년부터 존재한다. 추세 역외삽 대신 지역별 최초 관측연도인 2023년 값을 2016–2022년에 유지하고, 장기 소급 대체임을 플래그와 분석 한계에 남긴다."
충북,postpartum_center_supply,2016,산후조리원 보급도,leading_missing,2023,7,backward,7,True,True,high,원자료 부재,confirmed,boundary_carry,False,True,True,,,postpartum_before_source_start,이슈,"승인된 원자료는 2023년부터 존재한다. 추세 역외삽 대신 지역별 최초 관측연도인 2023년 값을 2016–2022년에 유지하고, 장기 소급 대체임을 플래그와 분석 한계에 남긴다."
충북,postpartum_center_supply,2017,산후조리원 보급도,leading_missing,2023,6,backward,7,True,True,high,원자료 부재,confirmed,boundary_carry,False,True,True,,,postpartum_before_source_start,이슈,"승인된 원자료는 2023년부터 존재한다. 추세 역외삽 대신 지역별 최초 관측연도인 2023년 값을 2016–2022년에 유지하고, 장기 소급 대체임을 플래그와 분석 한계에 남긴다."
충북,postpartum_center_supply,2018,산후조리원 보급도,leading_missing,2023,5,backward,7,True,True,high,원자료 부재,confirmed,boundary_carry,False,True,True,,,postpartum_before_source_start,이슈,"승인된 원자료는 2023년부터 존재한다. 추세 역외삽 대신 지역별 최초 관측연도인 2023년 값을 2016–2022년에 유지하고, 장기 소급 대체임을 플래그와 분석 한계에 남긴다."
충북,postpartum_center_supply,2019,산후조리원 보급도,leading_missing,2023,4,backward,7,True,True,high,원자료 부재,confirmed,boundary_carry,False,True,True,,,postpartum_before_source_start,이슈,"승인된 원자료는 2023년부터 존재한다. 추세 역외삽 대신 지역별 최초 관측연도인 2023년 값을 2016–2022년에 유지하고, 장기 소급 대체임을 플래그와 분석 한계에 남긴다."
충북,postpartum_center_supply,2020,산후조리원 보급도,leading_missing,2023,3,backward,7,True,True,high,원자료 부재,confirmed,boundary_carry,False,True,True,,,postpartum_before_source_start,이슈,"승인된 원자료는 2023년부터 존재한다. 추세 역외삽 대신 지역별 최초 관측연도인 2023년 값을 2016–2022년에 유지하고, 장기 소급 대체임을 플래그와 분석 한계에 남긴다."
충북,postpartum_center_supply,2021,산후조리원 보급도,leading_missing,2023,2,backward,7,True,True,high,원자료 부재,confirmed,boundary_carry,False,True,True,,,postpartum_before_source_start,이슈,"승인된 원자료는 2023년부터 존재한다. 추세 역외삽 대신 지역별 최초 관측연도인 2023년 값을 2016–2022년에 유지하고, 장기 소급 대체임을 플래그와 분석 한계에 남긴다."
충북,postpartum_center_supply,2022,산후조리원 보급도,leading_missing,2023,1,backward,7,True,True,high,원자료 부재,confirmed,boundary_carry,False,True,True,,,postpartum_before_source_start,이슈,"승인된 원자료는 2023년부터 존재한다. 추세 역외삽 대신 지역별 최초 관측연도인 2023년 값을 2016–2022년에 유지하고, 장기 소급 대체임을 플래그와 분석 한계에 남긴다."
충북,social_safety_perception,2017,사회 안전에 대한 인식,intermediate_missing,,,,,False,False,not_applicable,조사 비실시 연도,confirmed,linear_interpolation,False,True,True,,,social_survey_interior_non_survey,configs/structural_indicators_verification.yaml:460,2016·2018·2020·2022·2024 관측값 사이의 비조사연도이다.
충북,social_safety_perception,2019,사회 안전에 대한 인식,intermediate_missing,,,,,False,False,not_applicable,조사 비실시 연도,confirmed,linear_interpolation,False,True,True,,,social_survey_interior_non_survey,configs/structural_indicators_verification.yaml:460,2016·2018·2020·2022·2024 관측값 사이의 비조사연도이다.
충북,social_safety_perception,2021,사회 안전에 대한 인식,intermediate_missing,,,,,False,False,not_applicable,조사 비실시 연도,confirmed,linear_interpolation,False,True,True,,,social_survey_interior_non_survey,configs/structural_indicators_verification.yaml:460,2016·2018·2020·2022·2024 관측값 사이의 비조사연도이다.
충북,social_safety_perception,2023,사회 안전에 대한 인식,intermediate_missing,,,,,False,False,not_applicable,조사 비실시 연도,confirmed,linear_interpolation,False,True,True,,,social_survey_interior_non_survey,configs/structural_indicators_verification.yaml:460,2016·2018·2020·2022·2024 관측값 사이의 비조사연도이다.
충북,socioeconomic_status_perception,2016,사회경제적 지위에 대한 인식,leading_missing,2020,4,backward,4,True,True,high,조사 비실시 연도,confirmed,boundary_carry,False,True,False,,,family_survey_boundary_non_survey,configs/structural_indicators_verification.yaml:790,2020·2023 관측 범위 밖의 비조사연도이며 본계열 boundary carry 후보이다.
충북,socioeconomic_status_perception,2017,사회경제적 지위에 대한 인식,leading_missing,2020,3,backward,4,True,True,high,조사 비실시 연도,confirmed,boundary_carry,False,True,False,,,family_survey_boundary_non_survey,configs/structural_indicators_verification.yaml:790,2020·2023 관측 범위 밖의 비조사연도이며 본계열 boundary carry 후보이다.
충북,socioeconomic_status_perception,2018,사회경제적 지위에 대한 인식,leading_missing,2020,2,backward,4,True,True,high,조사 비실시 연도,confirmed,boundary_carry,False,True,False,,,family_survey_boundary_non_survey,configs/structural_indicators_verification.yaml:790,2020·2023 관측 범위 밖의 비조사연도이며 본계열 boundary carry 후보이다.
충북,socioeconomic_status_perception,2019,사회경제적 지위에 대한 인식,leading_missing,2020,1,backward,4,True,True,high,조사 비실시 연도,confirmed,boundary_carry,False,True,False,,,family_survey_boundary_non_survey,configs/structural_indicators_verification.yaml:790,2020·2023 관측 범위 밖의 비조사연도이며 본계열 boundary carry 후보이다.
충북,socioeconomic_status_perception,2021,사회경제적 지위에 대한 인식,intermediate_missing,,,,,False,False,not_applicable,조사 비실시 연도,confirmed,linear_interpolation,False,True,False,,,family_survey_interior_non_survey,configs/structural_indicators_verification.yaml:790,2020년과 2023년 실제 관측값 사이의 비조사연도이다.
충북,socioeconomic_status_perception,2022,사회경제적 지위에 대한 인식,intermediate_missing,,,,,False,False,not_applicable,조사 비실시 연도,confirmed,linear_interpolation,False,True,False,,,family_survey_interior_non_survey,configs/structural_indicators_verification.yaml:790,2020년과 2023년 실제 관측값 사이의 비조사연도이다.
충북,socioeconomic_status_perception,2024,사회경제적 지위에 대한 인식,trailing_missing,2023,1,forward,1,False,True,medium,조사 비실시 연도,confirmed,boundary_carry,False,True,False,,,family_survey_boundary_non_survey,configs/structural_indicators_verification.yaml:790,2020·2023 관측 범위 밖의 비조사연도이며 본계열 boundary carry 후보이다.
