region,year,category,subcategory,subcategory_contribution,subcategory_weight_total,subcategory_score
강원,2016,가족·생활,돌봄여건,8.787773213317763,0.1693386773547093,51.894660750835094
강원,2017,가족·생활,돌봄여건,9.214207399309844,0.1693386773547093,54.41289339947472
강원,2018,가족·생활,돌봄여건,9.403572180264554,0.1693386773547093,55.53115405860372
강원,2019,가족·생활,돌봄여건,9.7000281038021,0.1693386773547093,57.28182276683136
강원,2020,가족·생활,돌봄여건,10.197692126126483,0.1693386773547093,60.22069078032092
강원,2021,가족·생활,돌봄여건,10.46172610354862,0.1693386773547093,61.77989734521613
강원,2022,가족·생활,돌봄여건,10.59055424457926,0.1693386773547093,62.54066944432015
강원,2023,가족·생활,돌봄여건,10.583878170476924,0.1693386773547093,62.50124505405902
강원,2024,가족·생활,돌봄여건,11.21846525041424,0.1693386773547093,66.24868828351134
경기,2016,가족·생활,돌봄여건,4.407729600377538,0.1693386773547093,26.029077758442508
경기,2017,가족·생활,돌봄여건,4.802174252890891,0.1693386773547093,28.358401801095333
경기,2018,가족·생활,돌봄여건,4.809590300633703,0.1693386773547093,28.402195976523295
경기,2019,가족·생활,돌봄여건,4.982902704382976,0.1693386773547093,29.425662124107763
경기,2020,가족·생활,돌봄여건,6.056309649440314,0.1693386773547093,35.764479468292514
경기,2021,가족·생활,돌봄여건,6.074907236999522,0.1693386773547093,35.87430427529896
경기,2022,가족·생활,돌봄여건,6.094064115052566,0.1693386773547093,35.98743187468913
경기,2023,가족·생활,돌봄여건,6.49724797929263,0.1693386773547093,38.368363806710335
경기,2024,가족·생활,돌봄여건,6.411532532332105,0.1693386773547093,37.862186196848775
경남,2016,가족·생활,돌봄여건,6.16576097397236,0.1693386773547093,36.410825159907795
경남,2017,가족·생활,돌봄여건,6.563576982352668,0.1693386773547093,38.7600581561418
경남,2018,가족·생활,돌봄여건,7.0695415582402905,0.1693386773547093,41.74794363978587
경남,2019,가족·생활,돌봄여건,7.346669428573356,0.1693386773547093,43.384473903646224
경남,2020,가족·생활,돌봄여건,8.179763771103072,0.1693386773547093,48.30416712166195
경남,2021,가족·생활,돌봄여건,8.706212098797435,0.1693386773547093,51.413015826034574
경남,2022,가족·생활,돌봄여건,8.862747467123523,0.1693386773547093,52.337408119463184
경남,2023,가족·생활,돌봄여건,9.130067203876289,0.1693386773547093,53.91601816253572
경남,2024,가족·생활,돌봄여건,8.90778511392187,0.1693386773547093,52.60337008102976
경북,2016,가족·생활,돌봄여건,7.223143830843363,0.1693386773547093,42.6550150484123
경북,2017,가족·생활,돌봄여건,7.721401999580233,0.1693386773547093,45.59739168982885
경북,2018,가족·생활,돌봄여건,7.9958610420143295,0.1693386773547093,47.218161656392326
경북,2019,가족·생활,돌봄여건,8.328519371236041,0.1693386773547093,49.18261735203297
경북,2020,가족·생활,돌봄여건,9.410278147046592,0.1693386773547093,55.57075497486687
경북,2021,가족·생활,돌봄여건,9.612342872456498,0.1693386773547093,56.76401293912182
경북,2022,가족·생활,돌봄여건,9.94272036597188,0.1693386773547093,58.71499955763278
경북,2023,가족·생활,돌봄여건,10.11648679232522,0.1693386773547093,59.741146856453085
경북,2024,가족·생활,돌봄여건,10.223181367770072,0.1693386773547093,60.37121304754163
광주,2016,가족·생활,돌봄여건,9.738950517097075,0.1693386773547093,57.51167228439578
광주,2017,가족·생활,돌봄여건,10.55921343385772,0.1693386773547093,62.35559175733732
광주,2018,가족·생활,돌봄여건,10.696383023922838,0.1693386773547093,63.165622827662695
광주,2019,가족·생활,돌봄여건,10.861800250744254,0.1693386773547093,64.1424653860519
광주,2020,가족·생활,돌봄여건,11.44200505818737,0.1693386773547093,67.56876359805325
광주,2021,가족·생활,돌봄여건,11.176293195827403,0.1693386773547093,65.99964857654291
광주,2022,가족·생활,돌봄여건,11.170719492259948,0.1693386773547093,65.96673404304988
광주,2023,가족·생활,돌봄여건,11.452292371528031,0.1693386773547093,67.62951353127208
광주,2024,가족·생활,돌봄여건,12.148606420481688,0.1693386773547093,71.74147460142443
대구,2016,가족·생활,돌봄여건,4.957501143701998,0.1693386773547093,29.27565764150648
대구,2017,가족·생활,돌봄여건,5.105078975900561,0.1693386773547093,30.147152768927583
대구,2018,가족·생활,돌봄여건,5.329622782743743,0.1693386773547093,31.473157024723417
대구,2019,가족·생활,돌봄여건,5.383134536182542,0.1693386773547093,31.789161343847212
대구,2020,가족·생활,돌봄여건,6.483645306599943,0.1693386773547093,38.2880355975547
대구,2021,가족·생활,돌봄여건,6.061387350685097,0.1693386773547093,35.79446494664928
대구,2022,가족·생활,돌봄여건,6.350969410468274,0.1693386773547093,37.50454125235112
대구,2023,가족·생활,돌봄여건,6.597222493965092,0.1693386773547093,38.95874585193588
대구,2024,가족·생활,돌봄여건,6.621429440166997,0.1693386773547093,39.101695747258375
대전,2016,가족·생활,돌봄여건,5.621701505439947,0.1693386773547093,33.19797693745011
대전,2017,가족·생활,돌봄여건,6.095380928780627,0.1693386773547093,35.99520808830218
대전,2018,가족·생활,돌봄여건,6.412247960527526,0.1693386773547093,37.866411033174394
대전,2019,가족·생활,돌봄여건,6.412091232281173,0.1693386773547093,37.86548550187345
대전,2020,가족·생활,돌봄여건,7.1671339945241925,0.1693386773547093,42.32425873689436
대전,2021,가족·생활,돌봄여건,7.047370357643866,0.1693386773547093,41.6170154847845
대전,2022,가족·생활,돌봄여건,6.9208121674108245,0.1693386773547093,40.86964818388169
대전,2023,가족·생활,돌봄여건,6.7491040072410975,0.1693386773547093,39.85565561672555
대전,2024,가족·생활,돌봄여건,6.686480956296014,0.1693386773547093,39.48584612061198
부산,2016,가족·생활,돌봄여건,3.849832289501437,0.1693386773547093,22.734512573505537
부산,2017,가족·생활,돌봄여건,4.194429807210657,0.1693386773547093,24.76947306269963
부산,2018,가족·생활,돌봄여건,4.622828454811867,0.1693386773547093,27.29930649646299
부산,2019,가족·생활,돌봄여건,4.842704254950075,0.1693386773547093,28.597744653492168
부산,2020,가족·생활,돌봄여건,6.000653660697287,0.1693386773547093,35.4358127418692
부산,2021,가족·생활,돌봄여건,5.989814356908008,0.1693386773547093,35.37180312540943
부산,2022,가족·생활,돌봄여건,6.23901862022858,0.1693386773547093,36.8434354022966
부산,2023,가족·생활,돌봄여건,6.351036688640493,0.1693386773547093,37.504938551853336
부산,2024,가족·생활,돌봄여건,5.997301616493878,0.1693386773547093,35.41601782994611
서울,2016,가족·생활,돌봄여건,2.89475141629946,0.1693386773547093,17.09444919211161
서울,2017,가족·생활,돌봄여건,3.250028953453039,0.1693386773547093,19.192478671870617
서울,2018,가족·생활,돌봄여건,3.658754996808148,0.1693386773547093,21.60613897523392
서울,2019,가족·생활,돌봄여건,3.8842431293582727,0.1693386773547093,22.937719781654184
서울,2020,가족·생활,돌봄여건,4.867304454312124,0.1693386773547093,28.743016836707103
서울,2021,가족·생활,돌봄여건,5.206511299406318,0.1693386773547093,30.746143649748564
서울,2022,가족·생활,돌봄여건,5.184269243150998,0.1693386773547093,30.614797069021876
서울,2023,가족·생활,돌봄여건,5.3201672519326895,0.1693386773547093,31.41731903804039
서울,2024,가족·생활,돌봄여건,5.243656705968419,0.1693386773547093,30.96549936423955
세종,2016,가족·생활,돌봄여건,3.822406140284839,0.1693386773547093,22.57255223671166
세종,2017,가족·생활,돌봄여건,3.784998762218829,0.1693386773547093,22.35164949523309
세종,2018,가족·생활,돌봄여건,4.476225740064727,0.1693386773547093,26.433569754938457
세종,2019,가족·생활,돌봄여건,4.441795216643044,0.1693386773547093,26.230246308933488
세종,2020,가족·생활,돌봄여건,5.449753988959963,0.1693386773547093,32.182570893384884
세종,2021,가족·생활,돌봄여건,5.440063900055208,0.1693386773547093,32.12534776482307
세종,2022,가족·생활,돌봄여건,5.3841409035219225,0.1693386773547093,31.79510427050225
세종,2023,가족·생활,돌봄여건,6.181275203268093,0.1693386773547093,36.50244173290864
세종,2024,가족·생활,돌봄여건,6.747790945687918,0.1693386773547093,39.8479015609263
울산,2016,가족·생활,돌봄여건,3.638516788191366,0.1693386773547093,21.48662576695257
울산,2017,가족·생활,돌봄여건,4.197942713866615,0.1693386773547093,24.790217919756703
울산,2018,가족·생활,돌봄여건,4.4942641296603485,0.1693386773547093,26.54009231598242
울산,2019,가족·생활,돌봄여건,5.212213273452306,0.1693386773547093,30.77981566216215
울산,2020,가족·생활,돌봄여건,6.2301818347755535,0.1693386773547093,36.79125130831955
울산,2021,가족·생활,돌봄여건,6.473751479603621,0.1693386773547093,38.229609329256895
울산,2022,가족·생활,돌봄여건,6.26827492103416,0.1693386773547093,37.01620337983487
울산,2023,가족·생활,돌봄여건,6.768842734662892,0.1693386773547093,39.97221922599744
울산,2024,가족·생활,돌봄여건,6.669206762312843,0.1693386773547093,39.38383638336224
인천,2016,가족·생활,돌봄여건,4.366483232824676,0.1693386773547093,25.785504534668803
인천,2017,가족·생활,돌봄여건,4.747757796173348,0.1693386773547093,28.03705491468049
인천,2018,가족·생활,돌봄여건,4.989634495182337,0.1693386773547093,29.465415539597476
인천,2019,가족·생활,돌봄여건,5.109166919260598,0.1693386773547093,30.17129340486437
인천,2020,가족·생활,돌봄여건,6.055595029040738,0.1693386773547093,35.76025940226425
인천,2021,가족·생활,돌봄여건,6.330180530316454,0.1693386773547093,37.38177614944274
인천,2022,가족·생활,돌봄여건,6.015631870271811,0.1693386773547093,35.52426394397201
인천,2023,가족·생활,돌봄여건,5.9633169000871575,0.1693386773547093,35.21532701944962
인천,2024,가족·생활,돌봄여건,5.820395229147744,0.1693386773547093,34.371328039582544
전남,2016,가족·생활,돌봄여건,11.022740774520964,0.1693386773547093,65.0928715560469
전남,2017,가족·생활,돌봄여건,11.69071251817755,0.1693386773547093,69.03746208959289
전남,2018,가족·생활,돌봄여건,11.866626667834144,0.1693386773547093,70.07629239348213
전남,2019,가족·생활,돌봄여건,12.42358080674263,0.1693386773547093,73.36528784100088
전남,2020,가족·생활,돌봄여건,13.04763941546038,0.1693386773547093,77.05055702147611
전남,2021,가족·생활,돌봄여건,13.771673470255408,0.1693386773547093,81.32621374742546
전남,2022,가족·생활,돌봄여건,13.981842623559055,0.1693386773547093,82.56733099592866
전남,2023,가족·생활,돌봄여건,14.160686266842438,0.1693386773547093,83.62346091306956
전남,2024,가족·생활,돌봄여건,14.577690934673193,0.1693386773547093,86.08600918818847
전북,2016,가족·생활,돌봄여건,9.757954086349487,0.1693386773547093,57.6238945454248
전북,2017,가족·생활,돌봄여건,10.194694911510924,0.1693386773547093,60.202991252591154
전북,2018,가족·생활,돌봄여건,10.420024577539309,0.1693386773547093,61.5336362626286
전북,2019,가족·생활,돌봄여건,10.735270472272564,0.1693386773547093,63.39526586584629
전북,2020,가족·생활,돌봄여건,11.957773752032534,0.1693386773547093,70.61454558892586
전북,2021,가족·생활,돌봄여건,12.443273278694644,0.1693386773547093,73.48157829667016
전북,2022,가족·생활,돌봄여건,12.999943332493771,0.1693386773547093,76.76889612916442
전북,2023,가족·생활,돌봄여건,13.18214741327651,0.1693386773547093,77.84487052337255
전북,2024,가족·생활,돌봄여건,13.356423860027718,0.1693386773547093,78.87402965862525
제주,2016,가족·생활,돌봄여건,8.413700211591856,0.1693386773547093,49.68563793590932
제주,2017,가족·생활,돌봄여건,8.543649854718446,0.1693386773547093,50.453032869875805
제주,2018,가족·생활,돌봄여건,8.53498473668287,0.1693386773547093,50.40186252786691
제주,2019,가족·생활,돌봄여건,8.795574053802737,0.1693386773547093,51.94072725263393
제주,2020,가족·생활,돌봄여건,9.494837960074618,0.1693386773547093,56.07010819026314
제주,2021,가족·생활,돌봄여건,9.8438981743482,0.1693386773547093,58.13142235502667
제주,2022,가족·생활,돌봄여건,10.275182078529904,0.1693386773547093,60.67829416788667
제주,2023,가족·생활,돌봄여건,10.601124408807554,0.1693386773547093,62.60308970408249
제주,2024,가족·생활,돌봄여건,11.234109011566414,0.1693386773547093,66.3410697842798
충남,2016,가족·생활,돌봄여건,8.050882227397835,0.1693386773547093,47.54307966238486
충남,2017,가족·생활,돌봄여건,8.539739690158655,0.1693386773547093,50.42994207561148
충남,2018,가족·생활,돌봄여건,8.890307036010546,0.1693386773547093,52.50015634283152
충남,2019,가족·생활,돌봄여건,8.819563047124639,0.1693386773547093,52.08239006526859
충남,2020,가족·생활,돌봄여건,10.158039148039856,0.1693386773547093,59.986527039904026
충남,2021,가족·생활,돌봄여건,10.435252860448534,0.1693386773547093,61.62356422915764
충남,2022,가족·생활,돌봄여건,10.837669442054697,0.1693386773547093,63.999965107518285
충남,2023,가족·생활,돌봄여건,11.15915439366554,0.1693386773547093,65.89843837206043
충남,2024,가족·생활,돌봄여건,11.42256723702843,0.1693386773547093,67.45397693819157
충북,2016,가족·생활,돌봄여건,8.210836895042107,0.1693386773547093,48.487664031077074
충북,2017,가족·생활,돌봄여건,8.853646310653417,0.1693386773547093,52.283662828592384
충북,2018,가족·생활,돌봄여건,8.597323932051577,0.1693386773547093,50.76999576442294
충북,2019,가족·생활,돌봄여건,9.25285066366067,0.1693386773547093,54.64109445167664
충북,2020,가족·생활,돌봄여건,10.304926131475764,0.1693386773547093,60.8539424805492
충북,2021,가족·생활,돌봄여건,10.808399221058728,0.1693386773547093,63.827114926725514
충북,2022,가족·생활,돌봄여건,11.205142611938982,0.1693386773547093,66.17001376754502
충북,2023,가족·생활,돌봄여건,11.752503173668172,0.1693386773547093,69.40235601964994
충북,2024,가족·생활,돌봄여건,11.760916533433283,0.1693386773547093,69.45203964713859
강원,2016,보건·안전,아동안전 수준,0.2483434697495888,0.0430861723446893,5.763878670002088
강원,2017,보건·안전,아동안전 수준,1.0748410022336208,0.0430861723446893,24.946309772771023
강원,2018,보건·안전,아동안전 수준,2.0078757575196686,0.0430861723446893,46.601395488479774
강원,2019,보건·안전,아동안전 수준,2.1448230683349174,0.0430861723446893,49.779847027866246
강원,2020,보건·안전,아동안전 수준,2.2948979203243156,0.0430861723446893,53.26297963915507
강원,2021,보건·안전,아동안전 수준,2.556419741809137,0.0430861723446893,59.332718658733015
강원,2022,보건·안전,아동안전 수준,2.522663796403391,0.0430861723446893,58.54926671652524
강원,2023,보건·안전,아동안전 수준,2.706052975804735,0.0430861723446893,62.80560162449132
강원,2024,보건·안전,아동안전 수준,2.3044574099512065,0.0430861723446893,53.48484872398384
경기,2016,보건·안전,아동안전 수준,1.1710839176152898,0.0430861723446893,27.18004069255953
경기,2017,보건·안전,아동안전 수준,1.679886015351567,0.0430861723446893,38.988982402810805
경기,2018,보건·안전,아동안전 수준,2.123354689570855,0.0430861723446893,49.28158093469103
경기,2019,보건·안전,아동안전 수준,2.5382085016085325,0.0430861723446893,58.91004847919341
경기,2020,보건·안전,아동안전 수준,3.199333060781587,0.0430861723446893,74.25428824790757
경기,2021,보건·안전,아동안전 수준,3.035099421325521,0.0430861723446893,70.4425400577412
경기,2022,보건·안전,아동안전 수준,2.966041577514597,0.0430861723446893,68.83975568278068
경기,2023,보건·안전,아동안전 수준,2.8693768283201395,0.0430861723446893,66.59623429450001
경기,2024,보건·안전,아동안전 수준,2.6473976915715185,0.0430861723446893,61.44425339972969
경남,2016,보건·안전,아동안전 수준,1.5757273391959348,0.0430861723446893,36.57153219808241
경남,2017,보건·안전,아동안전 수준,1.9687778159366571,0.0430861723446893,45.69395954197174
경남,2018,보건·안전,아동안전 수준,2.47429043591882,0.0430861723446893,57.4265547685345
경남,2019,보건·안전,아동안전 수준,2.694863359676196,0.0430861723446893,62.54589844085686
경남,2020,보건·안전,아동안전 수준,3.1610672580907977,0.0430861723446893,73.366165664526
경남,2021,보건·안전,아동안전 수준,3.316677634590228,0.0430861723446893,76.97777393769881
경남,2022,보건·안전,아동안전 수준,3.451009929347505,0.0430861723446893,80.09553277880957
경남,2023,보건·안전,아동안전 수준,3.2852550621149987,0.0430861723446893,76.24847795327372
경남,2024,보건·안전,아동안전 수준,3.124317297803084,0.0430861723446893,72.51322472575534
경북,2016,보건·안전,아동안전 수준,1.2275732088675004,0.0430861723446893,28.491117731389902
경북,2017,보건·안전,아동안전 수준,1.396284113197134,0.0430861723446893,32.406780115598615
경북,2018,보건·안전,아동안전 수준,1.7339976471336316,0.0430861723446893,40.24487562417128
경북,2019,보건·안전,아동안전 수준,1.8963878808779528,0.0430861723446893,44.01383965386506
경북,2020,보건·안전,아동안전 수준,2.4703434790061216,0.0430861723446893,57.33494865228164
경북,2021,보건·안전,아동안전 수준,2.5679654047669125,0.0430861723446893,59.6006854408693
경북,2022,보건·안전,아동안전 수준,2.688480992833028,0.0430861723446893,62.39776815924101
경북,2023,보건·안전,아동안전 수준,2.6219254813791086,0.0430861723446893,60.853061172473296
경북,2024,보건·안전,아동안전 수준,2.4977576930252705,0.0430861723446893,57.97121343347026
광주,2016,보건·안전,아동안전 수준,0.6147536808426,0.0430861723446893,14.268004034439883
광주,2017,보건·안전,아동안전 수준,1.0160307024690614,0.0430861723446893,23.581363745677297
광주,2018,보건·안전,아동안전 수준,1.507010088732351,0.0430861723446893,34.97665275709039
광주,2019,보건·안전,아동안전 수준,2.1836388427245597,0.0430861723446893,50.68073407067701
광주,2020,보건·안전,아동안전 수준,3.1445176529303307,0.0430861723446893,72.98206087498771
광주,2021,보건·안전,아동안전 수준,2.806824116878129,0.0430861723446893,65.14442950335754
광주,2022,보건·안전,아동안전 수준,2.556566073078366,0.0430861723446893,59.33611490540024
광주,2023,보건·안전,아동안전 수준,2.3828802814596717,0.0430861723446893,55.30498885806403
광주,2024,보건·안전,아동안전 수준,2.2056660932683023,0.0430861723446893,51.19197118794806
대구,2016,보건·안전,아동안전 수준,1.3447771846579355,0.0430861723446893,31.21134023927024
대구,2017,보건·안전,아동안전 수준,1.2418214478657663,0.0430861723446893,28.821809417907797
대구,2018,보건·안전,아동안전 수준,1.3785750336670668,0.0430861723446893,31.99576473487752
대구,2019,보건·안전,아동안전 수준,1.2811666602300678,0.0430861723446893,29.734984346735075
대구,2020,보건·안전,아동안전 수준,2.1203751886436897,0.0430861723446893,49.2124287968931
대구,2021,보건·안전,아동안전 수준,2.3761101829212983,0.0430861723446893,55.14785959431295
대구,2022,보건·안전,아동안전 수준,2.6909920907384706,0.0430861723446893,62.45604898969756
대구,2023,보건·안전,아동안전 수준,2.5053124120920662,0.0430861723446893,58.14655319227636
대구,2024,보건·안전,아동안전 수준,2.145017451649167,0.0430861723446893,49.78435852897371
대전,2016,보건·안전,아동안전 수준,1.0900729212623048,0.0430861723446893,25.29983198650653
대전,2017,보건·안전,아동안전 수준,1.5559810324663674,0.0430861723446893,36.11323419538222
대전,2018,보건·안전,아동안전 수준,2.20763902119329,0.0430861723446893,51.237761468625685
대전,2019,보건·안전,아동안전 수준,2.424039284291458,0.0430861723446893,56.26026059820642
대전,2020,보건·안전,아동안전 수준,3.305492488393493,0.0430861723446893,76.71817449806296
대전,2021,보건·안전,아동안전 수준,3.2797835965659288,0.0430861723446893,76.12148905518136
대전,2022,보건·안전,아동안전 수준,3.3740758270290763,0.0430861723446893,78.30994593895394
대전,2023,보건·안전,아동안전 수준,2.933107843544548,0.0430861723446893,68.07538669435954
대전,2024,보건·안전,아동안전 수준,2.3344424871008727,0.0430861723446893,54.18078144480632
부산,2016,보건·안전,아동안전 수준,2.1456763238149197,0.0430861723446893,49.79965049226258
부산,2017,보건·안전,아동안전 수준,2.512479575367169,0.0430861723446893,58.31289805154502
부산,2018,보건·안전,아동안전 수준,3.009601064828973,0.0430861723446893,69.85074099300735
부산,2019,보건·안전,아동안전 수준,3.152465037444484,0.0430861723446893,73.16651412487433
부산,2020,보건·안전,아동안전 수준,3.5233064907798823,0.0430861723446893,81.77348553019358
부산,2021,보건·안전,아동안전 수준,3.450133703038978,0.0430861723446893,80.07519617750934
부산,2022,보건·안전,아동안전 수준,3.454948368228014,0.0430861723446893,80.18694119747813
부산,2023,보건·안전,아동안전 수준,3.238495044323643,0.0430861723446893,75.16321056360458
부산,2024,보건·안전,아동안전 수준,2.9044734661551117,0.0430861723446893,67.41080277262333
서울,2016,보건·안전,아동안전 수준,1.5026869788210584,0.0430861723446893,34.876316392172484
서울,2017,보건·안전,아동안전 수준,2.0832913511081963,0.0430861723446893,48.35173880013909
서울,2018,보건·안전,아동안전 수준,2.711489862167973,0.0430861723446893,62.93178796380554
서울,2019,보건·안전,아동안전 수준,2.8087157636470694,0.0430861723446893,65.18833330511109
서울,2020,보건·안전,아동안전 수준,3.3210350008196188,0.0430861723446893,77.07890536786002
서울,2021,보건·안전,아동안전 수준,3.401639554780905,0.0430861723446893,78.94968082956616
서울,2022,보건·안전,아동안전 수준,3.453268917834857,0.0430861723446893,80.14796232556252
서울,2023,보건·안전,아동안전 수준,3.253810073483745,0.0430861723446893,75.51866170550649
서울,2024,보건·안전,아동안전 수준,3.03383407045807,0.0430861723446893,70.4131721469106
세종,2016,보건·안전,아동안전 수준,2.211383550770603,0.0430861723446893,51.32466938765263
세종,2017,보건·안전,아동안전 수준,2.500321528940905,0.0430861723446893,58.0307182763494
세종,2018,보건·안전,아동안전 수준,3.1004481338349397,0.0430861723446893,71.9592380829598
세종,2019,보건·안전,아동안전 수준,3.5124958102018167,0.0430861723446893,81.52257717631197
세종,2020,보건·안전,아동안전 수준,4.308617234468936,0.0430861723446893,100.0
세종,2021,보건·안전,아동안전 수준,4.012210923249318,0.0430861723446893,93.12061631169352
세종,2022,보건·안전,아동안전 수준,3.552651441787499,0.0430861723446893,82.45456136985874
세종,2023,보건·안전,아동안전 수준,3.4688063905443265,0.0430861723446893,80.50857622705207
세종,2024,보건·안전,아동안전 수준,3.283286595668478,0.0430861723446893,76.20279122039867
울산,2016,보건·안전,아동안전 수준,1.381992760862519,0.0430861723446893,32.07508779862313
울산,2017,보건·안전,아동안전 수준,2.177843121762074,0.0430861723446893,50.546219430663974
울산,2018,보건·안전,아동안전 수준,2.831418731000257,0.0430861723446893,65.71525333809902
울산,2019,보건·안전,아동안전 수준,3.054528076156502,0.0430861723446893,70.89346558149279
울산,2020,보건·안전,아동안전 수준,3.75624101104021,0.0430861723446893,87.17973323297979
울산,2021,보건·안전,아동안전 수준,3.6899918582535896,0.0430861723446893,85.64213661714149
울산,2022,보건·안전,아동안전 수준,3.553468562269849,0.0430861723446893,82.47352616617002
울산,2023,보건·안전,아동안전 수준,3.2313602954838445,0.0430861723446893,74.9976180207646
울산,2024,보건·안전,아동안전 수준,2.9799887459465424,0.0430861723446893,69.16345973150351
인천,2016,보건·안전,아동안전 수준,1.5017138325299446,0.0430861723446893,34.85373034569501
인천,2017,보건·안전,아동안전 수준,1.9032726451409283,0.0430861723446893,44.17363022908483
인천,2018,보건·안전,아동안전 수준,2.325289400553918,0.0430861723446893,53.96834469192585
인천,2019,보건·안전,아동안전 수준,2.7107981022632854,0.0430861723446893,62.91573269904093
인천,2020,보건·안전,아동안전 수준,3.3344786447488493,0.0430861723446893,77.390922964171
인천,2021,보건·안전,아동안전 수준,3.422165465953394,0.0430861723446893,79.42607290747648
인천,2022,보건·안전,아동안전 수준,3.50835463855337,0.0430861723446893,81.42646347154104
인천,2023,보건·안전,아동안전 수준,3.1415260154589717,0.0430861723446893,72.9126270564664
인천,2024,보건·안전,아동안전 수준,2.7552255073164607,0.0430861723446893,63.94686177446114
전남,2016,보건·안전,아동안전 수준,0.8525842281196678,0.0430861723446893,19.787885108451835
전남,2017,보건·안전,아동안전 수준,1.3456288817903657,0.0430861723446893,31.23110753550664
전남,2018,보건·안전,아동안전 수준,2.237259670084976,0.0430861723446893,51.92523606383272
전남,2019,보건·안전,아동안전 수준,2.263388292789306,0.0430861723446893,52.53166316752857
전남,2020,보건·안전,아동안전 수준,2.612760254980562,0.0430861723446893,60.64034266210704
전남,2021,보건·안전,아동안전 수준,2.5470943642735175,0.0430861723446893,59.116283152208645
전남,2022,보건·안전,아동안전 수준,2.4058944216983607,0.0430861723446893,55.83913099662709
전남,2023,보건·안전,아동안전 수준,2.3755508224278437,0.0430861723446893,55.134877227511375
전남,2024,보건·안전,아동안전 수준,2.0423845141976527,0.0430861723446893,47.40231965509903
전북,2016,보건·안전,아동안전 수준,1.274467261877529,0.0430861723446893,29.5794959849715
전북,2017,보건·안전,아동안전 수준,1.8976553971702737,0.0430861723446893,44.04325782269614
전북,2018,보건·안전,아동안전 수준,2.6485621838505784,0.0430861723446893,61.471280453090195
전북,2019,보건·안전,아동안전 수준,2.703265352809832,0.0430861723446893,62.740902839632874
전북,2020,보건·안전,아동안전 수준,3.0095112264917816,0.0430861723446893,69.84865590787905
전북,2021,보건·안전,아동안전 수준,3.0386841865487413,0.0430861723446893,70.52573995757314
전북,2022,보건·안전,아동안전 수준,2.9726313222636227,0.0430861723446893,68.99269906090923
전북,2023,보건·안전,아동안전 수준,2.679128001777248,0.0430861723446893,62.180691762178945
전북,2024,보건·안전,아동안전 수준,2.5334687685140196,0.0430861723446893,58.80004258086029
제주,2016,보건·안전,아동안전 수준,0.5569048970742724,0.0430861723446893,12.925374122793585
제주,2017,보건·안전,아동안전 수준,1.0478300057804733,0.0430861723446893,24.319403389974717
제주,2018,보건·안전,아동안전 수준,1.6960777515704302,0.0430861723446893,39.36478130389047
제주,2019,보건·안전,아동안전 수준,1.8405371406209816,0.0430861723446893,42.717582938133496
제주,2020,보건·안전,아동안전 수준,2.5636615665813594,0.0430861723446893,59.50079635926041
제주,2021,보건·안전,아동안전 수준,2.088153684732584,0.0430861723446893,48.46459017123534
제주,2022,보건·안전,아동안전 수준,2.0442527309985428,0.0430861723446893,47.44567966364062
제주,2023,보건·안전,아동안전 수준,1.9844526290966735,0.0430861723446893,46.05776101949956
제주,2024,보건·안전,아동안전 수준,1.8304187655999369,0.0430861723446893,42.482742513226455
충남,2016,보건·안전,아동안전 수준,1.5127087895694125,0.0430861723446893,35.1089156276808
충남,2017,보건·안전,아동안전 수준,1.9977507957507372,0.0430861723446893,46.36640218974969
충남,2018,보건·안전,아동안전 수준,2.5804204178911476,0.0430861723446893,59.889757605938755
충남,2019,보건·안전,아동안전 수준,2.554836288215928,0.0430861723446893,59.2959678055697
충남,2020,보건·안전,아동안전 수준,2.9465914400091058,0.0430861723446893,68.3883315611416
충남,2021,보건·안전,아동안전 수준,3.1304101731201284,0.0430861723446893,72.6546361110207
충남,2022,보건·안전,아동안전 수준,3.265867169954109,0.0430861723446893,75.79849850265587
충남,2023,보건·안전,아동안전 수준,3.081992744902948,0.0430861723446893,71.53090138170101
충남,2024,보건·안전,아동안전 수준,2.85596695297618,0.0430861723446893,66.2850004434937
충북,2016,보건·안전,아동안전 수준,0.7300355266503573,0.0430861723446893,16.943615246443184
충북,2017,보건·안전,아동안전 수준,1.145167086401201,0.0430861723446893,26.57852912159067
충북,2018,보건·안전,아동안전 수준,1.648879325957612,0.0430861723446893,38.2693387745511
충북,2019,보건·안전,아동안전 수준,1.8563809579559196,0.0430861723446893,43.08530688465137
충북,2020,보건·안전,아동안전 수준,2.4950919799704203,0.0430861723446893,57.90934409326699
충북,2021,보건·안전,아동안전 수준,2.5877963194447995,0.0430861723446893,60.06094713502119
충북,2022,보건·안전,아동안전 수준,2.5566729737587433,0.0430861723446893,59.33859599560993
충북,2023,보건·안전,아동안전 수준,2.309450247945412,0.0430861723446893,53.600729010454
충북,2024,보건·안전,아동안전 수준,1.795004394544056,0.0430861723446893,41.6607996687202
강원,2016,사회·문화,사회적 가치관,6.9567846225366905,0.1322645290581162,52.59750797948196
강원,2017,사회·문화,사회적 가치관,7.233242925103167,0.1322645290581162,54.68770029737093
강원,2018,사회·문화,사회적 가치관,7.509701227669643,0.1322645290581162,56.77789261525989
강원,2019,사회·문화,사회적 가치관,7.922884837116175,0.1322645290581162,59.90181111698443
강원,2020,사회·문화,사회적 가치관,8.336068446562704,0.1322645290581162,63.025729618708944
강원,2021,사회·문화,사회적 가치관,7.999354356574155,0.1322645290581162,60.47996702925007
강원,2022,사회·문화,사회적 가치관,7.6626402665856,0.1322645290581162,57.93420443979114
강원,2023,사회·문화,사회적 가치관,8.781108793982277,0.1322645290581162,66.3905043666236
강원,2024,사회·문화,사회적 가치관,9.705070660999382,0.1322645290581162,73.37621605816202
경기,2016,사회·문화,사회적 가치관,5.330770627148587,0.1322645290581162,40.303856711320385
경기,2017,사회·문화,사회적 가치관,5.376127988176341,0.1322645290581162,40.64678584999992
경기,2018,사회·문화,사회적 가치관,5.421485349204095,0.1322645290581162,40.98971498867945
경기,2019,사회·문화,사회적 가치관,5.883634883163331,0.1322645290581162,44.48384555603792
경기,2020,사회·문화,사회적 가치관,6.345784417122563,0.1322645290581162,47.97797612339636
경기,2021,사회·문화,사회적 가치관,5.7214113107549,0.1322645290581162,43.257337031313575
경기,2022,사회·문화,사회적 가치관,5.097038204387241,0.1322645290581162,38.53669793923081
경기,2023,사회·문화,사회적 가치관,5.702894272783384,0.1322645290581162,43.11733700180166
경기,2024,사회·문화,사회적 가치관,6.467892154217373,0.1322645290581162,48.90118462052227
경남,2016,사회·문화,사회적 가치관,6.459082850199533,0.1322645290581162,48.83458094317528
경남,2017,사회·문화,사회적 가치관,6.567817335601819,0.1322645290581162,49.65667955250468
경남,2018,사회·문화,사회적 가치관,6.6765518210041,0.1322645290581162,50.47877816183404
경남,2019,사회·문화,사회적 가치관,7.60394574814066,0.1322645290581162,57.49043830791197
경남,2020,사회·문화,사회적 가치관,8.53133967527722,0.1322645290581162,64.5020984539899
경남,2021,사회·문화,사회적 가치관,7.216061502683657,0.1322645290581162,54.55779833089615
경남,2022,사회·문화,사회적 가치관,5.9007833300900865,0.1322645290581162,44.61349820780233
경남,2023,사회·문화,사회적 가치관,6.686711248743348,0.1322645290581162,50.555589592771696
경남,2024,사회·문화,사회적 가치관,7.773240369801419,0.1322645290581162,58.77040825046832
경북,2016,사회·문화,사회적 가치관,7.945244816333858,0.1322645290581162,60.070866111372666
경북,2017,사회·문화,사회적 가치관,7.604759631996867,0.1322645290581162,57.49659176312784
경북,2018,사회·문화,사회적 가치관,7.264274447659879,0.1322645290581162,54.92231741488304
경북,2019,사회·문화,사회적 가치관,6.576187042748034,0.1322645290581162,49.71995961107984
경북,2020,사회·문화,사회적 가치관,5.88809963783618,0.1322645290581162,44.517601807276584
경북,2021,사회·문화,사회적 가치관,6.561246871237295,0.1322645290581162,49.60700285980926
경북,2022,사회·문화,사회적 가치관,7.234394104638415,0.1322645290581162,54.69640391234197
경북,2023,사회·문화,사회적 가치관,7.7180747470323805,0.1322645290581162,58.35332270862362
경북,2024,사회·문화,사회적 가치관,8.307849931451564,0.1322645290581162,62.81238054233835
광주,2016,사회·문화,사회적 가치관,5.979707078035626,0.1322645290581162,45.21020957484512
광주,2017,사회·문화,사회적 가치관,6.3071429017640845,0.1322645290581162,47.68582284818604
광주,2018,사회·문화,사회적 가치관,6.634578725492539,0.1322645290581162,50.16143612152694
광주,2019,사회·문화,사회적 가치관,7.83964023364952,0.1322645290581162,59.27243146350169
광주,2020,사회·문화,사회적 가치관,9.044701741806506,0.1322645290581162,68.38342680547647
광주,2021,사회·문화,사회적 가치관,9.242089225004635,0.1322645290581162,69.87579580723205
광주,2022,사회·문화,사회적 가치관,9.439476708202768,0.1322645290581162,71.36816480898761
광주,2023,사회·문화,사회적 가치관,9.625593527709556,0.1322645290581162,72.77532076253135
광주,2024,사회·문화,사회적 가치관,9.94432852474787,0.1322645290581162,75.1851505128665
대구,2016,사회·문화,사회적 가치관,5.534340351246928,0.1322645290581162,41.84296720109421
대구,2017,사회·문화,사회적 가치관,5.47902224026201,0.1322645290581162,41.42472875592035
대구,2018,사회·문화,사회적 가치관,5.423704129277092,0.1322645290581162,41.00649031074651
대구,2019,사회·문화,사회적 가치관,5.833123397034832,0.1322645290581162,44.101948107884574
대구,2020,사회·문화,사회적 가치관,6.2425426647925795,0.1322645290581162,47.1974059050227
대구,2021,사회·문화,사회적 가치관,5.72228720224596,0.1322645290581162,43.26395930182932
대구,2022,사회·문화,사회적 가치관,5.2020317396993425,0.1322645290581162,39.33051269863595
대구,2023,사회·문화,사회적 가치관,5.538049647103032,0.1322645290581162,41.871011725824445
대구,2024,사회·문화,사회적 가치관,6.04205057938,0.1322645290581162,45.681564228948794
대전,2016,사회·문화,사회적 가치관,6.3038699435944325,0.1322645290581162,47.661077300812465
대전,2017,사회·문화,사회적 가치관,5.980047588380986,0.1322645290581162,45.21278403942595
대전,2018,사회·문화,사회적 가치관,5.656225233167538,0.1322645290581162,42.76449077803942
대전,2019,사회·문화,사회적 가치관,6.3769836120461525,0.1322645290581162,48.21386094562168
대전,2020,사회·문화,사회적 가치관,7.097741990924775,0.1322645290581162,53.663231113204
대전,2021,사회·문화,사회적 가치관,7.669904485987685,0.1322645290581162,57.98912634102812
대전,2022,사회·문화,사회적 가치관,8.242066981050598,0.1322645290581162,62.315021568852266
대전,2023,사회·문화,사회적 가치관,8.842149821096905,0.1322645290581162,66.85201152617208
대전,2024,사회·문화,사회적 가치관,9.265408424434495,0.1322645290581162,70.05210308776992
부산,2016,사회·문화,사회적 가치관,7.02146690398351,0.1322645290581162,53.08654522860261
부산,2017,사회·문화,사회적 가치관,6.9445310930591315,0.1322645290581162,52.50486387025011
부산,2018,사회·문화,사회적 가치관,6.867595282134758,0.1322645290581162,51.92318251189765
부산,2019,사회·문화,사회적 가치관,7.236381880483489,0.1322645290581162,54.71143270244337
부산,2020,사회·문화,사회적 가치관,7.605168478832225,0.1322645290581162,57.499682892989114
부산,2021,사회·문화,사회적 가치관,6.378761364401744,0.1322645290581162,48.22730183085562
부산,2022,사회·문화,사회적 가치관,5.152354249971264,0.1322645290581162,38.95492076872214
부산,2023,사회·문화,사회적 가치관,5.6208254803946405,0.1322645290581162,42.496847192680704
부산,2024,사회·문화,사회적 가치관,6.36337427771652,0.1322645290581162,48.11096613000825
서울,2016,사회·문화,사회적 가치관,4.514862083080103,0.1322645290581162,34.135093628135934
서울,2017,사회·문화,사회적 가치관,4.736924846826566,0.1322645290581162,35.81402270555238
서울,2018,사회·문화,사회적 가치관,4.958987610573029,0.1322645290581162,37.492951782968824
서울,2019,사회·문화,사회적 가치관,5.387568950894532,0.1322645290581162,40.733286462066246
서울,2020,사회·문화,사회적 가치관,5.816150291216036,0.1322645290581162,43.97362114116368
서울,2021,사회·문화,사회적 가치관,4.836233855269233,0.1322645290581162,36.56485899665679
서울,2022,사회·문화,사회적 가치관,3.856317419322429,0.1322645290581162,29.156096852149886
서울,2023,사회·문화,사회적 가치관,4.588962337892747,0.1322645290581162,34.69533646376487
서울,2024,사회·문화,사회적 가치관,5.631049670703311,0.1322645290581162,42.57414826789322
세종,2016,사회·문화,사회적 가치관,6.115284578457506,0.1322645290581162,46.23525764621661
세종,2017,사회·문화,사회적 가치관,6.4090722261981075,0.1322645290581162,48.4564703162554
세종,2018,사회·문화,사회적 가치관,6.702859873938701,0.1322645290581162,50.67768298629413
세종,2019,사회·문화,사회적 가치관,7.024515938474075,0.1322645290581162,53.109597777250976
세종,2020,사회·문화,사회적 가치관,7.346172003009444,0.1322645290581162,55.541512568207786
세종,2021,사회·문화,사회적 가치관,6.496606895733329,0.1322645290581162,49.11828546925655
세종,2022,사회·문화,사회적 가치관,5.647041788457221,0.1322645290581162,42.69505837030536
세종,2023,사회·문화,사회적 가치관,6.289099498516915,0.1322645290581162,47.549403784241534
세종,2024,사회·문화,사회적 가치관,6.9930456914246575,0.1322645290581162,52.87166363668038
울산,2016,사회·문화,사회적 가치관,4.669197169399708,0.1322645290581162,35.30196041712811
울산,2017,사회·문화,사회적 가치관,4.081030856008848,0.1322645290581162,30.855066623460843
울산,2018,사회·문화,사회적 가치관,3.4928645426179883,0.1322645290581162,26.408172829793585
울산,2019,사회·문화,사회적 가치관,4.433053893967882,0.1322645290581162,33.51657413772688
울산,2020,사회·문화,사회적 가치관,5.373243245317776,0.1322645290581162,40.62497544566017
울산,2021,사회·문화,사회적 가치관,5.449125176705904,0.1322645290581162,41.19868883600374
울산,2022,사회·문화,사회적 가치관,5.525007108094033,0.1322645290581162,41.77240222634732
울산,2023,사회·문화,사회적 가치관,5.736378961363157,0.1322645290581162,43.3705015412154
울산,2024,사회·문화,사회적 가치관,5.91238596729054,0.1322645290581162,44.70122117693909
인천,2016,사회·문화,사회적 가치관,5.543619833970374,0.1322645290581162,41.91312571441239
인천,2017,사회·문화,사회적 가치관,5.60667608621775,0.1322645290581162,42.389869197313
인천,2018,사회·문화,사회적 가치관,5.669732338465124,0.1322645290581162,42.8666126802136
인천,2019,사회·문화,사회적 가치관,6.257159323324956,0.1322645290581162,47.30791670210839
인천,2020,사회·문화,사회적 가치관,6.844586308184788,0.1322645290581162,51.74922072400319
인천,2021,사회·문화,사회적 가치관,6.126638124307103,0.1322645290581162,46.32109733377644
인천,2022,사회·문화,사회적 가치관,5.408689940429411,0.1322645290581162,40.89297394354965
인천,2023,사회·문화,사회적 가치관,5.82456606327677,0.1322645290581162,44.03724947841074
인천,2024,사회·문화,사회적 가치관,6.3995839991619725,0.1322645290581162,48.38473356942159
전남,2016,사회·문화,사회적 가치관,9.72795147253767,0.1322645290581162,73.54920886054998
전남,2017,사회·문화,사회적 가치관,9.277550329188026,0.1322645290581162,70.14390324643676
전남,2018,사회·문화,사회적 가치관,8.82714918583838,0.1322645290581162,66.73859763232352
전남,2019,사회·문화,사회적 가치관,9.143035616589394,0.1322645290581162,69.12689049512286
전남,2020,사회·문화,사회적 가치관,9.458922047340405,0.1322645290581162,71.51518335792217
전남,2021,사회·문화,사회적 가치관,9.366134060300642,0.1322645290581162,70.8136499407579
전남,2022,사회·문화,사회적 가치관,9.27334607326088,0.1322645290581162,70.11211652359364
전남,2023,사회·문화,사회적 가치관,9.81603299549275,0.1322645290581162,74.21515855683157
전남,2024,사회·문화,사회적 가치관,10.47365567158528,0.1322645290581162,79.18718454728872
전북,2016,사회·문화,사회적 가치관,8.188947182030148,0.1322645290581162,61.91340369444008
전북,2017,사회·문화,사회적 가치관,8.473496567800659,0.1322645290581162,64.06476950503833
전북,2018,사회·문화,사회적 가치관,8.758045953571173,0.1322645290581162,66.21613531563662
전북,2019,사회·문화,사회적 가치관,8.750953421882109,0.1322645290581162,66.16251147756323
전북,2020,사회·문화,사회적 가치관,8.74386089019304,0.1322645290581162,66.10888763948982
전북,2021,사회·문화,사회적 가치관,8.291045571032615,0.1322645290581162,62.68532939311024
전북,2022,사회·문화,사회적 가치관,7.838230251872192,0.1322645290581162,59.26177114673068
전북,2023,사회·문화,사회적 가치관,8.205094091808181,0.1322645290581162,62.03548411836793
전북,2024,사회·문화,사회적 가치관,8.695734897440275,0.1322645290581162,65.74502596701058
제주,2016,사회·문화,사회적 가치관,7.4301204354398385,0.1322645290581162,56.1762135952194
제주,2017,사회·문화,사회적 가치관,8.01402930131805,0.1322645290581162,60.59091850541982
제주,2018,사회·문화,사회적 가치관,8.597938167196265,0.1322645290581162,65.00562341562026
제주,2019,사회·문화,사회적 가치관,8.467926132961269,0.1322645290581162,64.02265364163142
제주,2020,사회·문화,사회적 가치관,8.33791409872628,0.1322645290581162,63.03968386764265
제주,2021,사회·문화,사회적 가치관,7.44646760500496,0.1322645290581162,56.299808104507214
제주,2022,사회·문화,사회적 가치관,6.555021111283646,0.1322645290581162,49.55993234137183
제주,2023,사회·문화,사회적 가치관,7.1259446194111975,0.1322645290581162,53.87646007706346
제주,2024,사회·문화,사회적 가치관,7.6084560091843985,0.1322645290581162,57.524538614894176
충남,2016,사회·문화,사회적 가치관,6.617991646520926,0.1322645290581162,50.03602775172641
충남,2017,사회·문화,사회적 가치관,7.075195174659666,0.1322645290581162,53.49276351750264
충남,2018,사회·문화,사회적 가치관,7.532398702798404,0.1322645290581162,56.94949928327886
충남,2019,사회·문화,사회적 가치관,7.869925636091065,0.1322645290581162,59.50140746074913
충남,2020,사회·문화,사회적 가치관,8.20745256938372,0.1322645290581162,62.05331563821936
충남,2021,사회·문화,사회적 가치관,7.315240449222939,0.1322645290581162,55.30765127518557
충남,2022,사회·문화,사회적 가치관,6.423028329062158,0.1322645290581162,48.56198691215179
충남,2023,사회·문화,사회적 가치관,7.775825660997678,0.1322645290581162,58.78995461875519
충남,2024,사회·문화,사회적 가치관,9.155146628439514,0.1322645290581162,69.21845708471695
충북,2016,사회·문화,사회적 가치관,7.719194534644403,0.1322645290581162,58.36178898162967
충북,2017,사회·문화,사회적 가치관,8.102811548028658,0.1322645290581162,61.262166097974266
충북,2018,사회·문화,사회적 가치관,8.486428561412918,0.1322645290581162,64.1625432143189
충북,2019,사회·문화,사회적 가치관,7.336047834622984,0.1322645290581162,55.46496771934651
충북,2020,사회·문화,사회적 가치관,6.185667107833057,0.1322645290581162,46.767392224374184
충북,2021,사회·문화,사회적 가치관,6.68513872280813,0.1322645290581162,50.54370034365542
충북,2022,사회·문화,사회적 가치관,7.184610337783211,0.1322645290581162,54.32000846293672
충북,2023,사회·문화,사회적 가치관,7.593864032168957,0.1322645290581162,57.41421442503501
충북,2024,사회·문화,사회적 가치관,7.941229243706649,0.1322645290581162,60.04050594863059
강원,2016,가족·생활,가사수행 격차,2.3860940271347286,0.0551102204408817,43.29676071055381
강원,2017,가족·생활,가사수행 격차,2.3860940271347286,0.0551102204408817,43.29676071055381
강원,2018,가족·생활,가사수행 격차,2.3860940271347286,0.0551102204408817,43.29676071055381
강원,2019,가족·생활,가사수행 격차,2.3860940271347286,0.0551102204408817,43.29676071055381
강원,2020,가족·생활,가사수행 격차,2.3860940271347286,0.0551102204408817,43.29676071055381
강원,2021,가족·생활,가사수행 격차,3.0499696711430517,0.0551102204408817,55.343086032741205
강원,2022,가족·생활,가사수행 격차,3.7138453151513744,0.0551102204408817,67.3894113549286
강원,2023,가족·생활,가사수행 격차,4.377720959159697,0.0551102204408817,79.43573667711597
강원,2024,가족·생활,가사수행 격차,4.377720959159697,0.0551102204408817,79.43573667711597
경기,2016,가족·생활,가사수행 격차,2.4798639424442745,0.0551102204408817,44.9982584465343
경기,2017,가족·생활,가사수행 격차,2.4798639424442745,0.0551102204408817,44.9982584465343
경기,2018,가족·생활,가사수행 격차,2.4798639424442745,0.0551102204408817,44.9982584465343
경기,2019,가족·생활,가사수행 격차,2.4798639424442745,0.0551102204408817,44.9982584465343
경기,2020,가족·생활,가사수행 격차,2.4798639424442745,0.0551102204408817,44.9982584465343
경기,2021,가족·생활,가사수행 격차,2.4740047509724787,0.0551102204408817,44.89194075400972
경기,2022,가족·생활,가사수행 격차,2.4681455595006825,0.0551102204408817,44.785623061485126
경기,2023,가족·생활,가사수행 격차,2.462286368028887,0.0551102204408817,44.67930536896055
경기,2024,가족·생활,가사수행 격차,2.462286368028887,0.0551102204408817,44.67930536896055
경남,2016,가족·생활,가사수행 격차,1.5411775932818013,0.0551102204408817,27.965367965367964
경남,2017,가족·생활,가사수행 격차,1.5411775932818013,0.0551102204408817,27.965367965367964
경남,2018,가족·생활,가사수행 격차,1.5411775932818013,0.0551102204408817,27.965367965367964
경남,2019,가족·생활,가사수행 격차,1.5411775932818013,0.0551102204408817,27.965367965367964
경남,2020,가족·생활,가사수행 격차,1.5411775932818013,0.0551102204408817,27.965367965367964
경남,2021,가족·생활,가사수행 격차,1.4876313473507854,0.0551102204408817,26.993746993746985
경남,2022,가족·생활,가사수행 격차,1.4340851014197704,0.0551102204408817,26.022126022126024
경남,2023,가족·생활,가사수행 격차,1.380538855488755,0.0551102204408817,25.050505050505052
경남,2024,가족·생활,가사수행 격차,1.380538855488755,0.0551102204408817,25.050505050505052
경북,2016,가족·생활,가사수행 격차,1.8243109097231136,0.0551102204408817,33.102950689157595
경북,2017,가족·생활,가사수행 격차,1.8243109097231136,0.0551102204408817,33.102950689157595
경북,2018,가족·생활,가사수행 격차,1.8243109097231136,0.0551102204408817,33.102950689157595
경북,2019,가족·생활,가사수행 격차,1.8243109097231136,0.0551102204408817,33.102950689157595
경북,2020,가족·생활,가사수행 격차,1.8243109097231136,0.0551102204408817,33.102950689157595
경북,2021,가족·생활,가사수행 격차,2.2005788625234413,0.0551102204408817,39.93050372360718
경북,2022,가족·생활,가사수행 격차,2.576846815323768,0.0551102204408817,46.75805675805675
경북,2023,가족·생활,가사수행 격차,2.953114768124096,0.0551102204408817,53.58560979250634
경북,2024,가족·생활,가사수행 격차,2.953114768124096,0.0551102204408817,53.58560979250634
광주,2016,가족·생활,가사수행 격차,2.279271186050261,0.0551102204408817,41.35841170323929
광주,2017,가족·생활,가사수행 격차,2.279271186050261,0.0551102204408817,41.35841170323929
광주,2018,가족·생활,가사수행 격차,2.279271186050261,0.0551102204408817,41.35841170323929
광주,2019,가족·생활,가사수행 격차,2.279271186050261,0.0551102204408817,41.35841170323929
광주,2020,가족·생활,가사수행 격차,2.279271186050261,0.0551102204408817,41.35841170323929
광주,2021,가족·생활,가사수행 격차,2.9560992080859396,0.0551102204408817,53.63976381217761
광주,2022,가족·생활,가사수행 격차,3.632927230121618,0.0551102204408817,65.92111592111591
광주,2023,가족·생활,가사수행 격차,4.309755252157296,0.0551102204408817,78.20246803005422
광주,2024,가족·생활,가사수행 격차,4.309755252157296,0.0551102204408817,78.20246803005422
대구,2016,가족·생활,가사수행 격차,0.4232054695049654,0.0551102204408817,7.679255610290101
대구,2017,가족·생활,가사수행 격차,0.4232054695049654,0.0551102204408817,7.679255610290101
대구,2018,가족·생활,가사수행 격차,0.4232054695049654,0.0551102204408817,7.679255610290101
대구,2019,가족·생활,가사수행 격차,0.4232054695049654,0.0551102204408817,7.679255610290101
대구,2020,가족·생활,가사수행 격차,0.4232054695049654,0.0551102204408817,7.679255610290101
대구,2021,가족·생활,가사수행 격차,0.8791575122512859,0.0551102204408817,15.952712676850611
대구,2022,가족·생활,가사수행 격차,1.3351095549976066,0.0551102204408817,24.226169743411123
대구,2023,가족·생활,가사수행 격차,1.7910615977439273,0.0551102204408817,32.49962680997164
대구,2024,가족·생활,가사수행 격차,1.7910615977439273,0.0551102204408817,32.49962680997164
대전,2016,가족·생활,가사수행 격차,0.9573608080967626,0.0551102204408817,17.371747026919444
대전,2017,가족·생활,가사수행 격차,0.9573608080967626,0.0551102204408817,17.371747026919444
대전,2018,가족·생활,가사수행 격차,0.9573608080967626,0.0551102204408817,17.371747026919444
대전,2019,가족·생활,가사수행 격차,0.9573608080967626,0.0551102204408817,17.371747026919444
대전,2020,가족·생활,가사수행 격차,0.9573608080967626,0.0551102204408817,17.371747026919444
대전,2021,가족·생활,가사수행 격차,2.372529221917653,0.0551102204408817,43.05062115406942
대전,2022,가족·생활,가사수행 격차,3.787697635738544,0.0551102204408817,68.72949528121941
대전,2023,가족·생활,가사수행 격차,5.202866049559435,0.0551102204408817,94.4083694083694
대전,2024,가족·생활,가사수행 격차,5.202866049559435,0.0551102204408817,94.4083694083694
부산,2016,가족·생활,가사수행 격차,1.231143184014444,0.0551102204408817,22.33965268448028
부산,2017,가족·생활,가사수행 격차,1.231143184014444,0.0551102204408817,22.33965268448028
부산,2018,가족·생활,가사수행 격차,1.231143184014444,0.0551102204408817,22.33965268448028
부산,2019,가족·생활,가사수행 격차,1.231143184014444,0.0551102204408817,22.33965268448028
부산,2020,가족·생활,가사수행 격차,1.231143184014444,0.0551102204408817,22.33965268448028
부산,2021,가족·생활,가사수행 격차,1.2073590713629412,0.0551102204408817,21.908079149458462
부산,2022,가족·생활,가사수행 격차,1.1835749587114393,0.0551102204408817,21.476505614436668
부산,2023,가족·생활,가사수행 격차,1.1597908460599364,0.0551102204408817,21.044932079414853
부산,2024,가족·생활,가사수행 격차,1.1597908460599364,0.0551102204408817,21.044932079414853
서울,2016,가족·생활,가사수행 격차,1.8187167986767176,0.0551102204408817,33.00144300144299
서울,2017,가족·생활,가사수행 격차,1.8187167986767176,0.0551102204408817,33.00144300144299
서울,2018,가족·생활,가사수행 격차,1.8187167986767176,0.0551102204408817,33.00144300144299
서울,2019,가족·생활,가사수행 격차,1.8187167986767176,0.0551102204408817,33.00144300144299
서울,2020,가족·생활,가사수행 격차,1.8187167986767176,0.0551102204408817,33.00144300144299
서울,2021,가족·생활,가사수행 격차,1.743881852374699,0.0551102204408817,31.643528884908186
서울,2022,가족·생활,가사수행 격차,1.6690469060726814,0.0551102204408817,30.28561476837339
서울,2023,가족·생활,가사수행 격차,1.594211959770663,0.0551102204408817,28.927700651838585
서울,2024,가족·생활,가사수행 격차,1.594211959770663,0.0551102204408817,28.927700651838585
세종,2016,가족·생활,가사수행 격차,1.7880862984864088,0.0551102204408817,32.44563865253521
세종,2017,가족·생활,가사수행 격차,1.7880862984864088,0.0551102204408817,32.44563865253521
세종,2018,가족·생활,가사수행 격차,1.7880862984864088,0.0551102204408817,32.44563865253521
세종,2019,가족·생활,가사수행 격차,1.7880862984864088,0.0551102204408817,32.44563865253521
세종,2020,가족·생활,가사수행 격차,1.7880862984864088,0.0551102204408817,32.44563865253521
세종,2021,가족·생활,가사수행 격차,1.8446124140271056,0.0551102204408817,33.47133071271003
세종,2022,가족·생활,가사수행 격차,1.901138529567802,0.0551102204408817,34.497022772884854
세종,2023,가족·생활,가사수행 격차,1.957664645108498,0.0551102204408817,35.522714833059666
세종,2024,가족·생활,가사수행 격차,1.957664645108498,0.0551102204408817,35.522714833059666
울산,2016,가족·생활,가사수행 격차,0.2487734088867389,0.0551102204408817,4.514106583072101
울산,2017,가족·생활,가사수행 격차,0.2487734088867389,0.0551102204408817,4.514106583072101
울산,2018,가족·생활,가사수행 격차,0.2487734088867389,0.0551102204408817,4.514106583072101
울산,2019,가족·생활,가사수행 격차,0.2487734088867389,0.0551102204408817,4.514106583072101
울산,2020,가족·생활,가사수행 격차,0.2487734088867389,0.0551102204408817,4.514106583072101
울산,2021,가족·생활,가사수행 격차,1.2297812190701416,0.0551102204408817,22.314939211490938
울산,2022,가족·생활,가사수행 격차,2.210789029253543,0.0551102204408817,40.11577183990975
울산,2023,가족·생활,가사수행 격차,3.191796839436946,0.0551102204408817,57.91660446832859
울산,2024,가족·생활,가사수행 격차,3.191796839436946,0.0551102204408817,57.91660446832859
인천,2016,가족·생활,가사수행 격차,1.495615752577952,0.0551102204408817,27.138627655869023
인천,2017,가족·생활,가사수행 격차,1.495615752577952,0.0551102204408817,27.138627655869023
인천,2018,가족·생활,가사수행 격차,1.495615752577952,0.0551102204408817,27.138627655869023
인천,2019,가족·생활,가사수행 격차,1.495615752577952,0.0551102204408817,27.138627655869023
인천,2020,가족·생활,가사수행 격차,1.495615752577952,0.0551102204408817,27.138627655869023
인천,2021,가족·생활,가사수행 격차,1.5918536580550258,0.0551102204408817,28.884908195253026
인천,2022,가족·생활,가사수행 격차,1.688091563532099,0.0551102204408817,30.631188734637004
인천,2023,가족·생활,가사수행 격차,1.7843294690091729,0.0551102204408817,32.377469274020996
인천,2024,가족·생활,가사수행 격차,1.7843294690091729,0.0551102204408817,32.377469274020996
전남,2016,가족·생활,가사수행 격차,1.065294244756618,0.0551102204408817,19.330248295765543
전남,2017,가족·생활,가사수행 격차,1.065294244756618,0.0551102204408817,19.330248295765543
전남,2018,가족·생활,가사수행 격차,1.065294244756618,0.0551102204408817,19.330248295765543
전남,2019,가족·생활,가사수행 격차,1.065294244756618,0.0551102204408817,19.330248295765543
전남,2020,가족·생활,가사수행 격차,1.065294244756618,0.0551102204408817,19.330248295765543
전남,2021,가족·생활,가사수행 격차,1.4377002499799818,0.0551102204408817,26.087724536000405
전남,2022,가족·생활,가사수행 격차,1.8101062552033451,0.0551102204408817,32.84520077623526
전남,2023,가족·생활,가사수행 격차,2.1825122604267095,0.0551102204408817,39.602677016470125
전남,2024,가족·생활,가사수행 격차,2.1825122604267095,0.0551102204408817,39.602677016470125
전북,2016,가족·생활,가사수행 격차,1.3648671179249576,0.0551102204408817,24.766134248892875
전북,2017,가족·생활,가사수행 격차,1.3648671179249576,0.0551102204408817,24.766134248892875
전북,2018,가족·생활,가사수행 격차,1.3648671179249576,0.0551102204408817,24.766134248892875
전북,2019,가족·생활,가사수행 격차,1.3648671179249576,0.0551102204408817,24.766134248892875
전북,2020,가족·생활,가사수행 격차,1.3648671179249576,0.0551102204408817,24.766134248892875
전북,2021,가족·생활,가사수행 격차,2.3057792285903673,0.0551102204408817,41.83941218423977
전북,2022,가족·생활,가사수행 격차,3.246691339255778,0.0551102204408817,58.91269011958668
전북,2023,가족·생활,가사수행 격차,4.187603449921188,0.0551102204408817,75.98596805493356
전북,2024,가족·생활,가사수행 격차,4.187603449921188,0.0551102204408817,75.98596805493356
제주,2016,가족·생활,가사수행 격차,2.5369979148225283,0.0551102204408817,46.03498034532516
제주,2017,가족·생활,가사수행 격차,2.5369979148225283,0.0551102204408817,46.03498034532516
제주,2018,가족·생활,가사수행 격차,2.5369979148225283,0.0551102204408817,46.03498034532516
제주,2019,가족·생활,가사수행 격차,2.5369979148225283,0.0551102204408817,46.03498034532516
제주,2020,가족·생활,가사수행 격차,2.5369979148225283,0.0551102204408817,46.03498034532516
제주,2021,가족·생활,가사수행 격차,2.6356124034238873,0.0551102204408817,47.82438506576437
제주,2022,가족·생활,가사수행 격차,2.734226892025246,0.0551102204408817,49.61378978620357
제주,2023,가족·생활,가사수행 격차,2.832841380626606,0.0551102204408817,51.40319450664279
제주,2024,가족·생활,가사수행 격차,2.832841380626606,0.0551102204408817,51.40319450664279
충남,2016,가족·생활,가사수행 격차,1.686103460341592,0.0551102204408817,30.595113698561985
충남,2017,가족·생활,가사수행 격차,1.686103460341592,0.0551102204408817,30.595113698561985
충남,2018,가족·생활,가사수행 격차,1.686103460341592,0.0551102204408817,30.595113698561985
충남,2019,가족·생활,가사수행 격차,1.686103460341592,0.0551102204408817,30.595113698561985
충남,2020,가족·생활,가사수행 격차,1.686103460341592,0.0551102204408817,30.595113698561985
충남,2021,가족·생활,가사수행 격차,2.00546595837177,0.0551102204408817,36.3900913900914
충남,2022,가족·생활,가사수행 격차,2.324828456401947,0.0551102204408817,42.1850690816208
충남,2023,가족·생활,가사수행 격차,2.644190954432125,0.0551102204408817,47.98004677315021
충남,2024,가족·생활,가사수행 격차,2.644190954432125,0.0551102204408817,47.98004677315021
충북,2016,가족·생활,가사수행 격차,1.432476337458716,0.0551102204408817,25.992934268796343
충북,2017,가족·생활,가사수행 격차,1.432476337458716,0.0551102204408817,25.992934268796343
충북,2018,가족·생활,가사수행 격차,1.432476337458716,0.0551102204408817,25.992934268796343
충북,2019,가족·생활,가사수행 격차,1.432476337458716,0.0551102204408817,25.992934268796343
충북,2020,가족·생활,가사수행 격차,1.432476337458716,0.0551102204408817,25.992934268796343
충북,2021,가족·생활,가사수행 격차,2.021023437131514,0.0551102204408817,36.67238891376821
충북,2022,가족·생활,가사수행 격차,2.609570536804314,0.0551102204408817,47.351843558740114
충북,2023,가족·생활,가사수행 격차,3.1981176364771136,0.0551102204408817,58.031298203712005
충북,2024,가족·생활,가사수행 격차,3.1981176364771136,0.0551102204408817,58.031298203712005
강원,2016,가족·생활,여가 인프라,1.233086709068577,0.0270541082164328,45.57853835742373
강원,2017,가족·생활,여가 인프라,1.266474156533491,0.0270541082164328,46.812637341497194
강원,2018,가족·생활,여가 인프라,1.2735516045274402,0.0270541082164328,47.07424078956984
강원,2019,가족·생활,여가 인프라,1.3642859750922534,0.0270541082164328,50.428051968224786
강원,2020,가족·생활,여가 인프라,1.3775572008034185,0.0270541082164328,50.918595792659694
강원,2021,가족·생활,여가 인프라,1.4125637530844577,0.0270541082164328,52.212541688084784
강원,2022,가족·생활,여가 인프라,1.6074668549831324,0.0270541082164328,59.41673782493209
강원,2023,가족·생활,여가 인프라,1.7955711349156038,0.0270541082164328,66.36962935725086
강원,2024,가족·생활,여가 인프라,1.8117209642514829,0.0270541082164328,66.96657490085113
경기,2016,가족·생활,여가 인프라,0.3875043391705604,0.0270541082164328,14.323308536748865
경기,2017,가족·생활,여가 인프라,0.3943031611367639,0.0270541082164328,14.574613141277426
경기,2018,가족·생활,여가 인프라,0.4968083696271964,0.0270541082164328,18.36350936622008
경기,2019,가족·생활,여가 인프라,0.6092712478534098,0.0270541082164328,22.52047056880382
경기,2020,가족·생활,여가 인프라,0.5343345888730806,0.0270541082164328,19.750589618345725
경기,2021,가족·생활,여가 인프라,0.4779744086930497,0.0270541082164328,17.667350365765323
경기,2022,가족·생활,여가 인프라,0.7169556610988956,0.0270541082164328,26.50080554728511
경기,2023,가족·생활,여가 인프라,0.9510836145759052,0.0270541082164328,35.15486842025014
경기,2024,가족·생활,여가 인프라,0.9522969393081144,0.0270541082164328,35.199716497388835
경남,2016,가족·생활,여가 인프라,0.7440098854115184,0.0270541082164328,27.50080983854428
경남,2017,가족·생활,여가 인프라,0.7538420192082447,0.0270541082164328,27.86423463591957
경남,2018,가족·생활,여가 인프라,0.7735556981848714,0.0270541082164328,28.592910621796364
경남,2019,가족·생활,여가 인프라,0.8008003974328597,0.0270541082164328,29.599955431036825
경남,2020,가족·생활,여가 인프라,0.7959097969903576,0.0270541082164328,29.419184348013967
경남,2021,가족·생활,여가 인프라,0.7805804003850245,0.0270541082164328,28.85256442904647
경남,2022,가족·생활,여가 인프라,0.9575760979416352,0.0270541082164328,35.394849842435264
경남,2023,가족·생활,여가 인프라,1.1166019790640531,0.0270541082164328,41.272917596515754
경남,2024,가족·생활,여가 인프라,1.1178153037962624,0.0270541082164328,41.31776567365445
경북,2016,가족·생활,여가 인프라,0.6778231546444321,0.0270541082164328,25.054352160560867
경북,2017,가족·생활,여가 인프라,0.6944541104073622,0.0270541082164328,25.66908156246473
경북,2018,가족·생활,여가 인프라,0.7446645121269528,0.0270541082164328,27.52500678158145
경북,2019,가족·생활,여가 인프라,0.8073847689857941,0.0270541082164328,29.84333331288233
경북,2020,가족·생활,여가 인프라,0.7865573425868364,0.0270541082164328,29.073489922283812
경북,2021,가족·생활,여가 인프라,0.7234936051095044,0.0270541082164328,26.742467329603173
경북,2022,가족·생활,여가 인프라,0.9317399552890602,0.0270541082164328,34.43986945846231
경북,2023,가족·생활,여가 인프라,1.1016200231358113,0.0270541082164328,40.71914011442741
경북,2024,가족·생활,여가 인프라,1.1133976799699048,0.0270541082164328,41.154477207776495
광주,2016,가족·생활,여가 인프라,0.4721301834412668,0.0270541082164328,17.45133048423646
광주,2017,가족·생활,여가 인프라,0.4900999998754595,0.0270541082164328,18.115548143544768
광주,2018,가족·생활,여가 인프라,0.5355811403986518,0.0270541082164328,19.796665856216837
광주,2019,가족·생활,여가 인프라,0.6011031563324554,0.0270541082164328,22.21855370443669
광주,2020,가족·생활,여가 인프라,0.5889400147099105,0.0270541082164328,21.76896795112929
광주,2021,가족·생활,여가 인프라,0.5322394484836251,0.0270541082164328,19.673147021728077
광주,2022,가족·생활,여가 인프라,0.754583600101759,0.0270541082164328,27.89164566302058
광주,2023,가족·생활,여가 인프라,0.999750867082922,0.0270541082164328,36.95375427217617
광주,2024,가족·생활,여가 인프라,1.0127418486492248,0.0270541082164328,37.43393944266395
대구,2016,가족·생활,여가 인프라,0.0171120821899811,0.0270541082164328,0.632513260207452
대구,2017,가족·생활,여가 인프라,0.0233042417900802,0.0270541082164328,0.8613938261666699
대구,2018,가족·생활,여가 인프라,0.1361401183724925,0.0270541082164328,5.032142153175838
대구,2019,가족·생활,여가 인프라,0.267552473755201,0.0270541082164328,9.889532178062618
대구,2020,가족·생활,여가 인프라,0.3822692583741474,0.0270541082164328,14.129804439162934
대구,2021,가족·생활,여가 인프라,0.489224968172788,0.0270541082164328,18.0832043791275
대구,2022,가족·생활,여가 인프라,0.6144939750241128,0.0270541082164328,22.713518039780176
대구,2023,가족·생활,여가 인프라,0.7753260069266614,0.0270541082164328,28.65834647825216
대구,2024,가족·생활,여가 인프라,0.7889236508590688,0.0270541082164328,29.160955687309293
대전,2016,가족·생활,여가 인프라,0.4395389365264027,0.0270541082164328,16.246661431605556
대전,2017,가족·생활,여가 인프라,0.4436600371500812,0.0270541082164328,16.398989521325227
대전,2018,가족·생활,여가 인프라,0.4660287061328765,0.0270541082164328,17.22580180446707
대전,2019,가족·생활,여가 인프라,0.4999449774008203,0.0270541082164328,18.47944768318588
대전,2020,가족·생활,여가 인프라,0.5969689636513732,0.0270541082164328,22.065741693484096
대전,2021,가족·생활,여가 인프라,0.6935118234748748,0.0270541082164328,25.634251845478715
대전,2022,가족·생활,여가 인프라,0.9150207258962102,0.0270541082164328,33.821877201645115
대전,2023,가족·생활,여가 인프라,1.1501272722499538,0.0270541082164328,42.51211176686868
대전,2024,가족·생활,여가 인프라,1.1593527436805755,0.0270541082164328,42.853112525674625
부산,2016,가족·생활,여가 인프라,0.198701046146852,0.0270541082164328,7.3445794094280865
부산,2017,가족·생활,여가 인프라,0.2165453266419912,0.0270541082164328,8.00415688847064
부산,2018,가족·생활,여가 인프라,0.1919794719411702,0.0270541082164328,7.096130111010664
부산,2019,가족·생활,여가 인프라,0.2225153739459735,0.0270541082164328,8.224827525854876
부산,2020,가족·생활,여가 인프라,0.2820248906598551,0.0270541082164328,10.424475588093909
부산,2021,가족·생활,여가 인프라,0.3505088069262517,0.0270541082164328,12.955844048607384
부산,2022,가족·생활,여가 인프라,0.6389282566639501,0.0270541082164328,23.616681487060088
부산,2023,가족·생활,여가 인프라,0.8993157016217853,0.0270541082164328,33.24137297105711
부산,2024,가족·생활,여가 인프라,0.9067211859540936,0.0270541082164328,33.51510161415502
서울,2016,가족·생활,여가 인프라,0.434588212599602,0.0270541082164328,16.063668006459366
서울,2017,가족·생활,여가 인프라,0.4475791941659047,0.0270541082164328,16.54385317694715
서울,2018,가족·생활,여가 인프라,0.5299121055355374,0.0270541082164328,19.587121530535793
서울,2019,가족·생활,여가 인프라,0.6054461949389666,0.0270541082164328,22.37908527959588
서울,2020,가족·생활,여가 인프라,0.5971816651495706,0.0270541082164328,22.073603771084137
서울,2021,가족·생활,여가 인프라,0.6143969547365671,0.0270541082164328,22.70993188248497
서울,2022,가족·생활,여가 인프라,0.82485109494928,0.0270541082164328,30.48894047256969
서울,2023,가족·생활,여가 인프라,1.0340919104297837,0.0270541082164328,38.22310098551572
서울,2024,가족·생활,여가 인프라,1.0408907323959873,0.0270541082164328,38.474405590044285
세종,2016,가족·생활,여가 인프라,1.3556486178332412,0.0270541082164328,50.10878965176204
세종,2017,가족·생활,여가 인프라,1.2272662507680183,0.0270541082164328,45.363396972832696
세종,2018,가족·생활,여가 인프라,1.411120836266747,0.0270541082164328,52.159207207193106
세종,2019,가족·생활,여가 인프라,1.5682612603277115,0.0270541082164328,57.967582881742835
세종,2020,가족·생활,여가 인프라,1.341642874740645,0.0270541082164328,49.59109588856163
세종,2021,가족·생활,여가 인프라,1.1022845794653815,0.0270541082164328,40.74370408542411
세종,2022,가족·생활,여가 인프라,1.3618144736792637,0.0270541082164328,50.336697953033536
세종,2023,가족·생활,여가 인프라,1.605675664984318,0.0270541082164328,59.35053013534629
세종,2024,가족·생활,여가 인프라,1.645380807988384,0.0270541082164328,60.818149865644735
울산,2016,가족·생활,여가 인프라,0.3696165698373823,0.0270541082164328,13.662123581396578
울산,2017,가족·생활,여가 인프라,0.377628716535795,0.0270541082164328,13.958276263063835
울산,2018,가족·생활,여가 인프라,0.5272040903169718,0.0270541082164328,19.487025264308816
울산,2019,가족·생활,여가 인프라,0.6902515720915023,0.0270541082164328,25.51374329434517
울산,2020,가족·생활,여가 인프라,0.7514028239503403,0.0270541082164328,27.774074751942216
울산,2021,가족·생활,여가 인프라,0.7933709346427765,0.0270541082164328,29.325340473092268
울산,2022,가족·생활,여가 인프라,0.7862838229298188,0.0270541082164328,29.06337982533183
울산,2023,가족·생활,여가 인프라,0.7946143422475817,0.0270541082164328,29.371300502336545
울산,2024,가족·생활,여가 인프라,0.7952210046136863,0.0270541082164328,29.393724540905893
인천,2016,가족·생활,여가 인프라,0.3069599477453399,0.0270541082164328,11.34614917962405
인천,2017,가족·생활,여가 인프라,0.3125454449793344,0.0270541082164328,11.55260570701392
인천,2018,가족·생활,여가 인프라,0.4626879219452027,0.0270541082164328,17.10231652227083
인천,2019,가족·생활,여가 인프라,0.6229136045859034,0.0270541082164328,23.02473249543451
인천,2020,가족·생활,여가 인프라,0.6433252470682527,0.0270541082164328,23.77920728052283
인천,2021,가족·생활,여가 인프라,0.6522103045946134,0.0270541082164328,24.107625332793493
인천,2022,가족·생활,여가 인프라,0.7734200411417651,0.0270541082164328,28.587896335536364
인천,2023,가족·생활,여가 인프라,0.9008219372890148,0.0270541082164328,33.29704790423841
인천,2024,가족·생활,여가 인프라,0.8963242288481761,0.0270541082164328,33.13079927372148
전남,2016,가족·생활,여가 인프라,0.8719512261039877,0.0270541082164328,32.22990087599185
전남,2017,가족·생활,여가 인프라,0.9156519337926788,0.0270541082164328,33.84520851574421
전남,2018,가족·생활,여가 인프라,1.0043635363724808,0.0270541082164328,37.12425219628652
전남,2019,가족·생활,여가 인프라,1.1168815244985777,0.0270541082164328,41.28325042405855
전남,2020,가족·생활,여가 인프라,1.2478259770164777,0.0270541082164328,46.12334537268314
전남,2021,가족·생활,여가 인프라,1.3536462006459844,0.0270541082164328,50.03477437943307
전남,2022,가족·생활,여가 인프라,1.446755188056137,0.0270541082164328,53.476358432593514
전남,2023,가족·생활,여가 인프라,1.4718759558042531,0.0270541082164328,54.40489644046834
전남,2024,가족·생활,여가 인프라,1.492879084068969,0.0270541082164328,55.18123429262339
전북,2016,가족·생활,여가 인프라,0.6450253390605148,0.0270541082164328,23.842047717866443
전북,2017,가족·생활,여가 인프라,0.6690617791557532,0.0270541082164328,24.730505762868216
전북,2018,가족·생활,여가 인프라,0.716507972240511,0.0270541082164328,26.48425764059371
전북,2019,가족·생활,여가 인프라,0.8296412714619404,0.0270541082164328,30.665999589593216
전북,2020,가족·생활,여가 인프라,0.9024532862360964,0.0270541082164328,33.35734739494906
전북,2021,가족·생활,여가 인프라,0.8966292479656051,0.0270541082164328,33.142073684062005
전북,2022,가족·생활,여가 인프라,1.153180104263564,0.0270541082164328,42.62495348351989
전북,2023,가족·생활,여가 인프라,1.360800346126835,0.0270541082164328,50.299212793873394
전북,2024,가족·생활,여가 인프라,1.3822846008186014,0.0270541082164328,51.09333450433202
제주,2016,가족·생활,여가 인프라,1.648516988146119,0.0270541082164328,60.93407237666027
제주,2017,가족·생활,여가 인프라,1.6438937437662264,0.0270541082164328,60.76318356587757
제주,2018,가족·생활,여가 인프라,1.592420444280107,0.0270541082164328,58.86057790339065
제주,2019,가족·생활,여가 인프라,1.5050075119256028,0.0270541082164328,55.62953692228711
제주,2020,가족·생활,여가 인프라,1.6080095795468283,0.0270541082164328,59.43679853287909
제주,2021,가족·생활,여가 인프라,1.690134054842391,0.0270541082164328,62.47236247158173
제주,2022,가족·생활,여가 인프라,1.8756697918869387,0.0270541082164328,69.33031304826538
제주,2023,가족·생활,여가 인프라,2.0184670740968977,0.0270541082164328,74.60852370180388
제주,2024,가족·생활,여가 인프라,2.0357046922259325,0.0270541082164328,75.24567714227709
충남,2016,가족·생활,여가 인프라,0.6036828248615238,0.0270541082164328,22.313905896733367
충남,2017,가족·생활,여가 인프라,0.6068416726311001,0.0270541082164328,22.430666269845855
충남,2018,가족·생활,여가 인프라,0.7071932862364338,0.0270541082164328,26.139959246813376
충남,2019,가족·생활,여가 인프라,0.8182347678827057,0.0270541082164328,30.244381420257056
충남,2020,가족·생활,여가 인프라,0.8050448318260682,0.0270541082164328,29.75684230231171
충남,2021,가족·생활,여가 인프라,0.8146780111324599,0.0270541082164328,30.11291315222945
충남,2022,가족·생활,여가 인프라,0.9913777004341724,0.0270541082164328,36.64425722345571
충남,2023,가족·생활,여가 인프라,1.14464761200675,0.0270541082164328,42.30956728824951
충남,2024,가족·생활,여가 인프라,1.1582452559391572,0.0270541082164328,42.81217649730664
충북,2016,가족·생활,여가 인프라,0.5783322495748306,0.0270541082164328,21.376873521321524
충북,2017,가족·생활,여가 인프라,0.5905910328359752,0.0270541082164328,21.829994472974203
충북,2018,가족·생활,여가 인프라,0.6474010828790728,0.0270541082164328,23.929862248641292
충북,2019,가족·생활,여가 인프라,0.7282475730174075,0.0270541082164328,26.91818806931011
충북,2020,가족·생활,여가 인프라,0.719983413025724,0.0270541082164328,26.61272022961751
충북,2021,가족·생활,여가 인프라,0.7185180750002433,0.0270541082164328,26.558556994453447
충북,2022,가족·생활,여가 인프라,0.9597606424049134,0.0270541082164328,35.47559707852236
충북,2023,가족·생활,여가 인프라,1.188744426548439,0.0270541082164328,43.93951621093861
충북,2024,가족·생활,여가 인프라,1.203074268786004,0.0270541082164328,44.469189638830834
강원,2016,보건·안전,의료서비스 여건,1.9976700966887089,0.0721442885771543,27.689927173546273
강원,2017,보건·안전,의료서비스 여건,2.135652922848358,0.0721442885771543,29.602522458370306
강원,2018,보건·안전,의료서비스 여건,2.132819824578097,0.0721442885771543,29.56325256845751
강원,2019,보건·안전,의료서비스 여건,2.0638835787353615,0.0721442885771543,28.607719605248487
강원,2020,보건·안전,의료서비스 여건,2.128786008417205,0.0721442885771543,29.507339394449595
강원,2021,보건·안전,의료서비스 여건,2.373027327061523,0.0721442885771543,32.89279545010279
강원,2022,보건·안전,의료서비스 여건,2.5588773051883376,0.0721442885771543,35.46888264691613
강원,2023,보건·안전,의료서비스 여건,2.6704022265874725,0.0721442885771543,37.01474197408747
강원,2024,보건·안전,의료서비스 여건,2.8759642693604652,0.0721442885771543,39.8640602891909
경기,2016,보건·안전,의료서비스 여건,2.1110317456959535,0.0721442885771543,29.26124558617447
경기,2017,보건·안전,의료서비스 여건,2.1934982371253255,0.0721442885771543,30.40432278682049
경기,2018,보건·안전,의료서비스 여건,2.2562152254132126,0.0721442885771543,31.273649930033148
경기,2019,보건·안전,의료서비스 여건,2.242870987120715,0.0721442885771543,31.088683960367693
경기,2020,보건·안전,의료서비스 여건,2.3709965587980997,0.0721442885771543,32.86464674556255
경기,2021,보건·안전,의료서비스 여건,2.3387252786777957,0.0721442885771543,32.417330946117225
경기,2022,보건·안전,의료서비스 여건,2.3771911258113,0.0721442885771543,32.95051032721774
경기,2023,보건·안전,의료서비스 여건,2.113056522286211,0.0721442885771543,29.289311239467207
경기,2024,보건·안전,의료서비스 여건,2.2311770514727156,0.0721442885771543,30.92659301902459
경남,2016,보건·안전,의료서비스 여건,2.399550583092669,0.0721442885771543,33.260437248978945
경남,2017,보건·안전,의료서비스 여건,2.4968266996355046,0.0721442885771543,34.608792308836584
경남,2018,보건·안전,의료서비스 여건,2.5352853833730222,0.0721442885771543,35.1418723973094
경남,2019,보건·안전,의료서비스 여건,2.362378429778156,0.0721442885771543,32.74518990164722
경남,2020,보건·안전,의료서비스 여건,2.351982187218997,0.0721442885771543,32.60108642839666
경남,2021,보건·안전,의료서비스 여건,2.522979181368696,0.0721442885771543,34.97129476397165
경남,2022,보건·안전,의료서비스 여건,2.6415638083384607,0.0721442885771543,36.615009454469224
경남,2023,보건·안전,의료서비스 여건,2.46702496034988,0.0721442885771543,34.195707089294174
경남,2024,보건·안전,의료서비스 여건,2.564655914389096,0.0721442885771543,35.54898059111553
경북,2016,보건·안전,의료서비스 여건,1.6716817450109065,0.0721442885771543,23.171366410012286
경북,2017,보건·안전,의료서비스 여건,1.6879764107285435,0.0721442885771543,23.39722858204287
경북,2018,보건·안전,의료서비스 여건,1.711529122975821,0.0721442885771543,23.72369534347041
경북,2019,보건·안전,의료서비스 여건,1.568667719073013,0.0721442885771543,21.743477550484265
경북,2020,보건·안전,의료서비스 여건,1.6455492778218612,0.0721442885771543,22.80914137869747
경북,2021,보건·안전,의료서비스 여건,1.3924810746820722,0.0721442885771543,19.301334896287617
경북,2022,보건·안전,의료서비스 여건,1.0744122526024835,0.0721442885771543,14.892547612462208
경북,2023,보건·안전,의료서비스 여건,0.8272914304985813,0.0721442885771543,11.467178439410892
경북,2024,보건·안전,의료서비스 여건,1.000298863717857,0.0721442885771543,13.865253694311408
광주,2016,보건·안전,의료서비스 여건,3.637416861170762,0.0721442885771543,50.41863927011695
광주,2017,보건·안전,의료서비스 여건,3.8242407437260746,0.0721442885771543,53.00822586442532
광주,2018,보건·안전,의료서비스 여건,3.818374914439258,0.0721442885771543,52.926918952921945
광주,2019,보건·안전,의료서비스 여건,3.811512091564638,0.0721442885771543,52.83179260252096
광주,2020,보건·안전,의료서비스 여건,3.698950002487976,0.0721442885771543,51.271556978930555
광주,2021,보건·안전,의료서비스 여건,3.842912454723383,0.0721442885771543,53.267036525193575
광주,2022,보건·안전,의료서비스 여건,3.805225389588511,0.0721442885771543,52.74465192790742
광주,2023,보건·안전,의료서비스 여건,3.6516566151261034,0.0721442885771543,50.61601808188683
광주,2024,보건·안전,의료서비스 여건,3.454183160604943,0.0721442885771543,47.87881658727408
대구,2016,보건·안전,의료서비스 여건,2.857093128406114,0.0721442885771543,39.6024853076292
대구,2017,보건·안전,의료서비스 여건,3.079363739625477,0.0721442885771543,42.68340294647537
대구,2018,보건·안전,의료서비스 여건,3.02118359493939,0.0721442885771543,41.876961496521
대구,2019,보건·안전,의료서비스 여건,3.137688765789348,0.0721442885771543,43.49185261469125
대구,2020,보건·안전,의료서비스 여건,3.279910189192055,0.0721442885771543,45.463199566856545
대구,2021,보건·안전,의료서비스 여건,3.4391016184085066,0.0721442885771543,47.66976965516236
대구,2022,보건·안전,의료서비스 여건,3.489550359364295,0.0721442885771543,48.36904525896621
대구,2023,보건·안전,의료서비스 여건,3.2586186757645432,0.0721442885771543,45.16807553351409
대구,2024,보건·안전,의료서비스 여건,3.427416363877804,0.0721442885771543,47.50779904375068
대전,2016,보건·안전,의료서비스 여건,5.0177580669831485,0.0721442885771543,69.55170209512754
대전,2017,보건·안전,의료서비스 여건,5.20700518319945,0.0721442885771543,72.17487740045905
대전,2018,보건·안전,의료서비스 여건,5.515586969006178,0.0721442885771543,76.4521638203912
대전,2019,보건·안전,의료서비스 여건,5.465127874326429,0.0721442885771543,75.75274470246913
대전,2020,보건·안전,의료서비스 여건,5.180866388831813,0.0721442885771543,71.81256466741875
대전,2021,보건·안전,의료서비스 여건,5.338807592868407,0.0721442885771543,74.00180524559265
대전,2022,보건·안전,의료서비스 여건,5.243134213123641,0.0721442885771543,72.67566589857492
대전,2023,보건·안전,의료서비스 여건,4.638640800222719,0.0721442885771543,64.29671553642048
대전,2024,보건·안전,의료서비스 여건,4.436683813441155,0.0721442885771543,61.497367302976016
부산,2016,보건·안전,의료서비스 여건,4.307057053584065,0.0721442885771543,59.70059638162357
부산,2017,보건·안전,의료서비스 여건,4.328555996299835,0.0721442885771543,59.99859561537828
부산,2018,보건·안전,의료서비스 여건,4.355492574016594,0.0721442885771543,60.37196651206336
부산,2019,보건·안전,의료서비스 여건,4.05293105231475,0.0721442885771543,56.17812764180724
부산,2020,보건·안전,의료서비스 여건,3.876676208180301,0.0721442885771543,53.73503966338807
부산,2021,보건·안전,의료서비스 여건,4.153764058229834,0.0721442885771543,57.575785140463545
부산,2022,보건·안전,의료서비스 여건,4.267370758651487,0.0721442885771543,59.15050023797479
부산,2023,보건·안전,의료서비스 여건,4.25436863765424,0.0721442885771543,58.97027639415184
부산,2024,보건·안전,의료서비스 여건,4.259886564253376,0.0721442885771543,59.04676098784542
서울,2016,보건·안전,의료서비스 여건,3.8454809121786977,0.0721442885771543,53.30263819936584
서울,2017,보건·안전,의료서비스 여건,3.929237324935684,0.0721442885771543,54.46359514285852
서울,2018,보건·안전,의료서비스 여건,3.9378779323710207,0.0721442885771543,54.58336356258721
서울,2019,보건·안전,의료서비스 여건,4.005856087013148,0.0721442885771543,55.52561631721004
서울,2020,보건·안전,의료서비스 여건,4.062945226325009,0.0721442885771543,56.31693522044944
서울,2021,보건·안전,의료서비스 여건,4.065818910396038,0.0721442885771543,56.3567676746562
서울,2022,보건·안전,의료서비스 여건,3.829533084193582,0.0721442885771543,53.08158358368327
서울,2023,보건·안전,의료서비스 여건,3.71658707606958,0.0721442885771543,51.516026415520024
서울,2024,보건·안전,의료서비스 여건,3.8792771128600414,0.0721442885771543,53.77109109214336
세종,2016,보건·안전,의료서비스 여건,0.9810286302957432,0.0721442885771543,13.598146847710444
세종,2017,보건·안전,의료서비스 여건,0.6902605786877745,0.0721442885771543,9.567778576811095
세종,2018,보건·안전,의료서비스 여건,2.028809294755163,0.0721442885771543,28.121551057856287
세종,2019,보건·안전,의료서비스 여건,1.6637917115141003,0.0721442885771543,23.06200177904267
세종,2020,보건·안전,의료서비스 여건,2.3483078241501043,0.0721442885771543,32.550155673636176
세종,2021,보건·안전,의료서비스 여건,3.785938062990038,0.0721442885771543,52.4773081508897
세종,2022,보건·안전,의료서비스 여건,3.873320082640002,0.0721442885771543,53.688520034371145
세종,2023,보건·안전,의료서비스 여건,4.108928554611499,0.0721442885771543,56.95431524308717
세종,2024,보건·안전,의료서비스 여건,4.860151858121148,0.0721442885771543,67.36710492229037
울산,2016,보건·안전,의료서비스 여건,2.5239828244978364,0.0721442885771543,34.98520637290057
울산,2017,보건·안전,의료서비스 여건,2.5344288778152824,0.0721442885771543,35.13000027860628
울산,2018,보건·안전,의료서비스 여건,2.4871331153112246,0.0721442885771543,34.47442845945281
울산,2019,보건·안전,의료서비스 여건,2.4992046290385597,0.0721442885771543,34.64175305250671
울산,2020,보건·안전,의료서비스 여건,2.4931637042676265,0.0721442885771543,34.55801912304294
울산,2021,보건·안전,의료서비스 여건,2.642193400228567,0.0721442885771543,36.623736297612645
울산,2022,보건·안전,의료서비스 여건,2.6649030242937033,0.0721442885771543,36.93851692007106
울산,2023,보건·안전,의료서비스 여건,2.6787512600512606,0.0721442885771543,37.13046885459942
울산,2024,보건·안전,의료서비스 여건,2.345055223233869,0.0721442885771543,32.505071010936135
인천,2016,보건·안전,의료서비스 여건,1.9628294854402368,0.0721442885771543,27.206997589852172
인천,2017,보건·안전,의료서비스 여건,2.0280693612065908,0.0721442885771543,28.111294756724693
인천,2018,보건·안전,의료서비스 여건,2.1734369659757418,0.0721442885771543,30.12625127838598
인천,2019,보건·안전,의료서비스 여건,2.3259527303100405,0.0721442885771543,32.240289234019734
인천,2020,보건·안전,의료서비스 여건,2.009323880313441,0.0721442885771543,27.851461563233535
인천,2021,보건·안전,의료서비스 여건,2.054665783512802,0.0721442885771543,28.479950721469123
인천,2022,보건·안전,의료서비스 여건,2.0315916989562695,0.0721442885771543,28.16011827164385
인천,2023,보건·안전,의료서비스 여건,2.199951513664864,0.0721442885771543,30.493772369965757
인천,2024,보건·안전,의료서비스 여건,2.211910039652193,0.0721442885771543,30.659530827401237
전남,2016,보건·안전,의료서비스 여건,0.651633480555988,0.0721442885771543,9.032364077706614
전남,2017,보건·안전,의료서비스 여건,0.7331688136915271,0.0721442885771543,10.16253438977978
전남,2018,보건·안전,의료서비스 여건,0.7164633479723884,0.0721442885771543,9.93097807328394
전남,2019,보건·안전,의료서비스 여건,0.85980280292695,0.0721442885771543,11.917822185015226
전남,2020,보건·안전,의료서비스 여건,0.6779038678128704,0.0721442885771543,9.396500834406178
전남,2021,보건·안전,의료서비스 여건,0.7464955520259413,0.0721442885771543,10.3472577905818
전남,2022,보건·안전,의료서비스 여건,0.6065453909328107,0.0721442885771543,8.407393057652016
전남,2023,보건·안전,의료서비스 여건,0.3171740713949231,0.0721442885771543,4.396385045168519
전남,2024,보건·안전,의료서비스 여건,0.5551511373780356,0.0721442885771543,7.695011598656661
전북,2016,보건·안전,의료서비스 여건,3.200502794074394,0.0721442885771543,44.36252484008675
전북,2017,보건·안전,의료서비스 여건,3.3438939535859142,0.0721442885771543,46.35008563442698
전북,2018,보건·안전,의료서비스 여건,3.399711419738272,0.0721442885771543,47.1237777347055
전북,2019,보건·안전,의료서비스 여건,3.2939826037459867,0.0721442885771543,45.65825886859021
전북,2020,보건·안전,의료서비스 여건,3.255182310429832,0.0721442885771543,45.12044369179129
전북,2021,보건·안전,의료서비스 여건,3.1865907760170584,0.0721442885771543,44.16968881201424
전북,2022,보건·안전,의료서비스 여건,2.9948701088985152,0.0721442885771543,41.51222734278776
전북,2023,보건·안전,의료서비스 여건,2.7289609008069102,0.0721442885771543,37.82643026396246
전북,2024,보건·안전,의료서비스 여건,2.7145864473463375,0.0721442885771543,37.62718436738396
제주,2016,보건·안전,의료서비스 여건,1.785825036640666,0.0721442885771543,24.75351925788035
제주,2017,보건·안전,의료서비스 여건,1.8113059857316305,0.0721442885771543,25.106713524446768
제주,2018,보건·안전,의료서비스 여건,1.9644543868100657,0.0721442885771543,27.22952052828397
제주,2019,보건·안전,의료서비스 여건,1.9304442497469796,0.0721442885771543,26.758102239548418
제주,2020,보건·안전,의료서비스 여건,2.038545030272886,0.0721442885771543,28.256499169615843
제주,2021,보건·안전,의료서비스 여건,2.020944556473621,0.0721442885771543,28.01253704667603
제주,2022,보건·안전,의료서비스 여건,2.0248400079166373,0.0721442885771543,28.066532331955617
제주,2023,보건·안전,의료서비스 여건,1.8221193864570848,0.0721442885771543,25.25659927339126
제주,2024,보건·안전,의료서비스 여건,1.8118633573960188,0.0721442885771543,25.11443931501704
충남,2016,보건·안전,의료서비스 여건,2.764385313151864,0.0721442885771543,38.31745197952167
충남,2017,보건·안전,의료서비스 여건,2.7847187219252354,0.0721442885771543,38.59929561779702
충남,2018,보건·안전,의료서비스 여건,2.7062460898585914,0.0721442885771543,37.51157774553992
충남,2019,보건·안전,의료서비스 여건,2.435064099800101,0.0721442885771543,33.752694050006966
충남,2020,보건·안전,의료서비스 여건,2.2884732853650793,0.0721442885771543,31.720782483254855
충남,2021,보건·안전,의료서비스 여건,2.3811199875360005,0.0721442885771543,33.00496871612401
충남,2022,보건·안전,의료서비스 여건,2.200002722658536,0.0721442885771543,30.494482183516936
충남,2023,보건·안전,의료서비스 여건,1.7009757141880009,0.0721442885771543,23.57741337166146
충남,2024,보건·안전,의료서비스 여건,1.6024413209341104,0.0721442885771543,22.21161719850337
충북,2016,보건·안전,의료서비스 여건,2.4038182881725,0.0721442885771543,33.31959238327993
충북,2017,보건·안전,의료서비스 여건,2.387193431260791,0.0721442885771543,33.089153394420414
충북,2018,보건·안전,의료서비스 여건,2.3178824219028455,0.0721442885771543,32.12842579248667
충북,2019,보건·안전,의료서비스 여건,2.257623954594031,0.0721442885771543,31.293176481733937
충북,2020,보건·안전,의료서비스 여건,1.9916101655257952,0.0721442885771543,27.605929794371445
충북,2021,보건·안전,의료서비스 여건,2.1389206782763335,0.0721442885771543,29.647817179441404
충북,2022,보건·안전,의료서비스 여건,2.082681232676749,0.0721442885771543,28.868275975158276
충북,2023,보건·안전,의료서비스 여건,1.576075638072428,0.0721442885771543,21.84615953883727
충북,2024,보건·안전,의료서비스 여건,1.4916604036530638,0.0721442885771543,20.67607059507997
강원,2016,사회·문화,일·가정 양립 여건,3.213124814221746,0.1703406813627254,18.862932732901783
강원,2017,사회·문화,일·가정 양립 여건,5.5829362073429145,0.1703406813627254,32.77511961722488
강원,2018,사회·문화,일·가정 양립 여건,4.753157159835794,0.1703406813627254,27.903828503036024
강원,2019,사회·문화,일·가정 양립 여건,5.647358908802026,0.1703406813627254,33.15331877049661
강원,2020,사회·문화,일·가정 양립 여건,8.518081000435693,0.1703406813627254,50.00614610844014
강원,2021,사회·문화,일·가정 양립 여건,8.292550158835112,0.1703406813627254,48.68214740304379
강원,2022,사회·문화,일·가정 양립 여건,10.736039073609591,0.1703406813627254,63.02686467919045
강원,2023,사회·문화,일·가정 양립 여건,12.317902196143873,0.1703406813627254,72.3133317161858
강원,2024,사회·문화,일·가정 양립 여건,13.082047528375908,0.1703406813627254,76.79931431364211
경기,2016,사회·문화,일·가정 양립 여건,3.8397368900480378,0.1703406813627254,22.541514213340836
경기,2017,사회·문화,일·가정 양립 여건,5.001390340489588,0.1703406813627254,29.361103292991828
경기,2018,사회·문화,일·가정 양립 여건,3.922798718459107,0.1703406813627254,23.029136006012884
경기,2019,사회·문화,일·가정 양립 여건,4.071029664217912,0.1703406813627254,23.899338852291045
경기,2020,사회·문화,일·가정 양립 여건,6.441966177359782,0.1703406813627254,37.81813085297097
경기,2021,사회·문화,일·가정 양립 여건,5.884791378585776,0.1703406813627254,34.54718703428592
경기,2022,사회·문화,일·가정 양립 여건,8.472547425065542,0.1703406813627254,49.73883723656126
경기,2023,사회·문화,일·가정 양립 여건,10.21917165106147,0.1703406813627254,59.99254886917265
경기,2024,사회·문화,일·가정 양립 여건,10.39511492016034,0.1703406813627254,61.025439354823654
경남,2016,사회·문화,일·가정 양립 여건,1.4972528789636712,0.1703406813627254,8.789755136504379
경남,2017,사회·문화,일·가정 양립 여건,3.336817175019897,0.1703406813627254,19.589079650999167
경남,2018,사회·문화,일·가정 양립 여건,2.8604066886137085,0.1703406813627254,16.792269854332247
경남,2019,사회·문화,일·가정 양립 여건,2.8764944273200923,0.1703406813627254,16.88671434391443
경남,2020,사회·문화,일·가정 양립 여건,5.609836221233947,0.1703406813627254,32.93303852230283
경남,2021,사회·문화,일·가정 양립 여건,5.299853133494435,0.1703406813627254,31.113255454279106
경남,2022,사회·문화,일·가정 양립 여건,7.586398334502436,0.1703406813627254,44.5366208107849
경남,2023,사회·문화,일·가정 양립 여건,8.799440005888842,0.1703406813627254,51.657888975747454
경남,2024,사회·문화,일·가정 양립 여건,9.228489645373692,0.1703406813627254,54.176662741664394
경북,2016,사회·문화,일·가정 양립 여건,2.0500330805150986,0.1703406813627254,12.0349000844357
경북,2017,사회·문화,일·가정 양립 여건,3.095665014239002,0.1703406813627254,18.173374613003087
경북,2018,사회·문화,일·가정 양립 여건,2.827629728877915,0.1703406813627254,16.59984982011859
경북,2019,사회·문화,일·가정 양립 여건,3.1408346444340927,0.1703406813627254,18.438546912618975
경북,2020,사회·문화,일·가정 양립 여건,6.161902199558605,0.1703406813627254,36.173990559761705
경북,2021,사회·문화,일·가정 양립 여건,5.693360612213093,0.1703406813627254,33.42337582934511
경북,2022,사회·문화,일·가정 양립 여건,8.227624464524371,0.1703406813627254,48.300995385854854
경북,2023,사회·문화,일·가정 양립 여건,9.88119285628417,0.1703406813627254,58.00841453277414
경북,2024,사회·문화,일·가정 양립 여건,10.44252753863087,0.1703406813627254,61.303779315021245
광주,2016,사회·문화,일·가정 양립 여건,4.175815746325186,0.1703406813627254,24.514494793132567
광주,2017,사회·문화,일·가정 양립 여건,4.9242024719295046,0.1703406813627254,28.90796509991557
광주,2018,사회·문화,일·가정 양립 여건,4.318525408072924,0.1703406813627254,25.352284454451645
광주,2019,사회·문화,일·가정 양립 여건,4.4017227336711615,0.1703406813627254,25.840701695316593
광주,2020,사회·문화,일·가정 양립 여건,7.124013037369307,0.1703406813627254,41.822147125262184
광주,2021,사회·문화,일·가정 양립 여건,7.1125860006125015,0.1703406813627254,41.7550636977134
광주,2022,사회·문화,일·가정 양립 여건,9.70660827935267,0.1703406813627254,56.98350036937628
광주,2023,사회·문화,일·가정 양립 여건,9.860700466684332,0.1703406813627254,57.88811215147627
광주,2024,사회·문화,일·가정 양립 여건,10.383271811676542,0.1703406813627254,60.95591334148936
대구,2016,사회·문화,일·가정 양립 여건,3.8464488786184825,0.1703406813627254,22.580917534477923
대구,2017,사회·문화,일·가정 양립 여건,4.462034116079047,0.1703406813627254,26.194764987334647
대구,2018,사회·문화,일·가정 양립 여건,3.3662816833613056,0.1703406813627254,19.762053647026963
대구,2019,사회·문화,일·가정 양립 여건,4.0108298893058105,0.1703406813627254,23.545930761924705
대구,2020,사회·문화,일·가정 양립 여건,6.9722989825371355,0.1703406813627254,40.931496379835664
대구,2021,사회·문화,일·가정 양립 여건,6.000437917941261,0.1703406813627254,35.22610024767871
대구,2022,사회·문화,일·가정 양립 여건,8.337455777901475,0.1703406813627254,48.94576980203338
대구,2023,사회·문화,일·가정 양립 여건,10.061140242057784,0.1703406813627254,59.064811538668664
대구,2024,사회·문화,일·가정 양립 여건,10.056274126581226,0.1703406813627254,59.03624457840039
대전,2016,사회·문화,일·가정 양립 여건,4.416967907106075,0.1703406813627254,25.930199831128615
대전,2017,사회·문화,일·가정 양립 여건,5.8595660219961445,0.1703406813627254,34.39909935265973
대전,2018,사회·문화,일·가정 양립 여건,7.456028174298391,0.1703406813627254,43.771271282057626
대전,2019,사회·문화,일·가정 양립 여건,7.1760386790496025,0.1703406813627254,42.12756824524415
대전,2020,사회·문화,일·가정 양립 여건,10.03113514265872,0.1703406813627254,58.88866395513767
대전,2021,사회·문화,일·가정 양립 여건,9.603449407895528,0.1703406813627254,56.37789711223377
대전,2022,사회·문화,일·가정 양립 여건,12.077329182669269,0.1703406813627254,70.90102661355255
대전,2023,사회·문화,일·가정 양립 여건,13.38606941404689,0.1703406813627254,78.58410161893411
대전,2024,사회·문화,일·가정 양립 여건,13.68324768286731,0.1703406813627254,80.32871286765635
부산,2016,사회·문화,일·가정 양립 여건,4.184445445915753,0.1703406813627254,24.565156206023076
부산,2017,사회·문화,일·가정 양립 여건,5.083372486599991,0.1703406813627254,29.84238671545172
부산,2018,사회·문화,일·가정 양립 여건,4.509444256015613,0.1703406813627254,26.473090397079904
부산,2019,사회·문화,일·가정 양립 여건,4.7835118290931025,0.1703406813627254,28.08202826726422
부산,2020,사회·문화,일·가정 양립 여건,7.792611460492949,0.1703406813627254,45.74721316218803
부산,2021,사회·문화,일·가정 양립 여건,7.150420147706952,0.1703406813627254,41.97717239653847
부산,2022,사회·문화,일·가정 양립 여건,9.383236579854184,0.1703406813627254,55.08511827467339
부산,2023,사회·문화,일·가정 양립 여건,11.13259016820278,0.1703406813627254,65.35485286980223
부산,2024,사회·문화,일·가정 양립 여건,11.496850128675677,0.1703406813627254,67.4932731083431
서울,2016,사회·문화,일·가정 양립 여건,6.912868799800557,0.1703406813627254,40.58260624824093
서울,2017,사회·문화,일·가정 양립 여건,8.001649231477307,0.1703406813627254,46.97438784126091
서울,2018,사회·문화,일·가정 양립 여건,6.655977322280258,0.1703406813627254,39.074502162562936
서울,2019,사회·문화,일·가정 양립 여건,6.722543603528938,0.1703406813627254,39.46528539012872
서울,2020,사회·문화,일·가정 양립 여건,9.267679579566956,0.1703406813627254,54.40673070828132
서울,2021,사회·문화,일·가정 양립 여건,8.409651449403292,0.1703406813627254,49.369600861791106
서울,2022,사회·문화,일·가정 양립 여건,10.624845244135576,0.1703406813627254,62.37409149204299
서울,2023,사회·문화,일·가정 양립 여건,11.96262848198596,0.1703406813627254,70.22766602954114
서울,2024,사회·문화,일·가정 양립 여건,12.058725634171092,0.1703406813627254,70.79181284060444
세종,2016,사회·문화,일·가정 양립 여건,6.562886538627493,0.1703406813627254,38.5280045032367
세종,2017,사회·문화,일·가정 양립 여건,7.142994122215722,0.1703406813627254,41.933577258654665
세종,2018,사회·문화,일·가정 양립 여건,10.705266144972391,0.1703406813627254,62.84620948636736
세종,2019,사회·문화,일·가정 양립 여건,10.863549450549012,0.1703406813627254,63.77542559792893
세종,2020,사회·문화,일·가정 양립 여건,12.04578215442048,0.1703406813627254,70.71582700065672
세종,2021,사회·문화,일·가정 양립 여건,11.296184444276594,0.1703406813627254,66.31524750228262
세종,2022,사회·문화,일·가정 양립 여건,13.413582140139306,0.1703406813627254,78.74561750505313
세종,2023,사회·문화,일·가정 양립 여건,15.248385526367652,0.1703406813627254,89.51699267832306
세종,2024,사회·문화,일·가정 양립 여건,15.16524445595784,0.1703406813627254,89.02890568850546
울산,2016,사회·문화,일·가정 양립 여건,0.6922936782656208,0.1703406813627254,4.064171122994646
울산,2017,사회·문화,일·가정 양립 여건,2.6958222665426543,0.1703406813627254,15.826062482409236
울산,2018,사회·문화,일·가정 양립 여건,2.5150247916159447,0.1703406813627254,14.764674953133609
울산,2019,사회·문화,일·가정 양립 여건,2.5437476318738783,0.1703406813627254,14.933294921236069
울산,2020,사회·문화,일·가정 양립 여건,4.767595844577613,0.1703406813627254,27.988592075814463
울산,2021,사회·문화,일·가정 양립 여건,4.671644936217267,0.1703406813627254,27.42530380202843
울산,2022,사회·문화,일·가정 양립 여건,7.299257781409702,0.1703406813627254,42.850936857922854
울산,2023,사회·문화,일·가정 양립 여건,8.551715097008952,0.1703406813627254,50.20359804008786
울산,2024,사회·문화,일·가정 양립 여건,8.359530650591447,0.1703406813627254,49.075362289942746
인천,2016,사회·문화,일·가정 양립 여건,2.834856315501816,0.1703406813627254,16.642274134534194
인천,2017,사회·문화,일·가정 양립 여건,4.309576089979,0.1703406813627254,25.29974669293555
인천,2018,사회·문화,일·가정 양립 여건,3.7856952427557617,0.1703406813627254,22.22425795453089
인천,2019,사회·문화,일·가정 양립 여건,4.49610875628178,0.1703406813627254,26.39480316923069
인천,2020,사회·문화,일·가정 양립 여건,6.996490618455626,0.1703406813627254,41.07351551305128
인천,2021,사회·문화,일·가정 양립 여건,5.938259172474675,0.1703406813627254,34.86107443605722
인천,2022,사회·문화,일·가정 양립 여건,8.824066566254388,0.1703406813627254,51.802461371305185
인천,2023,사회·문화,일·가정 양립 여건,10.065659576662242,0.1703406813627254,59.091342691228945
인천,2024,사회·문화,일·가정 양립 여건,11.085097619162664,0.1703406813627254,65.07604367014319
전남,2016,사회·문화,일·가정 양립 여건,2.057224496840572,0.1703406813627254,12.077117928511129
전남,2017,사회·문화,일·가정 양립 여건,3.2222339415673455,0.1703406813627254,18.916408668730657
전남,2018,사회·문화,일·가정 양립 여건,3.5048718683087245,0.1703406813627254,20.57565955630652
전남,2019,사회·문화,일·가정 양립 여건,4.173168659933171,0.1703406813627254,24.4989548389018
전남,2020,사회·문화,일·가정 양립 여건,6.935741969879561,0.1703406813627254,40.71688521141061
전남,2021,사회·문화,일·가정 양립 여건,6.279411596946015,0.1703406813627254,36.86383984560074
전남,2022,사회·문화,일·가정 양립 여건,8.860781081105127,0.1703406813627254,52.01799717025247
전남,2023,사회·문화,일·가정 양립 여건,11.1135362453055,0.1703406813627254,65.24299513420524
전남,2024,사회·문화,일·가정 양립 여건,11.930657712295202,0.1703406813627254,70.03997880512127
전북,2016,사회·문화,일·가정 양립 여건,2.7682158575524247,0.1703406813627254,16.251055446101887
전북,2017,사회·문화,일·가정 양립 여건,3.8737762606552817,0.1703406813627254,22.74134534196454
전북,2018,사회·문화,일·가정 양립 여건,3.663473644831142,0.1703406813627254,21.50674527965577
전북,2019,사회·문화,일·가정 양립 여건,3.6048669480111006,0.1703406813627254,21.162689494794584
전북,2020,사회·문화,일·가정 양립 여건,6.061715644544355,0.1703406813627254,35.5858365485604
전북,2021,사회·문화,일·가정 양립 여건,6.325018716129842,0.1703406813627254,37.13158046292696
전북,2022,사회·문화,일·가정 양립 여건,8.617050828974623,0.1703406813627254,50.58715721950986
전북,2023,사회·문화,일·가정 양립 여건,10.117106915620711,0.1703406813627254,59.393368834055735
전북,2024,사회·문화,일·가정 양립 여건,10.898917084698168,0.1703406813627254,63.98305441487514
제주,2016,사회·문화,일·가정 양립 여건,5.89360539260339,0.1703406813627254,34.59893048128344
제주,2017,사회·문화,일·가정 양립 여건,6.659730945143875,0.1703406813627254,39.09653813678582
제주,2018,사회·문화,일·가정 양립 여건,5.950213679230552,0.1703406813627254,34.931254422777016
제주,2019,사회·문화,일·가정 양립 여건,6.7219793840692725,0.1703406813627254,39.46197309000668
제주,2020,사회·문화,일·가정 양립 여건,9.678457639528435,0.1703406813627254,56.81823955440812
제주,2021,사회·문화,일·가정 양립 여건,9.65570075012552,0.1703406813627254,56.68464322720748
제주,2022,사회·문화,일·가정 양립 여건,12.03103244622415,0.1703406813627254,70.62923753724533
제주,2023,사회·문화,일·가정 양립 여건,12.576461432864996,0.1703406813627254,73.83122652940747
제주,2024,사회·문화,일·가정 양립 여건,13.391720877600694,0.1703406813627254,78.61727903438528
충남,2016,사회·문화,일·가정 양립 여건,1.967092078894632,0.1703406813627254,11.54798761609908
충남,2017,사회·문화,일·가정 양립 여건,3.225589935852566,0.1703406813627254,18.936110329299183
충남,2018,사회·문화,일·가정 양립 여건,3.252743076768577,0.1703406813627254,19.095515238912004
충남,2019,사회·문화,일·가정 양립 여건,3.5761999932050315,0.1703406813627254,20.994397607168366
충남,2020,사회·문화,일·가정 양립 여건,6.53199875971765,0.1703406813627254,38.34667507175422
충남,2021,사회·문화,일·가정 양립 여건,6.10122816779356,0.1703406813627254,35.81779830269397
충남,2022,사회·문화,일·가정 양립 여건,8.421486049328076,0.1703406813627254,49.439076924878954
충남,2023,사회·문화,일·가정 양립 여건,9.61924308582919,0.1703406813627254,56.47061529210315
충남,2024,사회·문화,일·가정 양립 여건,10.367533582604054,0.1703406813627254,60.86352067905205
충북,2016,사회·문화,일·가정 양립 여건,2.954233826504684,0.1703406813627254,17.343090346186326
충북,2017,사회·문화,일·가정 양립 여건,3.980688650027327,0.1703406813627254,23.368983957219257
충북,2018,사회·문화,일·가정 양립 여건,5.068211971544264,0.1703406813627254,29.75338557412457
충북,2019,사회·문화,일·가정 양립 여건,5.415150807346762,0.1703406813627254,31.790120621953353
충북,2020,사회·문화,일·가정 양립 여건,7.941675621865124,0.1703406813627254,46.622307474243506
충북,2021,사회·문화,일·가정 양립 여건,7.891344842237763,0.1703406813627254,46.32683619148994
충북,2022,사회·문화,일·가정 양립 여건,9.735348340565228,0.1703406813627254,57.15222143461236
충북,2023,사회·문화,일·가정 양립 여건,11.42711766020236,0.1703406813627254,67.08390249930565
충북,2024,사회·문화,일·가정 양립 여건,12.405494792391728,0.1703406813627254,72.82755178121734
강원,2016,경제·고용·주거,주거 안정성,7.409172280121898,0.0841683366733466,88.02802304240068
강원,2017,경제·고용·주거,주거 안정성,7.375452676476478,0.0841683366733466,87.62740203718485
강원,2018,경제·고용·주거,주거 안정성,7.268707473055529,0.0841683366733466,86.35916735844548
강원,2019,경제·고용·주거,주거 안정성,7.376984992880946,0.0841683366733466,87.64560741541888
강원,2020,경제·고용·주거,주거 안정성,7.359933161277745,0.0841683366733466,87.44301541613324
강원,2021,경제·고용·주거,주거 안정성,6.987555870576847,0.0841683366733466,83.0188185575678
강원,2022,경제·고용·주거,주거 안정성,6.891815257693288,0.0841683366733466,81.88132889497504
강원,2023,경제·고용·주거,주거 안정성,6.695821957231458,0.0841683366733466,79.55274182520235
강원,2024,경제·고용·주거,주거 안정성,6.62612222258868,0.0841683366733466,78.7246425969465
경기,2016,경제·고용·주거,주거 안정성,4.629879248869144,0.0841683366733466,55.00737488537389
경기,2017,경제·고용·주거,주거 안정성,4.635926775870674,0.0841683366733466,55.079225265701595
경기,2018,경제·고용·주거,주거 안정성,4.669597129361164,0.0841683366733466,55.47926113217194
경기,2019,경제·고용·주거,주거 안정성,4.686724364421674,0.0841683366733466,55.68274899634324
경기,2020,경제·고용·주거,주거 안정성,4.281217909855151,0.0841683366733466,50.86494611946955
경기,2021,경제·고용·주거,주거 안정성,3.4774422153291056,0.0841683366733466,41.315325367838675
경기,2022,경제·고용·주거,주거 안정성,3.676654627626754,0.0841683366733466,43.68215855204169
경기,2023,경제·고용·주거,주거 안정성,3.333072556838657,0.0841683366733466,39.60007633005929
경기,2024,경제·고용·주거,주거 안정성,3.5026562665213494,0.0841683366733466,41.614892309384615
경남,2016,경제·고용·주거,주거 안정성,6.759172895066881,0.0841683366733466,80.30541130091368
경남,2017,경제·고용·주거,주거 안정성,6.703341760491243,0.0841683366733466,79.64208424964599
경남,2018,경제·고용·주거,주거 안정성,6.872817043500506,0.0841683366733466,81.65561201682746
경남,2019,경제·고용·주거,주거 안정성,7.072178945326749,0.0841683366733466,84.02422127900117
경남,2020,경제·고용·주거,주거 안정성,6.751779033839114,0.0841683366733466,80.21756518775521
경남,2021,경제·고용·주거,주거 안정성,6.522769418376072,0.0841683366733466,77.49671285165859
경남,2022,경제·고용·주거,주거 안정성,6.619795867195155,0.0841683366733466,78.64947946977102
경남,2023,경제·고용·주거,주거 안정성,6.893859606049331,0.0841683366733466,81.90561770044326
경남,2024,경제·고용·주거,주거 안정성,7.0775861030858,0.0841683366733466,84.08846346285274
경북,2016,경제·고용·주거,주거 안정성,7.575016211629871,0.0841683366733466,89.99840689531682
경북,2017,경제·고용·주거,주거 안정성,7.67505510124545,0.0841683366733466,91.18696417908288
경북,2018,경제·고용·주거,주거 안정성,7.574563965668812,0.0841683366733466,89.99303378258901
경북,2019,경제·고용·주거,주거 안정성,7.544542504530172,0.0841683366733466,89.63635023239422
경북,2020,경제·고용·주거,주거 안정성,7.456688949600535,0.0841683366733466,88.59256632977781
경북,2021,경제·고용·주거,주거 안정성,7.17174733318111,0.0841683366733466,85.20718855374703
경북,2022,경제·고용·주거,주거 안정성,6.8605594867740685,0.0841683366733466,81.50998056905384
경북,2023,경제·고용·주거,주거 안정성,7.445521195685009,0.0841683366733466,88.45988277730525
경북,2024,경제·고용·주거,주거 안정성,7.528041979847693,0.0841683366733466,89.44030828438095
광주,2016,경제·고용·주거,주거 안정성,6.737773906809462,0.0841683366733466,80.05117094042673
광주,2017,경제·고용·주거,주거 안정성,6.9511650332708665,0.0841683366733466,82.58646075243246
광주,2018,경제·고용·주거,주거 안정성,6.932279392045599,0.0841683366733466,82.36208134835131
광주,2019,경제·고용·주거,주거 안정성,6.578661128305621,0.0841683366733466,78.16075959582156
광주,2020,경제·고용·주거,주거 안정성,6.682823943771832,0.0841683366733466,79.39831304624155
광주,2021,경제·고용·주거,주거 안정성,6.54081498664442,0.0841683366733466,77.71111138894206
광주,2022,경제·고용·주거,주거 안정성,6.36693290409137,0.0841683366733466,75.64522664622845
광주,2023,경제·고용·주거,주거 안정성,6.579473460590656,0.0841683366733466,78.17041087701759
광주,2024,경제·고용·주거,주거 안정성,6.725587278945953,0.0841683366733466,79.906382195096
대구,2016,경제·고용·주거,주거 안정성,6.339525817939389,0.0841683366733466,75.3196043607561
대구,2017,경제·고용·주거,주거 안정성,6.298133426924236,0.0841683366733466,74.82782333417131
대구,2018,경제·고용·주거,주거 안정성,6.234103281283477,0.0841683366733466,74.06708422286799
대구,2019,경제·고용·주거,주거 안정성,6.036870263182969,0.0841683366733466,71.72376812686434
대구,2020,경제·고용·주거,주거 안정성,5.701133732622316,0.0841683366733466,67.73489839472707
대구,2021,경제·고용·주거,주거 안정성,5.254989602869577,0.0841683366733466,62.434281234093326
대구,2022,경제·고용·주거,주거 안정성,5.680995342676148,0.0841683366733466,67.49563514274759
대구,2023,경제·고용·주거,주거 안정성,6.1722763167882455,0.0841683366733466,73.33252100184131
대구,2024,경제·고용·주거,주거 안정성,6.201275830621304,0.0841683366733466,73.67706284476266
대전,2016,경제·고용·주거,주거 안정성,5.974588538963449,0.0841683366733466,70.98380192720862
대전,2017,경제·고용·주거,주거 안정성,6.267663643049763,0.0841683366733466,74.46581328290078
대전,2018,경제·고용·주거,주거 안정성,6.0673382945772385,0.0841683366733466,72.08575735700103
대전,2019,경제·고용·주거,주거 안정성,6.1084345912048015,0.0841683366733466,72.5740205002666
대전,2020,경제·고용·주거,주거 안정성,5.836503974143888,0.0841683366733466,69.34322578804289
대전,2021,경제·고용·주거,주거 안정성,5.424279221703449,0.0841683366733466,64.44560313404814
대전,2022,경제·고용·주거,주거 안정성,5.413592422061179,0.0841683366733466,64.31863377639355
대전,2023,경제·고용·주거,주거 안정성,5.642556744694881,0.0841683366733466,67.03894799054159
대전,2024,경제·고용·주거,주거 안정성,5.575838865450125,0.0841683366733466,66.2462760442765
부산,2016,경제·고용·주거,주거 안정성,6.703278485298952,0.0841683366733466,79.64133248009948
부산,2017,경제·고용·주거,주거 안정성,6.209334637127151,0.0841683366733466,73.77280914110594
부산,2018,경제·고용·주거,주거 안정성,6.259012951390931,0.0841683366733466,74.36303482723989
부산,2019,경제·고용·주거,주거 안정성,6.351512439622855,0.0841683366733466,75.46201684218585
부산,2020,경제·고용·주거,주거 안정성,6.102375497302342,0.0841683366733466,72.50203269413976
부산,2021,경제·고용·주거,주거 안정성,5.790916856469634,0.0841683366733466,68.8016074137702
부산,2022,경제·고용·주거,주거 안정성,5.550479188092002,0.0841683366733466,65.94497892518832
부산,2023,경제·고용·주거,주거 안정성,5.881512921192208,0.0841683366733466,69.87797494464077
부산,2024,경제·고용·주거,주거 안정성,6.026404086304874,0.0841683366733466,71.59941997776507
서울,2016,경제·고용·주거,주거 안정성,2.4711414874055717,0.0841683366733466,29.359514338461445
서울,2017,경제·고용·주거,주거 안정성,2.278704969868712,0.0841683366733466,27.073185237249703
서울,2018,경제·고용·주거,주거 안정성,2.23989322247372,0.0841683366733466,26.61206471462825
서울,2019,경제·고용·주거,주거 안정성,2.02017708281598,0.0841683366733466,24.00162772202796
서울,2020,경제·고용·주거,주거 안정성,1.8705287021994683,0.0841683366733466,22.22366243803655
서울,2021,경제·고용·주거,주거 안정성,0.188235713363582,0.0841683366733466,2.2364195468673205
서울,2022,경제·고용·주거,주거 안정성,0.8404185991532408,0.0841683366733466,9.984973356606364
서울,2023,경제·고용·주거,주거 안정성,0.5902685347445493,0.0841683366733466,7.012952353274529
서울,2024,경제·고용·주거,주거 안정성,0.7995576206489435,0.0841683366733466,9.499506016757689
세종,2016,경제·고용·주거,주거 안정성,5.262056522976202,0.0841683366733466,62.51824297536014
세종,2017,경제·고용·주거,주거 안정성,5.338551892157172,0.0841683366733466,63.42708081396261
세종,2018,경제·고용·주거,주거 안정성,5.740796216800607,0.0841683366733466,68.20612648055962
세종,2019,경제·고용·주거,주거 안정성,5.359366525496576,0.0841683366733466,63.67437848149505
세종,2020,경제·고용·주거,주거 안정성,4.925422251860183,0.0841683366733466,58.518707230434096
세종,2021,경제·고용·주거,주거 안정성,3.8406846964454946,0.0841683366733466,45.63099198872148
세종,2022,경제·고용·주거,주거 안정성,4.154390123381171,0.0841683366733466,49.3581112277906
세종,2023,경제·고용·주거,주거 안정성,4.027620168104326,0.0841683366733466,47.851963425810936
세종,2024,경제·고용·주거,주거 안정성,4.343552217813791,0.0841683366733466,51.60553706402577
울산,2016,경제·고용·주거,주거 안정성,5.972860619236843,0.0841683366733466,70.96327259521871
울산,2017,경제·고용·주거,주거 안정성,6.442523952142244,0.0841683366733466,76.54332028854716
울산,2018,경제·고용·주거,주거 안정성,6.052412942766713,0.0841683366733466,71.90842996287121
울산,2019,경제·고용·주거,주거 안정성,6.394334111054938,0.0841683366733466,75.97077908134322
울산,2020,경제·고용·주거,주거 안정성,6.45041038256595,0.0841683366733466,76.63701859286691
울산,2021,경제·고용·주거,주거 안정성,6.449344199075197,0.0841683366733466,76.62435131758392
울산,2022,경제·고용·주거,주거 안정성,6.130296440992602,0.0841683366733466,72.83376009655498
울산,2023,경제·고용·주거,주거 안정성,6.259839574185012,0.0841683366733466,74.37285589329338
울산,2024,경제·고용·주거,주거 안정성,5.9362226596342715,0.0841683366733466,70.5279787418453
인천,2016,경제·고용·주거,주거 안정성,6.36383492421019,0.0841683366733466,75.608419694783
인천,2017,경제·고용·주거,주거 안정성,6.052129300110348,0.0841683366733466,71.90506001797773
인천,2018,경제·고용·주거,주거 안정성,6.005945019208243,0.0841683366733466,71.35634677583128
인천,2019,경제·고용·주거,주거 안정성,6.015388629637685,0.0841683366733466,71.46854586164775
인천,2020,경제·고용·주거,주거 안정성,5.658055649074989,0.0841683366733466,67.22308973543859
인천,2021,경제·고용·주거,주거 안정성,5.361624798397232,0.0841683366733466,63.701208914290945
인천,2022,경제·고용·주거,주거 안정성,5.253296276234697,0.0841683366733466,62.41416290097892
인천,2023,경제·고용·주거,주거 안정성,4.870011816915456,0.0841683366733466,57.86037849144794
인천,2024,경제·고용·주거,주거 안정성,5.322154305882979,0.0841683366733466,63.23226187227636
전남,2016,경제·고용·주거,주거 안정성,8.273546142053945,0.0841683366733466,98.29760773535524
전남,2017,경제·고용·주거,주거 안정성,7.774195605725192,0.0841683366733466,92.36484779183029
전남,2018,경제·고용·주거,주거 안정성,7.621289411051463,0.0841683366733466,90.54817657415909
전남,2019,경제·고용·주거,주거 안정성,7.863945877711709,0.0841683366733466,93.43116649947962
전남,2020,경제·고용·주거,주거 안정성,7.724574491832923,0.0841683366733466,91.77530170058644
전남,2021,경제·고용·주거,주거 안정성,7.327311297490201,0.0841683366733466,87.05543660589551
전남,2022,경제·고용·주거,주거 안정성,7.49990504887116,0.0841683366733466,89.10601474730262
전남,2023,경제·고용·주거,주거 안정성,7.680533831181922,0.0841683366733466,91.2520567085662
전남,2024,경제·고용·주거,주거 안정성,7.4365932483778465,0.0841683366733466,88.35381026048921
전북,2016,경제·고용·주거,주거 안정성,7.179070631076487,0.0841683366733466,85.29419630731353
전북,2017,경제·고용·주거,주거 안정성,7.781362975063355,0.0841683366733466,92.4500029656337
전북,2018,경제·고용·주거,주거 안정성,7.586763687229949,0.0841683366733466,90.13797809351776
전북,2019,경제·고용·주거,주거 안정성,7.454946483268974,0.0841683366733466,88.57186417026712
전북,2020,경제·고용·주거,주거 안정성,7.52530221745679,0.0841683366733466,89.40775729787951
전북,2021,경제·고용·주거,주거 안정성,6.983650025670114,0.0841683366733466,82.97241340022353
전북,2022,경제·고용·주거,주거 안정성,7.389197880046331,0.0841683366733466,87.79070814626478
전북,2023,경제·고용·주거,주거 안정성,7.224749786946059,0.0841683366733466,85.83690818300201
전북,2024,경제·고용·주거,주거 안정성,7.272100665610991,0.0841683366733466,86.39948171761633
제주,2016,경제·고용·주거,주거 안정성,7.011816728095088,0.0841683366733466,83.3070606504631
제주,2017,경제·고용·주거,주거 안정성,6.440943076457292,0.0841683366733466,76.52453797981404
제주,2018,경제·고용·주거,주거 안정성,5.782335514989505,0.0841683366733466,68.6996529042801
제주,2019,경제·고용·주거,주거 안정성,6.098024152701875,0.0841683366733466,72.45033457614849
제주,2020,경제·고용·주거,주거 안정성,6.016624482971931,0.0841683366733466,71.48322897626177
제주,2021,경제·고용·주거,주거 안정성,5.9296486456632245,0.0841683366733466,70.44987319490357
제주,2022,경제·고용·주거,주거 안정성,5.398986829596783,0.0841683366733466,64.14510542782847
제주,2023,경제·고용·주거,주거 안정성,5.9982720789384025,0.0841683366733466,71.26518493786342
제주,2024,경제·고용·주거,주거 안정성,6.246732147034086,0.0841683366733466,74.21712717547642
충남,2016,경제·고용·주거,주거 안정성,6.811678047696081,0.0841683366733466,80.92922251905586
충남,2017,경제·고용·주거,주거 안정성,6.966233073009612,0.0841683366733466,82.7654834150428
충남,2018,경제·고용·주거,주거 안정성,6.991629610638228,0.0841683366733466,83.06721846924944
충남,2019,경제·고용·주거,주거 안정성,7.02446417259748,0.0841683366733466,83.45732433633675
충남,2020,경제·고용·주거,주거 안정성,6.9628086398630025,0.0841683366733466,82.72479788789617
충남,2021,경제·고용·주거,주거 안정성,6.49582514541633,0.0841683366733466,77.17658922768452
충남,2022,경제·고용·주거,주거 안정성,6.4704983734431725,0.0841683366733466,76.8756830559082
충남,2023,경제·고용·주거,주거 안정성,6.725065684421433,0.0841683366733466,79.900185155388
충남,2024,경제·고용·주거,주거 안정성,6.17921355985594,0.0841683366733466,73.4149420563837
충북,2016,경제·고용·주거,주거 안정성,7.3208552155009405,0.0841683366733466,86.97873220321358
충북,2017,경제·고용·주거,주거 안정성,7.18181821421947,0.0841683366733466,85.32684021179801
충북,2018,경제·고용·주거,주거 안정성,7.258435122720164,0.0841683366733466,86.23712205327055
충북,2019,경제·고용·주거,주거 안정성,7.296308308384301,0.0841683366733466,86.68709156866113
충북,2020,경제·고용·주거,주거 안정성,6.925237913078641,0.0841683366733466,82.2784218720534
충북,2021,경제·고용·주거,주거 안정성,6.651995079960336,0.0841683366733466,79.0320367833383
충북,2022,경제·고용·주거,주거 안정성,6.383962789613443,0.0841683366733466,75.84755790516927
충북,2023,경제·고용·주거,주거 안정성,6.58132639426967,0.0841683366733466,78.19242549382301
충북,2024,경제·고용·주거,주거 안정성,6.525944246383042,0.0841683366733466,77.53443283202712
강원,2016,경제·고용·주거,경제적 여건,1.6044218879640997,0.1342685370741482,11.949351076031132
강원,2017,경제·고용·주거,경제적 여건,1.9674389607503957,0.1342685370741482,14.653015543499215
강원,2018,경제·고용·주거,경제적 여건,2.829695161185368,0.1342685370741482,21.07489381241043
강원,2019,경제·고용·주거,경제적 여건,3.6677868363516666,0.1342685370741482,27.316800467753463
강원,2020,경제·고용·주거,경제적 여건,5.11915722802276,0.1342685370741482,38.126260549005345
강원,2021,경제·고용·주거,경제적 여건,6.426089661837879,0.1342685370741482,47.85998121279257
강원,2022,경제·고용·주거,경제적 여건,7.655555503126601,0.1342685370741482,57.01674919492798
강원,2023,경제·고용·주거,경제적 여건,8.93280120119658,0.1342685370741482,66.52937014025515
강원,2024,경제·고용·주거,경제적 여건,9.59293209603641,0.1342685370741482,71.44586740182343
경기,2016,경제·고용·주거,경제적 여건,1.6599744824343166,0.1342685370741482,12.363093533354093
경기,2017,경제·고용·주거,경제적 여건,2.0740665745385027,0.1342685370741482,15.447152547682286
경기,2018,경제·고용·주거,경제적 여건,3.0943112390213177,0.1342685370741482,23.0456911682334
경기,2019,경제·고용·주거,경제적 여건,4.109063965943069,0.1342685370741482,30.603327149337197
경기,2020,경제·고용·주거,경제적 여건,4.903210900701338,0.1342685370741482,36.51794387238758
경기,2021,경제·고용·주거,경제적 여건,5.563354558969664,0.1342685370741482,41.434536192923325
경기,2022,경제·고용·주거,경제적 여건,6.66534385109262,0.1342685370741482,49.64188927903311
경기,2023,경제·고용·주거,경제적 여건,7.742070230434684,0.1342685370741482,57.66109022368519
경기,2024,경제·고용·주거,경제적 여건,8.525220526642336,0.1342685370741482,63.493806608873534
경남,2016,경제·고용·주거,경제적 여건,1.0610928642944255,0.1342685370741482,7.902766257954007
경남,2017,경제·고용·주거,경제적 여건,1.2527614851755409,0.1342685370741482,9.330268374665598
경남,2018,경제·고용·주거,경제적 여건,2.153120016454196,0.1342685370741482,16.03592370463648
경남,2019,경제·고용·주거,경제적 여건,3.029314022464172,0.1342685370741482,22.561607421039135
경남,2020,경제·고용·주거,경제적 여건,3.676017987425679,0.1342685370741482,27.37810411530469
경남,2021,경제·고용·주거,경제적 여건,4.255720314142217,0.1342685370741482,31.69558860831294
경남,2022,경제·고용·주거,경제적 여건,5.5831806541822395,0.1342685370741482,41.58219621547669
경남,2023,경제·고용·주거,경제적 여건,6.932059550710415,0.1342685370741482,51.62832411648504
경남,2024,경제·고용·주거,경제적 여건,7.693242096673813,0.1342685370741482,57.29742994388409
경북,2016,경제·고용·주거,경제적 여건,0.9894917111383308,0.1342685370741482,7.369497968030257
경북,2017,경제·고용·주거,경제적 여건,1.252006326557165,0.1342685370741482,9.32464413361232
경북,2018,경제·고용·주거,경제적 여건,1.8508056335186165,0.1342685370741482,13.784358375011788
경북,2019,경제·고용·주거,경제적 여건,2.4765154345292784,0.1342685370741482,18.444495549703134
경북,2020,경제·고용·주거,경제적 여건,3.720023857098263,0.1342685370741482,27.705849323761697
경북,2021,경제·고용·주거,경제적 여건,4.768019302493386,0.1342685370741482,35.511069133495525
경북,2022,경제·고용·주거,경제적 여건,5.52673829114244,0.1342685370741482,41.16182697432952
경북,2023,경제·고용·주거,경제적 여건,6.327196005255575,0.1342685370741482,47.12344487496318
경북,2024,경제·고용·주거,경제적 여건,6.977441412485492,0.1342685370741482,51.96631738552629
광주,2016,경제·고용·주거,경제적 여건,2.0884157570249817,0.1342685370741482,15.554021832171136
광주,2017,경제·고용·주거,경제적 여건,2.4431949234696826,0.1342685370741482,18.19633234046824
광주,2018,경제·고용·주거,경제적 여건,3.2224060008019446,0.1342685370741482,23.999710364181652
광주,2019,경제·고용·주거,경제적 여건,3.9423041524747258,0.1342685370741482,29.36133988186401
광주,2020,경제·고용·주거,경제적 여건,5.219060701555766,0.1342685370741482,38.87031776233325
광주,2021,경제·고용·주거,경제적 여건,6.42771722487962,0.1342685370741482,47.87210291365569
광주,2022,경제·고용·주거,경제적 여건,7.667918227945741,0.1342685370741482,57.10882381708844
광주,2023,경제·고용·주거,경제적 여건,8.57036507100646,0.1342685370741482,63.830032394510816
광주,2024,경제·고용·주거,경제적 여건,9.47104283102087,0.1342685370741482,70.53806526387187
대구,2016,경제·고용·주거,경제적 여건,0.7240877761982916,0.1342685370741482,5.392832840641009
대구,2017,경제·고용·주거,경제적 여건,0.991545135422083,0.1342685370741482,7.384791381725664
대구,2018,경제·고용·주거,경제적 여건,1.970260685067008,0.1342685370741482,14.674031072364736
대구,2019,경제·고용·주거,경제적 여건,2.9121802530528025,0.1342685370741482,21.6892230787067
대구,2020,경제·고용·주거,경제적 여건,3.687114646266866,0.1342685370741482,27.46074938040547
대구,2021,경제·고용·주거,경제적 여건,4.349464319479128,0.1342685370741482,32.39377157343411
대구,2022,경제·고용·주거,경제적 여건,5.427403630916395,0.1342685370741482,40.42200614667585
대구,2023,경제·고용·주거,경제적 여건,6.477883254548349,0.1342685370741482,48.245727522681
대구,2024,경제·고용·주거,경제적 여건,7.126481080509945,0.1342685370741482,53.07632924140991
대전,2016,경제·고용·주거,경제적 여건,2.1924184936941793,0.1342685370741482,16.328609378408892
대전,2017,경제·고용·주거,경제적 여건,2.577952510480835,0.1342685370741482,19.199974667611
대전,2018,경제·고용·주거,경제적 여건,3.4530631526356523,0.1342685370741482,25.71758974873419
대전,2019,경제·고용·주거,경제적 여건,4.374855264059514,0.1342685370741482,32.582877265159674
대전,2020,경제·고용·주거,경제적 여건,5.67260143916833,0.1342685370741482,42.248180867835785
대전,2021,경제·고용·주거,경제적 여건,6.92641211378864,0.1342685370741482,51.586263354933315
대전,2022,경제·고용·주거,경제적 여건,8.309128872066118,0.1342685370741482,61.884407569567074
대전,2023,경제·고용·주거,경제적 여건,9.623745604586414,0.1342685370741482,71.67535905505406
대전,2024,경제·고용·주거,경제적 여건,10.356919268988388,0.1342685370741482,77.13586142127174
부산,2016,경제·고용·주거,경제적 여건,0.554136499911305,0.1342685370741482,4.127076320234944
부산,2017,경제·고용·주거,경제적 여건,0.8419140281110313,0.1342685370741482,6.270374627274697
부산,2018,경제·고용·주거,경제적 여건,1.7335141931094018,0.1342685370741482,12.910799736740175
부산,2019,경제·고용·주거,경제적 여건,2.742092628158436,0.1342685370741482,20.42245106643373
부산,2020,경제·고용·주거,경제적 여건,3.49168702362601,0.1342685370741482,26.00525111625939
부산,2021,경제·고용·주거,경제적 여건,4.243478194118003,0.1342685370741482,31.604412221863942
부산,2022,경제·고용·주거,경제적 여건,5.973980779471226,0.1342685370741482,44.49278222322601
부산,2023,경제·고용·주거,경제적 여건,7.556750244431843,0.1342685370741482,56.28087122345508
부산,2024,경제·고용·주거,경제적 여건,8.27289890239452,0.1342685370741482,61.61457540738606
서울,2016,경제·고용·주거,경제적 여건,4.421690903259755,0.1342685370741482,32.93169792129281
서울,2017,경제·고용·주거,경제적 여건,4.75175635067967,0.1342685370741482,35.38994655207695
서울,2018,경제·고용·주거,경제적 여건,5.241894529270362,0.1342685370741482,39.040378658297186
서울,2019,경제·고용·주거,경제적 여건,5.7864028897155775,0.1342685370741482,43.09574689504588
서울,2020,경제·고용·주거,경제적 여건,6.394451241356195,0.1342685370741482,47.62434581248869
서울,2021,경제·고용·주거,경제적 여건,7.272702921001128,0.1342685370741482,54.16535459073976
서울,2022,경제·고용·주거,경제적 여건,8.533213975251947,0.1342685370741482,63.553339905234665
서울,2023,경제·고용·주거,경제적 여건,10.412666392634623,0.1342685370741482,77.55105268544295
서울,2024,경제·고용·주거,경제적 여건,11.424281291382515,0.1342685370741482,85.08531887163996
세종,2016,경제·고용·주거,경제적 여건,5.726244351658464,0.1342685370741482,42.64770046981454
세종,2017,경제·고용·주거,경제적 여건,5.766335495854227,0.1342685370741482,42.94628973778
세종,2018,경제·고용·주거,경제적 여건,5.942381916089162,0.1342685370741482,44.25744143475362
세종,2019,경제·고용·주거,경제적 여건,6.455084108817294,0.1342685370741482,48.07592492984822
세종,2020,경제·고용·주거,경제적 여건,7.5293896449401245,0.1342685370741482,56.077096012315266
세종,2021,경제·고용·주거,경제적 여건,8.671246013064042,0.1342685370741482,64.58136955998445
세종,2022,경제·고용·주거,경제적 여건,8.85752150560107,0.1342685370741482,65.96870494470052
세종,2023,경제·고용·주거,경제적 여건,9.173406724579198,0.1342685370741482,68.32134262037344
세종,2024,경제·고용·주거,경제적 여건,10.151520804204605,0.1342685370741482,75.60610270594178
울산,2016,경제·고용·주거,경제적 여건,3.632396547802797,0.1342685370741482,27.05322205005367
울산,2017,경제·고용·주거,경제적 여건,3.6818239858523674,0.1342685370741482,27.42134580507958
울산,2018,경제·고용·주거,경제적 여건,3.941742520055584,0.1342685370741482,29.357156977727417
울산,2019,경제·고용·주거,경제적 여건,4.502619232605085,0.1342685370741482,33.53443279208862
울산,2020,경제·고용·주거,경제적 여건,5.805994976071365,0.1342685370741482,43.24166407551659
울산,2021,경제·고용·주거,경제적 여건,7.333990965785148,0.1342685370741482,54.621813312340144
울산,2022,경제·고용·주거,경제적 여건,8.369612085086825,0.1342685370741482,62.334872096392935
울산,2023,경제·고용·주거,경제적 여건,9.895114034835364,0.1342685370741482,73.69644631914697
울산,2024,경제·고용·주거,경제적 여건,10.850161976704303,0.1342685370741482,80.80941531903655
인천,2016,경제·고용·주거,경제적 여건,0.7903943203233592,0.1342685370741482,5.886668146885915
인천,2017,경제·고용·주거,경제적 여건,1.1671412370123138,0.1342685370741482,8.69258921297231
인천,2018,경제·고용·주거,경제적 여건,2.524680716138525,0.1342685370741482,18.803219064972005
인천,2019,경제·고용·주거,경제적 여건,3.755905631360271,0.1342685370741482,27.97308820968322
인천,2020,경제·고용·주거,경제적 여건,4.45953554163712,0.1342685370741482,33.21355575040184
인천,2021,경제·고용·주거,경제적 여건,5.104950913766691,0.1342685370741482,38.0204553129788
인천,2022,경제·고용·주거,경제적 여건,6.177899453308886,0.1342685370741482,46.01151980897216
인천,2023,경제·고용·주거,경제적 여건,7.086089866019176,0.1342685370741482,52.77550512154581
인천,2024,경제·고용·주거,경제적 여건,7.881322424861168,0.1342685370741482,58.69820731351826
전남,2016,경제·고용·주거,경제적 여건,2.201593677478908,0.1342685370741482,16.396943956148885
전남,2017,경제·고용·주거,경제적 여건,2.5146341184595262,0.1342685370741482,18.728394404646327
전남,2018,경제·고용·주거,경제적 여건,3.287594721978567,0.1342685370741482,24.485220392049335
전남,2019,경제·고용·주거,경제적 여건,4.071539200619736,0.1342685370741482,30.323851658347
전남,2020,경제·고용·주거,경제적 여건,5.511871447628949,0.1342685370741482,41.051102274132035
전남,2021,경제·고용·주거,경제적 여건,6.861586724880615,0.1342685370741482,51.103459339036235
전남,2022,경제·고용·주거,경제적 여건,7.929115351576213,0.1342685370741482,59.05415761845569
전남,2023,경제·고용·주거,경제적 여건,9.116368217102988,0.1342685370741482,67.89653343782675
전남,2024,경제·고용·주거,경제적 여건,9.86327172540762,0.1342685370741482,73.45929240266275
전북,2016,경제·고용·주거,경제적 여건,1.2345848264790418,0.1342685370741482,9.194892961388687
전북,2017,경제·고용·주거,경제적 여건,1.579478505313828,0.1342685370741482,11.763578718680602
전북,2018,경제·고용·주거,경제적 여건,2.4452087159979263,0.1342685370741482,18.21133058631292
전북,2019,경제·고용·주거,경제적 여건,3.2917171452183016,0.1342685370741482,24.515923215879596
전북,2020,경제·고용·주거,경제적 여건,4.963087112974942,0.1342685370741482,36.96388760260443
전북,2021,경제·고용·주거,경제적 여건,6.311531152141056,0.1342685370741482,47.00677678982668
전북,2022,경제·고용·주거,경제적 여건,7.613550655360628,0.1342685370741482,56.70390711977544
전북,2023,경제·고용·주거,경제적 여건,8.74696767545555,0.1342685370741482,65.14532641869135
전북,2024,경제·고용·주거,경제적 여건,9.407098570295382,0.1342685370741482,70.06182368025965
제주,2016,경제·고용·주거,경제적 여건,3.331501278981191,0.1342685370741482,24.812225943456937
제주,2017,경제·고용·주거,경제적 여건,3.570949756643558,0.1342685370741482,26.59558102336024
제주,2018,경제·고용·주거,경제적 여건,3.468674491562462,0.1342685370741482,25.83385927298013
제주,2019,경제·고용·주거,경제적 여건,3.314775013407374,0.1342685370741482,24.687652711795224
제주,2020,경제·고용·주거,경제적 여건,5.0015870869494945,0.1342685370741482,37.25062621474326
제주,2021,경제·고용·주거,경제적 여건,6.526387002440248,0.1342685370741482,48.60697185399529
제주,2022,경제·고용·주거,경제적 여건,7.330140998784042,0.1342685370741482,54.59313967751101
제주,2023,경제·고용·주거,경제적 여건,8.217372446056,0.1342685370741482,61.20102762062605
제주,2024,경제·고용·주거,경제적 여건,8.707802470258969,0.1342685370741482,64.85363332327204
충남,2016,경제·고용·주거,경제적 여건,1.0825872808429229,0.1342685370741482,8.062851539412216
충남,2017,경제·고용·주거,경제적 여건,1.351692221335033,0.1342685370741482,10.06708087233107
충남,2018,경제·고용·주거,경제적 여건,2.375479966787396,0.1342685370741482,17.69200751383449
충남,2019,경제·고용·주거,경제적 여건,3.329520105214253,0.1342685370741482,24.797470634356905
충남,2020,경제·고용·주거,경제적 여건,5.2460980707477765,0.1342685370741482,39.07168563139017
충남,2021,경제·고용·주거,경제적 여건,6.918834008570082,0.1342685370741482,51.52982343696227
충남,2022,경제·고용·주거,경제적 여건,7.705549901636462,0.1342685370741482,57.38909553606859
충남,2023,경제·고용·주거,경제적 여건,8.571349695582155,0.1342685370741482,63.837365643216366
충남,2024,경제·고용·주거,경제적 여건,9.208963646421624,0.1342685370741482,68.58616208305062
충북,2016,경제·고용·주거,경제적 여건,0.5311321901746667,0.1342685370741482,3.9557457148829664
충북,2017,경제·고용·주거,경제적 여건,0.937535569693364,0.1342685370741482,6.982541033984907
충북,2018,경제·고용·주거,경제적 여건,2.0368893028350836,0.1342685370741482,15.170265106189657
충북,2019,경제·고용·주거,경제적 여건,3.101094635585997,0.1342685370741482,23.096212285931536
충북,2020,경제·고용·주거,경제적 여건,4.841217045953229,0.1342685370741482,36.056228446726294
충북,2021,경제·고용·주거,경제적 여건,6.6038564003208275,0.1342685370741482,49.18394542925513
충북,2022,경제·고용·주거,경제적 여건,7.360114024980993,0.1342685370741482,54.816371618888304
충북,2023,경제·고용·주거,경제적 여건,8.027402261151934,0.1342685370741482,59.78617504947487
충북,2024,경제·고용·주거,경제적 여건,8.699615418626104,0.1342685370741482,64.79265811782727
강원,2016,보건·안전,산후조리 여건,2.411765136340408,0.0370741482965931,65.05247583966833
강원,2017,보건·안전,산후조리 여건,2.449491765737184,0.0370741482965931,66.07007519474892
강원,2018,보건·안전,산후조리 여건,2.4836924853793927,0.0370741482965931,66.99257028131446
강원,2019,보건·안전,산후조리 여건,2.4899098836369657,0.0370741482965931,67.16027199647817
강원,2020,보건·안전,산후조리 여건,2.500544092240015,0.0370741482965931,67.44710821771717
강원,2021,보건·안전,산후조리 여건,2.550645706623349,0.0370741482965931,68.79849770838116
강원,2022,보건·안전,산후조리 여건,2.6485663637003327,0.0370741482965931,71.4397089452144
강원,2023,보건·안전,산후조리 여건,2.7071397054574744,0.0370741482965931,73.01960610936649
강원,2024,보건·안전,산후조리 여건,2.843336949964624,0.0370741482965931,76.69325070445123
경기,2016,보건·안전,산후조리 여건,1.6012743897170718,0.0370741482965931,43.19113083615238
경기,2017,보건·안전,산후조리 여건,1.652569434055564,0.0370741482965931,44.57471068074199
경기,2018,보건·안전,산후조리 여건,1.6990704721420835,0.0370741482965931,45.828981924264866
경기,2019,보건·안전,산후조리 여건,1.707523963068562,0.0370741482965931,46.05699770655204
경기,2020,보건·안전,산후조리 여건,1.7219827740071512,0.0370741482965931,46.44699482321993
경기,2021,보건·안전,산후조리 여건,1.790103477401948,0.0370741482965931,48.28441271478769
경기,2022,보건·안전,산후조리 여건,1.9232413836164768,0.0370741482965931,51.87553786079039
경기,2023,보건·안전,산후조리 여건,2.0028806784733626,0.0370741482965931,54.0236464085518
경기,2024,보건·안전,산후조리 여건,1.9713519523322256,0.0370741482965931,53.17322293047465
경남,2016,보건·안전,산후조리 여건,1.724022129115441,0.0370741482965931,46.502002293438125
경남,2017,보건·안전,산후조리 여건,1.7659780550065527,0.0370741482965931,47.63367834855514
경남,2018,보건·안전,산후조리 여건,1.8040128034501504,0.0370741482965931,48.65958859035813
경남,2019,보건·안전,산후조리 여건,1.8109271953452435,0.0370741482965931,48.846090296069015
경남,2020,보건·안전,산후조리 여건,1.822753538572669,0.0370741482965931,49.165081932311466
경남,2021,보건·안전,산후조리 여건,1.878471731628948,0.0370741482965931,50.66796724772136
경남,2022,보건·안전,산후조리 여건,1.9873696612139855,0.0370741482965931,53.6052681592313
경남,2023,보건·안전,산후조리 여건,2.052509294021135,0.0370741482965931,55.36227771440793
경남,2024,보건·안전,산후조리 여건,1.9745467736910105,0.0370741482965931,53.25939676063862
경북,2016,보건·안전,산후조리 여건,1.8179457401031405,0.0370741482965931,49.03540131413337
경북,2017,보건·안전,산후조리 여건,1.8519256326411808,0.0370741482965931,49.95194003718645
경북,2018,보건·안전,산후조리 여건,1.8827297833630372,0.0370741482965931,50.78281956206248
경북,2019,보건·안전,산후조리 여건,1.888329714447169,0.0370741482965931,50.933866351845275
경북,2020,보건·안전,산후조리 여건,1.8979078101142468,0.0370741482965931,51.19221606740592
경북,2021,보건·안전,산후조리 여건,1.9430336933417989,0.0370741482965931,52.40939529608421
경북,2022,보건·안전,산후조리 여건,2.0312295766722768,0.0370741482965931,54.788300473484675
경북,2023,보건·안전,산후조리 여건,2.08398583638393,0.0370741482965931,56.21129364084224
경북,2024,보건·안전,산후조리 여건,2.1104543144449335,0.0370741482965931,56.92522718421741
광주,2016,보건·안전,산후조리 여건,0.5326592134366311,0.0370741482965931,14.3674025678313
광주,2017,보건·안전,산후조리 여건,0.589647805873163,0.0370741482965931,15.904554331389646
광주,2018,보건·안전,산후조리 여건,0.6413102762260676,0.0370741482965931,17.29804474793556
광주,2019,보건·안전,산후조리 여건,0.6507020713846015,0.0370741482965931,17.55136938491439
광주,2020,보건·안전,산후조리 여건,0.666765753448285,0.0370741482965931,17.98465464706456
광주,2021,보건·안전,산후조리 여건,0.7424475868947716,0.0370741482965931,20.026018695161685
광주,2022,보건·안전,산후조리 여건,0.890363276859764,0.0370741482965931,24.015744602866075
광주,2023,보건·안전,산후조리 여건,0.978842220100019,0.0370741482965931,26.40228474756268
광주,2024,보건·안전,산후조리 여건,1.0446422326368066,0.0370741482965931,28.177106707338737
대구,2016,보건·안전,산후조리 여건,1.8370132816927152,0.0370741482965931,49.54970959809001
대구,2017,보건·안전,산후조리 여건,1.878676563460504,0.0370741482965931,50.673492171177934
대구,2018,보건·안전,산후조리 여건,1.9164460181374248,0.0370741482965931,51.69224665138245
대구,2019,보건·안전,산후조리 여건,1.9233121818952177,0.0370741482965931,51.8774475008494
대구,2020,보건·안전,산후조리 여건,1.9350560359444784,0.0370741482965931,52.19421415871864
대구,2021,보건·안전,산후조리 여건,1.9903855925587344,0.0370741482965931,53.68661679388155
대구,2022,보건·안전,산후조리 여건,2.098523955087195,0.0370741482965931,56.603429923703274
대구,2023,보건·안전,산후조리 여건,2.163209236564192,0.0370741482965931,58.348184272731466
대구,2024,보건·안전,산후조리 여건,2.087425787435309,0.0370741482965931,56.30407934757943
대전,2016,보건·안전,산후조리 여건,1.3454748981602018,0.0370741482965931,36.2914580638887
대전,2017,보건·안전,산후조리 여건,1.390826180429514,0.0370741482965931,37.51471697482853
대전,2018,보건·안전,산후조리 여건,1.4319389571367809,0.0370741482965931,38.6236507897975
대전,2019,보건·안전,산후조리 여건,1.4394129082389169,0.0370741482965931,38.82524547087674
대전,2020,보건·안전,산후조리 여건,1.4521963188901963,0.0370741482965931,39.17005206087613
대전,2021,보건·안전,산후조리 여건,1.5124236037650285,0.0370741482965931,40.79456098804051
대전,2022,보건·안전,산후조리 여건,1.6301342879714038,0.0370741482965931,43.96956809176923
대전,2023,보건·안전,산후조리 여건,1.7005454590184534,0.0370741482965931,45.868766705416675
대전,2024,보건·안전,산후조리 여건,1.5298863813464731,0.0370741482965931,41.265584015777854
부산,2016,보건·안전,산후조리 여건,1.5429109765897733,0.0370741482965931,41.616896071259305
부산,2017,보건·안전,산후조리 여건,1.585729432528573,0.0370741482965931,42.77183712604098
부산,2018,보건·안전,산후조리 여건,1.624546099442377,0.0370741482965931,43.81883803360791
부산,2019,보건·안전,산후조리 여건,1.631602637426356,0.0370741482965931,44.00917384193253
부산,2020,보건·안전,산후조리 여건,1.6436721066525837,0.0370741482965931,44.334723309169696
부산,2021,보건·안전,산후조리 여건,1.7005357544853492,0.0370741482965931,45.86850494530754
부산,2022,보건·안전,산후조리 여건,1.8116724080266136,0.0370741482965931,48.866190897582726
부산,2023,보건·안전,산후조리 여건,1.878151181596319,0.0370741482965931,50.659321060354785
부산,2024,보건·안전,산후조리 여건,1.6230248806812668,0.0370741482965931,43.77780624107851
서울,2016,보건·안전,산후조리 여건,0.9272467502400086,0.0370741482965931,25.01060153350078
서울,2017,보건·안전,산후조리 여건,0.9939278040542594,0.0370741482965931,26.809187795841925
서울,2018,보건·안전,산후조리 여건,1.0543768837471077,0.0370741482965931,28.439679188638213
서울,2019,보건·안전,산후조리 여건,1.0653660093177393,0.0370741482965931,28.736088575651465
서울,2020,보건·안전,산후조리 여건,1.0841617577710188,0.0370741482965931,29.24306579068857
서울,2021,보건·안전,산후조리 여건,1.1727153470604312,0.0370741482965931,31.63161936125164
서울,2022,보건·안전,산후조리 여건,1.3457881263804734,0.0370741482965931,36.29990676020846
서울,2023,보건·안전,산후조리 여건,1.4493153223224011,0.0370741482965931,39.09234301831775
서울,2024,보건·안전,산후조리 여건,1.3774518467997925,0.0370741482965931,37.15397143530251
세종,2016,보건·안전,산후조리 여건,2.132969943526989,0.0370741482965931,57.53254063891718
세종,2017,보건·안전,산후조리 여건,2.1863646607648217,0.0370741482965931,58.972754903872776
세종,2018,보건·안전,산후조리 여건,2.234769137491867,0.0370741482965931,60.278367546402265
세종,2019,보건·안전,산후조리 여건,2.2435686572800426,0.0370741482965931,60.515716755823874
세종,2020,보건·안전,산후조리 여건,2.258619314348719,0.0370741482965931,60.92167772216276
세종,2021,보건·안전,산후조리 여건,2.3295284195598422,0.0370741482965931,62.83430710056009
세종,2022,보건·안전,산후조리 여건,2.468116093040556,0.0370741482965931,66.57242867174259
세종,2023,보건·안전,산후조리 여건,2.5510152831034976,0.0370741482965931,68.80846628479166
세종,2024,보건·안전,산후조리 여건,2.374067480555513,0.0370741482965931,64.0356579890379
울산,2016,보건·안전,산후조리 여건,1.3400314990896334,0.0370741482965931,36.14463340787715
울산,2017,보건·안전,산후조리 여건,1.3857279889630654,0.0370741482965931,37.37720359419296
울산,2018,보건·안전,산후조리 여건,1.4271537103641898,0.0370741482965931,38.49457845793141
울산,2019,보건·안전,산후조리 여건,1.4346845521345537,0.0370741482965931,38.697707649467155
울산,2020,보건·안전,산후조리 여건,1.447565268315966,0.0370741482965931,39.04513885890093
울산,2021,보건·안전,산후조리 여건,1.5082509948417049,0.0370741482965931,40.68201332032492
울산,2022,보건·안전,산후조리 여건,1.626857676277727,0.0370741482965931,43.88118813311276
울산,2023,보건·안전,산후조리 여건,1.697804807289835,0.0370741482965931,45.79484318041232
울산,2024,보건·안전,산후조리 여건,1.7350745778034242,0.0370741482965931,46.80011969318427
인천,2016,보건·안전,산후조리 여건,1.4113518163308676,0.0370741482965931,38.06835439724882
인천,2017,보건·안전,산후조리 여건,1.458153872895759,0.0370741482965931,39.33074500405319
인천,2018,보건·안전,산후조리 여건,1.5005818353416025,0.0370741482965931,40.475153288403234
인천,2019,보건·안전,산후조리 여건,1.5082948759601282,0.0370741482965931,40.68319692454617
인천,2020,보건·안전,산후조리 여건,1.5214872241905608,0.0370741482965931,41.03903377681568
인천,2021,보건·안전,산후조리 여건,1.5836411623465518,0.0370741482965931,42.71551027086106
인천,2022,보건·안전,산후조리 여건,1.705117377016819,0.0370741482965931,45.99208492602124
인천,2023,보건·안전,산후조리 여건,1.777780980894104,0.0370741482965931,47.95203834952206
인천,2024,보건·안전,산후조리 여건,1.7101976878053078,0.0370741482965931,46.129116011613455
전남,2016,보건·안전,산후조리 여건,2.331313891119713,0.0370741482965931,62.88246657668849
전남,2017,보건·안전,산후조리 여건,2.3610522210606057,0.0370741482965931,63.68459774644555
전남,2018,보건·안전,산후조리 여건,2.388011223261394,0.0370741482965931,64.41176218418573
전남,2019,보건·안전,산후조리 여건,2.392912139238092,0.0370741482965931,64.54395445836802
전남,2020,보건·안전,산후조리 여건,2.401294642768206,0.0370741482965931,64.77005549953162
전남,2021,보건·안전,산후조리 여건,2.4407876577267675,0.0370741482965931,65.83529952463013
전남,2022,보건·안전,산후조리 여건,2.5179744314922834,0.0370741482965931,67.91725628727836
전남,2023,보건·안전,산후조리 여건,2.564145356135327,0.0370741482965931,69.16262338981235
전남,2024,보건·안전,산후조리 여건,2.539866129362384,0.0370741482965931,68.50774046226108
전북,2016,보건·안전,산후조리 여건,1.9929751007300112,0.0370741482965931,53.7564635277987
전북,2017,보건·안전,산후조리 여건,2.023865313747411,0.0370741482965931,54.5896644086464
전북,2018,보건·안전,산후조리 여건,2.051868544674435,0.0370741482965931,55.34499479959695
전북,2019,보건·안전,산후조리 여건,2.0569592925006077,0.0370741482965931,55.48230740312451
전북,2020,보건·안전,산후조리 여건,2.065666483529121,0.0370741482965931,55.71716623140712
전북,2021,보건·안전,산후조리 여건,2.10668921907594,0.0370741482965931,56.82367136858888
전북,2022,보건·안전,산후조리 여건,2.1868657417146222,0.0370741482965931,58.986270546789015
전북,2023,보건·안전,산후조리 여건,2.2348250487862917,0.0370741482965931,60.27987564023567
전북,2024,보건·안전,산후조리 여건,1.692566093239243,0.0370741482965931,45.65353948791257
제주,2016,보건·안전,산후조리 여건,1.7603334320782422,0.0370741482965931,47.481426086867195
제주,2017,보건·안전,산후조리 여건,1.808080631146688,0.0370741482965931,48.76930999687555
제주,2018,보건·안전,산후조리 여건,1.8513654036045264,0.0370741482965931,49.93682899452211
제주,2019,보건·안전,산후조리 여건,1.859234204953568,0.0370741482965931,50.149073960639505
제주,2020,보건·안전,산후조리 여건,1.87269296560152,0.0370741482965931,50.512096747846414
제주,2021,보건·안전,산후조리 여건,1.9361020692999276,0.0370741482965931,52.22242878814401
제주,2022,보건·안전,산후조리 여건,2.0600314311624888,0.0370741482965931,55.56517211622066
제주,2023,보건·안전,산후조리 여건,2.134162437661081,0.0370741482965931,57.564705750966475
제주,2024,보건·안전,산후조리 여건,2.0371912464487743,0.0370741482965931,54.94910443123993
충남,2016,보건·안전,산후조리 여건,1.6787264273158111,0.0370741482965931,45.28024255300487
충남,2017,보건·안전,산후조리 여건,1.7176824547443594,0.0370741482965931,46.331002427969494
충남,2018,보건·안전,산후조리 여건,1.752997673563559,0.0370741482965931,47.283558870714394
충남,2019,보건·안전,산후조리 여건,1.7594176782374171,0.0370741482965931,47.456725483268734
충남,2020,보건·안전,산후조리 여건,1.7703984238975818,0.0370741482965931,47.75290883918344
충남,2021,보건·안전,산후조리 여건,1.8221327000664072,0.0370741482965931,49.14833607206148
충남,2022,보건·안전,산후조리 여건,1.923244298528963,0.0370741482965931,51.8756164846461
충남,2023,보건·안전,산후조리 여건,1.9837263703322812,0.0370741482965931,53.50699777274641
충남,2024,보건·안전,산후조리 여건,1.7717243612567433,0.0370741482965931,47.788673311735955
충북,2016,보건·안전,산후조리 여건,1.882573049335232,0.0370741482965931,50.778591979366546
충북,2017,보건·안전,산후조리 여건,1.9167234205685957,0.0370741482965931,51.699729019661056
충북,2018,보건·안전,산후조리 여건,1.9476821171419352,0.0370741482965931,52.534777105612214
충북,2019,보건·안전,산후조리 여건,1.9533101433397893,0.0370741482965931,52.68658170413811
충북,2020,보건·안전,산후조리 여건,1.96293629275663,0.0370741482965931,52.94622757219236
충북,2021,보건·안전,산후조리 여건,2.008288574631244,0.0370741482965931,54.16951344545898
충북,2022,보건·안전,산후조리 여건,2.0969269407949507,0.0370741482965931,56.56035370036112
충북,2023,보건·안전,산후조리 여건,2.14994788110604,0.0370741482965931,57.99048609037375
충북,2024,보건·안전,산후조리 여건,1.8668191925756952,0.0370741482965931,50.35366362677148
강원,2016,경제·고용·주거,고용여건,2.1704278996518993,0.0751503006012023,28.881160584701288
강원,2017,경제·고용·주거,고용여건,3.7666503867097942,0.0751503006012023,50.12156114581836
강원,2018,경제·고용·주거,고용여건,3.825474569006317,0.0751503006012023,50.90431493157741
강원,2019,경제·고용·주거,고용여건,3.812612788606986,0.0751503006012023,50.733167507063655
강원,2020,경제·고용·주거,고용여건,1.3414671060782446,0.0751503006012023,17.85045562488118
강원,2021,경제·고용·주거,고용여건,2.0450019077143575,0.0751503006012023,27.212158718652397
강원,2022,경제·고용·주거,고용여건,2.060529507050856,0.0751503006012023,27.41877930715674
강원,2023,경제·고용·주거,고용여건,4.528499826916359,0.0751503006012023,60.259237696833715
강원,2024,경제·고용·주거,고용여건,5.422285310844481,0.0751503006012023,72.1525432029706
경기,2016,경제·고용·주거,고용여건,4.161252308481505,0.0751503006012023,55.37239738486059
경기,2017,경제·고용·주거,고용여건,4.648561609650886,0.0751503006012023,61.85685981908782
경기,2018,경제·고용·주거,고용여건,4.827964419979126,0.0751503006012023,64.24411321518893
경기,2019,경제·고용·주거,고용여건,4.582884829530528,0.0751503006012023,60.98292079828625
경기,2020,경제·고용·주거,고용여건,2.7376222659675737,0.0751503006012023,36.4286269524752
경기,2021,경제·고용·주거,고용여건,3.9448400949670415,0.0751503006012023,52.49267219702812
경기,2022,경제·고용·주거,고용여건,4.0833501590560966,0.0751503006012023,54.33577944983982
경기,2023,경제·고용·주거,고용여건,5.972590861880459,0.0751503006012023,79.47527573542267
경기,2024,경제·고용·주거,고용여건,5.821847819877995,0.0751503006012023,77.46938832317656
경남,2016,경제·고용·주거,고용여건,4.252098060394339,0.0751503006012023,56.58125152364736
경남,2017,경제·고용·주거,고용여건,4.758395271862742,0.0751503006012023,63.31837975092025
경남,2018,경제·고용·주거,고용여건,4.706131636982387,0.0751503006012023,62.62292498277899
경남,2019,경제·고용·주거,고용여건,4.6059399017221585,0.0751503006012023,61.28970695891622
경남,2020,경제·고용·주거,고용여건,3.076825127580418,0.0751503006012023,40.94228636433678
경남,2021,경제·고용·주거,고용여건,3.7346786295099856,0.0751503006012023,49.6961236300129
경남,2022,경제·고용·주거,고용여건,3.997953240984118,0.0751503006012023,53.19943112669535
경남,2023,경제·고용·주거,고용여건,4.443416439450577,0.0751503006012023,59.12706142095571
경남,2024,경제·고용·주거,고용여건,4.367086992346818,0.0751503006012023,58.111370911495015
경북,2016,경제·고용·주거,고용여건,4.451940856012491,0.0751503006012023,59.240492990672905
경북,2017,경제·고용·주거,고용여건,4.98662313703152,0.0751503006012023,66.35533187676613
경북,2018,경제·고용·주거,고용여건,4.44385574233894,0.0751503006012023,59.13290707805685
경북,2019,경제·고용·주거,고용여건,4.10618682788298,0.0751503006012023,54.63965938969621
경북,2020,경제·고용·주거,고용여건,3.1576685889501848,0.0751503006012023,42.018043356963815
경북,2021,경제·고용·주거,고용여건,4.022620954507421,0.0751503006012023,53.52767616797878
경북,2022,경제·고용·주거,고용여건,4.422948010019613,0.0751503006012023,58.85469485332767
경북,2023,경제·고용·주거,고용여건,4.942473479146816,0.0751503006012023,65.767847095847
경북,2024,경제·고용·주거,고용여건,5.031597545938219,0.0751503006012023,66.95379134461793
광주,2016,경제·고용·주거,고용여건,3.392279332704508,0.0751503006012023,45.139930320521344
광주,2017,경제·고용·주거,고용여건,3.2546872471590533,0.0751503006012023,43.30903830219649
광주,2018,경제·고용·주거,고용여건,3.316920946432395,0.0751503006012023,44.137161393860424
광주,2019,경제·고용·주거,고용여건,3.78408639074872,0.0751503006012023,50.35357623956299
광주,2020,경제·고용·주거,고용여건,2.446233209056886,0.0751503006012023,32.551209901850314
광주,2021,경제·고용·주거,고용여건,3.1537878092340943,0.0751503006012023,41.966403114875035
광주,2022,경제·고용·주거,고용여건,3.118198670639862,0.0751503006012023,41.49283031064778
광주,2023,경제·고용·주거,고용여건,4.174853629786669,0.0751503006012023,55.55338563369463
광주,2024,경제·고용·주거,고용여건,4.213042877496456,0.0751503006012023,56.06155722321953
대구,2016,경제·고용·주거,고용여건,3.071468684744937,0.0751503006012023,40.87100996500598
대구,2017,경제·고용·주거,고용여건,3.2933647427962858,0.0751503006012023,43.8237068441426
대구,2018,경제·고용·주거,고용여건,2.619332653884761,0.0751503006012023,34.854586514359895
대구,2019,경제·고용·주거,고용여건,3.2887691417320974,0.0751503006012023,43.762554712648466
대구,2020,경제·고용·주거,고용여건,2.109819605731098,0.0751503006012023,28.074666220261825
대구,2021,경제·고용·주거,고용여건,3.5332869505268363,0.0751503006012023,47.01627168834379
대구,2022,경제·고용·주거,고용여건,3.3461977836724355,0.0751503006012023,44.52673850806789
대구,2023,경제·고용·주거,고용여건,4.611756222276286,0.0751503006012023,61.36710279775647
대구,2024,경제·고용·주거,고용여건,4.491921627756369,0.0751503006012023,59.77250379334478
대전,2016,경제·고용·주거,고용여건,3.7929559160434745,0.0751503006012023,50.47160005615186
대전,2017,경제·고용·주거,고용여건,4.771082085341383,0.0751503006012023,63.4871989489427
대전,2018,경제·고용·주거,고용여건,3.908380501857227,0.0751503006012023,52.007516544713525
대전,2019,경제·고용·주거,고용여건,4.662855142957092,0.0751503006012023,62.0470591022824
대전,2020,경제·고용·주거,고용여건,3.2836715758261095,0.0751503006012023,43.694723102326115
대전,2021,경제·고용·주거,고용여건,3.3512042956801644,0.0751503006012023,44.59335849451741
대전,2022,경제·고용·주거,고용여건,3.7939516814064937,0.0751503006012023,50.48485037391577
대전,2023,경제·고용·주거,고용여건,6.332809317921089,0.0751503006012023,84.26858265713666
대전,2024,경제·고용·주거,고용여건,5.344093330971869,0.0751503006012023,71.11206859079903
부산,2016,경제·고용·주거,고용여건,3.1430022326057694,0.0751503006012023,41.82288304187412
부산,2017,경제·고용·주거,고용여건,3.811236493915099,0.0751503006012023,50.71485361236361
부산,2018,경제·고용·주거,고용여건,3.985063983991223,0.0751503006012023,53.0279180803099
부산,2019,경제·고용·주거,고용여건,4.29465895709318,0.0751503006012023,57.14759518905328
부산,2020,경제·고용·주거,고용여건,2.106488968547739,0.0751503006012023,28.03034654147526
부산,2021,경제·고용·주거,고용여건,3.723464710583885,0.0751503006012023,49.54690374883625
부산,2022,경제·고용·주거,고용여건,1.346462524613335,0.0751503006012023,17.91692799418812
부산,2023,경제·고용·주거,고용여건,4.148125474372315,0.0751503006012023,55.19772297898096
부산,2024,경제·고용·주거,고용여건,5.023870072809035,0.0751503006012023,66.85096443551225
서울,2016,경제·고용·주거,고용여건,3.6889115022124654,0.0751503006012023,49.087115722773895
서울,2017,경제·고용·주거,고용여건,4.3850416519954365,0.0751503006012023,58.35028758255264
서울,2018,경제·고용·주거,고용여건,4.415170511710332,0.0751503006012023,58.751202275825506
서울,2019,경제·고용·주거,고용여건,4.80542467998301,0.0751503006012023,63.94418440830728
서울,2020,경제·고용·주거,고용여건,2.9172889280924568,0.0751503006012023,38.81939133648364
서울,2021,경제·고용·주거,고용여건,3.960609091507413,0.0751503006012023,52.70250497765867
서울,2022,경제·고용·주거,고용여건,4.141631733173346,0.0751503006012023,55.11131292942669
서울,2023,경제·고용·주거,고용여건,6.2990920890924595,0.0751503006012023,83.81991873219037
서울,2024,경제·고용·주거,고용여건,6.2156174704764,0.0751503006012023,82.70914980713934
세종,2016,경제·고용·주거,고용여건,4.753665752989711,0.0751503006012023,63.25544561978312
세종,2017,경제·고용·주거,고용여건,4.753665752989711,0.0751503006012023,63.25544561978312
세종,2018,경제·고용·주거,고용여건,5.050624960455263,0.0751503006012023,67.20698280712473
세종,2019,경제·고용·주거,고용여건,5.1821168850327854,0.0751503006012023,68.9567020168363
세종,2020,경제·고용·주거,고용여건,3.163554194432668,0.0751503006012023,42.096361147250725
세종,2021,경제·고용·주거,고용여건,5.0647270945592355,0.0751503006012023,67.39463520493493
세종,2022,경제·고용·주거,고용여건,4.582691127433132,0.0751503006012023,60.98034326904357
세종,2023,경제·고용·주거,고용여건,6.602798674438347,0.0751503006012023,87.86124102785965
세종,2024,경제·고용·주거,고용여건,5.956727668524861,0.0751503006012023,79.26418950917086
울산,2016,경제·고용·주거,고용여건,4.2704068954759045,0.0751503006012023,56.82488108913273
울산,2017,경제·고용·주거,고용여건,4.608670804707141,0.0751503006012023,61.32604617463638
울산,2018,경제·고용·주거,고용여건,4.268202481133531,0.0751503006012023,56.79554768228354
울산,2019,경제·고용·주거,고용여건,4.234558824259759,0.0751503006012023,56.34786275481655
울산,2020,경제·고용·주거,고용여건,2.3838006054612353,0.0751503006012023,31.720440056670853
울산,2021,경제·고용·주거,고용여건,3.9877516004179583,0.0751503006012023,53.06368129622833
울산,2022,경제·고용·주거,고용여건,4.3562987348573845,0.0751503006012023,57.96781516516896
울산,2023,경제·고용·주거,고용여건,5.097320021185326,0.0751503006012023,67.82833841523944
울산,2024,경제·고용·주거,고용여건,4.366022716500403,0.0751503006012023,58.09720894756539
인천,2016,경제·고용·주거,고용여건,3.3980191986479595,0.0751503006012023,45.2163088033422
인천,2017,경제·고용·주거,고용여건,3.701727365185546,0.0751503006012023,49.25765213940235
인천,2018,경제·고용·주거,고용여건,4.253660064999167,0.0751503006012023,56.60203659825561
인천,2019,경제·고용·주거,고용여건,3.891200527897744,0.0751503006012023,51.77890835789267
인천,2020,경제·고용·주거,고용여건,2.375666803392102,0.0751503006012023,31.612206263804257
인천,2021,경제·고용·주거,고용여건,4.072415502790119,0.0751503006012023,54.19027562379388
인천,2022,경제·고용·주거,고용여건,4.4817859573646555,0.0751503006012023,59.63763180599904
인천,2023,경제·고용·주거,고용여건,5.593240412394883,0.0751503006012023,74.42738575426795
인천,2024,경제·고용·주거,고용여건,5.609539542280585,0.0751503006012023,74.64427284261369
전남,2016,경제·고용·주거,고용여건,2.5821245979305987,0.0751503006012023,34.359471316463186
전남,2017,경제·고용·주거,고용여건,2.5639306782579228,0.0751503006012023,34.117370892018776
전남,2018,경제·고용·주거,고용여건,2.6748928076891954,0.0751503006012023,35.59390696098424
전남,2019,경제·고용·주거,고용여건,2.964686215969719,0.0751503006012023,39.45009124717041
전남,2020,경제·고용·주거,고용여건,1.591982020663929,0.0751503006012023,21.18397408830136
전남,2021,경제·고용·주거,고용여건,2.3749762081831505,0.0751503006012023,31.603016743557134
전남,2022,경제·고용·주거,고용여건,2.3382278847820426,0.0751503006012023,31.114019053499728
전남,2023,경제·고용·주거,고용여건,3.4244280712090536,0.0751503006012023,45.56772286755516
전남,2024,경제·고용·주거,고용여건,3.8001412575457865,0.0751503006012023,50.56721300040929
전북,2016,경제·고용·주거,고용여건,3.3523736984119648,0.0751503006012023,44.60891934686857
전북,2017,경제·고용·주거,고용여건,2.928069139704486,0.0751503006012023,38.96284001900104
전북,2018,경제·고용·주거,고용여건,2.544510024973912,0.0751503006012023,33.85894673231954
전북,2019,경제·고용·주거,고용여건,2.6346342638306095,0.0751503006012023,35.05819993737266
전북,2020,경제·고용·주거,고용여건,1.9023081541512576,0.0751503006012023,25.313380504572745
전북,2021,경제·고용·주거,고용여건,3.59707343967222,0.0751503006012023,47.86505723723836
전북,2022,경제·고용·주거,고용여건,2.483039054227264,0.0751503006012023,33.040973014917476
전북,2023,경제·고용·주거,고용여건,5.109990144550327,0.0751503006012023,67.99693552348305
전북,2024,경제·고용·주거,고용여건,5.2848391981536675,0.0751503006012023,70.32359359676484
제주,2016,경제·고용·주거,고용여건,3.2612506507995915,0.0751503006012023,43.39637532663992
제주,2017,경제·고용·주거,고용여건,4.048840157176595,0.0751503006012023,53.876566358163245
제주,2018,경제·고용·주거,고용여건,3.857631475516911,0.0751503006012023,51.332216167545056
제주,2019,경제·고용·주거,고용여건,3.544090484775337,0.0751503006012023,47.16003071741051
제주,2020,경제·고용·주거,고용여건,2.1583276480063516,0.0751503006012023,28.720146569471197
제주,2021,경제·고용·주거,고용여건,2.740524269264186,0.0751503006012023,36.467242943008785
제주,2022,경제·고용·주거,고용여건,3.357620697784891,0.0751503006012023,44.6787394185243
제주,2023,경제·고용·주거,고용여건,5.163445239547107,0.0751503006012023,68.7082446542402
제주,2024,경제·고용·주거,고용여건,4.259564336168637,0.0751503006012023,56.680602766617355
충남,2016,경제·고용·주거,고용여건,5.07207176270331,0.0751503006012023,67.4923682557054
충남,2017,경제·고용·주거,고용여건,5.390666699054885,0.0751503006012023,71.7318048754237
충남,2018,경제·고용·주거,고용여건,6.3357505114462995,0.0751503006012023,84.3077201389788
충남,2019,경제·고용·주거,고용여건,6.072108121418573,0.0751503006012023,80.79951873567651
충남,2020,경제·고용·주거,고용여건,4.027692989629154,0.0751503006012023,53.5951680486653
충남,2021,경제·고용·주거,고용여건,5.338596147718464,0.0751503006012023,71.0389194056404
충남,2022,경제·고용·주거,고용여건,5.680199728180147,0.0751503006012023,75.58452438298386
충남,2023,경제·고용·주거,고용여건,6.816400280492164,0.0751503006012023,90.70356639908243
충남,2024,경제·고용·주거,고용여건,7.499858872674926,0.0751503006012023,99.79812206572772
충북,2016,경제·고용·주거,고용여건,4.9478619922002185,0.0751503006012023,65.8395502428776
충북,2017,경제·고용·주거,고용여건,5.1706212405363186,0.0751503006012023,68.8037333074033
충북,2018,경제·고용·주거,고용여건,5.903839024448509,0.0751503006012023,78.56041795199486
충북,2019,경제·고용·주거,고용여건,5.672703907862103,0.0751503006012023,75.48478000061841
충북,2020,경제·고용·주거,고용여건,3.799047971506466,0.0751503006012023,50.55266500751272
충북,2021,경제·고용·주거,고용여건,4.64667763866677,0.0751503006012023,61.83179044519251
충북,2022,경제·고용·주거,고용여건,4.905460474745189,0.0751503006012023,65.27532738394268
충북,2023,경제·고용·주거,고용여건,7.2667833470440035,0.0751503006012023,96.69666373799892
충북,2024,경제·고용·주거,고용여건,7.104890389417653,0.0751503006012023,94.54240811518429
