대영역,세부영역,세부지표,방향성,비교시작연도,비교기준연도,지역,시작값,기준값,변화량,방향성기준결과,기준연도순위,실측연도수,결측연도수,비교기간실측연도수,비교기간결측연도수,급등락후보연도,단위,출처,관측기간,자료기준
보건·안전,의료서비스 여건,(대체)분만실 병상수 보급도,높을수록 양호,2018,2024,서울,4.828160988807371,3.7291728908848296,-1.098988097922541,악화,5,7,2,7,0,"2021, 2022",병상/인구 10만 명,2018-2025_시군구별_특수진료실_현황_20260716080246.csv; 2016-2025_행정구역(시도)별_1세별_주민등록인구_20260715.csv,2016–2024,검증 원자료 기준
보건·안전,의료서비스 여건,(대체)분만실 병상수 보급도,높을수록 양호,2018,2024,부산,5.5354526126028745,4.7603041451687655,-0.7751484674341089,악화,1,7,2,7,0,-,병상/인구 10만 명,2018-2025_시군구별_특수진료실_현황_20260716080246.csv; 2016-2025_행정구역(시도)별_1세별_주민등록인구_20260715.csv,2016–2024,검증 원자료 기준
보건·안전,의료서비스 여건,(대체)분만실 병상수 보급도,높을수록 양호,2018,2024,대구,3.493422819119097,3.448087665196188,-0.045335153922908766,악화,10,7,2,7,0,-,병상/인구 10만 명,2018-2025_시군구별_특수진료실_현황_20260716080246.csv; 2016-2025_행정구역(시도)별_1세별_주민등록인구_20260715.csv,2016–2024,검증 원자료 기준
보건·안전,의료서비스 여건,(대체)분만실 병상수 보급도,높을수록 양호,2018,2024,인천,3.587575076777491,3.1529190568717085,-0.43465601990578273,악화,11,7,2,7,0,-,병상/인구 10만 명,2018-2025_시군구별_특수진료실_현황_20260716080246.csv; 2016-2025_행정구역(시도)별_1세별_주민등록인구_20260715.csv,2016–2024,검증 원자료 기준
보건·안전,의료서비스 여건,(대체)분만실 병상수 보급도,높을수록 양호,2018,2024,광주,3.9058859645756714,3.053062221408072,-0.8528237431675993,악화,13,7,2,7,0,-,병상/인구 10만 명,2018-2025_시군구별_특수진료실_현황_20260716080246.csv; 2016-2025_행정구역(시도)별_1세별_주민등록인구_20260715.csv,2016–2024,검증 원자료 기준
보건·안전,의료서비스 여건,(대체)분만실 병상수 보급도,높을수록 양호,2018,2024,대전,6.342554311057656,4.7423595896764565,-1.6001947213811993,악화,2,7,2,7,0,"2023, 2024",병상/인구 10만 명,2018-2025_시군구별_특수진료실_현황_20260716080246.csv; 2016-2025_행정구역(시도)별_1세별_주민등록인구_20260715.csv,2016–2024,검증 원자료 기준
보건·안전,의료서비스 여건,(대체)분만실 병상수 보급도,높을수록 양호,2018,2024,울산,4.067070316184431,3.528986411353228,-0.5380839048312027,악화,8,7,2,7,0,2024,병상/인구 10만 명,2018-2025_시군구별_특수진료실_현황_20260716080246.csv; 2016-2025_행정구역(시도)별_1세별_주민등록인구_20260715.csv,2016–2024,검증 원자료 기준
보건·안전,의료서비스 여건,(대체)분만실 병상수 보급도,높을수록 양호,2018,2024,세종,2.546748756868263,3.583449582144183,1.0367008252759198,개선,7,7,2,7,0,"2020, 2021",병상/인구 10만 명,2018-2025_시군구별_특수진료실_현황_20260716080246.csv; 2016-2025_행정구역(시도)별_1세별_주민등록인구_20260715.csv,2016–2024,검증 원자료 기준
보건·안전,의료서비스 여건,(대체)분만실 병상수 보급도,높을수록 양호,2018,2024,경기,3.479350589535811,2.9610027539881347,-0.5183478355476763,악화,15,7,2,7,0,-,병상/인구 10만 명,2018-2025_시군구별_특수진료실_현황_20260716080246.csv; 2016-2025_행정구역(시도)별_1세별_주민등록인구_20260715.csv,2016–2024,검증 원자료 기준
보건·안전,의료서비스 여건,(대체)분만실 병상수 보급도,높을수록 양호,2018,2024,강원,4.115221003569549,4.348496408537285,0.2332754049677357,개선,3,7,2,7,0,2024,병상/인구 10만 명,2018-2025_시군구별_특수진료실_현황_20260716080246.csv; 2016-2025_행정구역(시도)별_1세별_주민등록인구_20260715.csv,2016–2024,검증 원자료 기준
보건·안전,의료서비스 여건,(대체)분만실 병상수 보급도,높을수록 양호,2018,2024,충북,4.25198780429851,3.079481415329658,-1.172506388968852,악화,12,7,2,7,0,-,병상/인구 10만 명,2018-2025_시군구별_특수진료실_현황_20260716080246.csv; 2016-2025_행정구역(시도)별_1세별_주민등록인구_20260715.csv,2016–2024,검증 원자료 기준
보건·안전,의료서비스 여건,(대체)분만실 병상수 보급도,높을수록 양호,2018,2024,충남,4.891166834878911,3.521993621564243,-1.3691732133146681,악화,9,7,2,7,0,-,병상/인구 10만 명,2018-2025_시군구별_특수진료실_현황_20260716080246.csv; 2016-2025_행정구역(시도)별_1세별_주민등록인구_20260715.csv,2016–2024,검증 원자료 기준
보건·안전,의료서비스 여건,(대체)분만실 병상수 보급도,높을수록 양호,2018,2024,전북,4.845298862389157,3.738446761642386,-1.1068521007467709,악화,4,7,2,7,0,"2021, 2022",병상/인구 10만 명,2018-2025_시군구별_특수진료실_현황_20260716080246.csv; 2016-2025_행정구역(시도)별_1세별_주민등록인구_20260715.csv,2016–2024,검증 원자료 기준
보건·안전,의료서비스 여건,(대체)분만실 병상수 보급도,높을수록 양호,2018,2024,전남,2.575718147394807,2.2361122058743788,-0.33960594152042844,악화,17,7,2,7,0,2024,병상/인구 10만 명,2018-2025_시군구별_특수진료실_현황_20260716080246.csv; 2016-2025_행정구역(시도)별_1세별_주민등록인구_20260715.csv,2016–2024,검증 원자료 기준
보건·안전,의료서비스 여건,(대체)분만실 병상수 보급도,높을수록 양호,2018,2024,경북,3.810475894817416,2.923302035566315,-0.8871738592511011,악화,16,7,2,7,0,2021,병상/인구 10만 명,2018-2025_시군구별_특수진료실_현황_20260716080246.csv; 2016-2025_행정구역(시도)별_1세별_주민등록인구_20260715.csv,2016–2024,검증 원자료 기준
보건·안전,의료서비스 여건,(대체)분만실 병상수 보급도,높을수록 양호,2018,2024,경남,4.030838283953589,3.717034549836141,-0.3138037341174478,악화,6,7,2,7,0,-,병상/인구 10만 명,2018-2025_시군구별_특수진료실_현황_20260716080246.csv; 2016-2025_행정구역(시도)별_1세별_주민등록인구_20260715.csv,2016–2024,검증 원자료 기준
보건·안전,의료서비스 여건,(대체)분만실 병상수 보급도,높을수록 양호,2018,2024,제주,3.5222297662888136,3.02072891307461,-0.5015008532142038,악화,14,7,2,7,0,-,병상/인구 10만 명,2018-2025_시군구별_특수진료실_현황_20260716080246.csv; 2016-2025_행정구역(시도)별_1세별_주민등록인구_20260715.csv,2016–2024,검증 원자료 기준
보건·안전,의료서비스 여건,(대체)소아청소년과 전문인력 보급도,높을수록 양호,2016,2024,서울,12.403560866717632,16.060626063832295,3.6570651971146635,개선,3,9,0,9,0,-,명/인구 10만 명,2016-2025_시군구별_전문과목별_전문의_인력현황_20260716081608.csv; 2016-2025_행정구역(시도)별_1세별_주민등록인구_20260715.csv,2016–2024,검증 원자료 기준
보건·안전,의료서비스 여건,(대체)소아청소년과 전문인력 보급도,높을수록 양호,2016,2024,부산,11.869274200671196,14.18142054822785,2.312146347556654,개선,6,9,0,9,0,-,명/인구 10만 명,2016-2025_시군구별_전문과목별_전문의_인력현황_20260716081608.csv; 2016-2025_행정구역(시도)별_1세별_주민등록인구_20260715.csv,2016–2024,검증 원자료 기준
보건·안전,의료서비스 여건,(대체)소아청소년과 전문인력 보급도,높을수록 양호,2016,2024,대구,12.970119019205436,15.262547548705824,2.2924285295003877,개선,4,9,0,9,0,-,명/인구 10만 명,2016-2025_시군구별_전문과목별_전문의_인력현황_20260716081608.csv; 2016-2025_행정구역(시도)별_1세별_주민등록인구_20260715.csv,2016–2024,검증 원자료 기준
보건·안전,의료서비스 여건,(대체)소아청소년과 전문인력 보급도,높을수록 양호,2016,2024,인천,9.301514847256383,11.635181611447829,2.3336667641914453,개선,9,9,0,9,0,-,명/인구 10만 명,2016-2025_시군구별_전문과목별_전문의_인력현황_20260716081608.csv; 2016-2025_행정구역(시도)별_1세별_주민등록인구_20260715.csv,2016–2024,검증 원자료 기준
보건·안전,의료서비스 여건,(대체)소아청소년과 전문인력 보급도,높을수록 양호,2016,2024,광주,14.582627173441036,16.632088961973043,2.049461788532007,개선,2,9,0,9,0,-,명/인구 10만 명,2016-2025_시군구별_전문과목별_전문의_인력현황_20260716081608.csv; 2016-2025_행정구역(시도)별_1세별_주민등록인구_20260715.csv,2016–2024,검증 원자료 기준
보건·안전,의료서비스 여건,(대체)소아청소년과 전문인력 보급도,높을수록 양호,2016,2024,대전,11.952164926669177,14.904558710411722,2.9523937837425454,개선,5,9,0,9,0,2018,명/인구 10만 명,2016-2025_시군구별_전문과목별_전문의_인력현황_20260716081608.csv; 2016-2025_행정구역(시도)별_1세별_주민등록인구_20260715.csv,2016–2024,검증 원자료 기준
보건·안전,의료서비스 여건,(대체)소아청소년과 전문인력 보급도,높을수록 양호,2016,2024,울산,9.873718762368808,10.928474048061608,1.0547552856927993,개선,11,9,0,9,0,-,명/인구 10만 명,2016-2025_시군구별_전문과목별_전문의_인력현황_20260716081608.csv; 2016-2025_행정구역(시도)별_1세별_주민등록인구_20260715.csv,2016–2024,검증 원자료 기준
보건·안전,의료서비스 여건,(대체)소아청소년과 전문인력 보급도,높을수록 양호,2016,2024,세종,8.948849609953589,20.220894070670745,11.272044460717156,개선,1,9,0,9,0,"2017, 2018, 2019, 2020, 2021, 2024",명/인구 10만 명,2016-2025_시군구별_전문과목별_전문의_인력현황_20260716081608.csv; 2016-2025_행정구역(시도)별_1세별_주민등록인구_20260715.csv,2016–2024,검증 원자료 기준
보건·안전,의료서비스 여건,(대체)소아청소년과 전문인력 보급도,높을수록 양호,2016,2024,경기,10.206986359754591,12.324124286173795,2.117137926419204,개선,7,9,0,9,0,2021,명/인구 10만 명,2016-2025_시군구별_전문과목별_전문의_인력현황_20260716081608.csv; 2016-2025_행정구역(시도)별_1세별_주민등록인구_20260715.csv,2016–2024,검증 원자료 기준
보건·안전,의료서비스 여건,(대체)소아청소년과 전문인력 보급도,높을수록 양호,2016,2024,강원,7.737911769750698,10.29473581566592,2.5568240459152216,개선,13,9,0,9,0,-,명/인구 10만 명,2016-2025_시군구별_전문과목별_전문의_인력현황_20260716081608.csv; 2016-2025_행정구역(시도)별_1세별_주민등록인구_20260715.csv,2016–2024,검증 원자료 기준
보건·안전,의료서비스 여건,(대체)소아청소년과 전문인력 보급도,높을수록 양호,2016,2024,충북,8.827456216131312,9.15988604661832,0.33242983048700836,개선,14,9,0,9,0,-,명/인구 10만 명,2016-2025_시군구별_전문과목별_전문의_인력현황_20260716081608.csv; 2016-2025_행정구역(시도)별_1세별_주민등록인구_20260715.csv,2016–2024,검증 원자료 기준
보건·안전,의료서비스 여건,(대체)소아청소년과 전문인력 보급도,높을수록 양호,2016,2024,충남,8.131721487823642,8.155579914386303,0.02385842656266135,개선,16,9,0,9,0,-,명/인구 10만 명,2016-2025_시군구별_전문과목별_전문의_인력현황_20260716081608.csv; 2016-2025_행정구역(시도)별_1세별_주민등록인구_20260715.csv,2016–2024,검증 원자료 기준
보건·안전,의료서비스 여건,(대체)소아청소년과 전문인력 보급도,높을수록 양호,2016,2024,전북,9.920682800378165,11.646699526655125,1.72601672627696,개선,8,9,0,9,0,-,명/인구 10만 명,2016-2025_시군구별_전문과목별_전문의_인력현황_20260716081608.csv; 2016-2025_행정구역(시도)별_1세별_주민등록인구_20260715.csv,2016–2024,검증 원자료 기준
보건·안전,의료서비스 여건,(대체)소아청소년과 전문인력 보급도,높을수록 양호,2016,2024,전남,7.615890213528552,8.343493668168776,0.7276034546402235,개선,15,9,0,9,0,-,명/인구 10만 명,2016-2025_시군구별_전문과목별_전문의_인력현황_20260716081608.csv; 2016-2025_행정구역(시도)별_1세별_주민등록인구_20260715.csv,2016–2024,검증 원자료 기준
보건·안전,의료서비스 여건,(대체)소아청소년과 전문인력 보급도,높을수록 양호,2016,2024,경북,7.489636712810483,7.81193212882755,0.32229541601706746,개선,17,9,0,9,0,2021,명/인구 10만 명,2016-2025_시군구별_전문과목별_전문의_인력현황_20260716081608.csv; 2016-2025_행정구역(시도)별_1세별_주민등록인구_20260715.csv,2016–2024,검증 원자료 기준
보건·안전,의료서비스 여건,(대체)소아청소년과 전문인력 보급도,높을수록 양호,2016,2024,경남,9.5217037047356,11.151103649508425,1.6293999447728247,개선,10,9,0,9,0,-,명/인구 10만 명,2016-2025_시군구별_전문과목별_전문의_인력현황_20260716081608.csv; 2016-2025_행정구역(시도)별_1세별_주민등록인구_20260715.csv,2016–2024,검증 원자료 기준
보건·안전,의료서비스 여건,(대체)소아청소년과 전문인력 보급도,높을수록 양호,2016,2024,제주,8.845116171054416,10.553904720989069,1.7087885499346527,개선,12,9,0,9,0,-,명/인구 10만 명,2016-2025_시군구별_전문과목별_전문의_인력현황_20260716081608.csv; 2016-2025_행정구역(시도)별_1세별_주민등록인구_20260715.csv,2016–2024,검증 원자료 기준
가족·생활,가사수행 격차,가사노동 공동 참여도,높을수록 양호,2020,2023,서울,27.9,23.6,-4.299999999999997,악화,14,2,7,2,2,-,%,국가데이터처 MDIS 가족실태조사 총괄 원자료,2016–2024,검증 원자료 기준
가족·생활,가사수행 격차,가사노동 공동 참여도,높을수록 양호,2020,2023,부산,22.4,20.1,-2.299999999999997,악화,16,2,7,2,2,-,%,국가데이터처 MDIS 가족실태조사 총괄 원자료,2016–2024,검증 원자료 기준
가족·생활,가사수행 격차,가사노동 공동 참여도,높을수록 양호,2020,2023,대구,20.3,24.4,4.099999999999998,개선,11,2,7,2,2,-,%,국가데이터처 MDIS 가족실태조사 총괄 원자료,2016–2024,검증 원자료 기준
가족·생활,가사수행 격차,가사노동 공동 참여도,높을수록 양호,2020,2023,인천,26.9,22.3,-4.599999999999998,악화,15,2,7,2,2,-,%,국가데이터처 MDIS 가족실태조사 총괄 원자료,2016–2024,검증 원자료 기준
가족·생활,가사수행 격차,가사노동 공동 참여도,높을수록 양호,2020,2023,광주,28.2,32.1,3.900000000000002,개선,2,2,7,2,2,-,%,국가데이터처 MDIS 가족실태조사 총괄 원자료,2016–2024,검증 원자료 기준
가족·생활,가사수행 격차,가사노동 공동 참여도,높을수록 양호,2020,2023,대전,24.7,36.6,11.900000000000002,개선,1,2,7,2,2,-,%,국가데이터처 MDIS 가족실태조사 총괄 원자료,2016–2024,검증 원자료 기준
가족·생활,가사수행 격차,가사노동 공동 참여도,높을수록 양호,2020,2023,울산,21.0,30.7,9.7,개선,3,2,7,2,2,-,%,국가데이터처 MDIS 가족실태조사 총괄 원자료,2016–2024,검증 원자료 기준
가족·생활,가사수행 격차,가사노동 공동 참여도,높을수록 양호,2020,2023,세종,27.5,27.3,-0.1999999999999993,악화,8,2,7,2,2,-,%,국가데이터처 MDIS 가족실태조사 총괄 원자료,2016–2024,검증 원자료 기준
가족·생활,가사수행 격차,가사노동 공동 참여도,높을수록 양호,2020,2023,경기,30.9,25.6,-5.299999999999997,악화,9,2,7,2,2,-,%,국가데이터처 MDIS 가족실태조사 총괄 원자료,2016–2024,검증 원자료 기준
가족·생활,가사수행 격차,가사노동 공동 참여도,높을수록 양호,2020,2023,강원,27.1,28.4,1.2999999999999972,개선,7,2,7,2,2,-,%,국가데이터처 MDIS 가족실태조사 총괄 원자료,2016–2024,검증 원자료 기준
가족·생활,가사수행 격차,가사노동 공동 참여도,높을수록 양호,2020,2023,충북,23.5,23.7,0.1999999999999993,개선,13,2,7,2,2,-,%,국가데이터처 MDIS 가족실태조사 총괄 원자료,2016–2024,검증 원자료 기준
가족·생활,가사수행 격차,가사노동 공동 참여도,높을수록 양호,2020,2023,충남,24.8,25.4,0.5999999999999979,개선,10,2,7,2,2,-,%,국가데이터처 MDIS 가족실태조사 총괄 원자료,2016–2024,검증 원자료 기준
가족·생활,가사수행 격차,가사노동 공동 참여도,높을수록 양호,2020,2023,전북,23.1,29.7,6.599999999999998,개선,6,2,7,2,2,-,%,국가데이터처 MDIS 가족실태조사 총괄 원자료,2016–2024,검증 원자료 기준
가족·생활,가사수행 격차,가사노동 공동 참여도,높을수록 양호,2020,2023,전남,21.2,24.2,3.0,개선,12,2,7,2,2,-,%,국가데이터처 MDIS 가족실태조사 총괄 원자료,2016–2024,검증 원자료 기준
가족·생활,가사수행 격차,가사노동 공동 참여도,높을수록 양호,2020,2023,경북,25.8,30.4,4.599999999999998,개선,5,2,7,2,2,-,%,국가데이터처 MDIS 가족실태조사 총괄 원자료,2016–2024,검증 원자료 기준
가족·생활,가사수행 격차,가사노동 공동 참여도,높을수록 양호,2020,2023,경남,25.0,19.2,-5.800000000000001,악화,17,2,7,2,2,-,%,국가데이터처 MDIS 가족실태조사 총괄 원자료,2016–2024,검증 원자료 기준
가족·생활,가사수행 격차,가사노동 공동 참여도,높을수록 양호,2020,2023,제주,27.3,30.6,3.3000000000000007,개선,4,2,7,2,2,-,%,국가데이터처 MDIS 가족실태조사 총괄 원자료,2016–2024,검증 원자료 기준
사회·문화,사회적 가치관,가사분담에 대한 성평등 인식,높을수록 양호,2016,2024,서울,0.7945,0.8843843843843844,0.0898843843843844,개선,2,5,4,5,4,-,점(0–1 변환점수),"2016,2018,2020,2022,2024_가사_분담에_대한_견해_13세_이상_인구__20260715194953.csv",2016–2024,검증 원자료 기준
사회·문화,사회적 가치관,가사분담에 대한 성평등 인식,높을수록 양호,2016,2024,부산,0.7827827827827827,0.8334999999999999,0.050717217217217225,개선,14,5,4,5,4,-,점(0–1 변환점수),"2016,2018,2020,2022,2024_가사_분담에_대한_견해_13세_이상_인구__20260715194953.csv",2016–2024,검증 원자료 기준
사회·문화,사회적 가치관,가사분담에 대한 성평등 인식,높을수록 양호,2016,2024,대구,0.7555000000000003,0.8339999999999999,0.07849999999999957,개선,13,5,4,5,4,-,점(0–1 변환점수),"2016,2018,2020,2022,2024_가사_분담에_대한_견해_13세_이상_인구__20260715194953.csv",2016–2024,검증 원자료 기준
사회·문화,사회적 가치관,가사분담에 대한 성평등 인식,높을수록 양호,2016,2024,인천,0.7832832832832834,0.8813813813813813,0.09809809809809789,개선,3,5,4,5,4,-,점(0–1 변환점수),"2016,2018,2020,2022,2024_가사_분담에_대한_견해_13세_이상_인구__20260715194953.csv",2016–2024,검증 원자료 기준
사회·문화,사회적 가치관,가사분담에 대한 성평등 인식,높을수록 양호,2016,2024,광주,0.7552552552552552,0.8604999999999998,0.10524474474474466,개선,7,5,4,5,4,-,점(0–1 변환점수),"2016,2018,2020,2022,2024_가사_분담에_대한_견해_13세_이상_인구__20260715194953.csv",2016–2024,검증 원자료 기준
사회·문화,사회적 가치관,가사분담에 대한 성평등 인식,높을수록 양호,2016,2024,대전,0.7789999999999999,0.8805000000000001,0.10150000000000015,개선,4,5,4,5,4,-,점(0–1 변환점수),"2016,2018,2020,2022,2024_가사_분담에_대한_견해_13세_이상_인구__20260715194953.csv",2016–2024,검증 원자료 기준
사회·문화,사회적 가치관,가사분담에 대한 성평등 인식,높을수록 양호,2016,2024,울산,0.7615000000000001,0.8290000000000002,0.06750000000000012,개선,15,5,4,5,4,-,점(0–1 변환점수),"2016,2018,2020,2022,2024_가사_분담에_대한_견해_13세_이상_인구__20260715194953.csv",2016–2024,검증 원자료 기준
사회·문화,사회적 가치관,가사분담에 대한 성평등 인식,높을수록 양호,2016,2024,세종,0.7635000000000001,0.898101898101898,0.13460189810189793,개선,1,5,4,5,4,-,점(0–1 변환점수),"2016,2018,2020,2022,2024_가사_분담에_대한_견해_13세_이상_인구__20260715194953.csv",2016–2024,검증 원자료 기준
사회·문화,사회적 가치관,가사분담에 대한 성평등 인식,높을수록 양호,2016,2024,경기,0.7805,0.8579999999999999,0.0774999999999999,개선,8,5,4,5,4,-,점(0–1 변환점수),"2016,2018,2020,2022,2024_가사_분담에_대한_견해_13세_이상_인구__20260715194953.csv",2016–2024,검증 원자료 기준
사회·문화,사회적 가치관,가사분담에 대한 성평등 인식,높을수록 양호,2016,2024,강원,0.7759999999999998,0.863,0.08700000000000019,개선,6,5,4,5,4,-,점(0–1 변환점수),"2016,2018,2020,2022,2024_가사_분담에_대한_견해_13세_이상_인구__20260715194953.csv",2016–2024,검증 원자료 기준
사회·문화,사회적 가치관,가사분담에 대한 성평등 인식,높을수록 양호,2016,2024,충북,0.7627627627627627,0.835,0.0722372372372373,개선,12,5,4,5,4,-,점(0–1 변환점수),"2016,2018,2020,2022,2024_가사_분담에_대한_견해_13세_이상_인구__20260715194953.csv",2016–2024,검증 원자료 기준
사회·문화,사회적 가치관,가사분담에 대한 성평등 인식,높을수록 양호,2016,2024,충남,0.7542542542542543,0.8514999999999999,0.09724574574574563,개선,9,5,4,5,4,-,점(0–1 변환점수),"2016,2018,2020,2022,2024_가사_분담에_대한_견해_13세_이상_인구__20260715194953.csv",2016–2024,검증 원자료 기준
사회·문화,사회적 가치관,가사분담에 대한 성평등 인식,높을수록 양호,2016,2024,전북,0.7770000000000001,0.8413413413413413,0.06434134134134117,개선,11,5,4,5,4,-,점(0–1 변환점수),"2016,2018,2020,2022,2024_가사_분담에_대한_견해_13세_이상_인구__20260715194953.csv",2016–2024,검증 원자료 기준
사회·문화,사회적 가치관,가사분담에 대한 성평등 인식,높을수록 양호,2016,2024,전남,0.7865,0.8694999999999999,0.08299999999999996,개선,5,5,4,5,4,-,점(0–1 변환점수),"2016,2018,2020,2022,2024_가사_분담에_대한_견해_13세_이상_인구__20260715194953.csv",2016–2024,검증 원자료 기준
사회·문화,사회적 가치관,가사분담에 대한 성평등 인식,높을수록 양호,2016,2024,경북,0.756,0.8151848151848153,0.05918481518481533,개선,16,5,4,5,4,-,점(0–1 변환점수),"2016,2018,2020,2022,2024_가사_분담에_대한_견해_13세_이상_인구__20260715194953.csv",2016–2024,검증 원자료 기준
사회·문화,사회적 가치관,가사분담에 대한 성평등 인식,높을수록 양호,2016,2024,경남,0.7462462462462462,0.7970000000000002,0.050753753753753905,개선,17,5,4,5,4,-,점(0–1 변환점수),"2016,2018,2020,2022,2024_가사_분담에_대한_견해_13세_이상_인구__20260715194953.csv",2016–2024,검증 원자료 기준
사회·문화,사회적 가치관,가사분담에 대한 성평등 인식,높을수록 양호,2016,2024,제주,0.7870000000000001,0.8500000000000003,0.06300000000000017,개선,10,5,4,5,4,-,점(0–1 변환점수),"2016,2018,2020,2022,2024_가사_분담에_대한_견해_13세_이상_인구__20260715194953.csv",2016–2024,검증 원자료 기준
사회·문화,일·가정 양립 여건,가족친화 인증기업 비율,높을수록 양호,2016,2024,서울,0.1216303033212846,0.4289250377630676,0.307294734441783,개선,4,9,0,9,0,-,%,2016_시도별__산업별__규모별__사업체수_및_종사자수_성별__20260715194020.csv; 2017-2023_시도별__산업별__규모별__사업체수_및_종사자수_성별__20260715194147.csv; 2024_시도별__산업별__규모별__사업체수_및_종사자수_성별__20260715194241.csv; 가족친화인증기업현황_20181231.csv; 가족친화인증기업현황_20221231.csv; 가족친화인증기업현황_20231231.csv; 가족친화인증기업현황_20241231.csv; 가족친화인증기업현황_20251201.csv,2016–2024,검증 원자료 기준
사회·문화,일·가정 양립 여건,가족친화 인증기업 비율,높을수록 양호,2016,2024,부산,0.0899241128218625,0.2633125149609383,0.17338840213907583,개선,11,9,0,9,0,-,%,2016_시도별__산업별__규모별__사업체수_및_종사자수_성별__20260715194020.csv; 2017-2023_시도별__산업별__규모별__사업체수_및_종사자수_성별__20260715194147.csv; 2024_시도별__산업별__규모별__사업체수_및_종사자수_성별__20260715194241.csv; 가족친화인증기업현황_20181231.csv; 가족친화인증기업현황_20221231.csv; 가족친화인증기업현황_20231231.csv; 가족친화인증기업현황_20241231.csv; 가족친화인증기업현황_20251201.csv,2016–2024,검증 원자료 기준
사회·문화,일·가정 양립 여건,가족친화 인증기업 비율,높을수록 양호,2016,2024,대구,0.0591909860584088,0.238995779202982,0.1798047931445732,개선,14,9,0,9,0,-,%,2016_시도별__산업별__규모별__사업체수_및_종사자수_성별__20260715194020.csv; 2017-2023_시도별__산업별__규모별__사업체수_및_종사자수_성별__20260715194147.csv; 2024_시도별__산업별__규모별__사업체수_및_종사자수_성별__20260715194241.csv; 가족친화인증기업현황_20181231.csv; 가족친화인증기업현황_20221231.csv; 가족친화인증기업현황_20231231.csv; 가족친화인증기업현황_20241231.csv; 가족친화인증기업현황_20251201.csv,2016–2024,검증 원자료 기준
사회·문화,일·가정 양립 여건,가족친화 인증기업 비율,높을수록 양호,2016,2024,인천,0.0690667357334024,0.2657591342752806,0.1966923985418782,개선,10,9,0,9,0,-,%,2016_시도별__산업별__규모별__사업체수_및_종사자수_성별__20260715194020.csv; 2017-2023_시도별__산업별__규모별__사업체수_및_종사자수_성별__20260715194147.csv; 2024_시도별__산업별__규모별__사업체수_및_종사자수_성별__20260715194241.csv; 가족친화인증기업현황_20181231.csv; 가족친화인증기업현황_20221231.csv; 가족친화인증기업현황_20231231.csv; 가족친화인증기업현황_20241231.csv; 가족친화인증기업현황_20251201.csv,2016–2024,검증 원자료 기준
사회·문화,일·가정 양립 여건,가족친화 인증기업 비율,높을수록 양호,2016,2024,광주,0.0501504513540621,0.2407980736154111,0.19064762226134901,개선,13,9,0,9,0,-,%,2016_시도별__산업별__규모별__사업체수_및_종사자수_성별__20260715194020.csv; 2017-2023_시도별__산업별__규모별__사업체수_및_종사자수_성별__20260715194147.csv; 2024_시도별__산업별__규모별__사업체수_및_종사자수_성별__20260715194241.csv; 가족친화인증기업현황_20181231.csv; 가족친화인증기업현황_20221231.csv; 가족친화인증기업현황_20231231.csv; 가족친화인증기업현황_20241231.csv; 가족친화인증기업현황_20251201.csv,2016–2024,검증 원자료 기준
사회·문화,일·가정 양립 여건,가족친화 인증기업 비율,높을수록 양호,2016,2024,대전,0.2646178553179064,0.5830191314062282,0.3184012760883218,개선,2,9,0,9,0,"2017, 2018, 2019, 2022",%,2016_시도별__산업별__규모별__사업체수_및_종사자수_성별__20260715194020.csv; 2017-2023_시도별__산업별__규모별__사업체수_및_종사자수_성별__20260715194147.csv; 2024_시도별__산업별__규모별__사업체수_및_종사자수_성별__20260715194241.csv; 가족친화인증기업현황_20181231.csv; 가족친화인증기업현황_20221231.csv; 가족친화인증기업현황_20231231.csv; 가족친화인증기업현황_20241231.csv; 가족친화인증기업현황_20251201.csv,2016–2024,검증 원자료 기준
사회·문화,일·가정 양립 여건,가족친화 인증기업 비율,높을수록 양호,2016,2024,울산,0.0453172205438066,0.195959007494108,0.1506417869503014,개선,16,9,0,9,0,-,%,2016_시도별__산업별__규모별__사업체수_및_종사자수_성별__20260715194020.csv; 2017-2023_시도별__산업별__규모별__사업체수_및_종사자수_성별__20260715194147.csv; 2024_시도별__산업별__규모별__사업체수_및_종사자수_성별__20260715194241.csv; 가족친화인증기업현황_20181231.csv; 가족친화인증기업현황_20221231.csv; 가족친화인증기업현황_20231231.csv; 가족친화인증기업현황_20241231.csv; 가족친화인증기업현황_20251201.csv,2016–2024,검증 원자료 기준
사회·문화,일·가정 양립 여건,가족친화 인증기업 비율,높을수록 양호,2016,2024,세종,0.3293601003764115,0.7571660356949702,0.4278059353185587,개선,1,9,0,9,0,"2017, 2018, 2019, 2021",%,2016_시도별__산업별__규모별__사업체수_및_종사자수_성별__20260715194020.csv; 2017-2023_시도별__산업별__규모별__사업체수_및_종사자수_성별__20260715194147.csv; 2024_시도별__산업별__규모별__사업체수_및_종사자수_성별__20260715194241.csv; 가족친화인증기업현황_20181231.csv; 가족친화인증기업현황_20221231.csv; 가족친화인증기업현황_20231231.csv; 가족친화인증기업현황_20241231.csv; 가족친화인증기업현황_20251201.csv,2016–2024,검증 원자료 기준
사회·문화,일·가정 양립 여건,가족친화 인증기업 비율,높을수록 양호,2016,2024,경기,0.0620944390268883,0.2231306698806169,0.1610362308537286,개선,15,9,0,9,0,-,%,2016_시도별__산업별__규모별__사업체수_및_종사자수_성별__20260715194020.csv; 2017-2023_시도별__산업별__규모별__사업체수_및_종사자수_성별__20260715194147.csv; 2024_시도별__산업별__규모별__사업체수_및_종사자수_성별__20260715194241.csv; 가족친화인증기업현황_20181231.csv; 가족친화인증기업현황_20221231.csv; 가족친화인증기업현황_20231231.csv; 가족친화인증기업현황_20241231.csv; 가족친화인증기업현황_20251201.csv,2016–2024,검증 원자료 기준
사회·문화,일·가정 양립 여건,가족친화 인증기업 비율,높을수록 양호,2016,2024,강원,0.0876132401128458,0.3133456772539524,0.2257324371411066,개선,7,9,0,9,0,-,%,2016_시도별__산업별__규모별__사업체수_및_종사자수_성별__20260715194020.csv; 2017-2023_시도별__산업별__규모별__사업체수_및_종사자수_성별__20260715194147.csv; 2024_시도별__산업별__규모별__사업체수_및_종사자수_성별__20260715194241.csv; 가족친화인증기업현황_20181231.csv; 가족친화인증기업현황_20221231.csv; 가족친화인증기업현황_20231231.csv; 가족친화인증기업현황_20241231.csv; 가족친화인증기업현황_20251201.csv,2016–2024,검증 원자료 기준
사회·문화,일·가정 양립 여건,가족친화 인증기업 비율,높을수록 양호,2016,2024,충북,0.2011087211234107,0.5553248111741812,0.3542160900507705,개선,3,9,0,9,0,2024,%,2016_시도별__산업별__규모별__사업체수_및_종사자수_성별__20260715194020.csv; 2017-2023_시도별__산업별__규모별__사업체수_및_종사자수_성별__20260715194147.csv; 2024_시도별__산업별__규모별__사업체수_및_종사자수_성별__20260715194241.csv; 가족친화인증기업현황_20181231.csv; 가족친화인증기업현황_20221231.csv; 가족친화인증기업현황_20231231.csv; 가족친화인증기업현황_20241231.csv; 가족친화인증기업현황_20251201.csv,2016–2024,검증 원자료 기준
사회·문화,일·가정 양립 여건,가족친화 인증기업 비율,높을수록 양호,2016,2024,충남,0.1198669342348045,0.3039722869039562,0.18410535266915173,개선,9,9,0,9,0,-,%,2016_시도별__산업별__규모별__사업체수_및_종사자수_성별__20260715194020.csv; 2017-2023_시도별__산업별__규모별__사업체수_및_종사자수_성별__20260715194147.csv; 2024_시도별__산업별__규모별__사업체수_및_종사자수_성별__20260715194241.csv; 가족친화인증기업현황_20181231.csv; 가족친화인증기업현황_20221231.csv; 가족친화인증기업현황_20231231.csv; 가족친화인증기업현황_20241231.csv; 가족친화인증기업현황_20251201.csv,2016–2024,검증 원자료 기준
사회·문화,일·가정 양립 여건,가족친화 인증기업 비율,높을수록 양호,2016,2024,전북,0.0571985097469352,0.2539507480663465,0.1967522383194113,개선,12,9,0,9,0,-,%,2016_시도별__산업별__규모별__사업체수_및_종사자수_성별__20260715194020.csv; 2017-2023_시도별__산업별__규모별__사업체수_및_종사자수_성별__20260715194147.csv; 2024_시도별__산업별__규모별__사업체수_및_종사자수_성별__20260715194241.csv; 가족친화인증기업현황_20181231.csv; 가족친화인증기업현황_20221231.csv; 가족친화인증기업현황_20231231.csv; 가족친화인증기업현황_20241231.csv; 가족친화인증기업현황_20251201.csv,2016–2024,검증 원자료 기준
사회·문화,일·가정 양립 여건,가족친화 인증기업 비율,높을수록 양호,2016,2024,전남,0.0958667295300958,0.3467569247772328,0.250890195247137,개선,6,9,0,9,0,-,%,2016_시도별__산업별__규모별__사업체수_및_종사자수_성별__20260715194020.csv; 2017-2023_시도별__산업별__규모별__사업체수_및_종사자수_성별__20260715194147.csv; 2024_시도별__산업별__규모별__사업체수_및_종사자수_성별__20260715194241.csv; 가족친화인증기업현황_20181231.csv; 가족친화인증기업현황_20221231.csv; 가족친화인증기업현황_20231231.csv; 가족친화인증기업현황_20241231.csv; 가족친화인증기업현황_20251201.csv,2016–2024,검증 원자료 기준
사회·문화,일·가정 양립 여건,가족친화 인증기업 비율,높을수록 양호,2016,2024,경북,0.0564634692007755,0.3062197075703189,0.24975623836954342,개선,8,9,0,9,0,-,%,2016_시도별__산업별__규모별__사업체수_및_종사자수_성별__20260715194020.csv; 2017-2023_시도별__산업별__규모별__사업체수_및_종사자수_성별__20260715194147.csv; 2024_시도별__산업별__규모별__사업체수_및_종사자수_성별__20260715194241.csv; 가족친화인증기업현황_20181231.csv; 가족친화인증기업현황_20221231.csv; 가족친화인증기업현황_20231231.csv; 가족친화인증기업현황_20241231.csv; 가족친화인증기업현황_20251201.csv,2016–2024,검증 원자료 기준
사회·문화,일·가정 양립 여건,가족친화 인증기업 비율,높을수록 양호,2016,2024,경남,0.1003244362818469,0.1675723553491489,0.06724791906730201,개선,17,9,0,9,0,-,%,2016_시도별__산업별__규모별__사업체수_및_종사자수_성별__20260715194020.csv; 2017-2023_시도별__산업별__규모별__사업체수_및_종사자수_성별__20260715194147.csv; 2024_시도별__산업별__규모별__사업체수_및_종사자수_성별__20260715194241.csv; 가족친화인증기업현황_20181231.csv; 가족친화인증기업현황_20221231.csv; 가족친화인증기업현황_20231231.csv; 가족친화인증기업현황_20241231.csv; 가족친화인증기업현황_20251201.csv,2016–2024,검증 원자료 기준
사회·문화,일·가정 양립 여건,가족친화 인증기업 비율,높을수록 양호,2016,2024,제주,0.073394495412844,0.3540171108270233,0.2806226154141793,개선,5,9,0,9,0,2020,%,2016_시도별__산업별__규모별__사업체수_및_종사자수_성별__20260715194020.csv; 2017-2023_시도별__산업별__규모별__사업체수_및_종사자수_성별__20260715194147.csv; 2024_시도별__산업별__규모별__사업체수_및_종사자수_성별__20260715194241.csv; 가족친화인증기업현황_20181231.csv; 가족친화인증기업현황_20221231.csv; 가족친화인증기업현황_20231231.csv; 가족친화인증기업현황_20241231.csv; 가족친화인증기업현황_20251201.csv,2016–2024,검증 원자료 기준
사회·문화,사회적 가치관,결혼에 대한 인식,높을수록 양호,2016,2024,서울,3.5605289928789423,3.604316546762589,0.043787553883646524,개선,15,5,4,5,4,-,점(1–5점 척도),"2016,2018,2020,2022,2024_결혼에_대한_견해_13세_이상_인구__20260715194527.xlsx",2016–2024,검증 원자료 기준
사회·문화,사회적 가치관,결혼에 대한 인식,높을수록 양호,2016,2024,부산,3.6316872427983538,3.635619242579325,0.003931999780971029,개선,13,5,4,5,4,-,점(1–5점 척도),"2016,2018,2020,2022,2024_결혼에_대한_견해_13세_이상_인구__20260715194527.xlsx",2016–2024,검증 원자료 기준
사회·문화,사회적 가치관,결혼에 대한 인식,높을수록 양호,2016,2024,대구,3.620162932790224,3.556701030927836,-0.06346190186238765,악화,17,5,4,5,4,-,점(1–5점 척도),"2016,2018,2020,2022,2024_결혼에_대한_견해_13세_이상_인구__20260715194527.xlsx",2016–2024,검증 원자료 기준
사회·문화,사회적 가치관,결혼에 대한 인식,높을수록 양호,2016,2024,인천,3.5944272445820427,3.636831275720165,0.04240403113812219,개선,12,5,4,5,4,-,점(1–5점 척도),"2016,2018,2020,2022,2024_결혼에_대한_견해_13세_이상_인구__20260715194527.xlsx",2016–2024,검증 원자료 기준
사회·문화,사회적 가치관,결혼에 대한 인식,높을수록 양호,2016,2024,광주,3.601634320735445,3.749741468459152,0.14810714772370703,개선,7,5,4,5,4,-,점(1–5점 척도),"2016,2018,2020,2022,2024_결혼에_대한_견해_13세_이상_인구__20260715194527.xlsx",2016–2024,검증 원자료 기준
사회·문화,사회적 가치관,결혼에 대한 인식,높을수록 양호,2016,2024,대전,3.635897435897436,3.756449948400413,0.12055251250297694,개선,5,5,4,5,4,-,점(1–5점 척도),"2016,2018,2020,2022,2024_결혼에_대한_견해_13세_이상_인구__20260715194527.xlsx",2016–2024,검증 원자료 기준
사회·문화,사회적 가치관,결혼에 대한 인식,높을수록 양호,2016,2024,울산,3.6163655685441034,3.5900104058272637,-0.026355162716839686,악화,16,5,4,5,4,-,점(1–5점 척도),"2016,2018,2020,2022,2024_결혼에_대한_견해_13세_이상_인구__20260715194527.xlsx",2016–2024,검증 원자료 기준
사회·문화,사회적 가치관,결혼에 대한 인식,높을수록 양호,2016,2024,세종,3.59979633401222,3.643666323377961,0.043869989365740825,개선,11,5,4,5,4,-,점(1–5점 척도),"2016,2018,2020,2022,2024_결혼에_대한_견해_13세_이상_인구__20260715194527.xlsx",2016–2024,검증 원자료 기준
사회·문화,사회적 가치관,결혼에 대한 인식,높을수록 양호,2016,2024,경기,3.595116988809766,3.6348717948717946,0.039754806062028525,개선,14,5,4,5,4,-,점(1–5점 척도),"2016,2018,2020,2022,2024_결혼에_대한_견해_13세_이상_인구__20260715194527.xlsx",2016–2024,검증 원자료 기준
사회·문화,사회적 가치관,결혼에 대한 인식,높을수록 양호,2016,2024,강원,3.664969450101833,3.684265010351967,0.019295560250134347,개선,8,5,4,5,4,-,점(1–5점 척도),"2016,2018,2020,2022,2024_결혼에_대한_견해_13세_이상_인구__20260715194527.xlsx",2016–2024,검증 원자료 기준
사회·문화,사회적 가치관,결혼에 대한 인식,높을수록 양호,2016,2024,충북,3.704615384615384,3.6776180698151952,-0.026997314800188743,악화,9,5,4,5,4,-,점(1–5점 척도),"2016,2018,2020,2022,2024_결혼에_대한_견해_13세_이상_인구__20260715194527.xlsx",2016–2024,검증 원자료 기준
사회·문화,사회적 가치관,결혼에 대한 인식,높을수록 양호,2016,2024,충남,3.640816326530613,3.81165452653486,0.1708382000042472,개선,2,5,4,5,4,-,점(1–5점 척도),"2016,2018,2020,2022,2024_결혼에_대한_견해_13세_이상_인구__20260715194527.xlsx",2016–2024,검증 원자료 기준
사회·문화,사회적 가치관,결혼에 대한 인식,높을수록 양호,2016,2024,전북,3.67420349434738,3.759674134419551,0.0854706400721712,개선,4,5,4,5,4,-,점(1–5점 척도),"2016,2018,2020,2022,2024_결혼에_대한_견해_13세_이상_인구__20260715194527.xlsx",2016–2024,검증 원자료 기준
사회·문화,사회적 가치관,결혼에 대한 인식,높을수록 양호,2016,2024,전남,3.775384615384616,3.828689370485036,0.05330475510042021,개선,1,5,4,5,4,-,점(1–5점 척도),"2016,2018,2020,2022,2024_결혼에_대한_견해_13세_이상_인구__20260715194527.xlsx",2016–2024,검증 원자료 기준
사회·문화,사회적 가치관,결혼에 대한 인식,높을수록 양호,2016,2024,경북,3.69458631256384,3.751787538304393,0.057201225740552974,개선,6,5,4,5,4,-,점(1–5점 척도),"2016,2018,2020,2022,2024_결혼에_대한_견해_13세_이상_인구__20260715194527.xlsx",2016–2024,검증 원자료 기준
사회·문화,사회적 가치관,결혼에 대한 인식,높을수록 양호,2016,2024,경남,3.660860655737704,3.767179487179487,0.10631883144178289,개선,3,5,4,5,4,-,점(1–5점 척도),"2016,2018,2020,2022,2024_결혼에_대한_견해_13세_이상_인구__20260715194527.xlsx",2016–2024,검증 원자료 기준
사회·문화,사회적 가치관,결혼에 대한 인식,높을수록 양호,2016,2024,제주,3.656792645556691,3.658137154554759,0.0013445089980681502,개선,10,5,4,5,4,-,점(1–5점 척도),"2016,2018,2020,2022,2024_결혼에_대한_견해_13세_이상_인구__20260715194527.xlsx",2016–2024,검증 원자료 기준
사회·문화,일·가정 양립 여건,근로시간,낮을수록 양호,2020,2024,서울,157.4,165.5,8.099999999999994,악화,6,9,0,5,0,-,시간/월(상용근로자 1인당),2016-2019_행정구역_시도___산업_규모별_임금_및_근로시간_상용근로자__상용근로자_1인이상_사업체__20260715183802.csv; 2020-2025_행정구역_시도___산업_규모별_임금_및_근로시간_상용근로자__상용근로자_1인이상_사업체__20260715184101.csv,2016–2024,검증 원자료 기준
사회·문화,일·가정 양립 여건,근로시간,낮을수록 양호,2020,2024,부산,159.5,165.6,6.099999999999994,악화,7,9,0,5,0,-,시간/월(상용근로자 1인당),2016-2019_행정구역_시도___산업_규모별_임금_및_근로시간_상용근로자__상용근로자_1인이상_사업체__20260715183802.csv; 2020-2025_행정구역_시도___산업_규모별_임금_및_근로시간_상용근로자__상용근로자_1인이상_사업체__20260715184101.csv,2016–2024,검증 원자료 기준
사회·문화,일·가정 양립 여건,근로시간,낮을수록 양호,2020,2024,대구,157.2,167.0,9.800000000000011,악화,9,9,0,5,0,2020,시간/월(상용근로자 1인당),2016-2019_행정구역_시도___산업_규모별_임금_및_근로시간_상용근로자__상용근로자_1인이상_사업체__20260715183802.csv; 2020-2025_행정구역_시도___산업_규모별_임금_및_근로시간_상용근로자__상용근로자_1인이상_사업체__20260715184101.csv,2016–2024,검증 원자료 기준
사회·문화,일·가정 양립 여건,근로시간,낮을수록 양호,2020,2024,인천,162.6,168.5,5.900000000000006,악화,12,9,0,5,0,-,시간/월(상용근로자 1인당),2016-2019_행정구역_시도___산업_규모별_임금_및_근로시간_상용근로자__상용근로자_1인이상_사업체__20260715183802.csv; 2020-2025_행정구역_시도___산업_규모별_임금_및_근로시간_상용근로자__상용근로자_1인이상_사업체__20260715184101.csv,2016–2024,검증 원자료 기준
사회·문화,일·가정 양립 여건,근로시간,낮을수록 양호,2020,2024,광주,160.0,165.3,5.300000000000011,악화,5,9,0,5,0,-,시간/월(상용근로자 1인당),2016-2019_행정구역_시도___산업_규모별_임금_및_근로시간_상용근로자__상용근로자_1인이상_사업체__20260715183802.csv; 2020-2025_행정구역_시도___산업_규모별_임금_및_근로시간_상용근로자__상용근로자_1인이상_사업체__20260715184101.csv,2016–2024,검증 원자료 기준
사회·문화,일·가정 양립 여건,근로시간,낮을수록 양호,2020,2024,대전,159.1,164.1,5.0,악화,2,9,0,5,0,-,시간/월(상용근로자 1인당),2016-2019_행정구역_시도___산업_규모별_임금_및_근로시간_상용근로자__상용근로자_1인이상_사업체__20260715183802.csv; 2020-2025_행정구역_시도___산업_규모별_임금_및_근로시간_상용근로자__상용근로자_1인이상_사업체__20260715184101.csv,2016–2024,검증 원자료 기준
사회·문화,일·가정 양립 여건,근로시간,낮을수록 양호,2020,2024,울산,165.9,171.8,5.900000000000006,악화,16,9,0,5,0,2022,시간/월(상용근로자 1인당),2016-2019_행정구역_시도___산업_규모별_임금_및_근로시간_상용근로자__상용근로자_1인이상_사업체__20260715183802.csv; 2020-2025_행정구역_시도___산업_규모별_임금_및_근로시간_상용근로자__상용근로자_1인이상_사업체__20260715184101.csv,2016–2024,검증 원자료 기준
사회·문화,일·가정 양립 여건,근로시간,낮을수록 양호,2020,2024,세종,165.3,168.2,2.8999999999999773,악화,11,5,4,5,0,-,시간/월(상용근로자 1인당),2016-2019_행정구역_시도___산업_규모별_임금_및_근로시간_상용근로자__상용근로자_1인이상_사업체__20260715183802.csv; 2020-2025_행정구역_시도___산업_규모별_임금_및_근로시간_상용근로자__상용근로자_1인이상_사업체__20260715184101.csv,2016–2024,검증 원자료 기준
사회·문화,일·가정 양립 여건,근로시간,낮을수록 양호,2020,2024,경기,165.1,167.6,2.5,악화,10,9,0,5,0,-,시간/월(상용근로자 1인당),2016-2019_행정구역_시도___산업_규모별_임금_및_근로시간_상용근로자__상용근로자_1인이상_사업체__20260715183802.csv; 2020-2025_행정구역_시도___산업_규모별_임금_및_근로시간_상용근로자__상용근로자_1인이상_사업체__20260715184101.csv,2016–2024,검증 원자료 기준
사회·문화,일·가정 양립 여건,근로시간,낮을수록 양호,2020,2024,강원,157.7,163.8,6.100000000000023,악화,1,9,0,5,0,-,시간/월(상용근로자 1인당),2016-2019_행정구역_시도___산업_규모별_임금_및_근로시간_상용근로자__상용근로자_1인이상_사업체__20260715183802.csv; 2020-2025_행정구역_시도___산업_규모별_임금_및_근로시간_상용근로자__상용근로자_1인이상_사업체__20260715184101.csv,2016–2024,검증 원자료 기준
사회·문화,일·가정 양립 여건,근로시간,낮을수록 양호,2020,2024,충북,167.8,170.6,2.799999999999983,악화,14,9,0,5,0,-,시간/월(상용근로자 1인당),2016-2019_행정구역_시도___산업_규모별_임금_및_근로시간_상용근로자__상용근로자_1인이상_사업체__20260715183802.csv; 2020-2025_행정구역_시도___산업_규모별_임금_및_근로시간_상용근로자__상용근로자_1인이상_사업체__20260715184101.csv,2016–2024,검증 원자료 기준
사회·문화,일·가정 양립 여건,근로시간,낮을수록 양호,2020,2024,충남,167.3,171.7,4.399999999999977,악화,15,9,0,5,0,-,시간/월(상용근로자 1인당),2016-2019_행정구역_시도___산업_규모별_임금_및_근로시간_상용근로자__상용근로자_1인이상_사업체__20260715183802.csv; 2020-2025_행정구역_시도___산업_규모별_임금_및_근로시간_상용근로자__상용근로자_1인이상_사업체__20260715184101.csv,2016–2024,검증 원자료 기준
사회·문화,일·가정 양립 여건,근로시간,낮을수록 양호,2020,2024,전북,164.8,165.8,1.0,악화,8,9,0,5,0,-,시간/월(상용근로자 1인당),2016-2019_행정구역_시도___산업_규모별_임금_및_근로시간_상용근로자__상용근로자_1인이상_사업체__20260715183802.csv; 2020-2025_행정구역_시도___산업_규모별_임금_및_근로시간_상용근로자__상용근로자_1인이상_사업체__20260715184101.csv,2016–2024,검증 원자료 기준
사회·문화,일·가정 양립 여건,근로시간,낮을수록 양호,2020,2024,전남,165.7,164.8,-0.8999999999999773,개선,3,9,0,5,0,-,시간/월(상용근로자 1인당),2016-2019_행정구역_시도___산업_규모별_임금_및_근로시간_상용근로자__상용근로자_1인이상_사업체__20260715183802.csv; 2020-2025_행정구역_시도___산업_규모별_임금_및_근로시간_상용근로자__상용근로자_1인이상_사업체__20260715184101.csv,2016–2024,검증 원자료 기준
사회·문화,일·가정 양립 여건,근로시간,낮을수록 양호,2020,2024,경북,165.3,168.8,3.5,악화,13,9,0,5,0,-,시간/월(상용근로자 1인당),2016-2019_행정구역_시도___산업_규모별_임금_및_근로시간_상용근로자__상용근로자_1인이상_사업체__20260715183802.csv; 2020-2025_행정구역_시도___산업_규모별_임금_및_근로시간_상용근로자__상용근로자_1인이상_사업체__20260715184101.csv,2016–2024,검증 원자료 기준
사회·문화,일·가정 양립 여건,근로시간,낮을수록 양호,2020,2024,경남,165.9,172.0,6.099999999999994,악화,17,9,0,5,0,-,시간/월(상용근로자 1인당),2016-2019_행정구역_시도___산업_규모별_임금_및_근로시간_상용근로자__상용근로자_1인이상_사업체__20260715183802.csv; 2020-2025_행정구역_시도___산업_규모별_임금_및_근로시간_상용근로자__상용근로자_1인이상_사업체__20260715184101.csv,2016–2024,검증 원자료 기준
사회·문화,일·가정 양립 여건,근로시간,낮을수록 양호,2020,2024,제주,157.1,165.2,8.099999999999994,악화,4,9,0,5,0,-,시간/월(상용근로자 1인당),2016-2019_행정구역_시도___산업_규모별_임금_및_근로시간_상용근로자__상용근로자_1인이상_사업체__20260715183802.csv; 2020-2025_행정구역_시도___산업_규모별_임금_및_근로시간_상용근로자__상용근로자_1인이상_사업체__20260715184101.csv,2016–2024,검증 원자료 기준
가족·생활,여가 인프라,도시공원 보급도,높을수록 양호,2016,2024,서울,8.0,4.7,-3.3,악화,17,9,0,9,0,-,천㎡/도시지역 인구 1천 명,2016-2024_인구_천명당_도시공원조성면적_시도__20260715192056.csv,2016–2024,검증 원자료 기준
가족·생활,여가 인프라,도시공원 보급도,높을수록 양호,2016,2024,부산,5.7,17.7,12.0,개선,4,9,0,9,0,"2019, 2022",천㎡/도시지역 인구 1천 명,2016-2024_인구_천명당_도시공원조성면적_시도__20260715192056.csv,2016–2024,검증 원자료 기준
가족·생활,여가 인프라,도시공원 보급도,높을수록 양호,2016,2024,대구,4.9,9.8,4.9,개선,16,9,0,9,0,2023,천㎡/도시지역 인구 1천 명,2016-2024_인구_천명당_도시공원조성면적_시도__20260715192056.csv,2016–2024,검증 원자료 기준
가족·생활,여가 인프라,도시공원 보급도,높을수록 양호,2016,2024,인천,11.3,15.4,4.1,개선,9,9,0,9,0,2024,천㎡/도시지역 인구 1천 명,2016-2024_인구_천명당_도시공원조성면적_시도__20260715192056.csv,2016–2024,검증 원자료 기준
가족·생활,여가 인프라,도시공원 보급도,높을수록 양호,2016,2024,광주,6.2,13.4,7.2,개선,12,9,0,9,0,-,천㎡/도시지역 인구 1천 명,2016-2024_인구_천명당_도시공원조성면적_시도__20260715192056.csv,2016–2024,검증 원자료 기준
가족·생활,여가 인프라,도시공원 보급도,높을수록 양호,2016,2024,대전,8.6,13.5,4.9,개선,11,9,0,9,0,-,천㎡/도시지역 인구 1천 명,2016-2024_인구_천명당_도시공원조성면적_시도__20260715192056.csv,2016–2024,검증 원자료 기준
가족·생활,여가 인프라,도시공원 보급도,높을수록 양호,2016,2024,울산,9.1,10.5,1.4000000000000004,개선,15,9,0,9,0,-,천㎡/도시지역 인구 1천 명,2016-2024_인구_천명당_도시공원조성면적_시도__20260715192056.csv,2016–2024,검증 원자료 기준
가족·생활,여가 인프라,도시공원 보급도,높을수록 양호,2016,2024,세종,102.2,62.2,-40.0,악화,1,9,0,9,0,"2017, 2018, 2019, 2021, 2022, 2024",천㎡/도시지역 인구 1천 명,2016-2024_인구_천명당_도시공원조성면적_시도__20260715192056.csv,2016–2024,검증 원자료 기준
가족·생활,여가 인프라,도시공원 보급도,높을수록 양호,2016,2024,경기,9.1,11.4,2.3000000000000007,개선,14,9,0,9,0,-,천㎡/도시지역 인구 1천 명,2016-2024_인구_천명당_도시공원조성면적_시도__20260715192056.csv,2016–2024,검증 원자료 기준
가족·생활,여가 인프라,도시공원 보급도,높을수록 양호,2016,2024,강원,8.4,15.7,7.299999999999999,개선,8,9,0,9,0,2024,천㎡/도시지역 인구 1천 명,2016-2024_인구_천명당_도시공원조성면적_시도__20260715192056.csv,2016–2024,검증 원자료 기준
가족·생활,여가 인프라,도시공원 보급도,높을수록 양호,2016,2024,충북,9.1,15.4,6.300000000000001,개선,9,9,0,9,0,"2022, 2023, 2024",천㎡/도시지역 인구 1천 명,2016-2024_인구_천명당_도시공원조성면적_시도__20260715192056.csv,2016–2024,검증 원자료 기준
가족·생활,여가 인프라,도시공원 보급도,높을수록 양호,2016,2024,충남,10.6,11.7,1.0999999999999996,개선,13,9,0,9,0,-,천㎡/도시지역 인구 1천 명,2016-2024_인구_천명당_도시공원조성면적_시도__20260715192056.csv,2016–2024,검증 원자료 기준
가족·생활,여가 인프라,도시공원 보급도,높을수록 양호,2016,2024,전북,12.2,26.0,13.8,개선,3,9,0,9,0,"2020, 2024",천㎡/도시지역 인구 1천 명,2016-2024_인구_천명당_도시공원조성면적_시도__20260715192056.csv,2016–2024,검증 원자료 기준
가족·생활,여가 인프라,도시공원 보급도,높을수록 양호,2016,2024,전남,15.8,26.6,10.8,개선,2,9,0,9,0,-,천㎡/도시지역 인구 1천 명,2016-2024_인구_천명당_도시공원조성면적_시도__20260715192056.csv,2016–2024,검증 원자료 기준
가족·생활,여가 인프라,도시공원 보급도,높을수록 양호,2016,2024,경북,9.6,16.5,6.9,개선,6,9,0,9,0,-,천㎡/도시지역 인구 1천 명,2016-2024_인구_천명당_도시공원조성면적_시도__20260715192056.csv,2016–2024,검증 원자료 기준
가족·생활,여가 인프라,도시공원 보급도,높을수록 양호,2016,2024,경남,10.8,16.2,5.399999999999999,개선,7,9,0,9,0,-,천㎡/도시지역 인구 1천 명,2016-2024_인구_천명당_도시공원조성면적_시도__20260715192056.csv,2016–2024,검증 원자료 기준
가족·생활,여가 인프라,도시공원 보급도,높을수록 양호,2016,2024,제주,3.1,17.5,14.4,개선,5,9,0,9,0,"2017, 2021",천㎡/도시지역 인구 1천 명,2016-2024_인구_천명당_도시공원조성면적_시도__20260715192056.csv,2016–2024,검증 원자료 기준
가족·생활,가사수행 격차,돌봄노동 공동 참여도,높을수록 양호,2020,2023,서울,38.3,41.3,3.0,개선,16,2,7,2,2,-,%,국가데이터처 MDIS 가족실태조사 총괄 원자료,2016–2024,검증 원자료 기준
가족·생활,가사수행 격차,돌봄노동 공동 참여도,높을수록 양호,2020,2023,부산,39.7,41.7,2.0,개선,15,2,7,2,2,-,%,국가데이터처 MDIS 가족실태조사 총괄 원자료,2016–2024,검증 원자료 기준
가족·생활,가사수행 격차,돌봄노동 공동 참여도,높을수록 양호,2020,2023,대구,35.5,42.0,6.5,개선,14,2,7,2,2,-,%,국가데이터처 MDIS 가족실태조사 총괄 원자료,2016–2024,검증 원자료 기준
가족·생활,가사수행 격차,돌봄노동 공동 참여도,높을수록 양호,2020,2023,인천,36.8,44.3,7.5,개선,12,2,7,2,2,-,%,국가데이터처 MDIS 가족실태조사 총괄 원자료,2016–2024,검증 원자료 기준
가족·생활,가사수행 격차,돌봄노동 공동 참여도,높을수록 양호,2020,2023,광주,41.7,53.8,12.099999999999994,개선,5,2,7,2,2,-,%,국가데이터처 MDIS 가족실태조사 총괄 원자료,2016–2024,검증 원자료 기준
가족·생활,가사수행 격차,돌봄노동 공동 참여도,높을수록 양호,2020,2023,대전,34.9,56.0,21.1,개선,2,2,7,2,2,-,%,국가데이터처 MDIS 가족실태조사 총괄 원자료,2016–2024,검증 원자료 기준
가족·생활,가사수행 격차,돌봄노동 공동 참여도,높을수록 양호,2020,2023,울산,33.3,46.3,13.0,개선,7,2,7,2,2,-,%,국가데이터처 MDIS 가족실태조사 총괄 원자료,2016–2024,검증 원자료 기준
가족·생활,가사수행 격차,돌봄노동 공동 참여도,높을수록 양호,2020,2023,세종,38.5,40.1,1.6000000000000014,개선,17,2,7,2,2,-,%,국가데이터처 MDIS 가족실태조사 총괄 원자료,2016–2024,검증 원자료 기준
가족·생활,가사수행 격차,돌봄노동 공동 참여도,높을수록 양호,2020,2023,경기,40.3,46.1,5.800000000000004,개선,8,2,7,2,2,-,%,국가데이터처 MDIS 가족실태조사 총괄 원자료,2016–2024,검증 원자료 기준
가족·생활,가사수행 격차,돌봄노동 공동 참여도,높을수록 양호,2020,2023,강원,43.8,58.5,14.700000000000003,개선,1,2,7,2,2,-,%,국가데이터처 MDIS 가족실태조사 총괄 원자료,2016–2024,검증 원자료 기준
가족·생활,가사수행 격차,돌봄노동 공동 참여도,높을수록 양호,2020,2023,충북,40.1,54.2,14.100000000000001,개선,4,2,7,2,2,-,%,국가데이터처 MDIS 가족실태조사 총괄 원자료,2016–2024,검증 원자료 기준
가족·생활,가사수행 격차,돌봄노동 공동 참여도,높을수록 양호,2020,2023,충남,40.7,47.8,7.099999999999994,개선,6,2,7,2,2,-,%,국가데이터처 MDIS 가족실태조사 총괄 원자료,2016–2024,검증 원자료 기준
가족·생활,가사수행 격차,돌봄노동 공동 참여도,높을수록 양호,2020,2023,전북,40.0,55.5,15.5,개선,3,2,7,2,2,-,%,국가데이터처 MDIS 가족실태조사 총괄 원자료,2016–2024,검증 원자료 기준
가족·생활,가사수행 격차,돌봄노동 공동 참여도,높을수록 양호,2020,2023,전남,39.7,45.4,5.699999999999996,개선,9,2,7,2,2,-,%,국가데이터처 MDIS 가족실태조사 총괄 원자료,2016–2024,검증 원자료 기준
가족·생활,가사수행 격차,돌봄노동 공동 참여도,높을수록 양호,2020,2023,경북,40.7,44.7,4.0,개선,10,2,7,2,2,-,%,국가데이터처 MDIS 가족실태조사 총괄 원자료,2016–2024,검증 원자료 기준
가족·생활,가사수행 격차,돌봄노동 공동 참여도,높을수록 양호,2020,2023,경남,39.3,44.5,5.200000000000003,개선,11,2,7,2,2,-,%,국가데이터처 MDIS 가족실태조사 총괄 원자료,2016–2024,검증 원자료 기준
가족·생활,가사수행 격차,돌봄노동 공동 참여도,높을수록 양호,2020,2023,제주,44.8,43.5,-1.2999999999999972,악화,13,2,7,2,2,-,%,국가데이터처 MDIS 가족실태조사 총괄 원자료,2016–2024,검증 원자료 기준
가족·생활,여가 인프라,문화기반시설 보급도,높을수록 양호,2016,2024,서울,3.7,5.1,1.3999999999999995,개선,11,9,0,9,0,2019,개소/인구 10만 명,2016-2024_인구_십만명당_문화기반시설수_시도_시_군_구__20260715191848.csv,2016–2024,검증 원자료 기준
가족·생활,여가 인프라,문화기반시설 보급도,높을수록 양호,2016,2024,부산,2.8,4.5,1.7000000000000002,개선,13,9,0,9,0,-,개소/인구 10만 명,2016-2024_인구_십만명당_문화기반시설수_시도_시_군_구__20260715191848.csv,2016–2024,검증 원자료 기준
가족·생활,여가 인프라,문화기반시설 보급도,높을수록 양호,2016,2024,대구,2.9,4.5,1.6,개선,13,9,0,9,0,-,개소/인구 10만 명,2016-2024_인구_십만명당_문화기반시설수_시도_시_군_구__20260715191848.csv,2016–2024,검증 원자료 기준
가족·생활,여가 인프라,문화기반시설 보급도,높을수록 양호,2016,2024,인천,3.3,4.2,0.9000000000000004,개선,17,9,0,9,0,2024,개소/인구 10만 명,2016-2024_인구_십만명당_문화기반시설수_시도_시_군_구__20260715191848.csv,2016–2024,검증 원자료 기준
가족·생활,여가 인프라,문화기반시설 보급도,높을수록 양호,2016,2024,광주,3.9,6.4,2.5000000000000004,개선,10,9,0,9,0,2023,개소/인구 10만 명,2016-2024_인구_십만명당_문화기반시설수_시도_시_군_구__20260715191848.csv,2016–2024,검증 원자료 기준
가족·생활,여가 인프라,문화기반시설 보급도,높을수록 양호,2016,2024,대전,3.8,4.4,0.6000000000000005,개선,16,9,0,9,0,2017,개소/인구 10만 명,2016-2024_인구_십만명당_문화기반시설수_시도_시_군_구__20260715191848.csv,2016–2024,검증 원자료 기준
가족·생활,여가 인프라,문화기반시설 보급도,높을수록 양호,2016,2024,울산,3.4,4.5,1.1,개선,13,9,0,9,0,2021,개소/인구 10만 명,2016-2024_인구_십만명당_문화기반시설수_시도_시_군_구__20260715191848.csv,2016–2024,검증 원자료 기준
가족·생활,여가 인프라,문화기반시설 보급도,높을수록 양호,2016,2024,세종,5.3,7.4,2.1000000000000005,개선,8,9,0,9,0,"2017, 2018, 2024",개소/인구 10만 명,2016-2024_인구_십만명당_문화기반시설수_시도_시_군_구__20260715191848.csv,2016–2024,검증 원자료 기준
가족·생활,여가 인프라,문화기반시설 보급도,높을수록 양호,2016,2024,경기,4.0,4.6,0.5999999999999996,개선,12,9,0,9,0,2019,개소/인구 10만 명,2016-2024_인구_십만명당_문화기반시설수_시도_시_군_구__20260715191848.csv,2016–2024,검증 원자료 기준
가족·생활,여가 인프라,문화기반시설 보급도,높을수록 양호,2016,2024,강원,13.6,16.5,2.9000000000000004,개선,2,9,0,9,0,"2017, 2018, 2019, 2021",개소/인구 10만 명,2016-2024_인구_십만명당_문화기반시설수_시도_시_군_구__20260715191848.csv,2016–2024,검증 원자료 기준
가족·생활,여가 인프라,문화기반시설 보급도,높을수록 양호,2016,2024,충북,7.9,9.2,1.299999999999999,개선,6,9,0,9,0,-,개소/인구 10만 명,2016-2024_인구_십만명당_문화기반시설수_시도_시_군_구__20260715191848.csv,2016–2024,검증 원자료 기준
가족·생활,여가 인프라,문화기반시설 보급도,높을수록 양호,2016,2024,충남,7.5,9.5,2.0,개선,5,9,0,9,0,-,개소/인구 10만 명,2016-2024_인구_십만명당_문화기반시설수_시도_시_군_구__20260715191848.csv,2016–2024,검증 원자료 기준
가족·생활,여가 인프라,문화기반시설 보급도,높을수록 양호,2016,2024,전북,8.4,10.9,2.5,개선,4,9,0,9,0,"2018, 2019",개소/인구 10만 명,2016-2024_인구_십만명당_문화기반시설수_시도_시_군_구__20260715191848.csv,2016–2024,검증 원자료 기준
가족·생활,여가 인프라,문화기반시설 보급도,높을수록 양호,2016,2024,전남,10.0,13.6,3.5999999999999996,개선,3,9,0,9,0,"2017, 2018, 2019, 2022",개소/인구 10만 명,2016-2024_인구_십만명당_문화기반시설수_시도_시_군_구__20260715191848.csv,2016–2024,검증 원자료 기준
가족·생활,여가 인프라,문화기반시설 보급도,높을수록 양호,2016,2024,경북,7.2,9.0,1.7999999999999998,개선,7,9,0,9,0,-,개소/인구 10만 명,2016-2024_인구_십만명당_문화기반시설수_시도_시_군_구__20260715191848.csv,2016–2024,검증 원자료 기준
가족·생활,여가 인프라,문화기반시설 보급도,높을수록 양호,2016,2024,경남,5.7,7.2,1.5,개선,9,9,0,9,0,-,개소/인구 10만 명,2016-2024_인구_십만명당_문화기반시설수_시도_시_군_구__20260715191848.csv,2016–2024,검증 원자료 기준
가족·생활,여가 인프라,문화기반시설 보급도,높을수록 양호,2016,2024,제주,19.5,18.9,-0.6000000000000014,악화,1,9,0,9,0,"2017, 2018, 2020, 2021, 2023",개소/인구 10만 명,2016-2024_인구_십만명당_문화기반시설수_시도_시_군_구__20260715191848.csv,2016–2024,검증 원자료 기준
가족·생활,돌봄여건,방과후 돌봄시설 보급도,높을수록 양호,2016,2024,서울,0.7720452485650029,1.5857553859048998,0.8137101373398969,개선,12,9,0,9,0,2021,개소/아동 1천 명,2016-2024_다함께돌봄센터 시설수 & 지역아동센터 시설수.xlsx; 2016-2025_행정구역(시도)별_1세별_주민등록인구_20260715.csv,2016–2024,검증 원자료 기준
가족·생활,돌봄여건,방과후 돌봄시설 보급도,높을수록 양호,2016,2024,부산,1.1079610258415615,1.605025628635038,0.4970646027934764,개선,11,9,0,9,0,-,개소/아동 1천 명,2016-2024_다함께돌봄센터 시설수 & 지역아동센터 시설수.xlsx; 2016-2025_행정구역(시도)별_1세별_주민등록인구_20260715.csv,2016–2024,검증 원자료 기준
가족·생활,돌봄여건,방과후 돌봄시설 보급도,높을수록 양호,2016,2024,대구,1.316782022947739,1.6093871161245956,0.2926050931768567,개선,10,9,0,9,0,-,개소/아동 1천 명,2016-2024_다함께돌봄센터 시설수 & 지역아동센터 시설수.xlsx; 2016-2025_행정구역(시도)별_1세별_주민등록인구_20260715.csv,2016–2024,검증 원자료 기준
가족·생활,돌봄여건,방과후 돌봄시설 보급도,높을수록 양호,2016,2024,인천,0.9703641251610644,1.257518080378735,0.2871539552176705,개선,15,9,0,9,0,-,개소/아동 1천 명,2016-2024_다함께돌봄센터 시설수 & 지역아동센터 시설수.xlsx; 2016-2025_행정구역(시도)별_1세별_주민등록인구_20260715.csv,2016–2024,검증 원자료 기준
가족·생활,돌봄여건,방과후 돌봄시설 보급도,높을수록 양호,2016,2024,광주,2.8457436750746887,3.876227286863033,1.0304836117883442,개선,2,9,0,9,0,-,개소/아동 1천 명,2016-2024_다함께돌봄센터 시설수 & 지역아동센터 시설수.xlsx; 2016-2025_행정구역(시도)별_1세별_주민등록인구_20260715.csv,2016–2024,검증 원자료 기준
가족·생활,돌봄여건,방과후 돌봄시설 보급도,높을수록 양호,2016,2024,대전,1.4114394735817468,2.064611602401155,0.6531721288194081,개선,8,9,0,9,0,2022,개소/아동 1천 명,2016-2024_다함께돌봄센터 시설수 & 지역아동센터 시설수.xlsx; 2016-2025_행정구역(시도)별_1세별_주민등록인구_20260715.csv,2016–2024,검증 원자료 기준
가족·생활,돌봄여건,방과후 돌봄시설 보급도,높을수록 양호,2016,2024,울산,0.7000394567693815,1.2188288035864387,0.5187893468170572,개선,16,9,0,9,0,-,개소/아동 1천 명,2016-2024_다함께돌봄센터 시설수 & 지역아동센터 시설수.xlsx; 2016-2025_행정구역(시도)별_1세별_주민등록인구_20260715.csv,2016–2024,검증 원자료 기준
가족·생활,돌봄여건,방과후 돌봄시설 보급도,높을수록 양호,2016,2024,세종,0.5144253440219488,0.5769886438144195,0.06256329979247066,개선,17,9,0,9,0,2017,개소/아동 1천 명,2016-2024_다함께돌봄센터 시설수 & 지역아동센터 시설수.xlsx; 2016-2025_행정구역(시도)별_1세별_주민등록인구_20260715.csv,2016–2024,검증 원자료 기준
가족·생활,돌봄여건,방과후 돌봄시설 보급도,높을수록 양호,2016,2024,경기,0.8544567816207802,1.328024347891032,0.47356756627025187,개선,14,9,0,9,0,-,개소/아동 1천 명,2016-2024_다함께돌봄센터 시설수 & 지역아동센터 시설수.xlsx; 2016-2025_행정구역(시도)별_1세별_주민등록인구_20260715.csv,2016–2024,검증 원자료 기준
가족·생활,돌봄여건,방과후 돌봄시설 보급도,높을수록 양호,2016,2024,강원,1.828491820764266,2.8374123835559644,1.0089205627916984,개선,4,9,0,9,0,2019,개소/아동 1천 명,2016-2024_다함께돌봄센터 시설수 & 지역아동센터 시설수.xlsx; 2016-2025_행정구역(시도)별_1세별_주민등록인구_20260715.csv,2016–2024,검증 원자료 기준
가족·생활,돌봄여건,방과후 돌봄시설 보급도,높을수록 양호,2016,2024,충북,1.8236780811734967,2.4440143765551565,0.6203362953816598,개선,6,9,0,9,0,-,개소/아동 1천 명,2016-2024_다함께돌봄센터 시설수 & 지역아동센터 시설수.xlsx; 2016-2025_행정구역(시도)별_1세별_주민등록인구_20260715.csv,2016–2024,검증 원자료 기준
가족·생활,돌봄여건,방과후 돌봄시설 보급도,높을수록 양호,2016,2024,충남,1.6285353990272022,2.2768705939424287,0.6483351949152265,개선,7,9,0,9,0,2023,개소/아동 1천 명,2016-2024_다함께돌봄센터 시설수 & 지역아동센터 시설수.xlsx; 2016-2025_행정구역(시도)별_1세별_주민등록인구_20260715.csv,2016–2024,검증 원자료 기준
가족·생활,돌봄여건,방과후 돌봄시설 보급도,높을수록 양호,2016,2024,전북,2.431579931813737,3.5757480149340064,1.1441680831202694,개선,3,9,0,9,0,"2021, 2022",개소/아동 1천 명,2016-2024_다함께돌봄센터 시설수 & 지역아동센터 시설수.xlsx; 2016-2025_행정구역(시도)별_1세별_주민등록인구_20260715.csv,2016–2024,검증 원자료 기준
가족·생활,돌봄여건,방과후 돌봄시설 보급도,높을수록 양호,2016,2024,전남,3.423680456490728,4.41508048870012,0.9914000322093921,개선,1,9,0,9,0,2020,개소/아동 1천 명,2016-2024_다함께돌봄센터 시설수 & 지역아동센터 시설수.xlsx; 2016-2025_행정구역(시도)별_1세별_주민등록인구_20260715.csv,2016–2024,검증 원자료 기준
가족·생활,돌봄여건,방과후 돌봄시설 보급도,높을수록 양호,2016,2024,경북,1.6847329241217186,2.5365319765722063,0.8517990524504877,개선,5,9,0,9,0,2023,개소/아동 1천 명,2016-2024_다함께돌봄센터 시설수 & 지역아동센터 시설수.xlsx; 2016-2025_행정구역(시도)별_1세별_주민등록인구_20260715.csv,2016–2024,검증 원자료 기준
가족·생활,돌봄여건,방과후 돌봄시설 보급도,높을수록 양호,2016,2024,경남,1.1670872386445563,1.6463330979009252,0.47924585925636887,개선,9,9,0,9,0,-,개소/아동 1천 명,2016-2024_다함께돌봄센터 시설수 & 지역아동센터 시설수.xlsx; 2016-2025_행정구역(시도)별_1세별_주민등록인구_20260715.csv,2016–2024,검증 원자료 기준
가족·생활,돌봄여건,방과후 돌봄시설 보급도,높을수록 양호,2016,2024,제주,1.4067695455708076,1.574973031283711,0.16820348571290333,개선,13,9,0,9,0,-,개소/아동 1천 명,2016-2024_다함께돌봄센터 시설수 & 지역아동센터 시설수.xlsx; 2016-2025_행정구역(시도)별_1세별_주민등록인구_20260715.csv,2016–2024,검증 원자료 기준
가족·생활,돌봄여건,보육시설 보급률,높을수록 양호,2016,2024,서울,71.76020713005377,99.91374934079852,28.153542210744746,개선,12,9,0,9,0,-,%,전국_어린이집_정현원_현황_20260724113247.csv.xlsx; 2016-2025_행정구역(시도)별_1세별_주민등록인구_20260715.csv.xlsx; 2016-2025_어린이집_현황_시·도__20260715191601.csv,2016–2024,검증 원자료 기준
가족·생활,돌봄여건,보육시설 보급률,높을수록 양호,2016,2024,부산,67.90009390809124,93.11038011695906,25.210286208867828,개선,16,9,0,9,0,-,%,전국_어린이집_정현원_현황_20260724113247.csv.xlsx; 2016-2025_행정구역(시도)별_1세별_주민등록인구_20260715.csv.xlsx; 2016-2025_어린이집_현황_시·도__20260715191601.csv,2016–2024,검증 원자료 기준
가족·생활,돌봄여건,보육시설 보급률,높을수록 양호,2016,2024,대구,75.86342466581988,98.30885300871086,22.445428342890978,개선,14,9,0,9,0,-,%,전국_어린이집_정현원_현황_20260724113247.csv.xlsx; 2016-2025_행정구역(시도)별_1세별_주민등록인구_20260715.csv.xlsx; 2016-2025_어린이집_현황_시·도__20260715191601.csv,2016–2024,검증 원자료 기준
가족·생활,돌봄여건,보육시설 보급률,높을수록 양호,2016,2024,인천,72.33778186838472,94.39741494759862,22.059633079213896,개선,15,9,0,9,0,2022,%,전국_어린이집_정현원_현황_20260724113247.csv.xlsx; 2016-2025_행정구역(시도)별_1세별_주민등록인구_20260715.csv.xlsx; 2016-2025_어린이집_현황_시·도__20260715191601.csv,2016–2024,검증 원자료 기준
가족·생활,돌봄여건,보육시설 보급률,높을수록 양호,2016,2024,광주,95.65975675055458,113.66306456082016,18.003307810265582,개선,7,9,0,9,0,"2017, 2021",%,전국_어린이집_정현원_현황_20260724113247.csv.xlsx; 2016-2025_행정구역(시도)별_1세별_주민등록인구_20260715.csv.xlsx; 2016-2025_어린이집_현황_시·도__20260715191601.csv,2016–2024,검증 원자료 기준
가족·생활,돌봄여건,보육시설 보급률,높을수록 양호,2016,2024,대전,79.91848941535213,91.44926020808282,11.530770792730692,개선,17,9,0,9,0,2022,%,전국_어린이집_정현원_현황_20260724113247.csv.xlsx; 2016-2025_행정구역(시도)별_1세별_주민등록인구_20260715.csv.xlsx; 2016-2025_어린이집_현황_시·도__20260715191601.csv,2016–2024,검증 원자료 기준
가족·생활,돌봄여건,보육시설 보급률,높을수록 양호,2016,2024,울산,69.9306894575017,98.32300790429396,28.39231844679226,개선,13,9,0,9,0,2019,%,전국_어린이집_정현원_현황_20260724113247.csv.xlsx; 2016-2025_행정구역(시도)별_1세별_주민등록인구_20260715.csv.xlsx; 2016-2025_어린이집_현황_시·도__20260715191601.csv,2016–2024,검증 원자료 기준
가족·생활,돌봄여건,보육시설 보급률,높을수록 양호,2016,2024,세종,73.850035203004,112.987012987013,39.136977784009005,개선,8,9,0,9,0,"2017, 2018, 2023",%,전국_어린이집_정현원_현황_20260724113247.csv.xlsx; 2016-2025_행정구역(시도)별_1세별_주민등록인구_20260715.csv.xlsx; 2016-2025_어린이집_현황_시·도__20260715191601.csv,2016–2024,검증 원자료 기준
가족·생활,돌봄여건,보육시설 보급률,높을수록 양호,2016,2024,경기,78.1613558007096,102.56812389727506,24.406768096565457,개선,11,9,0,9,0,-,%,전국_어린이집_정현원_현황_20260724113247.csv.xlsx; 2016-2025_행정구역(시도)별_1세별_주민등록인구_20260715.csv.xlsx; 2016-2025_어린이집_현황_시·도__20260715191601.csv,2016–2024,검증 원자료 기준
가족·생활,돌봄여건,보육시설 보급률,높을수록 양호,2016,2024,강원,96.7786691332112,113.74751600794878,16.96884687473758,개선,6,9,0,9,0,2020,%,전국_어린이집_정현원_현황_20260724113247.csv.xlsx; 2016-2025_행정구역(시도)별_1세별_주민등록인구_20260715.csv.xlsx; 2016-2025_어린이집_현황_시·도__20260715191601.csv,2016–2024,검증 원자료 기준
가족·생활,돌봄여건,보육시설 보급률,높을수록 양호,2016,2024,충북,92.74723336713548,124.69209673398156,31.94486336684608,개선,2,9,0,9,0,-,%,전국_어린이집_정현원_현황_20260724113247.csv.xlsx; 2016-2025_행정구역(시도)별_1세별_주민등록인구_20260715.csv.xlsx; 2016-2025_어린이집_현황_시·도__20260715191601.csv,2016–2024,검증 원자료 기준
가족·생활,돌봄여건,보육시설 보급률,높을수록 양호,2016,2024,충남,92.19690274796952,124.33623403073506,32.13933128276554,개선,3,9,0,9,0,-,%,전국_어린이집_정현원_현황_20260724113247.csv.xlsx; 2016-2025_행정구역(시도)별_1세별_주민등록인구_20260715.csv.xlsx; 2016-2025_어린이집_현황_시·도__20260715191601.csv,2016–2024,검증 원자료 기준
가족·생활,돌봄여건,보육시설 보급률,높을수록 양호,2016,2024,전북,98.41864791660969,123.61665715915574,25.19800924254605,개선,4,9,0,9,0,-,%,전국_어린이집_정현원_현황_20260724113247.csv.xlsx; 2016-2025_행정구역(시도)별_1세별_주민등록인구_20260715.csv.xlsx; 2016-2025_어린이집_현황_시·도__20260715191601.csv,2016–2024,검증 원자료 기준
가족·생활,돌봄여건,보육시설 보급률,높을수록 양호,2016,2024,전남,94.08757767273886,121.89366210749375,27.806084434754894,개선,5,9,0,9,0,"2017, 2020",%,전국_어린이집_정현원_현황_20260724113247.csv.xlsx; 2016-2025_행정구역(시도)별_1세별_주민등록인구_20260715.csv.xlsx; 2016-2025_어린이집_현황_시·도__20260715191601.csv,2016–2024,검증 원자료 기준
가족·생활,돌봄여건,보육시설 보급률,높을수록 양호,2016,2024,경북,85.36330513633597,109.94618297787522,24.582877841539258,개선,10,9,0,9,0,-,%,전국_어린이집_정현원_현황_20260724113247.csv.xlsx; 2016-2025_행정구역(시도)별_1세별_주민등록인구_20260715.csv.xlsx; 2016-2025_어린이집_현황_시·도__20260715191601.csv,2016–2024,검증 원자료 기준
가족·생활,돌봄여건,보육시설 보급률,높을수록 양호,2016,2024,경남,83.99466972761516,111.21051045291397,27.215840725298804,개선,9,9,0,9,0,-,%,전국_어린이집_정현원_현황_20260724113247.csv.xlsx; 2016-2025_행정구역(시도)별_1세별_주민등록인구_20260715.csv.xlsx; 2016-2025_어린이집_현황_시·도__20260715191601.csv,2016–2024,검증 원자료 기준
가족·생활,돌봄여건,보육시설 보급률,높을수록 양호,2016,2024,제주,102.46499704200356,133.60363815681333,31.138641114809772,개선,1,9,0,9,0,"2017, 2024",%,전국_어린이집_정현원_현황_20260724113247.csv.xlsx; 2016-2025_행정구역(시도)별_1세별_주민등록인구_20260715.csv.xlsx; 2016-2025_어린이집_현황_시·도__20260715191601.csv,2016–2024,검증 원자료 기준
가족·생활,돌봄여건,사교육비 지출액,낮을수록 양호,2016,2024,서울,35.2,67.3,32.099999999999994,악화,17,9,0,9,0,"2017, 2022",만원/학생 1인·월,2016-2025_학교급_및_시도별__학생_1인당_월평균_사교육비_20260715191739.csv,2016–2024,검증 원자료 기준
가족·생활,돌봄여건,사교육비 지출액,낮을수록 양호,2016,2024,부산,25.6,48.3,22.699999999999996,악화,15,9,0,9,0,-,만원/학생 1인·월,2016-2025_학교급_및_시도별__학생_1인당_월평균_사교육비_20260715191739.csv,2016–2024,검증 원자료 기준
가족·생활,돌봄여건,사교육비 지출액,낮을수록 양호,2016,2024,대구,26.5,47.8,21.299999999999997,악화,13,9,0,9,0,-,만원/학생 1인·월,2016-2025_학교급_및_시도별__학생_1인당_월평균_사교육비_20260715191739.csv,2016–2024,검증 원자료 기준
가족·생활,돌봄여건,사교육비 지출액,낮을수록 양호,2016,2024,인천,23.2,45.9,22.7,악화,12,9,0,9,0,-,만원/학생 1인·월,2016-2025_학교급_및_시도별__학생_1인당_월평균_사교육비_20260715191739.csv,2016–2024,검증 원자료 기준
가족·생활,돌봄여건,사교육비 지출액,낮을수록 양호,2016,2024,광주,22.8,41.3,18.499999999999996,악화,10,9,0,9,0,-,만원/학생 1인·월,2016-2025_학교급_및_시도별__학생_1인당_월평균_사교육비_20260715191739.csv,2016–2024,검증 원자료 기준
가족·생활,돌봄여건,사교육비 지출액,낮을수록 양호,2016,2024,대전,25.7,45.7,20.000000000000004,악화,11,9,0,9,0,-,만원/학생 1인·월,2016-2025_학교급_및_시도별__학생_1인당_월평균_사교육비_20260715191739.csv,2016–2024,검증 원자료 기준
가족·생활,돌봄여건,사교육비 지출액,낮을수록 양호,2016,2024,울산,23.9,39.9,16.0,악화,9,9,0,9,0,2022,만원/학생 1인·월,2016-2025_학교급_및_시도별__학생_1인당_월평균_사교육비_20260715191739.csv,2016–2024,검증 원자료 기준
가족·생활,돌봄여건,사교육비 지출액,낮을수록 양호,2016,2024,세종,23.7,47.8,24.099999999999998,악화,13,9,0,9,0,-,만원/학생 1인·월,2016-2025_학교급_및_시도별__학생_1인당_월평균_사교육비_20260715191739.csv,2016–2024,검증 원자료 기준
가족·생활,돌봄여건,사교육비 지출액,낮을수록 양호,2016,2024,경기,27.9,51.3,23.4,악화,16,9,0,9,0,-,만원/학생 1인·월,2016-2025_학교급_및_시도별__학생_1인당_월평균_사교육비_20260715191739.csv,2016–2024,검증 원자료 기준
가족·생활,돌봄여건,사교육비 지출액,낮을수록 양호,2016,2024,강원,18.4,33.9,15.5,악화,2,9,0,9,0,-,만원/학생 1인·월,2016-2025_학교급_및_시도별__학생_1인당_월평균_사교육비_20260715191739.csv,2016–2024,검증 원자료 기준
가족·생활,돌봄여건,사교육비 지출액,낮을수록 양호,2016,2024,충북,19.7,35.2,15.500000000000004,악화,4,9,0,9,0,-,만원/학생 1인·월,2016-2025_학교급_및_시도별__학생_1인당_월평균_사교육비_20260715191739.csv,2016–2024,검증 원자료 기준
가족·생활,돌봄여건,사교육비 지출액,낮을수록 양호,2016,2024,충남,17.7,35.9,18.2,악화,6,9,0,9,0,-,만원/학생 1인·월,2016-2025_학교급_및_시도별__학생_1인당_월평균_사교육비_20260715191739.csv,2016–2024,검증 원자료 기준
가족·생활,돌봄여건,사교육비 지출액,낮을수록 양호,2016,2024,전북,19.4,34.4,15.0,악화,3,9,0,9,0,-,만원/학생 1인·월,2016-2025_학교급_및_시도별__학생_1인당_월평균_사교육비_20260715191739.csv,2016–2024,검증 원자료 기준
가족·생활,돌봄여건,사교육비 지출액,낮을수록 양호,2016,2024,전남,16.2,32.0,15.8,악화,1,9,0,9,0,-,만원/학생 1인·월,2016-2025_학교급_및_시도별__학생_1인당_월평균_사교육비_20260715191739.csv,2016–2024,검증 원자료 기준
가족·생활,돌봄여건,사교육비 지출액,낮을수록 양호,2016,2024,경북,19.3,35.6,16.3,악화,5,9,0,9,0,-,만원/학생 1인·월,2016-2025_학교급_및_시도별__학생_1인당_월평균_사교육비_20260715191739.csv,2016–2024,검증 원자료 기준
가족·생활,돌봄여건,사교육비 지출액,낮을수록 양호,2016,2024,경남,20.9,37.6,16.700000000000003,악화,7,9,0,9,0,-,만원/학생 1인·월,2016-2025_학교급_및_시도별__학생_1인당_월평균_사교육비_20260715191739.csv,2016–2024,검증 원자료 기준
가족·생활,돌봄여건,사교육비 지출액,낮을수록 양호,2016,2024,제주,22.6,38.4,15.799999999999997,악화,8,9,0,9,0,-,만원/학생 1인·월,2016-2025_학교급_및_시도별__학생_1인당_월평균_사교육비_20260715191739.csv,2016–2024,검증 원자료 기준
보건·안전,아동안전 수준,사회 안전에 대한 인식,높을수록 양호,2016,2024,서울,2.593406593406593,3.07,0.47659340659340677,개선,5,5,4,5,4,-,점(1–5점 척도),"2016,2018,2020,2022,2024_사회안전에_대한_인식_시도__20260715193059.csv",2016–2024,검증 원자료 기준
보건·안전,아동안전 수준,사회 안전에 대한 인식,높을수록 양호,2016,2024,부산,2.7622377622377625,3.072927072927073,0.31068931068931027,개선,4,5,4,5,4,-,점(1–5점 척도),"2016,2018,2020,2022,2024_사회안전에_대한_인식_시도__20260715193059.csv",2016–2024,검증 원자료 기준
보건·안전,아동안전 수준,사회 안전에 대한 인식,높을수록 양호,2016,2024,대구,2.6386386386386387,2.9550449550449542,0.31640631640631556,개선,14,5,4,5,4,-,점(1–5점 척도),"2016,2018,2020,2022,2024_사회안전에_대한_인식_시도__20260715193059.csv",2016–2024,검증 원자료 기준
보건·안전,아동안전 수준,사회 안전에 대한 인식,높을수록 양호,2016,2024,인천,2.555,2.9449999999999994,0.38999999999999924,개선,15,5,4,5,4,-,점(1–5점 척도),"2016,2018,2020,2022,2024_사회안전에_대한_인식_시도__20260715193059.csv",2016–2024,검증 원자료 기준
보건·안전,아동안전 수준,사회 안전에 대한 인식,높을수록 양호,2016,2024,광주,2.495,2.9730000000000008,0.47800000000000065,개선,12,5,4,5,4,-,점(1–5점 척도),"2016,2018,2020,2022,2024_사회안전에_대한_인식_시도__20260715193059.csv",2016–2024,검증 원자료 기준
보건·안전,아동안전 수준,사회 안전에 대한 인식,높을수록 양호,2016,2024,대전,2.592407592407592,3.033966033966035,0.4415584415584428,개선,7,5,4,5,4,-,점(1–5점 척도),"2016,2018,2020,2022,2024_사회안전에_대한_인식_시도__20260715193059.csv",2016–2024,검증 원자료 기준
보건·안전,아동안전 수준,사회 안전에 대한 인식,높을수록 양호,2016,2024,울산,2.553,3.039,0.4860000000000002,개선,6,5,4,5,4,-,점(1–5점 척도),"2016,2018,2020,2022,2024_사회안전에_대한_인식_시도__20260715193059.csv",2016–2024,검증 원자료 기준
보건·안전,아동안전 수준,사회 안전에 대한 인식,높을수록 양호,2016,2024,세종,2.714000000000001,3.171,0.45699999999999896,개선,1,5,4,5,4,-,점(1–5점 척도),"2016,2018,2020,2022,2024_사회안전에_대한_인식_시도__20260715193059.csv",2016–2024,검증 원자료 기준
보건·안전,아동안전 수준,사회 안전에 대한 인식,높을수록 양호,2016,2024,경기,2.533,3.0170170170170176,0.4840170170170177,개선,9,5,4,5,4,-,점(1–5점 척도),"2016,2018,2020,2022,2024_사회안전에_대한_인식_시도__20260715193059.csv",2016–2024,검증 원자료 기준
보건·안전,아동안전 수준,사회 안전에 대한 인식,높을수록 양호,2016,2024,강원,2.57,3.0110110110110115,0.4410110110110117,개선,10,5,4,5,4,-,점(1–5점 척도),"2016,2018,2020,2022,2024_사회안전에_대한_인식_시도__20260715193059.csv",2016–2024,검증 원자료 기준
보건·안전,아동안전 수준,사회 안전에 대한 인식,높을수록 양호,2016,2024,충북,2.576,2.9190000000000005,0.3430000000000004,개선,17,5,4,5,4,-,점(1–5점 척도),"2016,2018,2020,2022,2024_사회안전에_대한_인식_시도__20260715193059.csv",2016–2024,검증 원자료 기준
보건·안전,아동안전 수준,사회 안전에 대한 인식,높을수록 양호,2016,2024,충남,2.6386386386386387,3.095,0.4563613613613615,개선,2,5,4,5,4,-,점(1–5점 척도),"2016,2018,2020,2022,2024_사회안전에_대한_인식_시도__20260715193059.csv",2016–2024,검증 원자료 기준
보건·안전,아동안전 수준,사회 안전에 대한 인식,높을수록 양호,2016,2024,전북,2.613,2.9700299700299704,0.3570299700299704,개선,13,5,4,5,4,-,점(1–5점 척도),"2016,2018,2020,2022,2024_사회안전에_대한_인식_시도__20260715193059.csv",2016–2024,검증 원자료 기준
보건·안전,아동안전 수준,사회 안전에 대한 인식,높을수록 양호,2016,2024,전남,2.597,2.937,0.33999999999999986,개선,16,5,4,5,4,-,점(1–5점 척도),"2016,2018,2020,2022,2024_사회안전에_대한_인식_시도__20260715193059.csv",2016–2024,검증 원자료 기준
보건·안전,아동안전 수준,사회 안전에 대한 인식,높을수록 양호,2016,2024,경북,2.664335664335664,3.022954091816367,0.3586184274807027,개선,8,5,4,5,4,-,점(1–5점 척도),"2016,2018,2020,2022,2024_사회안전에_대한_인식_시도__20260715193059.csv",2016–2024,검증 원자료 기준
보건·안전,아동안전 수준,사회 안전에 대한 인식,높을수록 양호,2016,2024,경남,2.6143856143856143,3.085085085085084,0.4706994706994698,개선,3,5,4,5,4,-,점(1–5점 척도),"2016,2018,2020,2022,2024_사회안전에_대한_인식_시도__20260715193059.csv",2016–2024,검증 원자료 기준
보건·안전,아동안전 수준,사회 안전에 대한 인식,높을수록 양호,2016,2024,제주,2.632632632632633,3.009009009009009,0.3763763763763759,개선,11,5,4,5,4,-,점(1–5점 척도),"2016,2018,2020,2022,2024_사회안전에_대한_인식_시도__20260715193059.csv",2016–2024,검증 원자료 기준
사회·문화,사회적 가치관,사회경제적 지위에 대한 인식,높을수록 양호,2020,2023,서울,2.57,2.22,-0.34999999999999964,악화,15,2,7,2,2,-,점(1–5점 척도),국가데이터처 MDIS 가족실태조사 총괄 원자료,2016–2024,검증 원자료 기준
사회·문화,사회적 가치관,사회경제적 지위에 대한 인식,높을수록 양호,2020,2023,부산,2.5,2.19,-0.31000000000000005,악화,16,2,7,2,2,-,점(1–5점 척도),국가데이터처 MDIS 가족실태조사 총괄 원자료,2016–2024,검증 원자료 기준
사회·문화,사회적 가치관,사회경제적 지위에 대한 인식,높을수록 양호,2020,2023,대구,2.51,2.32,-0.18999999999999995,악화,10,2,7,2,2,-,점(1–5점 척도),국가데이터처 MDIS 가족실태조사 총괄 원자료,2016–2024,검증 원자료 기준
사회·문화,사회적 가치관,사회경제적 지위에 대한 인식,높을수록 양호,2020,2023,인천,2.44,2.26,-0.18000000000000016,악화,14,2,7,2,2,-,점(1–5점 척도),국가데이터처 MDIS 가족실태조사 총괄 원자료,2016–2024,검증 원자료 기준
사회·문화,사회적 가치관,사회경제적 지위에 대한 인식,높을수록 양호,2020,2023,광주,2.66,2.51,-0.15000000000000036,악화,7,2,7,2,2,-,점(1–5점 척도),국가데이터처 MDIS 가족실태조사 총괄 원자료,2016–2024,검증 원자료 기준
사회·문화,사회적 가치관,사회경제적 지위에 대한 인식,높을수록 양호,2020,2023,대전,2.59,2.79,0.20000000000000018,개선,1,2,7,2,2,-,점(1–5점 척도),국가데이터처 MDIS 가족실태조사 총괄 원자료,2016–2024,검증 원자료 기준
사회·문화,사회적 가치관,사회경제적 지위에 대한 인식,높을수록 양호,2020,2023,울산,2.5,2.54,0.040000000000000036,개선,5,2,7,2,2,-,점(1–5점 척도),국가데이터처 MDIS 가족실태조사 총괄 원자료,2016–2024,검증 원자료 기준
사회·문화,사회적 가치관,사회경제적 지위에 대한 인식,높을수록 양호,2020,2023,세종,2.75,2.68,-0.06999999999999984,악화,3,2,7,2,2,-,점(1–5점 척도),국가데이터처 MDIS 가족실태조사 총괄 원자료,2016–2024,검증 원자료 기준
사회·문화,사회적 가치관,사회경제적 지위에 대한 인식,높을수록 양호,2020,2023,경기,2.47,2.29,-0.18000000000000016,악화,12,2,7,2,2,-,점(1–5점 척도),국가데이터처 MDIS 가족실태조사 총괄 원자료,2016–2024,검증 원자료 기준
사회·문화,사회적 가치관,사회경제적 지위에 대한 인식,높을수록 양호,2020,2023,강원,2.48,2.7,0.2200000000000002,개선,2,2,7,2,2,-,점(1–5점 척도),국가데이터처 MDIS 가족실태조사 총괄 원자료,2016–2024,검증 원자료 기준
사회·문화,사회적 가치관,사회경제적 지위에 대한 인식,높을수록 양호,2020,2023,충북,2.45,2.52,0.06999999999999984,개선,6,2,7,2,2,-,점(1–5점 척도),국가데이터처 MDIS 가족실태조사 총괄 원자료,2016–2024,검증 원자료 기준
사회·문화,사회적 가치관,사회경제적 지위에 대한 인식,높을수록 양호,2020,2023,충남,2.43,2.4,-0.03000000000000025,악화,8,2,7,2,2,-,점(1–5점 척도),국가데이터처 MDIS 가족실태조사 총괄 원자료,2016–2024,검증 원자료 기준
사회·문화,사회적 가치관,사회경제적 지위에 대한 인식,높을수록 양호,2020,2023,전북,2.45,2.31,-0.14000000000000012,악화,11,2,7,2,2,-,점(1–5점 척도),국가데이터처 MDIS 가족실태조사 총괄 원자료,2016–2024,검증 원자료 기준
사회·문화,사회적 가치관,사회경제적 지위에 대한 인식,높을수록 양호,2020,2023,전남,2.48,2.35,-0.1299999999999999,악화,9,2,7,2,2,-,점(1–5점 척도),국가데이터처 MDIS 가족실태조사 총괄 원자료,2016–2024,검증 원자료 기준
사회·문화,사회적 가치관,사회경제적 지위에 대한 인식,높을수록 양호,2020,2023,경북,2.41,2.29,-0.1200000000000001,악화,12,2,7,2,2,-,점(1–5점 척도),국가데이터처 MDIS 가족실태조사 총괄 원자료,2016–2024,검증 원자료 기준
사회·문화,사회적 가치관,사회경제적 지위에 대한 인식,높을수록 양호,2020,2023,경남,2.45,2.11,-0.3400000000000003,악화,17,2,7,2,2,-,점(1–5점 척도),국가데이터처 MDIS 가족실태조사 총괄 원자료,2016–2024,검증 원자료 기준
사회·문화,사회적 가치관,사회경제적 지위에 대한 인식,높을수록 양호,2020,2023,제주,2.51,2.61,0.10000000000000009,개선,4,2,7,2,2,-,점(1–5점 척도),국가데이터처 MDIS 가족실태조사 총괄 원자료,2016–2024,검증 원자료 기준
보건·안전,산후조리 여건,산후조리원 보급도,높을수록 양호,2023,2024,서울,1.1932622447351031,1.2001935740778762,0.006931329342773074,개선,2,2,7,2,0,-,개소/인구 10만 명,2023년_하반기_산후조리원_현황.xlsx; 2024년 상반기 산후조리원 현황(홈페이지용).xlsx; 2025년+상반기+산후조리원+현황(홈페이지용).xlsx; 2016-2025_행정구역(시도)별_1세별_주민등록인구_20260715.csv; 2023-2025_산후조리원 현황(통합)_최연호.xlsx,2016–2024,검증 원자료 기준
보건·안전,산후조리 여건,산후조리원 보급도,높을수록 양호,2023,2024,부산,0.6680103796667357,0.5816448794739971,-0.08636550019273859,악화,13,2,7,2,0,-,개소/인구 10만 명,2023년_하반기_산후조리원_현황.xlsx; 2024년 상반기 산후조리원 현황(홈페이지용).xlsx; 2025년+상반기+산후조리원+현황(홈페이지용).xlsx; 2016-2025_행정구역(시도)별_1세별_주민등록인구_20260715.csv; 2023-2025_산후조리원 현황(통합)_최연호.xlsx,2016–2024,검증 원자료 기준
보건·안전,산후조리 여건,산후조리원 보급도,높을수록 양호,2023,2024,대구,0.8421194462222522,0.88846430636957,0.04634486014731776,개선,6,2,7,2,0,-,개소/인구 10만 명,2023년_하반기_산후조리원_현황.xlsx; 2024년 상반기 산후조리원 현황(홈페이지용).xlsx; 2025년+상반기+산후조리원+현황(홈페이지용).xlsx; 2016-2025_행정구역(시도)별_1세별_주민등록인구_20260715.csv; 2023-2025_산후조리원 현황(통합)_최연호.xlsx,2016–2024,검증 원자료 기준
보건·안전,산후조리 여건,산후조리원 보급도,높을수록 양호,2023,2024,인천,0.733966991502664,0.7282332729782424,-0.005733718524421616,악화,8,2,7,2,0,-,개소/인구 10만 명,2023년_하반기_산후조리원_현황.xlsx; 2024년 상반기 산후조리원 현황(홈페이지용).xlsx; 2025년+상반기+산후조리원+현황(홈페이지용).xlsx; 2016-2025_행정구역(시도)별_1세별_주민등록인구_20260715.csv; 2023-2025_산후조리원 현황(통합)_최연호.xlsx,2016–2024,검증 원자료 기준
보건·안전,산후조리 여건,산후조리원 보급도,높을수록 양호,2023,2024,광주,0.4932227668810776,0.4970101290664304,0.003787362185352805,개선,17,2,7,2,0,-,개소/인구 10만 명,2023년_하반기_산후조리원_현황.xlsx; 2024년 상반기 산후조리원 현황(홈페이지용).xlsx; 2025년+상반기+산후조리원+현황(홈페이지용).xlsx; 2016-2025_행정구역(시도)별_1세별_주민등록인구_20260715.csv; 2023-2025_산후조리원 현황(통합)_최연호.xlsx,2016–2024,검증 원자료 기준
보건·안전,산후조리 여건,산후조리원 보급도,높을수록 양호,2023,2024,대전,0.6240396722820992,0.6253660997375547,0.0013264274554555255,개선,12,2,7,2,0,-,개소/인구 10만 명,2023년_하반기_산후조리원_현황.xlsx; 2024년 상반기 산후조리원 현황(홈페이지용).xlsx; 2025년+상반기+산후조리원+현황(홈페이지용).xlsx; 2016-2025_행정구역(시도)별_1세별_주민등록인구_20260715.csv; 2023-2025_산후조리원 현황(통합)_최연호.xlsx,2016–2024,검증 원자료 기준
보건·안전,산후조리 여건,산후조리원 보급도,높을수록 양호,2023,2024,울산,0.6342527279662867,0.6374943194702604,0.0032415915039736287,개선,10,2,7,2,0,-,개소/인구 10만 명,2023년_하반기_산후조리원_현황.xlsx; 2024년 상반기 산후조리원 현황(홈페이지용).xlsx; 2025년+상반기+산후조리원+현황(홈페이지용).xlsx; 2016-2025_행정구역(시도)별_1세별_주민등록인구_20260715.csv; 2023-2025_산후조리원 현황(통합)_최연호.xlsx,2016–2024,검증 원자료 기준
보건·안전,산후조리 여건,산후조리원 보급도,높을수록 양호,2023,2024,세종,1.5522928659207036,1.5357641066332213,-0.01652875928748232,악화,1,2,7,2,0,-,개소/인구 10만 명,2023년_하반기_산후조리원_현황.xlsx; 2024년 상반기 산후조리원 현황(홈페이지용).xlsx; 2025년+상반기+산후조리원+현황(홈페이지용).xlsx; 2016-2025_행정구역(시도)별_1세별_주민등록인구_20260715.csv; 2023-2025_산후조리원 현황(통합)_최연호.xlsx,2016–2024,검증 원자료 기준
보건·안전,산후조리 여건,산후조리원 보급도,높을수록 양호,2023,2024,경기,1.0637657115444477,1.051502827556822,-0.012262883987625761,악화,4,2,7,2,0,-,개소/인구 10만 명,2023년_하반기_산후조리원_현황.xlsx; 2024년 상반기 산후조리원 현황(홈페이지용).xlsx; 2025년+상반기+산후조리원+현황(홈페이지용).xlsx; 2016-2025_행정구역(시도)별_1세별_주민등록인구_20260715.csv; 2023-2025_산후조리원 현황(통합)_최연호.xlsx,2016–2024,검증 원자료 기준
보건·안전,산후조리 여건,산후조리원 보급도,높을수록 양호,2023,2024,강원,1.1127059896963425,1.185953565964714,0.07324757626837153,개선,3,2,7,2,0,-,개소/인구 10만 명,2023년_하반기_산후조리원_현황.xlsx; 2024년 상반기 산후조리원 현황(홈페이지용).xlsx; 2025년+상반기+산후조리원+현황(홈페이지용).xlsx; 2016-2025_행정구역(시도)별_1세별_주민등록인구_20260715.csv; 2023-2025_산후조리원 현황(통합)_최연호.xlsx,2016–2024,검증 원자료 기준
보건·안전,산후조리 여건,산후조리원 보급도,높을수록 양호,2023,2024,충북,0.564805465308707,0.5027724759721891,-0.06203298933651791,악화,16,2,7,2,0,-,개소/인구 10만 명,2023년_하반기_산후조리원_현황.xlsx; 2024년 상반기 산후조리원 현황(홈페이지용).xlsx; 2025년+상반기+산후조리원+현황(홈페이지용).xlsx; 2016-2025_행정구역(시도)별_1세별_주민등록인구_20260715.csv; 2023-2025_산후조리원 현황(통합)_최연호.xlsx,2016–2024,검증 원자료 기준
보건·안전,산후조리 여건,산후조리원 보급도,높을수록 양호,2023,2024,충남,0.6102945422298004,0.5616468233723709,-0.04864771885742947,악화,14,2,7,2,0,-,개소/인구 10만 명,2023년_하반기_산후조리원_현황.xlsx; 2024년 상반기 산후조리원 현황(홈페이지용).xlsx; 2025년+상반기+산후조리원+현황(홈페이지용).xlsx; 2016-2025_행정구역(시도)별_1세별_주민등록인구_20260715.csv; 2023-2025_산후조리원 현황(통합)_최연호.xlsx,2016–2024,검증 원자료 기준
보건·안전,산후조리 여건,산후조리원 보급도,높을수록 양호,2023,2024,전북,0.5128915285706226,0.6326602212010192,0.11976869263039658,개선,11,2,7,2,0,2024,개소/인구 10만 명,2023년_하반기_산후조리원_현황.xlsx; 2024년 상반기 산후조리원 현황(홈페이지용).xlsx; 2025년+상반기+산후조리원+현황(홈페이지용).xlsx; 2016-2025_행정구역(시도)별_1세별_주민등록인구_20260715.csv; 2023-2025_산후조리원 현황(통합)_최연호.xlsx,2016–2024,검증 원자료 기준
보건·안전,산후조리 여건,산후조리원 보급도,높을수록 양호,2023,2024,전남,0.7205341707787921,0.6708336617623136,-0.04970050901647849,악화,9,2,7,2,0,-,개소/인구 10만 명,2023년_하반기_산후조리원_현황.xlsx; 2024년 상반기 산후조리원 현황(홈페이지용).xlsx; 2025년+상반기+산후조리원+현황(홈페이지용).xlsx; 2016-2025_행정구역(시도)별_1세별_주민등록인구_20260715.csv; 2023-2025_산후조리원 현황(통합)_최연호.xlsx,2016–2024,검증 원자료 기준
보건·안전,산후조리 여건,산후조리원 보급도,높을수록 양호,2023,2024,경북,0.5089409174403874,0.5135530603021905,0.004612142861803115,개선,15,2,7,2,0,-,개소/인구 10만 명,2023년_하반기_산후조리원_현황.xlsx; 2024년 상반기 산후조리원 현황(홈페이지용).xlsx; 2025년+상반기+산후조리원+현황(홈페이지용).xlsx; 2016-2025_행정구역(시도)별_1세별_주민등록인구_20260715.csv; 2023-2025_산후조리원 현황(통합)_최연호.xlsx,2016–2024,검증 원자료 기준
보건·안전,산후조리 여건,산후조리원 보급도,높을수록 양호,2023,2024,경남,0.768956784013573,0.7743821978825293,0.00542541386895623,개선,7,2,7,2,0,-,개소/인구 10만 명,2023년_하반기_산후조리원_현황.xlsx; 2024년 상반기 산후조리원 현황(홈페이지용).xlsx; 2025년+상반기+산후조리원+현황(홈페이지용).xlsx; 2016-2025_행정구역(시도)별_1세별_주민등록인구_20260715.csv; 2023-2025_산후조리원 현황(통합)_최연호.xlsx,2016–2024,검증 원자료 기준
보건·안전,산후조리 여건,산후조리원 보급도,높을수록 양호,2023,2024,제주,1.0366500210291862,0.8950307890591436,-0.14161923197004267,악화,5,2,7,2,0,2024,개소/인구 10만 명,2023년_하반기_산후조리원_현황.xlsx; 2024년 상반기 산후조리원 현황(홈페이지용).xlsx; 2025년+상반기+산후조리원+현황(홈페이지용).xlsx; 2016-2025_행정구역(시도)별_1세별_주민등록인구_20260715.csv; 2023-2025_산후조리원 현황(통합)_최연호.xlsx,2016–2024,검증 원자료 기준
보건·안전,산후조리 여건,산후조리원 이용 요금,낮을수록 양호,2023,2024,서울,432.9285714285714,454.5178571428572,21.589285714285836,악화,17,2,7,2,0,-,만원/14일,2023년_하반기_산후조리원_현황.xlsx; 2024년 상반기 산후조리원 현황(홈페이지용).xlsx; 2025년+상반기+산후조리원+현황(홈페이지용).xlsx; 2023-2025_산후조리원 현황(통합)_최연호.xlsx,2016–2024,검증 원자료 기준
보건·안전,산후조리 여건,산후조리원 이용 요금,낮을수록 양호,2023,2024,부산,278.0,304.3684210526316,26.368421052631618,악화,10,2,7,2,0,-,만원/14일,2023년_하반기_산후조리원_현황.xlsx; 2024년 상반기 산후조리원 현황(홈페이지용).xlsx; 2025년+상반기+산후조리원+현황(홈페이지용).xlsx; 2023-2025_산후조리원 현황(통합)_최연호.xlsx,2016–2024,검증 원자료 기준
보건·안전,산후조리 여건,산후조리원 이용 요금,낮을수록 양호,2023,2024,대구,270.5,296.1904761904762,25.690476190476204,악화,7,2,7,2,0,-,만원/14일,2023년_하반기_산후조리원_현황.xlsx; 2024년 상반기 산후조리원 현황(홈페이지용).xlsx; 2025년+상반기+산후조리원+현황(홈페이지용).xlsx; 2023-2025_산후조리원 현황(통합)_최연호.xlsx,2016–2024,검증 원자료 기준
보건·안전,산후조리 여건,산후조리원 이용 요금,낮을수록 양호,2023,2024,인천,303.8636363636364,319.45454545454544,15.590909090909065,악화,12,2,7,2,0,-,만원/14일,2023년_하반기_산후조리원_현황.xlsx; 2024년 상반기 산후조리원 현황(홈페이지용).xlsx; 2025년+상반기+산후조리원+현황(홈페이지용).xlsx; 2023-2025_산후조리원 현황(통합)_최연호.xlsx,2016–2024,검증 원자료 기준
보건·안전,산후조리 여건,산후조리원 이용 요금,낮을수록 양호,2023,2024,광주,370.0,370.11428571428576,0.11428571428575651,악화,15,2,7,2,0,-,만원/14일,2023년_하반기_산후조리원_현황.xlsx; 2024년 상반기 산후조리원 현황(홈페이지용).xlsx; 2025년+상반기+산후조리원+현황(홈페이지용).xlsx; 2023-2025_산후조리원 현황(통합)_최연호.xlsx,2016–2024,검증 원자료 기준
보건·안전,산후조리 여건,산후조리원 이용 요금,낮을수록 양호,2023,2024,대전,294.44444444444446,325.6666666666667,31.22222222222223,악화,13,2,7,2,0,-,만원/14일,2023년_하반기_산후조리원_현황.xlsx; 2024년 상반기 산후조리원 현황(홈페이지용).xlsx; 2025년+상반기+산후조리원+현황(홈페이지용).xlsx; 2023-2025_산후조리원 현황(통합)_최연호.xlsx,2016–2024,검증 원자료 기준
보건·안전,산후조리 여건,산후조리원 이용 요금,낮을수록 양호,2023,2024,울산,296.6857142857143,299.0,2.3142857142856883,악화,8,2,7,2,0,-,만원/14일,2023년_하반기_산후조리원_현황.xlsx; 2024년 상반기 산후조리원 현황(홈페이지용).xlsx; 2025년+상반기+산후조리원+현황(홈페이지용).xlsx; 2023-2025_산후조리원 현황(통합)_최연호.xlsx,2016–2024,검증 원자료 기준
보건·안전,산후조리 여건,산후조리원 이용 요금,낮을수록 양호,2023,2024,세종,346.6666666666667,376.6666666666667,30.0,악화,16,2,7,2,0,-,만원/14일,2023년_하반기_산후조리원_현황.xlsx; 2024년 상반기 산후조리원 현황(홈페이지용).xlsx; 2025년+상반기+산후조리원+현황(홈페이지용).xlsx; 2023-2025_산후조리원 현황(통합)_최연호.xlsx,2016–2024,검증 원자료 기준
보건·안전,산후조리 여건,산후조리원 이용 요금,낮을수록 양호,2023,2024,경기,333.0344827586207,343.00694444444446,9.97246168582376,악화,14,2,7,2,0,-,만원/14일,2023년_하반기_산후조리원_현황.xlsx; 2024년 상반기 산후조리원 현황(홈페이지용).xlsx; 2025년+상반기+산후조리원+현황(홈페이지용).xlsx; 2023-2025_산후조리원 현황(통합)_최연호.xlsx,2016–2024,검증 원자료 기준
보건·안전,산후조리 여건,산후조리원 이용 요금,낮을수록 양호,2023,2024,강원,244.94117647058823,245.16666666666663,0.22549019607839682,악화,3,2,7,2,0,-,만원/14일,2023년_하반기_산후조리원_현황.xlsx; 2024년 상반기 산후조리원 현황(홈페이지용).xlsx; 2025년+상반기+산후조리원+현황(홈페이지용).xlsx; 2023-2025_산후조리원 현황(통합)_최연호.xlsx,2016–2024,검증 원자료 기준
보건·안전,산후조리 여건,산후조리원 이용 요금,낮을수록 양호,2023,2024,충북,221.72222222222223,255.2625,33.54027777777776,악화,4,2,7,2,0,-,만원/14일,2023년_하반기_산후조리원_현황.xlsx; 2024년 상반기 산후조리원 현황(홈페이지용).xlsx; 2025년+상반기+산후조리원+현황(홈페이지용).xlsx; 2023-2025_산후조리원 현황(통합)_최연호.xlsx,2016–2024,검증 원자료 기준
보건·안전,산후조리 여건,산후조리원 이용 요금,낮을수록 양호,2023,2024,충남,252.92307692307693,279.6666666666667,26.74358974358975,악화,5,2,7,2,0,-,만원/14일,2023년_하반기_산후조리원_현황.xlsx; 2024년 상반기 산후조리원 현황(홈페이지용).xlsx; 2025년+상반기+산후조리원+현황(홈페이지용).xlsx; 2023-2025_산후조리원 현황(통합)_최연호.xlsx,2016–2024,검증 원자료 기준
보건·안전,산후조리 여건,산후조리원 이용 요금,낮을수록 양호,2023,2024,전북,200.55555555555557,304.09090909090907,103.5353535353535,악화,9,2,7,2,0,2024,만원/14일,2023년_하반기_산후조리원_현황.xlsx; 2024년 상반기 산후조리원 현황(홈페이지용).xlsx; 2025년+상반기+산후조리원+현황(홈페이지용).xlsx; 2023-2025_산후조리원 현황(통합)_최연호.xlsx,2016–2024,검증 원자료 기준
보건·안전,산후조리 여건,산후조리원 이용 요금,낮을수록 양호,2023,2024,전남,193.07692307692307,191.75,-1.326923076923066,개선,1,2,7,2,0,-,만원/14일,2023년_하반기_산후조리원_현황.xlsx; 2024년 상반기 산후조리원 현황(홈페이지용).xlsx; 2025년+상반기+산후조리원+현황(홈페이지용).xlsx; 2023-2025_산후조리원 현황(통합)_최연호.xlsx,2016–2024,검증 원자료 기준
보건·안전,산후조리 여건,산후조리원 이용 요금,낮을수록 양호,2023,2024,경북,220.6153846153846,222.92307692307693,2.307692307692321,악화,2,2,7,2,0,-,만원/14일,2023년_하반기_산후조리원_현황.xlsx; 2024년 상반기 산후조리원 현황(홈페이지용).xlsx; 2025년+상반기+산후조리원+현황(홈페이지용).xlsx; 2023-2025_산후조리원 현황(통합)_최연호.xlsx,2016–2024,검증 원자료 기준
보건·안전,산후조리 여건,산후조리원 이용 요금,낮을수록 양호,2023,2024,경남,272.4,290.8,18.400000000000034,악화,6,2,7,2,0,-,만원/14일,2023년_하반기_산후조리원_현황.xlsx; 2024년 상반기 산후조리원 현황(홈페이지용).xlsx; 2025년+상반기+산후조리원+현황(홈페이지용).xlsx; 2023-2025_산후조리원 현황(통합)_최연호.xlsx,2016–2024,검증 원자료 기준
보건·안전,산후조리 여건,산후조리원 이용 요금,낮을수록 양호,2023,2024,제주,310.0,304.5,-5.5,개선,11,2,7,2,0,-,만원/14일,2023년_하반기_산후조리원_현황.xlsx; 2024년 상반기 산후조리원 현황(홈페이지용).xlsx; 2025년+상반기+산후조리원+현황(홈페이지용).xlsx; 2023-2025_산후조리원 현황(통합)_최연호.xlsx,2016–2024,검증 원자료 기준
경제·고용·주거,경제적 여건,소득 수준,높을수록 양호,2016,2024,서울,23375.0,32224.0,8849.0,개선,1,9,0,9,0,"2020, 2023, 2024",천원/인·년,1인당_가계총처분가능소득_시도__20260721120851.csv,2016–2024,검증 원자료 기준
경제·고용·주거,경제적 여건,소득 수준,높을수록 양호,2016,2024,부산,18637.0,26157.0,7520.0,개선,10,9,0,9,0,-,천원/인·년,1인당_가계총처분가능소득_시도__20260721120851.csv,2016–2024,검증 원자료 기준
경제·고용·주거,경제적 여건,소득 수준,높을수록 양호,2016,2024,대구,18468.0,25784.0,7316.0,개선,12,9,0,9,0,-,천원/인·년,1인당_가계총처분가능소득_시도__20260721120851.csv,2016–2024,검증 원자료 기준
경제·고용·주거,경제적 여건,소득 수준,높을수록 양호,2016,2024,인천,18611.0,26869.0,8258.0,개선,7,9,0,9,0,-,천원/인·년,1인당_가계총처분가능소득_시도__20260721120851.csv,2016–2024,검증 원자료 기준
경제·고용·주거,경제적 여건,소득 수준,높을수록 양호,2016,2024,광주,18837.0,27782.0,8945.0,개선,6,9,0,9,0,-,천원/인·년,1인당_가계총처분가능소득_시도__20260721120851.csv,2016–2024,검증 원자료 기준
경제·고용·주거,경제적 여건,소득 수준,높을수록 양호,2016,2024,대전,19917.0,28753.0,8836.0,개선,3,9,0,9,0,-,천원/인·년,1인당_가계총처분가능소득_시도__20260721120851.csv,2016–2024,검증 원자료 기준
경제·고용·주거,경제적 여건,소득 수준,높을수록 양호,2016,2024,울산,22883.0,31117.0,8234.0,개선,2,9,0,9,0,"2017, 2023",천원/인·년,1인당_가계총처분가능소득_시도__20260721120851.csv,2016–2024,검증 원자료 기준
경제·고용·주거,경제적 여건,소득 수준,높을수록 양호,2016,2024,세종,22605.0,28379.0,5774.0,개선,4,9,0,9,0,"2017, 2018, 2022, 2023",천원/인·년,1인당_가계총처분가능소득_시도__20260721120851.csv,2016–2024,검증 원자료 기준
경제·고용·주거,경제적 여건,소득 수준,높을수록 양호,2016,2024,경기,19660.0,27914.0,8254.0,개선,5,9,0,9,0,-,천원/인·년,1인당_가계총처분가능소득_시도__20260721120851.csv,2016–2024,검증 원자료 기준
경제·고용·주거,경제적 여건,소득 수준,높을수록 양호,2016,2024,강원,17644.0,25243.0,7599.0,개선,14,9,0,9,0,-,천원/인·년,1인당_가계총처분가능소득_시도__20260721120851.csv,2016–2024,검증 원자료 기준
경제·고용·주거,경제적 여건,소득 수준,높을수록 양호,2016,2024,충북,17894.0,26551.0,8657.0,개선,9,9,0,9,0,-,천원/인·년,1인당_가계총처분가능소득_시도__20260721120851.csv,2016–2024,검증 원자료 기준
경제·고용·주거,경제적 여건,소득 수준,높을수록 양호,2016,2024,충남,17842.0,25610.0,7768.0,개선,13,9,0,9,0,-,천원/인·년,1인당_가계총처분가능소득_시도__20260721120851.csv,2016–2024,검증 원자료 기준
경제·고용·주거,경제적 여건,소득 수준,높을수록 양호,2016,2024,전북,17670.0,26132.0,8462.0,개선,11,9,0,9,0,-,천원/인·년,1인당_가계총처분가능소득_시도__20260721120851.csv,2016–2024,검증 원자료 기준
경제·고용·주거,경제적 여건,소득 수준,높을수록 양호,2016,2024,전남,17863.0,26804.0,8941.0,개선,8,9,0,9,0,2023,천원/인·년,1인당_가계총처분가능소득_시도__20260721120851.csv,2016–2024,검증 원자료 기준
경제·고용·주거,경제적 여건,소득 수준,높을수록 양호,2016,2024,경북,17628.0,24861.0,7233.0,개선,16,9,0,9,0,-,천원/인·년,1인당_가계총처분가능소득_시도__20260721120851.csv,2016–2024,검증 원자료 기준
경제·고용·주거,경제적 여건,소득 수준,높을수록 양호,2016,2024,경남,18181.0,25057.0,6876.0,개선,15,9,0,9,0,-,천원/인·년,1인당_가계총처분가능소득_시도__20260721120851.csv,2016–2024,검증 원자료 기준
경제·고용·주거,경제적 여건,소득 수준,높을수록 양호,2016,2024,제주,18295.0,24611.0,6316.0,개선,17,9,0,9,0,-,천원/인·년,1인당_가계총처분가능소득_시도__20260721120851.csv,2016–2024,검증 원자료 기준
경제·고용·주거,경제적 여건,소득만족도,높을수록 양호,2017,2023,서울,2.592,2.767232767232768,0.17523276723276782,개선,13,4,5,4,3,-,점(1–5점 척도),"2015,2017,2019,2021,2023,2025_소득_만족도__19세_이상_인구__20260715185726.csv",2016–2024,검증 원자료 기준
경제·고용·주거,경제적 여건,소득만족도,높을수록 양호,2017,2023,부산,2.488511488511488,2.7820000000000005,0.2934885114885124,개선,11,4,5,4,3,-,점(1–5점 척도),"2015,2017,2019,2021,2023,2025_소득_만족도__19세_이상_인구__20260715185726.csv",2016–2024,검증 원자료 기준
경제·고용·주거,경제적 여건,소득만족도,높을수록 양호,2017,2023,대구,2.51,2.705,0.19500000000000028,개선,17,4,5,4,3,-,점(1–5점 척도),"2015,2017,2019,2021,2023,2025_소득_만족도__19세_이상_인구__20260715185726.csv",2016–2024,검증 원자료 기준
경제·고용·주거,경제적 여건,소득만족도,높을수록 양호,2017,2023,인천,2.509,2.7179999999999995,0.20899999999999963,개선,16,4,5,4,3,-,점(1–5점 척도),"2015,2017,2019,2021,2023,2025_소득_만족도__19세_이상_인구__20260715185726.csv",2016–2024,검증 원자료 기준
경제·고용·주거,경제적 여건,소득만족도,높을수록 양호,2017,2023,광주,2.6049999999999995,2.807,0.2020000000000004,개선,8,4,5,4,3,-,점(1–5점 척도),"2015,2017,2019,2021,2023,2025_소득_만족도__19세_이상_인구__20260715185726.csv",2016–2024,검증 원자료 기준
경제·고용·주거,경제적 여건,소득만족도,높을수록 양호,2017,2023,대전,2.565,2.835835835835836,0.27083583583583604,개선,6,4,5,4,3,-,점(1–5점 척도),"2015,2017,2019,2021,2023,2025_소득_만족도__19세_이상_인구__20260715185726.csv",2016–2024,검증 원자료 기준
경제·고용·주거,경제적 여건,소득만족도,높을수록 양호,2017,2023,울산,2.54954954954955,2.77,0.22045045045044986,개선,12,4,5,4,3,-,점(1–5점 척도),"2015,2017,2019,2021,2023,2025_소득_만족도__19세_이상_인구__20260715185726.csv",2016–2024,검증 원자료 기준
경제·고용·주거,경제적 여건,소득만족도,높을수록 양호,2017,2023,세종,2.7332667332667326,2.835835835835835,0.10256910256910245,개선,7,4,5,4,3,-,점(1–5점 척도),"2015,2017,2019,2021,2023,2025_소득_만족도__19세_이상_인구__20260715185726.csv",2016–2024,검증 원자료 기준
경제·고용·주거,경제적 여건,소득만족도,높을수록 양호,2017,2023,경기,2.533,2.723723723723724,0.19072372372372426,개선,15,4,5,4,3,-,점(1–5점 척도),"2015,2017,2019,2021,2023,2025_소득_만족도__19세_이상_인구__20260715185726.csv",2016–2024,검증 원자료 기준
경제·고용·주거,경제적 여건,소득만족도,높을수록 양호,2017,2023,강원,2.619,2.931,0.31199999999999983,개선,1,4,5,4,3,-,점(1–5점 척도),"2015,2017,2019,2021,2023,2025_소득_만족도__19세_이상_인구__20260715185726.csv",2016–2024,검증 원자료 기준
경제·고용·주거,경제적 여건,소득만족도,높을수록 양호,2017,2023,충북,2.52,2.7992007992008,0.2792007992008001,개선,9,4,5,4,3,-,점(1–5점 척도),"2015,2017,2019,2021,2023,2025_소득_만족도__19세_이상_인구__20260715185726.csv",2016–2024,검증 원자료 기준
경제·고용·주거,경제적 여건,소득만족도,높을수록 양호,2017,2023,충남,2.567432567432568,2.8831168831168834,0.3156843156843152,개선,3,4,5,4,3,-,점(1–5점 척도),"2015,2017,2019,2021,2023,2025_소득_만족도__19세_이상_인구__20260715185726.csv",2016–2024,검증 원자료 기준
경제·고용·주거,경제적 여건,소득만족도,높을수록 양호,2017,2023,전북,2.587587587587588,2.8758758758758765,0.28828828828828845,개선,5,4,5,4,3,-,점(1–5점 척도),"2015,2017,2019,2021,2023,2025_소득_만족도__19세_이상_인구__20260715185726.csv",2016–2024,검증 원자료 기준
경제·고용·주거,경제적 여건,소득만족도,높을수록 양호,2017,2023,전남,2.658,2.883,0.2250000000000001,개선,4,4,5,4,3,-,점(1–5점 척도),"2015,2017,2019,2021,2023,2025_소득_만족도__19세_이상_인구__20260715185726.csv",2016–2024,검증 원자료 기준
경제·고용·주거,경제적 여건,소득만족도,높을수록 양호,2017,2023,경북,2.569430569430569,2.734265734265735,0.16483516483516603,개선,14,4,5,4,3,-,점(1–5점 척도),"2015,2017,2019,2021,2023,2025_소득_만족도__19세_이상_인구__20260715185726.csv",2016–2024,검증 원자료 기준
경제·고용·주거,경제적 여건,소득만족도,높을수록 양호,2017,2023,경남,2.5504495504495504,2.784,0.23355044955044946,개선,10,4,5,4,3,-,점(1–5점 척도),"2015,2017,2019,2021,2023,2025_소득_만족도__19세_이상_인구__20260715185726.csv",2016–2024,검증 원자료 기준
경제·고용·주거,경제적 여건,소득만족도,높을수록 양호,2017,2023,제주,2.7310000000000003,2.887,0.1559999999999997,개선,2,4,5,4,3,-,점(1–5점 척도),"2015,2017,2019,2021,2023,2025_소득_만족도__19세_이상_인구__20260715185726.csv",2016–2024,검증 원자료 기준
보건·안전,아동안전 수준,어린이 교통사고 발생률,낮을수록 양호,2016,2024,서울,153.08024739384666,161.82844449457895,8.748197100732284,악화,4,9,0,9,0,-,건/어린이 10만 명,2016-2020_어린이(만13세미만)_교통사고통계_20260716.xlsx; 2021-2025_어린이(만13세미만)_교통사고통계_20260716.xlsx; 2016-2025_행정구역(시도)별_1세별_주민등록인구_20260715.csv,2016–2024,검증 원자료 기준
보건·안전,아동안전 수준,어린이 교통사고 발생률,낮을수록 양호,2016,2024,부산,137.4452616254573,187.7265665458312,50.281304920373884,악화,6,9,0,9,0,-,건/어린이 10만 명,2016-2020_어린이(만13세미만)_교통사고통계_20260716.xlsx; 2021-2025_어린이(만13세미만)_교통사고통계_20260716.xlsx; 2016-2025_행정구역(시도)별_1세별_주민등록인구_20260715.csv,2016–2024,검증 원자료 기준
보건·안전,아동안전 수준,어린이 교통사고 발생률,낮을수록 양호,2016,2024,대구,210.3853877785216,256.47377701353776,46.088389235016166,악화,12,9,0,9,0,2019,건/어린이 10만 명,2016-2020_어린이(만13세미만)_교통사고통계_20260716.xlsx; 2021-2025_어린이(만13세미만)_교통사고통계_20260716.xlsx; 2016-2025_행정구역(시도)별_1세별_주민등록인구_20260715.csv,2016–2024,검증 원자료 기준
보건·안전,아동안전 수준,어린이 교통사고 발생률,낮을수록 양호,2016,2024,인천,129.57582633383916,136.629798308393,7.053971974553832,악화,1,9,0,9,0,-,건/어린이 10만 명,2016-2020_어린이(만13세미만)_교통사고통계_20260716.xlsx; 2021-2025_어린이(만13세미만)_교통사고통계_20260716.xlsx; 2016-2025_행정구역(시도)별_1세별_주민등록인구_20260715.csv,2016–2024,검증 원자료 기준
보건·안전,아동안전 수준,어린이 교통사고 발생률,낮을수록 양호,2016,2024,광주,257.7666324054093,256.2512000236312,-1.515432381778112,개선,11,9,0,9,0,-,건/어린이 10만 명,2016-2020_어린이(만13세미만)_교통사고통계_20260716.xlsx; 2021-2025_어린이(만13세미만)_교통사고통계_20260716.xlsx; 2016-2025_행정구역(시도)별_1세별_주민등록인구_20260715.csv,2016–2024,검증 원자료 기준
보건·안전,아동안전 수준,어린이 교통사고 발생률,낮을수록 양호,2016,2024,대전,229.31211747670545,269.8652966989282,40.55317922222275,악화,15,9,0,9,0,-,건/어린이 10만 명,2016-2020_어린이(만13세미만)_교통사고통계_20260716.xlsx; 2021-2025_어린이(만13세미만)_교통사고통계_20260716.xlsx; 2016-2025_행정구역(시도)별_1세별_주민등록인구_20260715.csv,2016–2024,검증 원자료 기준
보건·안전,아동안전 수준,어린이 교통사고 발생률,낮을수록 양호,2016,2024,울산,150.64005133921034,152.73899435896476,2.098943019754415,악화,2,9,0,9,0,2017,건/어린이 10만 명,2016-2020_어린이(만13세미만)_교통사고통계_20260716.xlsx; 2021-2025_어린이(만13세미만)_교통사고통계_20260716.xlsx; 2016-2025_행정구역(시도)별_1세별_주민등록인구_20260715.csv,2016–2024,검증 원자료 기준
보건·안전,아동안전 수준,어린이 교통사고 발생률,낮을수록 양호,2016,2024,세종,95.45888449474975,177.6563033823027,82.19741888755294,악화,5,9,0,9,0,2022,건/어린이 10만 명,2016-2020_어린이(만13세미만)_교통사고통계_20260716.xlsx; 2021-2025_어린이(만13세미만)_교통사고통계_20260716.xlsx; 2016-2025_행정구역(시도)별_1세별_주민등록인구_20260715.csv,2016–2024,검증 원자료 기준
보건·안전,아동안전 수준,어린이 교통사고 발생률,낮을수록 양호,2016,2024,경기,177.58693808312128,201.12585618678835,23.538918103667072,악화,8,9,0,9,0,-,건/어린이 10만 명,2016-2020_어린이(만13세미만)_교통사고통계_20260716.xlsx; 2021-2025_어린이(만13세미만)_교통사고통계_20260716.xlsx; 2016-2025_행정구역(시도)별_1세별_주민등록인구_20260715.csv,2016–2024,검증 원자료 기준
보건·안전,아동안전 수준,어린이 교통사고 발생률,낮을수록 양호,2016,2024,강원,372.2624108186044,261.2933611827825,-110.96904963582188,개선,13,9,0,9,0,"2017, 2022, 2023",건/어린이 10만 명,2016-2020_어린이(만13세미만)_교통사고통계_20260716.xlsx; 2021-2025_어린이(만13세미만)_교통사고통계_20260716.xlsx; 2016-2025_행정구역(시도)별_1세별_주민등록인구_20260715.csv,2016–2024,검증 원자료 기준
보건·안전,아동안전 수준,어린이 교통사고 발생률,낮을수록 양호,2016,2024,충북,286.2491564901282,299.4332921225461,13.184135632417906,악화,16,9,0,9,0,-,건/어린이 10만 명,2016-2020_어린이(만13세미만)_교통사고통계_20260716.xlsx; 2021-2025_어린이(만13세미만)_교통사고통계_20260716.xlsx; 2016-2025_행정구역(시도)별_1세별_주민등록인구_20260715.csv,2016–2024,검증 원자료 기준
보건·안전,아동안전 수준,어린이 교통사고 발생률,낮을수록 양호,2016,2024,충남,179.10869855534693,210.3732974350837,31.26459887973678,악화,9,9,0,9,0,-,건/어린이 10만 명,2016-2020_어린이(만13세미만)_교통사고통계_20260716.xlsx; 2021-2025_어린이(만13세미만)_교통사고통계_20260716.xlsx; 2016-2025_행정구역(시도)별_1세별_주민등록인구_20260715.csv,2016–2024,검증 원자료 기준
보건·안전,아동안전 수준,어린이 교통사고 발생률,낮을수록 양호,2016,2024,전북,207.66880920488384,193.36742644246436,-14.301382762419479,개선,7,9,0,9,0,2023,건/어린이 10만 명,2016-2020_어린이(만13세미만)_교통사고통계_20260716.xlsx; 2021-2025_어린이(만13세미만)_교통사고통계_20260716.xlsx; 2016-2025_행정구역(시도)별_1세별_주민등록인구_20260715.csv,2016–2024,검증 원자료 기준
보건·안전,아동안전 수준,어린이 교통사고 발생률,낮을수록 양호,2016,2024,전남,276.37575341794485,264.4603377478041,-11.91541567014076,개선,14,9,0,9,0,2023,건/어린이 10만 명,2016-2020_어린이(만13세미만)_교통사고통계_20260716.xlsx; 2021-2025_어린이(만13세미만)_교통사고통계_20260716.xlsx; 2016-2025_행정구역(시도)별_1세별_주민등록인구_20260715.csv,2016–2024,검증 원자료 기준
보건·안전,아동안전 수준,어린이 교통사고 발생률,낮을수록 양호,2016,2024,경북,248.06179883236263,232.657239558588,-15.404559273774623,개선,10,9,0,9,0,-,건/어린이 10만 명,2016-2020_어린이(만13세미만)_교통사고통계_20260716.xlsx; 2021-2025_어린이(만13세미만)_교통사고통계_20260716.xlsx; 2016-2025_행정구역(시도)별_1세별_주민등록인구_20260715.csv,2016–2024,검증 원자료 기준
보건·안전,아동안전 수준,어린이 교통사고 발생률,낮을수록 양호,2016,2024,경남,152.41466622417246,154.27934939775707,1.8646831735846092,악화,3,9,0,9,0,-,건/어린이 10만 명,2016-2020_어린이(만13세미만)_교통사고통계_20260716.xlsx; 2021-2025_어린이(만13세미만)_교통사고통계_20260716.xlsx; 2016-2025_행정구역(시도)별_1세별_주민등록인구_20260715.csv,2016–2024,검증 원자료 기준
보건·안전,아동안전 수준,어린이 교통사고 발생률,낮을수록 양호,2016,2024,제주,353.41996287305443,348.3467921866678,-5.073170686386618,개선,17,9,0,9,0,2021,건/어린이 10만 명,2016-2020_어린이(만13세미만)_교통사고통계_20260716.xlsx; 2021-2025_어린이(만13세미만)_교통사고통계_20260716.xlsx; 2016-2025_행정구역(시도)별_1세별_주민등록인구_20260715.csv,2016–2024,검증 원자료 기준
가족·생활,여가 인프라,여가생활 만족도,높을수록 양호,2017,2023,서울,3.026026026026025,3.250000000000001,0.22397397397397567,개선,4,4,5,4,3,-,점(1–5점 척도),"2015,2017,2019,2021,2023,2025_여가활용_만족도_시도__20260715192254.csv",2016–2024,검증 원자료 기준
가족·생활,여가 인프라,여가생활 만족도,높을수록 양호,2017,2023,부산,2.957042957042957,3.177,0.21995704295704321,개선,12,4,5,4,3,-,점(1–5점 척도),"2015,2017,2019,2021,2023,2025_여가활용_만족도_시도__20260715192254.csv",2016–2024,검증 원자료 기준
가족·생활,여가 인프라,여가생활 만족도,높을수록 양호,2017,2023,대구,2.8811188811188813,3.148,0.2668811188811189,개선,17,4,5,4,3,-,점(1–5점 척도),"2015,2017,2019,2021,2023,2025_여가활용_만족도_시도__20260715192254.csv",2016–2024,검증 원자료 기준
가족·생활,여가 인프라,여가생활 만족도,높을수록 양호,2017,2023,인천,2.975024975024975,3.1861861861861858,0.2111612111612109,개선,9,4,5,4,3,-,점(1–5점 척도),"2015,2017,2019,2021,2023,2025_여가활용_만족도_시도__20260715192254.csv",2016–2024,검증 원자료 기준
가족·생활,여가 인프라,여가생활 만족도,높을수록 양호,2017,2023,광주,3.0409999999999995,3.1830000000000003,0.1420000000000008,개선,11,4,5,4,3,-,점(1–5점 척도),"2015,2017,2019,2021,2023,2025_여가활용_만족도_시도__20260715192254.csv",2016–2024,검증 원자료 기준
가족·생활,여가 인프라,여가생활 만족도,높을수록 양호,2017,2023,대전,3.024,3.295,0.2709999999999999,개선,2,4,5,4,3,-,점(1–5점 척도),"2015,2017,2019,2021,2023,2025_여가활용_만족도_시도__20260715192254.csv",2016–2024,검증 원자료 기준
가족·생활,여가 인프라,여가생활 만족도,높을수록 양호,2017,2023,울산,3.0040000000000004,3.1488511488511497,0.14485114885114925,개선,16,4,5,4,3,-,점(1–5점 척도),"2015,2017,2019,2021,2023,2025_여가활용_만족도_시도__20260715192254.csv",2016–2024,검증 원자료 기준
가족·생활,여가 인프라,여가생활 만족도,높을수록 양호,2017,2023,세종,3.13,3.297,0.16700000000000026,개선,1,4,5,4,3,-,점(1–5점 척도),"2015,2017,2019,2021,2023,2025_여가활용_만족도_시도__20260715192254.csv",2016–2024,검증 원자료 기준
가족·생활,여가 인프라,여가생활 만족도,높을수록 양호,2017,2023,경기,2.996003996003996,3.209209209209209,0.2132052132052129,개선,6,4,5,4,3,-,점(1–5점 척도),"2015,2017,2019,2021,2023,2025_여가활용_만족도_시도__20260715192254.csv",2016–2024,검증 원자료 기준
가족·생활,여가 인프라,여가생활 만족도,높을수록 양호,2017,2023,강원,3.101999999999999,3.249249249249248,0.1472492492492492,개선,5,4,5,4,3,-,점(1–5점 척도),"2015,2017,2019,2021,2023,2025_여가활용_만족도_시도__20260715192254.csv",2016–2024,검증 원자료 기준
가족·생활,여가 인프라,여가생활 만족도,높을수록 양호,2017,2023,충북,2.9749749749749745,3.185,0.2100250250250255,개선,10,4,5,4,3,-,점(1–5점 척도),"2015,2017,2019,2021,2023,2025_여가활용_만족도_시도__20260715192254.csv",2016–2024,검증 원자료 기준
가족·생활,여가 인프라,여가생활 만족도,높을수록 양호,2017,2023,충남,2.9920000000000004,3.168,0.1759999999999997,개선,13,4,5,4,3,-,점(1–5점 척도),"2015,2017,2019,2021,2023,2025_여가활용_만족도_시도__20260715192254.csv",2016–2024,검증 원자료 기준
가족·생활,여가 인프라,여가생활 만족도,높을수록 양호,2017,2023,전북,2.9820000000000007,3.189,0.2069999999999994,개선,8,4,5,4,3,-,점(1–5점 척도),"2015,2017,2019,2021,2023,2025_여가활용_만족도_시도__20260715192254.csv",2016–2024,검증 원자료 기준
가족·생활,여가 인프라,여가생활 만족도,높을수록 양호,2017,2023,전남,3.026,3.164,0.13800000000000034,개선,14,4,5,4,3,-,점(1–5점 척도),"2015,2017,2019,2021,2023,2025_여가활용_만족도_시도__20260715192254.csv",2016–2024,검증 원자료 기준
가족·생활,여가 인프라,여가생활 만족도,높을수록 양호,2017,2023,경북,3.0329999999999995,3.1501501501501497,0.11715015015015018,개선,15,4,5,4,3,-,점(1–5점 척도),"2015,2017,2019,2021,2023,2025_여가활용_만족도_시도__20260715192254.csv",2016–2024,검증 원자료 기준
가족·생활,여가 인프라,여가생활 만족도,높을수록 양호,2017,2023,경남,3.096,3.199,0.10299999999999976,개선,7,4,5,4,3,-,점(1–5점 척도),"2015,2017,2019,2021,2023,2025_여가활용_만족도_시도__20260715192254.csv",2016–2024,검증 원자료 기준
가족·생활,여가 인프라,여가생활 만족도,높을수록 양호,2017,2023,제주,3.1361361361361366,3.276,0.13986386386386318,개선,3,4,5,4,3,-,점(1–5점 척도),"2015,2017,2019,2021,2023,2025_여가활용_만족도_시도__20260715192254.csv",2016–2024,검증 원자료 기준
사회·문화,일·가정 양립 여건,육아휴직 사용률,높을수록 양호,2016,2024,서울,23.8,35.0,11.2,개선,9,9,0,9,0,-,%,2016-2024_시도별_출생아_부모의_육아휴직_사용률_20260715193411.csv,2016–2024,검증 원자료 기준
사회·문화,일·가정 양립 여건,육아휴직 사용률,높을수록 양호,2016,2024,부산,20.4,36.0,15.600000000000001,개선,5,9,0,9,0,-,%,2016-2024_시도별_출생아_부모의_육아휴직_사용률_20260715193411.csv,2016–2024,검증 원자료 기준
사회·문화,일·가정 양립 여건,육아휴직 사용률,높을수록 양호,2016,2024,대구,20.1,33.1,13.0,개선,16,9,0,9,0,-,%,2016-2024_시도별_출생아_부모의_육아휴직_사용률_20260715193411.csv,2016–2024,검증 원자료 기준
사회·문화,일·가정 양립 여건,육아휴직 사용률,높을수록 양호,2016,2024,인천,19.0,35.6,16.6,개선,7,9,0,9,0,-,%,2016-2024_시도별_출생아_부모의_육아휴직_사용률_20260715193411.csv,2016–2024,검증 원자료 기준
사회·문화,일·가정 양립 여건,육아휴직 사용률,높을수록 양호,2016,2024,광주,19.6,33.5,13.899999999999999,개선,13,9,0,9,0,2023,%,2016-2024_시도별_출생아_부모의_육아휴직_사용률_20260715193411.csv,2016–2024,검증 원자료 기준
사회·문화,일·가정 양립 여건,육아휴직 사용률,높을수록 양호,2016,2024,대전,20.0,36.5,16.5,개선,4,9,0,9,0,-,%,2016-2024_시도별_출생아_부모의_육아휴직_사용률_20260715193411.csv,2016–2024,검증 원자료 기준
사회·문화,일·가정 양립 여건,육아휴직 사용률,높을수록 양호,2016,2024,울산,14.6,30.6,16.0,개선,17,9,0,9,0,-,%,2016-2024_시도별_출생아_부모의_육아휴직_사용률_20260715193411.csv,2016–2024,검증 원자료 기준
사회·문화,일·가정 양립 여건,육아휴직 사용률,높을수록 양호,2016,2024,세종,22.6,38.6,16.0,개선,3,9,0,9,0,-,%,2016-2024_시도별_출생아_부모의_육아휴직_사용률_20260715193411.csv,2016–2024,검증 원자료 기준
사회·문화,일·가정 양립 여건,육아휴직 사용률,높을수록 양호,2016,2024,경기,19.9,34.3,14.399999999999999,개선,11,9,0,9,0,-,%,2016-2024_시도별_출생아_부모의_육아휴직_사용률_20260715193411.csv,2016–2024,검증 원자료 기준
사회·문화,일·가정 양립 여건,육아휴직 사용률,높을수록 양호,2016,2024,강원,18.6,38.8,20.199999999999996,개선,2,9,0,9,0,-,%,2016-2024_시도별_출생아_부모의_육아휴직_사용률_20260715193411.csv,2016–2024,검증 원자료 기준
사회·문화,일·가정 양립 여건,육아휴직 사용률,높을수록 양호,2016,2024,충북,19.3,35.2,15.900000000000002,개선,8,9,0,9,0,-,%,2016-2024_시도별_출생아_부모의_육아휴직_사용률_20260715193411.csv,2016–2024,검증 원자료 기준
사회·문화,일·가정 양립 여건,육아휴직 사용률,높을수록 양호,2016,2024,충남,17.3,34.0,16.7,개선,12,9,0,9,0,-,%,2016-2024_시도별_출생아_부모의_육아휴직_사용률_20260715193411.csv,2016–2024,검증 원자료 기준
사회·문화,일·가정 양립 여건,육아휴직 사용률,높을수록 양호,2016,2024,전북,18.1,34.7,16.6,개선,10,9,0,9,0,-,%,2016-2024_시도별_출생아_부모의_육아휴직_사용률_20260715193411.csv,2016–2024,검증 원자료 기준
사회·문화,일·가정 양립 여건,육아휴직 사용률,높을수록 양호,2016,2024,전남,17.0,35.7,18.700000000000003,개선,6,9,0,9,0,-,%,2016-2024_시도별_출생아_부모의_육아휴직_사용률_20260715193411.csv,2016–2024,검증 원자료 기준
사회·문화,일·가정 양립 여건,육아휴직 사용률,높을수록 양호,2016,2024,경북,17.6,33.5,15.899999999999999,개선,13,9,0,9,0,-,%,2016-2024_시도별_출생아_부모의_육아휴직_사용률_20260715193411.csv,2016–2024,검증 원자료 기준
사회·문화,일·가정 양립 여건,육아휴직 사용률,높을수록 양호,2016,2024,경남,16.6,33.2,16.6,개선,15,9,0,9,0,-,%,2016-2024_시도별_출생아_부모의_육아휴직_사용률_20260715193411.csv,2016–2024,검증 원자료 기준
사회·문화,일·가정 양립 여건,육아휴직 사용률,높을수록 양호,2016,2024,제주,24.1,39.3,15.199999999999996,개선,1,9,0,9,0,2023,%,2016-2024_시도별_출생아_부모의_육아휴직_사용률_20260715193411.csv,2016–2024,검증 원자료 기준
경제·고용·주거,주거 안정성,임차가구 연간 주거비 HCC,낮을수록 양호,2017,2024,서울,931.0,1196.0,265.0,악화,17,9,0,8,0,2021,만원/임차가구·년,MDIS 주거실태조사 일반가구(제공) 0727 추출본; KOSIS 한국부동산원 지역별 전월세전환율,2016–2024,검증 원자료 기준
경제·고용·주거,주거 안정성,임차가구 연간 주거비 HCC,낮을수록 양호,2017,2024,부산,551.0,655.0,104.0,악화,11,9,0,8,0,-,만원/임차가구·년,MDIS 주거실태조사 일반가구(제공) 0727 추출본; KOSIS 한국부동산원 지역별 전월세전환율,2016–2024,검증 원자료 기준
경제·고용·주거,주거 안정성,임차가구 연간 주거비 HCC,낮을수록 양호,2017,2024,대구,526.0,617.0,91.0,악화,7,9,0,8,0,-,만원/임차가구·년,MDIS 주거실태조사 일반가구(제공) 0727 추출본; KOSIS 한국부동산원 지역별 전월세전환율,2016–2024,검증 원자료 기준
경제·고용·주거,주거 안정성,임차가구 연간 주거비 HCC,낮을수록 양호,2017,2024,인천,589.0,811.0,222.0,악화,14,9,0,8,0,-,만원/임차가구·년,MDIS 주거실태조사 일반가구(제공) 0727 추출본; KOSIS 한국부동산원 지역별 전월세전환율,2016–2024,검증 원자료 기준
경제·고용·주거,주거 안정성,임차가구 연간 주거비 HCC,낮을수록 양호,2017,2024,광주,452.0,539.0,87.0,악화,2,9,0,8,0,-,만원/임차가구·년,MDIS 주거실태조사 일반가구(제공) 0727 추출본; KOSIS 한국부동산원 지역별 전월세전환율,2016–2024,검증 원자료 기준
경제·고용·주거,주거 안정성,임차가구 연간 주거비 HCC,낮을수록 양호,2017,2024,대전,487.0,647.0,160.0,악화,9,9,0,8,0,-,만원/임차가구·년,MDIS 주거실태조사 일반가구(제공) 0727 추출본; KOSIS 한국부동산원 지역별 전월세전환율,2016–2024,검증 원자료 기준
경제·고용·주거,주거 안정성,임차가구 연간 주거비 HCC,낮을수록 양호,2017,2024,울산,541.0,711.0,170.0,악화,12,9,0,8,0,-,만원/임차가구·년,MDIS 주거실태조사 일반가구(제공) 0727 추출본; KOSIS 한국부동산원 지역별 전월세전환율,2016–2024,검증 원자료 기준
경제·고용·주거,주거 안정성,임차가구 연간 주거비 HCC,낮을수록 양호,2017,2024,세종,642.0,888.0,246.0,악화,15,8,1,8,0,2018,만원/임차가구·년,MDIS 주거실태조사 일반가구(제공) 0727 추출본; KOSIS 한국부동산원 지역별 전월세전환율,2016–2024,검증 원자료 기준
경제·고용·주거,주거 안정성,임차가구 연간 주거비 HCC,낮을수록 양호,2017,2024,경기,746.0,1077.0,331.0,악화,16,9,0,8,0,-,만원/임차가구·년,MDIS 주거실태조사 일반가구(제공) 0727 추출본; KOSIS 한국부동산원 지역별 전월세전환율,2016–2024,검증 원자료 기준
경제·고용·주거,주거 안정성,임차가구 연간 주거비 HCC,낮을수록 양호,2017,2024,강원,432.0,620.0,188.0,악화,8,9,0,8,0,-,만원/임차가구·년,MDIS 주거실태조사 일반가구(제공) 0727 추출본; KOSIS 한국부동산원 지역별 전월세전환율,2016–2024,검증 원자료 기준
경제·고용·주거,주거 안정성,임차가구 연간 주거비 HCC,낮을수록 양호,2017,2024,충북,485.0,650.0,165.0,악화,10,9,0,8,0,-,만원/임차가구·년,MDIS 주거실태조사 일반가구(제공) 0727 추출본; KOSIS 한국부동산원 지역별 전월세전환율,2016–2024,검증 원자료 기준
경제·고용·주거,주거 안정성,임차가구 연간 주거비 HCC,낮을수록 양호,2017,2024,충남,534.0,738.0,204.0,악화,13,9,0,8,0,2024,만원/임차가구·년,MDIS 주거실태조사 일반가구(제공) 0727 추출본; KOSIS 한국부동산원 지역별 전월세전환율,2016–2024,검증 원자료 기준
경제·고용·주거,주거 안정성,임차가구 연간 주거비 HCC,낮을수록 양호,2017,2024,전북,417.0,550.0,133.0,악화,3,9,0,8,0,-,만원/임차가구·년,MDIS 주거실태조사 일반가구(제공) 0727 추출본; KOSIS 한국부동산원 지역별 전월세전환율,2016–2024,검증 원자료 기준
경제·고용·주거,주거 안정성,임차가구 연간 주거비 HCC,낮을수록 양호,2017,2024,전남,486.0,588.0,102.0,악화,5,9,0,8,0,-,만원/임차가구·년,MDIS 주거실태조사 일반가구(제공) 0727 추출본; KOSIS 한국부동산원 지역별 전월세전환율,2016–2024,검증 원자료 기준
경제·고용·주거,주거 안정성,임차가구 연간 주거비 HCC,낮을수록 양호,2017,2024,경북,455.0,533.0,78.0,악화,1,9,0,8,0,-,만원/임차가구·년,MDIS 주거실태조사 일반가구(제공) 0727 추출본; KOSIS 한국부동산원 지역별 전월세전환율,2016–2024,검증 원자료 기준
경제·고용·주거,주거 안정성,임차가구 연간 주거비 HCC,낮을수록 양호,2017,2024,경남,567.0,562.0,-5.0,개선,4,9,0,8,0,-,만원/임차가구·년,MDIS 주거실태조사 일반가구(제공) 0727 추출본; KOSIS 한국부동산원 지역별 전월세전환율,2016–2024,검증 원자료 기준
경제·고용·주거,주거 안정성,임차가구 연간 주거비 HCC,낮을수록 양호,2017,2024,제주,485.0,594.0,109.0,악화,6,9,0,8,0,2018,만원/임차가구·년,MDIS 주거실태조사 일반가구(제공) 0727 추출본; KOSIS 한국부동산원 지역별 전월세전환율,2016–2024,검증 원자료 기준
경제·고용·주거,주거 안정성,전체 가구 자가점유비율,높을수록 양호,2017,2024,서울,42.9,44.1,1.2000000000000028,개선,17,9,0,8,0,-,%,MDIS 주거실태조사 일반가구(제공) 0727 추출본,2016–2024,검증 원자료 기준
경제·고용·주거,주거 안정성,전체 가구 자가점유비율,높을수록 양호,2017,2024,부산,61.7,60.8,-0.9000000000000057,악화,11,9,0,8,0,-,%,MDIS 주거실태조사 일반가구(제공) 0727 추출본,2016–2024,검증 원자료 기준
경제·고용·주거,주거 안정성,전체 가구 자가점유비율,높을수록 양호,2017,2024,대구,59.4,60.2,0.8000000000000043,개선,12,9,0,8,0,-,%,MDIS 주거실태조사 일반가구(제공) 0727 추출본,2016–2024,검증 원자료 기준
경제·고용·주거,주거 안정성,전체 가구 자가점유비율,높을수록 양호,2017,2024,인천,59.6,61.5,1.8999999999999986,개선,10,9,0,8,0,-,%,MDIS 주거실태조사 일반가구(제공) 0727 추출본,2016–2024,검증 원자료 기준
경제·고용·주거,주거 안정성,전체 가구 자가점유비율,높을수록 양호,2017,2024,광주,62.5,62.5,0.0,변화 없음,9,9,0,8,0,-,%,MDIS 주거실태조사 일반가구(제공) 0727 추출본,2016–2024,검증 원자료 기준
경제·고용·주거,주거 안정성,전체 가구 자가점유비율,높을수록 양호,2017,2024,대전,53.9,53.1,-0.7999999999999972,악화,16,9,0,8,0,-,%,MDIS 주거실태조사 일반가구(제공) 0727 추출본,2016–2024,검증 원자료 기준
경제·고용·주거,주거 안정성,전체 가구 자가점유비율,높을수록 양호,2017,2024,울산,63.5,64.1,0.5999999999999943,개선,6,9,0,8,0,-,%,MDIS 주거실태조사 일반가구(제공) 0727 추출본,2016–2024,검증 원자료 기준
경제·고용·주거,주거 안정성,전체 가구 자가점유비율,높을수록 양호,2017,2024,세종,52.1,58.4,6.299999999999997,개선,14,8,1,8,0,"2022, 2023",%,MDIS 주거실태조사 일반가구(제공) 0727 추출본,2016–2024,검증 원자료 기준
경제·고용·주거,주거 안정성,전체 가구 자가점유비율,높을수록 양호,2017,2024,경기,53.0,57.2,4.200000000000003,개선,15,9,0,8,0,-,%,MDIS 주거실태조사 일반가구(제공) 0727 추출본,2016–2024,검증 원자료 기준
경제·고용·주거,주거 안정성,전체 가구 자가점유비율,높을수록 양호,2017,2024,강원,64.1,63.2,-0.8999999999999915,악화,7,9,0,8,0,2017,%,MDIS 주거실태조사 일반가구(제공) 0727 추출본,2016–2024,검증 원자료 기준
경제·고용·주거,주거 안정성,전체 가구 자가점유비율,높을수록 양호,2017,2024,충북,66.1,62.8,-3.299999999999997,악화,8,9,0,8,0,-,%,MDIS 주거실태조사 일반가구(제공) 0727 추출본,2016–2024,검증 원자료 기준
경제·고용·주거,주거 안정성,전체 가구 자가점유비율,높을수록 양호,2017,2024,충남,67.1,64.2,-2.8999999999999915,악화,5,9,0,8,0,2017,%,MDIS 주거실태조사 일반가구(제공) 0727 추출본,2016–2024,검증 원자료 기준
경제·고용·주거,주거 안정성,전체 가구 자가점유비율,높을수록 양호,2017,2024,전북,69.1,67.4,-1.6999999999999886,악화,3,9,0,8,0,-,%,MDIS 주거실태조사 일반가구(제공) 0727 추출본,2016–2024,검증 원자료 기준
경제·고용·주거,주거 안정성,전체 가구 자가점유비율,높을수록 양호,2017,2024,전남,74.8,72.1,-2.700000000000003,악화,1,9,0,8,0,2018,%,MDIS 주거실태조사 일반가구(제공) 0727 추출본,2016–2024,검증 원자료 기준
경제·고용·주거,주거 안정성,전체 가구 자가점유비율,높을수록 양호,2017,2024,경북,70.9,69.5,-1.4000000000000057,악화,2,9,0,8,0,-,%,MDIS 주거실태조사 일반가구(제공) 0727 추출본,2016–2024,검증 원자료 기준
경제·고용·주거,주거 안정성,전체 가구 자가점유비율,높을수록 양호,2017,2024,경남,67.8,66.8,-1.0,악화,4,9,0,8,0,-,%,MDIS 주거실태조사 일반가구(제공) 0727 추출본,2016–2024,검증 원자료 기준
경제·고용·주거,주거 안정성,전체 가구 자가점유비율,높을수록 양호,2017,2024,제주,58.9,58.5,-0.3999999999999986,악화,13,9,0,8,0,-,%,MDIS 주거실태조사 일반가구(제공) 0727 추출본,2016–2024,검증 원자료 기준
경제·고용·주거,고용여건,청년고용률,높을수록 양호,2017,2024,서울,63.96972250922709,72.11541887514198,8.145696365914894,개선,3,9,0,8,0,-,%,2016-2025_행정구역_시도__연령별_취업자_20260715184807.csv; 2016-2025_행정구역(시도)별_1세별_주민등록인구_20260715.csv,2016–2024,검증 원자료 기준
경제·고용·주거,고용여건,청년고용률,높을수록 양호,2017,2024,부산,60.39417059684008,67.70480704129994,7.310636444459867,개선,7,9,0,8,0,-,%,2016-2025_행정구역_시도__연령별_취업자_20260715184807.csv; 2016-2025_행정구역(시도)별_1세별_주민등록인구_20260715.csv,2016–2024,검증 원자료 기준
경제·고용·주거,고용여건,청년고용률,높을수록 양호,2017,2024,대구,54.29864253393666,57.4003179833515,3.1016754494148415,개선,17,9,0,8,0,"2017, 2021",%,2016-2025_행정구역_시도__연령별_취업자_20260715184807.csv; 2016-2025_행정구역(시도)별_1세별_주민등록인구_20260715.csv,2016–2024,검증 원자료 기준
경제·고용·주거,고용여건,청년고용률,높을수록 양호,2017,2024,인천,61.85577213323238,68.52408194294543,6.668309809713051,개선,6,9,0,8,0,-,%,2016-2025_행정구역_시도__연령별_취업자_20260715184807.csv; 2016-2025_행정구역(시도)별_1세별_주민등록인구_20260715.csv,2016–2024,검증 원자료 기준
경제·고용·주거,고용여건,청년고용률,높을수록 양호,2017,2024,광주,58.20028385401599,60.082148683290605,1.8818648292746118,개선,13,9,0,8,0,-,%,2016-2025_행정구역_시도__연령별_취업자_20260715184807.csv; 2016-2025_행정구역(시도)별_1세별_주민등록인구_20260715.csv,2016–2024,검증 원자료 기준
경제·고용·주거,고용여건,청년고용률,높을수록 양호,2017,2024,대전,63.15661236907827,67.47000958074136,4.313397211663094,개선,9,9,0,8,0,2020,%,2016-2025_행정구역_시도__연령별_취업자_20260715184807.csv; 2016-2025_행정구역(시도)별_1세별_주민등록인구_20260715.csv,2016–2024,검증 원자료 기준
경제·고용·주거,고용여건,청년고용률,높을수록 양호,2017,2024,울산,60.339885957615536,59.84440454817474,-0.4954814094407993,악화,14,9,0,8,0,-,%,2016-2025_행정구역_시도__연령별_취업자_20260715184807.csv; 2016-2025_행정구역(시도)별_1세별_주민등록인구_20260715.csv,2016–2024,검증 원자료 기준
경제·고용·주거,고용여건,청년고용률,높을수록 양호,2017,2024,세종,59.41656763905394,71.11495887700204,11.698391237948101,개선,5,8,1,8,0,2020,%,2016-2025_행정구역_시도__연령별_취업자_20260715184807.csv; 2016-2025_행정구역(시도)별_1세별_주민등록인구_20260715.csv,2016–2024,검증 원자료 기준
경제·고용·주거,고용여건,청년고용률,높을수록 양호,2017,2024,경기,63.519369328419614,71.12853970547205,7.609170377052436,개선,4,9,0,8,0,-,%,2016-2025_행정구역_시도__연령별_취업자_20260715184807.csv; 2016-2025_행정구역(시도)별_1세별_주민등록인구_20260715.csv,2016–2024,검증 원자료 기준
경제·고용·주거,고용여건,청년고용률,높을수록 양호,2017,2024,강원,57.67251810276262,67.48911161693013,9.816593514167508,개선,8,9,0,8,0,-,%,2016-2025_행정구역_시도__연령별_취업자_20260715184807.csv; 2016-2025_행정구역(시도)별_1세별_주민등록인구_20260715.csv,2016–2024,검증 원자료 기준
경제·고용·주거,고용여건,청년고용률,높을수록 양호,2017,2024,충북,66.4236808938243,75.04511858959107,8.621437695766772,개선,2,9,0,8,0,-,%,2016-2025_행정구역_시도__연령별_취업자_20260715184807.csv; 2016-2025_행정구역(시도)별_1세별_주민등록인구_20260715.csv,2016–2024,검증 원자료 기준
경제·고용·주거,고용여건,청년고용률,높을수록 양호,2017,2024,충남,67.85084430739336,76.16585692359179,8.31501261619843,개선,1,8,1,8,0,-,%,2016-2025_행정구역_시도__연령별_취업자_20260715184807.csv; 2016-2025_행정구역(시도)별_1세별_주민등록인구_20260715.csv,2016–2024,검증 원자료 기준
경제·고용·주거,고용여건,청년고용률,높을수록 양호,2017,2024,전북,54.04082307352412,63.88407809366957,9.843255020145449,개선,12,9,0,8,0,-,%,2016-2025_행정구역_시도__연령별_취업자_20260715184807.csv; 2016-2025_행정구역(시도)별_1세별_주민등록인구_20260715.csv,2016–2024,검증 원자료 기준
경제·고용·주거,고용여건,청년고용률,높을수록 양호,2017,2024,전남,49.94672349493873,57.45015124631655,7.503427751377821,개선,16,9,0,8,0,-,%,2016-2025_행정구역_시도__연령별_취업자_20260715184807.csv; 2016-2025_행정구역(시도)별_1세별_주민등록인구_20260715.csv,2016–2024,검증 원자료 기준
경제·고용·주거,고용여건,청년고용률,높을수록 양호,2017,2024,경북,61.8177064523062,66.65148950993326,4.833783057627059,개선,10,9,0,8,0,-,%,2016-2025_행정구역_시도__연령별_취업자_20260715184807.csv; 2016-2025_행정구역(시도)별_1세별_주민등록인구_20260715.csv,2016–2024,검증 원자료 기준
경제·고용·주거,고용여건,청년고용률,높을수록 양호,2017,2024,경남,59.45524135112036,58.11632044252024,-1.338920908600116,악화,15,9,0,8,0,-,%,2016-2025_행정구역_시도__연령별_취업자_20260715184807.csv; 2016-2025_행정구역(시도)별_1세별_주민등록인구_20260715.csv,2016–2024,검증 원자료 기준
경제·고용·주거,고용여건,청년고용률,높을수록 양호,2017,2024,제주,68.41583142339137,65.42480690595184,-2.991024517439527,악화,11,9,0,8,0,-,%,2016-2025_행정구역_시도__연령별_취업자_20260715184807.csv; 2016-2025_행정구역(시도)별_1세별_주민등록인구_20260715.csv,2016–2024,검증 원자료 기준
경제·고용·주거,고용여건,청년층 정규직 근로자 비율,높을수록 양호,2017,2024,서울,66.5,72.0,5.5,개선,5,9,0,8,0,-,%,통계청 MDIS 지역별고용조사 C형(시도 중분류 부가항목),2016–2024,검증 원자료 기준
경제·고용·주거,고용여건,청년층 정규직 근로자 비율,높을수록 양호,2017,2024,부산,65.6,67.7,2.1000000000000085,개선,16,9,0,8,0,2022,%,통계청 MDIS 지역별고용조사 C형(시도 중분류 부가항목),2016–2024,검증 원자료 기준
경제·고용·주거,고용여건,청년층 정규직 근로자 비율,높을수록 양호,2017,2024,대구,67.1,72.5,5.400000000000006,개선,3,9,0,8,0,-,%,통계청 MDIS 지역별고용조사 C형(시도 중분류 부가항목),2016–2024,검증 원자료 기준
경제·고용·주거,고용여건,청년층 정규직 근로자 비율,높을수록 양호,2017,2024,인천,63.7,70.9,7.200000000000003,개선,8,9,0,8,0,-,%,통계청 MDIS 지역별고용조사 C형(시도 중분류 부가항목),2016–2024,검증 원자료 기준
경제·고용·주거,고용여건,청년층 정규직 근로자 비율,높을수록 양호,2017,2024,광주,63.7,68.5,4.799999999999997,개선,14,9,0,8,0,-,%,통계청 MDIS 지역별고용조사 C형(시도 중분류 부가항목),2016–2024,검증 원자료 기준
경제·고용·주거,고용여건,청년층 정규직 근로자 비율,높을수록 양호,2017,2024,대전,69.7,70.0,0.29999999999999716,개선,11,9,0,8,0,-,%,통계청 MDIS 지역별고용조사 C형(시도 중분류 부가항목),2016–2024,검증 원자료 기준
경제·고용·주거,고용여건,청년층 정규직 근로자 비율,높을수록 양호,2017,2024,울산,70.9,69.7,-1.2000000000000028,악화,12,9,0,8,0,-,%,통계청 MDIS 지역별고용조사 C형(시도 중분류 부가항목),2016–2024,검증 원자료 기준
경제·고용·주거,고용여건,청년층 정규직 근로자 비율,높을수록 양호,2017,2024,세종,72.6,71.1,-1.5,악화,6,8,1,8,0,2021,%,통계청 MDIS 지역별고용조사 C형(시도 중분류 부가항목),2016–2024,검증 원자료 기준
경제·고용·주거,고용여건,청년층 정규직 근로자 비율,높을수록 양호,2017,2024,경기,68.6,70.2,1.6000000000000085,개선,10,9,0,8,0,-,%,통계청 MDIS 지역별고용조사 C형(시도 중분류 부가항목),2016–2024,검증 원자료 기준
경제·고용·주거,고용여건,청년층 정규직 근로자 비율,높을수록 양호,2017,2024,강원,67.5,70.5,3.0,개선,9,9,0,8,0,-,%,통계청 MDIS 지역별고용조사 C형(시도 중분류 부가항목),2016–2024,검증 원자료 기준
경제·고용·주거,고용여건,청년층 정규직 근로자 비율,높을수록 양호,2017,2024,충북,69.7,75.5,5.799999999999997,개선,2,9,0,8,0,-,%,통계청 MDIS 지역별고용조사 C형(시도 중분류 부가항목),2016–2024,검증 원자료 기준
경제·고용·주거,고용여건,청년층 정규직 근로자 비율,높을수록 양호,2017,2024,충남,70.0,77.2,7.200000000000003,개선,1,9,0,8,0,2018,%,통계청 MDIS 지역별고용조사 C형(시도 중분류 부가항목),2016–2024,검증 원자료 기준
경제·고용·주거,고용여건,청년층 정규직 근로자 비율,높을수록 양호,2017,2024,전북,64.9,72.5,7.599999999999994,개선,3,9,0,8,0,2022,%,통계청 MDIS 지역별고용조사 C형(시도 중분류 부가항목),2016–2024,검증 원자료 기준
경제·고용·주거,고용여건,청년층 정규직 근로자 비율,높을수록 양호,2017,2024,전남,65.8,67.9,2.1000000000000085,개선,15,9,0,8,0,-,%,통계청 MDIS 지역별고용조사 C형(시도 중분류 부가항목),2016–2024,검증 원자료 기준
경제·고용·주거,고용여건,청년층 정규직 근로자 비율,높을수록 양호,2017,2024,경북,72.2,68.6,-3.6000000000000085,악화,13,9,0,8,0,-,%,통계청 MDIS 지역별고용조사 C형(시도 중분류 부가항목),2016–2024,검증 원자료 기준
경제·고용·주거,고용여건,청년층 정규직 근로자 비율,높을수록 양호,2017,2024,경남,72.6,71.1,-1.5,악화,6,9,0,8,0,-,%,통계청 MDIS 지역별고용조사 C형(시도 중분류 부가항목),2016–2024,검증 원자료 기준
경제·고용·주거,고용여건,청년층 정규직 근로자 비율,높을수록 양호,2017,2024,제주,60.7,64.5,3.799999999999997,개선,17,9,0,8,0,-,%,통계청 MDIS 지역별고용조사 C형(시도 중분류 부가항목),2016–2024,검증 원자료 기준
사회·문화,사회적 가치관,출산에 대한 인식,높을수록 양호,2018,2024,서울,2.7230000000000003,2.7122877122877123,-0.010712287712288049,악화,16,4,5,4,3,-,점(1–4점 척도),"2018,2020,2022,2024_결혼문화에_대한_태도__결혼하면_자녀를_가져야_한다__13세_이상_인구__20260715194802.csv",2016–2024,검증 원자료 기준
사회·문화,사회적 가치관,출산에 대한 인식,높을수록 양호,2018,2024,부산,2.9340659340659343,2.854145854145853,-0.07992007992008121,악화,9,4,5,4,3,-,점(1–4점 척도),"2018,2020,2022,2024_결혼문화에_대한_태도__결혼하면_자녀를_가져야_한다__13세_이상_인구__20260715194802.csv",2016–2024,검증 원자료 기준
사회·문화,사회적 가치관,출산에 대한 인식,높을수록 양호,2018,2024,대구,2.8550000000000004,2.853,-0.002000000000000224,악화,10,4,5,4,3,-,점(1–4점 척도),"2018,2020,2022,2024_결혼문화에_대한_태도__결혼하면_자녀를_가져야_한다__13세_이상_인구__20260715194802.csv",2016–2024,검증 원자료 기준
사회·문화,사회적 가치관,출산에 대한 인식,높을수록 양호,2018,2024,인천,2.842,2.753,-0.08899999999999997,악화,15,4,5,4,3,-,점(1–4점 척도),"2018,2020,2022,2024_결혼문화에_대한_태도__결혼하면_자녀를_가져야_한다__13세_이상_인구__20260715194802.csv",2016–2024,검증 원자료 기준
사회·문화,사회적 가치관,출산에 대한 인식,높을수록 양호,2018,2024,광주,2.873873873873874,2.966,0.09212612612612636,개선,3,4,5,4,3,-,점(1–4점 척도),"2018,2020,2022,2024_결혼문화에_대한_태도__결혼하면_자녀를_가져야_한다__13세_이상_인구__20260715194802.csv",2016–2024,검증 원자료 기준
사회·문화,사회적 가치관,출산에 대한 인식,높을수록 양호,2018,2024,대전,2.8510000000000004,2.795795795795796,-0.055204204204204466,악화,12,4,5,4,3,-,점(1–4점 척도),"2018,2020,2022,2024_결혼문화에_대한_태도__결혼하면_자녀를_가져야_한다__13세_이상_인구__20260715194802.csv",2016–2024,검증 원자료 기준
사회·문화,사회적 가치관,출산에 대한 인식,높을수록 양호,2018,2024,울산,2.7709999999999995,2.772,0.001000000000000334,개선,14,4,5,4,3,-,점(1–4점 척도),"2018,2020,2022,2024_결혼문화에_대한_태도__결혼하면_자녀를_가져야_한다__13세_이상_인구__20260715194802.csv",2016–2024,검증 원자료 기준
사회·문화,사회적 가치관,출산에 대한 인식,높을수록 양호,2018,2024,세종,2.8510000000000004,2.6703296703296706,-0.1806703296703298,악화,17,4,5,4,3,-,점(1–4점 척도),"2018,2020,2022,2024_결혼문화에_대한_태도__결혼하면_자녀를_가져야_한다__13세_이상_인구__20260715194802.csv",2016–2024,검증 원자료 기준
사회·문화,사회적 가치관,출산에 대한 인식,높을수록 양호,2018,2024,경기,2.82,2.795795795795796,-0.024204204204203883,악화,12,4,5,4,3,-,점(1–4점 척도),"2018,2020,2022,2024_결혼문화에_대한_태도__결혼하면_자녀를_가져야_한다__13세_이상_인구__20260715194802.csv",2016–2024,검증 원자료 기준
사회·문화,사회적 가치관,출산에 대한 인식,높을수록 양호,2018,2024,강원,2.919919919919921,2.944,0.024080080080079114,개선,5,4,5,4,3,-,점(1–4점 척도),"2018,2020,2022,2024_결혼문화에_대한_태도__결혼하면_자녀를_가져야_한다__13세_이상_인구__20260715194802.csv",2016–2024,검증 원자료 기준
사회·문화,사회적 가치관,출산에 대한 인식,높을수록 양호,2018,2024,충북,2.99,2.8831168831168834,-0.1068831168831168,악화,8,4,5,4,3,-,점(1–4점 척도),"2018,2020,2022,2024_결혼문화에_대한_태도__결혼하면_자녀를_가져야_한다__13세_이상_인구__20260715194802.csv",2016–2024,검증 원자료 기준
사회·문화,사회적 가치관,출산에 대한 인식,높을수록 양호,2018,2024,충남,2.959,2.89,-0.06899999999999995,악화,7,4,5,4,3,-,점(1–4점 척도),"2018,2020,2022,2024_결혼문화에_대한_태도__결혼하면_자녀를_가져야_한다__13세_이상_인구__20260715194802.csv",2016–2024,검증 원자료 기준
사회·문화,사회적 가치관,출산에 대한 인식,높을수록 양호,2018,2024,전북,3.03,2.928000000000001,-0.10199999999999898,악화,6,4,5,4,3,-,점(1–4점 척도),"2018,2020,2022,2024_결혼문화에_대한_태도__결혼하면_자녀를_가져야_한다__13세_이상_인구__20260715194802.csv",2016–2024,검증 원자료 기준
사회·문화,사회적 가치관,출산에 대한 인식,높을수록 양호,2018,2024,전남,3.068,2.9760000000000004,-0.09199999999999964,악화,1,4,5,4,3,-,점(1–4점 척도),"2018,2020,2022,2024_결혼문화에_대한_태도__결혼하면_자녀를_가져야_한다__13세_이상_인구__20260715194802.csv",2016–2024,검증 원자료 기준
사회·문화,사회적 가치관,출산에 대한 인식,높을수록 양호,2018,2024,경북,3.04,2.951,-0.08899999999999997,악화,4,4,5,4,3,-,점(1–4점 척도),"2018,2020,2022,2024_결혼문화에_대한_태도__결혼하면_자녀를_가져야_한다__13세_이상_인구__20260715194802.csv",2016–2024,검증 원자료 기준
사회·문화,사회적 가치관,출산에 대한 인식,높을수록 양호,2018,2024,경남,2.9390000000000005,2.9670000000000005,0.028000000000000025,개선,2,4,5,4,3,-,점(1–4점 척도),"2018,2020,2022,2024_결혼문화에_대한_태도__결혼하면_자녀를_가져야_한다__13세_이상_인구__20260715194802.csv",2016–2024,검증 원자료 기준
사회·문화,사회적 가치관,출산에 대한 인식,높을수록 양호,2018,2024,제주,2.9419419419419426,2.8190000000000004,-0.12294194194194219,악화,11,4,5,4,3,-,점(1–4점 척도),"2018,2020,2022,2024_결혼문화에_대한_태도__결혼하면_자녀를_가져야_한다__13세_이상_인구__20260715194802.csv",2016–2024,검증 원자료 기준
경제·고용·주거,주거 안정성,현재 주택가격,낮을수록 양호,2017,2024,서울,53171.7,96805.8,43634.100000000006,악화,17,9,0,8,0,"2018, 2019, 2020, 2022, 2024",만원,MDIS 주거실태조사 일반가구(제공) 0717 추출본,2016–2024,검증 원자료 기준
경제·고용·주거,주거 안정성,현재 주택가격,낮을수록 양호,2017,2024,부산,25148.9,32543.5,7394.5999999999985,악화,11,9,0,8,0,2024,만원,MDIS 주거실태조사 일반가구(제공) 0717 추출본,2016–2024,검증 원자료 기준
경제·고용·주거,주거 안정성,현재 주택가격,낮을수록 양호,2017,2024,대구,23031.7,31288.3,8256.599999999999,악화,10,9,0,8,0,-,만원,MDIS 주거실태조사 일반가구(제공) 0717 추출본,2016–2024,검증 원자료 기준
경제·고용·주거,주거 안정성,현재 주택가격,낮을수록 양호,2017,2024,인천,21223.1,34399.9,13176.800000000003,악화,13,9,0,8,0,-,만원,MDIS 주거실태조사 일반가구(제공) 0717 추출본,2016–2024,검증 원자료 기준
경제·고용·주거,주거 안정성,현재 주택가격,낮을수록 양호,2017,2024,광주,19859.0,29165.3,9306.3,악화,8,9,0,8,0,-,만원,MDIS 주거실태조사 일반가구(제공) 0717 추출본,2016–2024,검증 원자료 기준
경제·고용·주거,주거 안정성,현재 주택가격,낮을수록 양호,2017,2024,대전,21683.6,35543.1,13859.5,악화,14,9,0,8,0,-,만원,MDIS 주거실태조사 일반가구(제공) 0717 추출본,2016–2024,검증 원자료 기준
경제·고용·주거,주거 안정성,현재 주택가격,낮을수록 양호,2017,2024,울산,22685.3,32967.2,10281.899999999998,악화,12,9,0,8,0,-,만원,MDIS 주거실태조사 일반가구(제공) 0717 추출본,2016–2024,검증 원자료 기준
경제·고용·주거,주거 안정성,현재 주택가격,낮을수록 양호,2017,2024,세종,22880.0,49861.9,26981.9,악화,16,8,1,8,0,"2019, 2020, 2022",만원,MDIS 주거실태조사 일반가구(제공) 0717 추출본,2016–2024,검증 원자료 기준
경제·고용·주거,주거 안정성,현재 주택가격,낮을수록 양호,2017,2024,경기,28759.1,48394.1,19635.0,악화,15,9,0,8,0,-,만원,MDIS 주거실태조사 일반가구(제공) 0717 추출본,2016–2024,검증 원자료 기준
경제·고용·주거,주거 안정성,현재 주택가격,낮을수록 양호,2017,2024,강원,13308.5,22180.0,8871.5,악화,7,9,0,8,0,-,만원,MDIS 주거실태조사 일반가구(제공) 0717 추출본,2016–2024,검증 원자료 기준
경제·고용·주거,주거 안정성,현재 주택가격,낮을수록 양호,2017,2024,충북,13960.8,20544.4,6583.600000000002,악화,4,9,0,8,0,-,만원,MDIS 주거실태조사 일반가구(제공) 0717 추출본,2016–2024,검증 원자료 기준
경제·고용·주거,주거 안정성,현재 주택가격,낮을수록 양호,2017,2024,충남,14383.9,21609.8,7225.9,악화,5,9,0,8,0,-,만원,MDIS 주거실태조사 일반가구(제공) 0717 추출본,2016–2024,검증 원자료 기준
경제·고용·주거,주거 안정성,현재 주택가격,낮을수록 양호,2017,2024,전북,11269.6,18141.8,6872.199999999999,악화,3,9,0,8,0,-,만원,MDIS 주거실태조사 일반가구(제공) 0717 추출본,2016–2024,검증 원자료 기준
경제·고용·주거,주거 안정성,현재 주택가격,낮을수록 양호,2017,2024,전남,9736.2,15220.0,5483.799999999999,악화,1,9,0,8,0,-,만원,MDIS 주거실태조사 일반가구(제공) 0717 추출본,2016–2024,검증 원자료 기준
경제·고용·주거,주거 안정성,현재 주택가격,낮을수록 양호,2017,2024,경북,11358.4,15752.3,4393.9,악화,2,9,0,8,0,-,만원,MDIS 주거실태조사 일반가구(제공) 0717 추출본,2016–2024,검증 원자료 기준
경제·고용·주거,주거 안정성,현재 주택가격,낮을수록 양호,2017,2024,경남,17911.1,21702.3,3791.2000000000007,악화,6,9,0,8,0,-,만원,MDIS 주거실태조사 일반가구(제공) 0717 추출본,2016–2024,검증 원자료 기준
경제·고용·주거,주거 안정성,현재 주택가격,낮을수록 양호,2017,2024,제주,24167.4,30286.4,6119.0,악화,9,9,0,8,0,2019,만원,MDIS 주거실태조사 일반가구(제공) 0717 추출본,2016–2024,검증 원자료 기준
